,KE0 0,KE0 1,KE0 10,KE0 11,KE0 12,KE0 2,KE0 3,KE0 4,KE0 5,KE0 6,KE0 7,KE0 8,KE0 9,KE1 0,KE2 0
0,-98.02698271306244,-43.950794880577156,-19.494510701444852,22.068539605324386,-21.373243049050526,248.5605037593942,-55.827531266746206,94.61131821899966,-13.705791038167735,-9.264991152571616,-2.061315662791517,-63.340294653778415,-38.19490645025579,4.6009063225938007e-10,1.6334347208157851e-09
1,-116.21403335834565,-50.53949796600527,-22.92897571677984,67.36952492979785,-25.12233591274776,138.01192852136444,-65.64351387126995,228.7181476146295,-21.95349283958387,-11.3981243266541,4.053028238213254,-78.9589009608694,-45.39375432936917,4.2371084418846294e-10,1.5707897205174959e-09
2,-124.97763939386823,-47.59365416248861,-23.16000415489304,77.2257606371718,-25.201543289828972,128.13570835236123,-65.71552430986993,125.06555089727995,-5.703445399269473,-7.3929981092516694,103.2012309901509,-87.69428464275411,-46.18915736683858,1.260730186913861e-09,3.970402229214187e-09
3,-121.99548110701569,-42.54184337826254,-20.39775348257582,5.815616717750903,-22.857976394865254,166.00189462292101,-60.97384867029653,80.9982899077696,2.746426052576321,-4.441502135648127,146.16612885268782,-85.8929993336831,-42.6269516037097,8.760707714827731e-10,3.948692040012247e-09
4,-123.76671928482598,-44.119906268206456,-22.782285341193898,-0.7417570033633465,-24.421957327406115,135.54751793259175,-65.08705312109134,192.41531722207873,-6.545729028873134,-5.0000402900574175,96.74772815616544,-87.27782587846718,-44.96728971421798,2.1533423932851292e-09,3.993191555196063e-09
5,-137.29159563177106,-53.96493729929833,-27.349409010146022,64.54558701664642,-29.883214650356685,18.302611146079094,-77.89196361418837,439.3834927026862,-32.014794675358715,-13.673707109643466,2.2734696819649702,-97.5162894085361,-54.919249119430084,1.3573639989772346e-09,1.5627108496119035e-09
6,-122.52912586580854,-48.57661422396974,-24.483985742295328,65.67527769290942,-26.807641462777287,108.69582606065643,-70.00581907444796,293.1360767333508,-22.910528271146937,-12.92989673578048,-5.280828289860633,-84.66144300069135,-49.321297803981466,3.715285856742412e-10,1.6297718730129418e-09
7,-100.9745313630232,-42.392331836977405,-20.145374751745774,37.82066631855426,-22.08683303839837,229.8592960291923,-57.69145994300245,105.9418373830634,-9.189507589460282,-10.129291996110274,-4.716564124058772,-66.12280275186139,-40.17310232148522,2.9035618354100734e-10,1.6064518604252953e-09
8,-98.20606824833585,-41.436650827734056,-19.52526118916038,26.076640405023984,-21.406957785370924,243.94004760265165,-55.915608021609046,94.06827233694386,-9.632105696674675,-9.641589606093769,-5.876772588249022,-63.47178107426688,-38.972165291861444,3.7482550396816805e-10,1.6295302884827834e-09
9,-116.41332775166867,-48.63320979216231,-22.93695383614505,67.04323002103324,-25.1152255033305,140.49859521767036,-65.75887718426105,225.96818526429087,-20.70936203511696,-11.26123454062314,2.077620678492294,-79.09605161967177,-45.663388897042964,6.565414878423326e-11,1.62770419365188e-09
10,-124.78226548988614,-43.600496164057745,-21.725272031139887,40.0588900512997,-24.07701959705484,161.24469321013353,-65.1909095955003,94.33839818163207,7.812840699500245,-5.474600866879344,112.71490819106614,-86.40468175109183,-44.91448478713504,9.697487257653847e-10,4.768750727635052e-09
11,-121.229850524867,-38.129494539992635,-19.96700425608724,6.165148727381149,-22.19632447949601,168.08582939856848,-60.318905749337105,35.93693645501697,17.034799069770212,-1.423501947785494,162.9333882921744,-84.57861393745802,-42.31240645449339,1.1835936675197445e-09,4.748706317059259e-09
12,-123.67635428851587,-42.83896517305496,-23.06375894996584,52.895744215533774,-24.62101627535349,141.0107313647385,-66.24650891582627,114.35358946519139,-0.9772876325601394,-4.731317445504881,111.75139402399779,-87.85106761226685,-46.005182730475155,1.147327566286549e-09,3.994604647061806e-09
13,-123.25746049983593,-36.006373007136744,-27.275588461307223,75.72370632155042,-29.868752827086897,52.99986616223099,-77.77841477231433,350.06606860872665,-28.71246731358384,-13.254231502589649,8.839571327458392,-97.0246283206245,-54.45129568717914,2.032038537436165e-09,2.4406929810538713e-09
14,-122.54408375350019,-47.28124189565025,-24.487558610279518,65.74135018637347,-26.815951468669926,126.16066877137756,-70.01993843664438,262.7913379915709,-19.15503148732134,-12.615029815761762,2.222769035055582,-84.66880461626319,-49.32848588275202,6.399432095349766e-10,1.62296487360436e-09
15,-100.26787594748849,-39.60329488570197,-19.996954690376967,26.200575339771007,-21.924108874400577,242.33387294195984,-57.13884308968696,92.44996896926476,-6.79407212595798,-9.746672697815615,0.24718841884006618,-65.47730366950593,-40.282479670117716,3.474269760772586e-10,1.5717454004970932e-09
16,-97.75127062758372,-38.41239067853876,-19.505292109643285,9.285794383903518,-21.385063933589066,262.32900523209685,-55.72753354915241,79.01170796034087,-8.512099623278425,-9.078690654038256,2.4242982080588242,-63.386401507123566,-39.292063082307564,3.0541968953912146e-10,1.611478950280798e-09
17,-116.14559094963835,-46.438209370588964,-22.93850757113687,66.46429812301817,-25.24192382365688,166.14946701390713,-65.82051734841475,178.64745557921256,-17.24612011175896,-11.271441110320803,18.2894043020014,-79.04776840403936,-45.400546303081356,2.425508682790678e-10,2.372731344735257e-09
18,-124.76236494894962,-39.07832155725358,-21.874581110263005,14.564105016117272,-24.356588191393996,196.86188184530556,-65.83210819077523,46.36740993750716,12.220282273664242,-3.8847550046832984,140.51009152115589,-86.3631404287069,-44.37191110111013,3.3609239835641347e-09,6.401236873898597e-09
19,-122.52506945773261,-35.44277520125698,-20.550741490568747,22.41815653291525,-22.225082404611918,156.85261542269095,-61.65281316929493,-12.44544947869845,27.591044729755016,0.10036601348453984,192.5152601335807,-84.07895104829176,-40.556560515516345,3.65537289326312e-09,6.355961090775963e-09
20,-125.13798487919362,-42.2663791619064,-22.92440838476905,41.99446437488765,-24.61334094430691,151.65963801555174,-65.50994908922503,90.00179274086301,3.957762090177285,-4.041605180681735,127.70000151486656,-86.55169640280012,-44.26829463849643,1.53431756189093e-09,4.793051289198047e-09
21,-127.31402856480364,-43.175564798440924,-27.203113182729197,78.08532722921237,-29.58191772767315,49.30672512234385,-77.37651981313316,347.9272293301829,-28.23721499183002,-13.554525813329766,22.650572946331746,-96.96188984652936,-54.56507985828169,1.8559944692242425e-09,2.3541240068425395e-09
22,-121.92614723799677,-45.82688952922561,-24.49316565213872,67.86786484854258,-26.77387045089654,141.94946413066282,-69.9743810756248,231.974644738131,-19.631934310777638,-12.329624588162686,12.821233546105514,-84.70051181592954,-48.95668257932182,7.730136530881282e-10,3.2162541518943044e-09
23,-99.51432969313836,-37.99556842625746,-19.917712267690554,17.179747459249498,-21.837229678317964,254.93897797200478,-57.03947960393978,83.28484875680404,-9.229773845347454,-9.212080374325007,4.321333857906528,-65.1495125592741,-39.82922157868862,3.070681486860849e-10,1.5824124233176917e-09
24,-97.60656052171731,-40.13210042653129,-19.494505752205157,13.905980187946405,-21.373238094692564,256.34017661997757,-55.750887025622035,79.01608606828253,-11.550527281654844,-9.449799367932902,8.505029414075437,-63.3303229041726,-39.07933089599674,4.1023895391845144e-10,1.6334134045337123e-09
25,-115.91960473302973,-48.69710618330681,-22.884190851736935,75.15645896559741,-24.982879476927184,150.17916467204003,-65.50698965165226,188.44449283098442,-18.05114113083818,-11.576486530783603,17.913748156724093,-78.80967856490282,-45.26578747230286,1.041598807205446e-09,2.370253326944294e-09
26,-124.88920839981897,-42.989100695513535,-22.04425951906489,37.3747413203465,-23.890855074096713,163.68459815446397,-65.34040565633696,76.02378587379877,6.728570465952232,-4.9907822089163645,131.63027157035336,-86.66067390010673,-44.636681873687,1.5453451851499267e-09,4.759890259720123e-09
27,-122.22569418657183,-40.38940693981808,-20.488424779327072,23.30969782570304,-23.021979946702785,185.9683969158118,-63.16404725612361,-8.316419564599842,10.747049139398237,-3.1086167716235082,187.98381819825758,-84.68503412952437,-42.60933844476014,3.3526248444104567e-09,4.802920727797755e-09
28,-124.44336516563261,-46.37512292587349,-22.579216706774208,56.38046183711057,-24.655249398256828,146.02090200156968,-65.68326581477525,100.9540931575967,-6.751681696380256,-6.224644232437853,125.88179913765973,-86.80135657446391,-45.72335356570519,1.383568815072067e-09,4.804853404039022e-09
29,-125.95800364867121,-41.451586170001896,-27.10743453686198,78.78525782621469,-29.494984286507705,48.33268056780295,-77.57890550882126,354.16521524242546,-32.14551085009797,-13.9938791743241,18.117478512252045,-97.01343714496299,-54.65689079920757,2.0866650629614014e-09,2.4427606604149332e-09
30,-122.42755589699809,-49.52382672723149,-24.480985775426426,69.5083288366794,-26.78211937025195,112.73265301791092,-70.10757599542502,267.0817618376225,-21.93175961351497,-12.518512018194013,12.0578203278043,-84.63354139939094,-48.97468719896675,9.209202289639506e-10,1.6218564269365743e-09
31,-96.2745474018551,-39.546689101715764,-19.217338865625166,20.568363526471128,-21.069359614811244,245.10555559117276,-55.033780618476094,85.01443549686812,-13.272416300127102,-9.053850194778622,2.661307744939339,-62.15537070618756,-37.7263095365918,-2.063984538835939e-10,1.5995595958884223e-09
32,-95.15525498731171,-41.376525291471985,-18.92751140137242,24.30277791446401,-20.75160116145934,245.71000394361312,-54.20379319889688,88.8165603970911,-16.562544052599968,-9.376639054464649,-3.9860479172392678,-60.91635369889611,-37.573071476069074,5.3887561080046e-10,8.199521062124404e-10
33,-113.02286146192776,-48.88837003778985,-22.166748859277234,69.13616900176432,-24.319869492190712,147.33147053834213,-63.563830551413155,202.36717605414609,-19.103869265780986,-10.946703679836343,3.0989013128000864,-75.97185460336254,-43.94960893250509,7.815970093361102e-10,1.6292105442516913e-09
34,-121.58042202923902,-44.52742890589348,-20.678765211953422,39.95555498552077,-23.142832083653797,158.6753752809793,-62.60346478351633,90.63653662796897,2.144262902974675,-5.163500592289784,111.82165971427621,-82.98483666864668,-42.55213918548291,5.555875759455375e-10,4.751745663611473e-09
35,-118.04444623916147,-39.99143673104951,-19.30479504842888,13.473857675671349,-21.010335328557694,183.47644870077988,-58.65625372845101,8.054698549271958,5.565573005989283,-2.470997551147228,170.66390329026964,-81.00088473808339,-40.75533180926789,1.0545591067057103e-09,4.819472820827286e-09
36,-122.01534460426186,-44.84082596369666,-21.528020132967452,53.59999575269823,-23.817322452670357,148.66505987180355,-63.7881934449251,97.3442340016432,-7.293740072124895,-5.422357546526768,117.6251170797201,-84.69306874594203,-43.83553369289868,1.0186340659856796e-09,4.76111505776089e-09
37,-130.49074192472966,-18.16782913420854,-28.041217102651057,76.89601221970283,-30.848974064210527,54.7648843931318,-80.78592766911235,343.6187166998673,-33.24125732560043,-14.599069077537452,20.115617110803164,-102.64187739879074,-56.57833669911165,2.017202405113494e-09,2.033708312865201e-09
38,-119.84597166503016,-48.37496202187591,-23.921389606120638,69.86560555461074,-26.18492521157064,117.64829824762626,-68.50503086631512,250.9487993134192,-22.418286700513693,-12.298445178515934,14.276459871567543,-83.00217269988512,-48.18797901444356,4.206981429888401e-10,1.5688144117120828e-09
39,-97.25103251973343,-40.90055230260433,-19.310838037759325,15.639309581761193,-21.17186976992206,248.25635958825154,-55.30154411406281,80.16737944909556,-9.341273389369443,-9.134260873324681,9.859700110790808,-63.14865901803901,-38.36271868796658,-1.1573320080060512e-10,1.577429742383174e-09
40,-95.42350992524612,-41.259766684621134,-18.92750768213583,8.51668981372169,-20.751597456917306,266.31475238091707,-54.203789445715536,75.81630907352323,-10.9146952198164,-9.300618961782057,-0.7636408249182675,-61.703188670979586,-37.39943637835147,5.88897819397971e-10,1.6171135541753756e-09
41,-113.72746362239339,-48.696739442081615,-22.393352146313067,67.90567358290976,-24.528572805049468,149.80155153287072,-64.08170480386315,204.56440803547895,-17.784058180348104,-10.984168608125115,1.430074505125445,-77.303612919086,-44.20203510352772,1.068542587745469e-09,1.613081224149937e-09
42,-121.09394253060333,-44.02808476847828,-20.983385999670414,42.626806017160554,-23.162846263100235,151.72250897251647,-62.197779481215875,105.06213855628712,-0.03799093198826183,-5.443182421248046,103.5316645793123,-83.14811993937441,-42.847785744133525,1.095486368285492e-09,3.967302042440224e-09
43,-118.9086012917524,-39.02992509387075,-19.023871617592015,5.372272851638622,-21.57566791311769,128.0747860218809,-58.541752216198766,87.50384504558689,8.059983884903081,-1.8150031177233072,152.03873038719104,-81.6311147488351,-40.52368214435831,1.901184987218585e-09,3.956330374421668e-09
44,-122.1478256556203,-44.71177890823402,-22.284827796798943,-4.608224037030801,-23.989694413855755,124.3109144666371,-64.0684868775088,192.88116452458866,-8.18499102961615,-5.480904113859209,108.19071050055884,-85.16993134220648,-44.73612526851955,4.566231837088708e-10,3.953022797986705e-09
45,-143.1588990616354,-58.25497595532752,-28.131371491655475,64.41791208158686,-30.91106980562659,-25.14599845367829,-81.15237241883771,499.8288126471571,-29.82202184145446,-14.072905262976695,5.080101161650068,-102.01934837159169,-56.657863203887246,7.692051440244541e-10,1.56879309543001e-09
46,-120.00038372235299,-49.99339560000404,-23.836777439509977,66.12546595635415,-26.1339862314103,106.25477321366381,-68.26276468477612,271.84129038396566,-13.741141785944961,-11.095286430039126,-1.7985411484817448,-82.35326512749592,-47.00598736716008,1.1789325071731582e-10,8.420499852945795e-10
47,-100.13430023081031,-42.620306954189225,-19.892843159298472,36.31607915300125,-21.809964890986542,224.7895966957619,-56.96828174625647,97.45839124361096,-4.966137086227233,-9.274561035931265,3.188798022657906,-66.65823141941466,-39.4282385752171,3.8340886021615006e-10,1.5831425059786852e-09
48,-98.28202407396878,-42.929215939785344,-19.494502190483608,36.005102731242104,-21.373234500551884,232.34629623523082,-55.82752273247403,96.7292700853524,-13.62362634839605,-9.395760571055686,-0.9496400652187085,-64.89524613110422,-38.30989648271683,4.6009063225938007e-10,1.6334240626747487e-09
49,-116.34346663782996,-50.55808653712645,-22.91008990996007,67.3614218301556,-25.091009991082178,130.41465309152377,-65.66754142358091,235.13067104256004,-19.14770540831265,-11.384852970905815,3.114455057672001,-80.06868564397487,-44.849762475962144,8.296865416923538e-10,2.3679405103393947e-09
50,-125.679618504088,-46.41482721662321,-21.969951744304375,68.17485010710435,-24.022795882465502,132.7944305428402,-64.87106638817164,118.28009752906976,-2.736177041755959,-6.043546733414178,104.11163006764173,-86.73443351910007,-44.88859117145832,5.363745003705844e-10,4.760922323043815e-09
51,-121.56644487819733,-39.707419603123455,-20.355311392624994,15.802697568741177,-22.57585010082253,159.94311723198956,-60.48703614558811,60.985409007569565,5.976554725757565,-1.5651958395297147,149.53789000680044,-84.22355025127968,-41.764860284045554,1.1325482773827389e-09,4.003869236157698e-09
52,-124.39368188356676,-43.25495193021103,-23.148025490166106,63.72660603062591,-24.436201002602235,136.8024020777832,-65.17646604038137,129.90754985174678,-8.164812611878023,-5.382510989998941,94.15685848293126,-86.21517202480265,-44.42159441994205,2.6169573175138794e-09,3.949668148095498e-09
53,-136.07008535601685,-40.96842664438964,-27.08817144694444,76.76008297965339,-29.685445775048795,66.07707061996922,-77.66260943924502,350.98530634112444,-25.41416348345674,-12.950133346728087,6.8765961702838325,-96.88886475825528,-53.97115583098843,2.2316726244753227e-09,1.5814833886906854e-09
54,-122.56448370525018,-48.056235105558486,-24.486161184477936,68.72063938964844,-26.71327798728074,79.26440982222809,-69.94303102359314,307.5057870418519,-15.011138972363637,-10.450614749483933,-4.641100929999361,-84.66047228934305,-48.96432028564462,9.759446584212128e-10,8.152838404384966e-10
55,-100.422595525973,-41.910408465856065,-19.942261263880127,38.82473393805515,-21.800203301225928,215.0305381005949,-56.97968246938587,103.10798463905583,-0.9602186328770936,-7.670126932831452,-2.323323118527219,-65.54131392567318,-39.413123023730634,-8.0831341620069e-11,7.676774771425698e-10
56,-98.30121363955467,-42.85012702998434,-19.498315198236025,28.890056595482232,-21.377414195191665,238.6797061241439,-55.838426697507494,91.43791069573511,-6.292965387964079,-8.981613471301896,-4.169931674136958,-64.24675007697749,-37.450916027620096,1.064108801074326e-10,1.637658897379879e-09
57,-116.56253614424998,-51.201233410849916,-22.96579790786407,67.09219471956881,-25.208484977286833,132.85726561578912,-65.98886825705074,228.68217429176877,-13.080907201840176,-10.770104993311842,0.609508566997373,-79.48296301386443,-43.980247264629185,4.2365400076960213e-10,2.36795472119411e-09
58,-125.47117287749339,-46.92762679798743,-22.272856109206835,75.4188889523764,-24.895472099432805,113.20551104097079,-66.54208645834414,148.71131557400366,-0.9733313311653402,-6.35420161610937,87.56006915589712,-86.93359189093177,-44.52544550447285,1.3390035746851936e-09,3.201934717367294e-09
59,-121.62651735623896,-39.50283452808203,-19.68904313540421,21.21688929695261,-22.303386721815887,157.12127585998803,-60.88242328606474,75.0155494279129,7.954692529457487,-1.9634393278385902,130.78712970597664,-84.44394352502073,-41.68394888701874,1.2303189578233287e-09,4.759787231023438e-09
60,-123.9783461225987,-44.22156993023349,-21.30826848558785,65.3242976732442,-23.99960340894225,129.34837732034265,-64.90633237957505,124.38416040294764,-5.203358192880509,-5.591481824621849,101.71120442439727,-86.58540043036946,-44.973678988965105,1.3239969121059403e-09,4.743989201472232e-09
61,-129.69484610499345,-24.6561740177262,-26.661388834674675,74.46990352936776,-29.37102230023695,58.23538904730226,-77.51077204909285,346.5927597947497,-27.611206782520785,-13.559658002639047,2.008846803673606,-97.75905851467763,-54.48277253656991,1.3105818652547896e-09,1.615717337699607e-09
62,-122.78798189745203,-49.656737187944024,-24.352271795143697,68.09571877330508,-26.710594655225673,79.65645042572777,-69.9821963438367,313.59308645433504,-16.332623166082353,-11.123506774104998,-6.794425819827475,-84.61408280708608,-48.990835187071184,5.22277332493104e-10,8.146727736857429e-10
63,-100.43480240128606,-42.63044529275552,-19.921520304168205,43.76299758712719,-21.774567446746026,224.78018236491437,-57.05037860055001,103.93943421149817,-11.061576789777071,-8.98382373107881,-5.310284143229073,-65.77865417552482,-39.53656126062374,-4.666844688472338e-11,7.894840337030473e-10
64,-98.28203215613108,-43.089578771307046,-19.494510332288016,40.782580479351196,-21.37324266452736,235.32614521092302,-55.82753087896364,100.14024550303498,-18.357624370033335,-10.04321640465234,-5.693216688253479,-64.81767948116658,-39.2703394315095,4.6003378884051926e-10,8.362661674254923e-10
65,-116.48418430536871,-51.07967260837591,-22.8772098929884,66.53110011914036,-25.127323483083178,133.37033277290107,-65.81595181678206,243.3858769882759,-25.131276725347544,-11.768146680858685,0.6141843790934942,-79.15364073173579,-46.4640879982388,5.661604518536478e-11,7.550866598649009e-10
66,-125.0780285682122,-47.08448880207054,-21.997088629248296,74.4770113747259,-24.464856668432965,101.82978736910621,-66.16754868357053,201.95922982203993,-9.374309554337897,-6.52811629925191,58.848212132241656,-87.70908918248561,-48.71071427091816,1.4547367754857987e-09,2.411567834315065e-09
67,-121.69975438286315,-40.18063054510779,-20.212584301301124,59.054806826060585,-22.311357421188138,127.9467074014441,-61.23124611770039,113.50848447989789,2.6909154163796045,-2.5092158484073335,94.05091823245776,-84.86616847995226,-44.24087521162608,2.672777554835193e-09,3.9835104104213315e-09
68,-124.08254673431395,-45.34678853555921,-21.983461833123688,73.40068512505138,-24.16381273257135,113.85575031109899,-64.67434634466562,153.776254099656,-9.75017775905181,-5.340091196318581,87.29452338578032,-87.1091243718345,-45.87686336894995,1.7408865460311063e-09,3.5512215390554047e-09
69,-131.25468078627583,-7.867858318736383,-26.89132462914295,73.60593677587458,-29.49241182052832,52.545152595202055,-77.48253721988156,347.2859934426711,-34.146336863488486,-14.015169288795942,1.1006193384913063,-98.55127515589213,-54.83610804613461,2.1867663235752843e-09,7.808296231814893e-10
70,-122.68662532096043,-49.46249954995538,-24.419594444102312,70.75776097493205,-26.66027489866221,73.49642993512869,-69.94620001499902,334.03766354601606,-28.241152468257972,-12.405726396165278,-9.60339391048351,-85.56525277768934,-49.30113465839563,1.2369127944111824e-10,1.752198386384407e-11
71,-100.44461182460847,-41.76116529556701,-19.923465272602858,56.93148294285104,-21.79463741023564,199.79069263320253,-57.05595030121156,128.39958044497152,-19.640080895088538,-9.652758282905223,-7.817802505835351,-66.89684644491771,-40.134437773007186,-2.759747985692229e-10,-1.4658496638730867e-11
72,-98.2820317045089,-42.49682858075864,-19.494509892798845,49.73428217367118,-21.373242208249508,215.55805523657057,-55.82753044109323,111.8223356881505,-19.202156712376304,-9.663890729132376,-7.649482667165604,-63.85466112180299,-39.27033902642815,4.6009063225938007e-10,3.9115377603593515e-11
73,-116.56318176453559,-50.68341384618586,-22.928002864533486,67.45698907074114,-25.0628647315527,107.93863989676115,-65.58061807878448,267.07089442698646,-21.541397311446097,-10.972783662425245,-1.8661125299569261,-81.42030813581252,-45.84784045126802,8.770939530222677e-11,7.591154371766606e-10
74,-124.71748473146747,-46.039054851923645,-21.949319171668076,76.96763892825155,-24.17577654703738,99.27882564548226,-64.50485924125233,158.179787765034,-3.6061950961304903,-5.256508411910502,89.35268141472716,-87.83809283584827,-45.69164282174047,8.272991181001998e-10,3.991598163111121e-09
75,-120.98823005700552,-39.72201067306467,-19.618197330879294,23.83768483046515,-21.977708292985596,142.42972441628774,-60.18476343361185,75.3051951044679,6.9446014122554995,-1.3810225269567675,141.92367313526108,-84.11545350747153,-42.45349303060894,2.0945662981830537e-09,3.981782903395015e-09
76,-123.96418504567673,-44.04944546018025,-21.464033550366533,72.76827538586107,-23.90269120039301,130.89776747552762,-64.80573509763184,118.52901741450086,-7.440657290829303,-5.433297667621128,100.16067281727503,-86.50016891239875,-44.7955188206877,1.8183072825195268e-09,3.952857596800641e-09
77,-137.0311634066737,-7.936306722849401,-26.731963230411765,74.26763313307194,-29.49110839142289,50.76223939115985,-77.63277527919128,346.2042203812207,-29.277499125903233,-12.846022038917468,3.5608968394275107,-99.49841066795426,-54.349740849742126,2.0549464352370705e-09,1.6278391967716743e-09
78,-122.40718264194949,-46.987581206075575,-24.15926710558902,69.4378535052222,-26.549561908110302,69.27708395742073,-69.5985063735185,320.64311905869283,-16.54426309477417,-9.160047230464663,-7.526665962912545,-87.44611914085432,-48.97886183489718,5.463789420900866e-10,7.924825240479549e-10
79,-101.07470019149373,-41.474993820056845,-19.821410224408517,53.483763912029076,-21.861924352930135,194.1926264878222,-57.14120923279286,118.14693246973502,-1.6722777455749631,-7.5052905156366005,-6.381159066810691,-68.41996868724654,-40.47038901383253,8.41453129396541e-10,4.197815428597096e-10
80,-98.3762974386235,-42.81609966363431,-19.334860207916616,44.830234194985835,-21.28919520744388,218.91544850594357,-55.80769227910978,102.98775453428809,-8.889340813800366,-9.074467767147038,-7.147808159421834,-66.41881180958332,-37.578863871049286,-2.4988366931211203e-10,8.368488124688156e-10
81,-116.74159438433247,-51.36326098258514,-22.78400176893955,67.05291894405039,-25.12045522636961,120.33088965113035,-66.010078607575,254.46367646122604,-19.62024661895633,-11.04000279163744,-2.2160815899581547,-82.36061963120375,-44.59114343547554,4.0120085031958297e-10,1.163854790320329e-09
82,-125.33542995958781,-46.993114418159735,-21.56214550254498,77.18530292414599,-24.20907199846748,111.19336497037895,-66.2206068178917,146.16241272369172,-2.173275564156139,-6.598888608969814,92.30602500746697,-89.12635985711941,-44.6282128492142,1.6680132830515504e-09,4.007961518226466e-09
83,-121.49480218778714,-40.661597900203056,-19.706664942461497,23.014852039227467,-22.000335760682702,148.0529180304899,-60.55388196975899,69.70819774389639,8.162410551184129,-1.9555323023598254,144.3218777872933,-84.818169627535,-42.06927141227867,2.3241000235429965e-09,3.980170859563259e-09
84,-123.7575637994557,-45.89803816630383,-21.469799975548405,76.38957456444625,-23.80933275981702,119.50227403971469,-64.40409645090882,129.7589021642085,-6.8370640538455865,-6.128778883587029,98.65244939898885,-87.03120016094725,-44.96732586338986,2.108663466060534e-09,3.9540992702313815e-09
85,-131.5474442268014,-25.00296428455839,-26.91248345683186,75.42362276957194,-29.473995577255355,60.742370542323144,-77.66433172888088,344.20635357459804,-28.309934046619077,-13.205583281743497,5.506294104430898,-99.50688381113386,-54.25502054351088,2.0647235032811295e-09,1.5459349356206076e-09
86,-122.34841163134747,-46.73613755600995,-24.204310691421586,67.77053575627271,-26.392110305662452,80.80194904838032,-69.53198764521869,303.0588190929134,-13.38906609840509,-8.837624492851802,-4.887434749392277,-86.70783972462212,-48.596380979153984,8.869278644851875e-10,1.615113376374211e-09
87,-97.76693355975853,-39.99934207105445,-19.187522778009356,32.34063851346166,-21.08049108889769,221.374555591935,-55.18752327518893,92.34644470874179,1.4541913440973593,-6.5301422101226985,-3.8863527648812357,-64.9760273339214,-38.901495057027674,-6.536993168992922e-12,7.915446076367516e-10
88,-95.42351894928893,-41.18746137247407,-18.716469962815562,18.692610327628095,-20.64569855026839,247.5810191855242,-54.05227225497205,82.6222666513409,-5.587197698210677,-8.809171586866718,-3.9388123853504373,-64.56672504765864,-35.968568336119596,9.87427029031096e-10,1.6171100014616968e-09
89,-113.17675775146807,-48.78861311878303,-21.970414363046423,66.12750555722171,-24.34903517787821,155.34133844589428,-63.97656315426831,194.3087912198928,-11.753078744096964,-10.714959528881018,1.5779133940061663,-80.00376986678802,-42.62235688750041,7.912603905424476e-11,2.4031372447552712e-09
90,-121.78857221193157,-43.56385073542016,-20.375720967753864,45.73571455299695,-23.252109642060795,162.63892586957303,-64.1518815019623,93.20140636778149,1.8205852412262995,-4.974337937774488,102.82650218363159,-85.53879305554275,-42.57786811050576,1.3526459952117875e-09,4.7521737656097685e-09
91,-118.9870297260458,-39.245985405732455,-18.47408843500344,12.15545574180306,-21.0897742195738,184.3910392093112,-58.50834001550637,36.1316990121988,8.031752541308137,-1.6707832989057028,142.3609323894822,-83.93137607517832,-41.163501661396786,3.2200659916270524e-09,4.757040983349725e-09
92,-122.14555681857763,-42.6273298045465,-20.81177858643275,59.3136373418189,-23.309910664486473,142.2591881454985,-63.03620687319722,95.1698017502125,-1.350011705440911,-4.775365715197519,112.485268240271,-86.99659264212369,-44.17514260213844,3.6970959627069533e-09,4.732809699703466e-09
93,-136.29284525123595,-19.261220442746314,-27.281114355207652,76.35551036686289,-30.18959508613809,46.38383662017999,-80.27255704763566,343.1440781441813,-25.30556596753653,-12.754746463113749,24.9900359550697,-103.30752035423276,-56.208296076876955,1.5784848983457778e-09,2.371088214658812e-09
94,-119.10244203975338,-43.113981815735364,-23.127433385693333,69.4910972140918,-25.47619762247067,114.23056565969111,-67.72165091774637,236.47140087578,-14.937755415240378,-9.034851422948499,13.931660757131574,-84.02953633975712,-47.58087551139213,2.1700543584302068e-09,1.5718306656253844e-09
95,-97.13283852185396,-38.12553980747685,-18.988744216136155,10.978292004956925,-21.03452565397689,244.6259608347651,-55.09563084135216,74.12976484581459,1.76880227453761,-7.318403647934593,10.294147898932737,-65.02221415269992,-39.079070986372116,1.1725660442607477e-09,1.6318804085813099e-09
96,-95.25706983034317,-39.06765514496527,-18.609154542598695,1.322296374179378,-20.66404215694085,265.31293790862463,-54.1848539743044,64.76195828808194,-0.48101111067994373,-8.633372712402327,5.292483773156898,-63.27791348348164,-36.514603365640454,8.768665793468244e-10,1.5772823047655038e-09
97,-113.09708829267888,-47.60638755799489,-21.87246844016067,67.88298062458749,-24.364473457841076,165.6675901218997,-64.30079652554505,178.60378586943744,-16.00618230556839,-11.186771028794173,8.93484452771249,-79.57076010491325,-43.0842734049393,3.007016857736744e-11,2.4031390211121106e-09
98,-121.64666205831536,-42.63570217150722,-20.519492344916447,22.066785132388336,-23.816537845674613,189.4841243903473,-67.20445551015985,60.32550701770456,6.223087172345026,-7.141198415084048,133.19026124026502,-84.00946760024932,-44.31624894741724,2.8508679861261044e-09,6.367372407112271e-09
99,-118.69906364575274,-38.46443951945335,-18.805986927157228,23.107226920439235,-21.22539560326666,177.95780386235742,-60.87176840287693,-12.495695632672309,14.191599202546225,-2.113543392220982,180.2832758802433,-81.37209878360632,-41.49191389862608,2.111391950165853e-09,4.82719286765132e-09
100,-122.5084488277278,-44.142573451121955,-20.992827390374117,38.9052237538697,-23.232923408442762,153.91816050366248,-63.9392201586707,83.89404023647876,2.3060609995222774,-4.775223849119523,129.3410917424454,-85.32634617613063,-43.4470139107933,3.4583536034915596e-09,4.832223510220501e-09
101,-134.30274055886017,-13.974665898773747,-27.612279269183947,78.48411708582483,-30.29959798532151,48.88141806617606,-80.46256790260465,341.1363156793632,-28.133615993979365,-13.796829539839614,21.353287643634555,-104.99046853573273,-56.28237274753899,1.390674242429668e-09,2.406046917258209e-09
102,-119.09434043064293,-43.02275026674796,-23.213656122643613,70.70847766988345,-25.568512433455556,127.82923780705295,-68.1038352624625,229.60360026031958,-17.634171437576622,-11.494579484303824,13.403737771424915,-85.33681408401776,-48.076393956462404,1.2546479410957545e-09,3.1598013094935595e-09
103,-100.05423664748007,-40.09643919971577,-19.553366349562854,29.821905310464622,-21.59989855764597,232.5126621567641,-56.86919832269927,85.5287474308629,-4.201965087475743,-8.440379513701643,12.393321013521271,-69.28931978073582,-40.15183242311984,1.014370809571119e-09,1.6213945741583302e-09
104,-98.1563976438066,-42.56441529857464,-19.127601165014138,25.780545372512155,-21.112412531702002,244.97318259354438,-55.61471764504554,84.15765135899017,-8.742431381183556,-9.379775523749945,6.585609433336664,-68.05140858357065,-38.747828962393015,1.2070699995092582e-09,1.633429391745267e-09
105,-116.62112810064873,-50.720894477650376,-22.451065013961184,70.38824652958476,-24.88400170003411,142.69455202278778,-65.83137761686446,216.4685348343606,-17.539614762793807,-11.657453972729979,8.848999794620514,-83.96899908033232,-44.72579843116947,1.2205418897792697e-09,1.9693651154284453e-09
106,-125.16067980123397,-45.49891370247683,-20.900152158583122,40.45909903083707,-23.603361354679276,157.43727354787123,-65.50868875606602,83.7377748367532,7.046133160262263,-6.438000679007204,132.33820637439294,-89.49570302511306,-44.41298741224579,1.8534365153755061e-09,6.397129936885904e-09
107,-121.4020277930268,-40.60486851894614,-18.461999351289073,25.020992104461417,-21.21657333177395,186.56073463925014,-60.75024202529244,-17.874919996114222,11.310368026491611,-3.2249842876013237,190.19700139730773,-87.71491998904925,-41.838560811493146,3.028958417417016e-09,6.394898832695617e-09
108,-123.51372838458312,-45.12939905326765,-20.43625832625674,37.29277572553216,-23.184099514868198,166.40787332128696,-64.50741931619096,74.27363567353922,2.9125992584651006,-6.54078130511013,136.40369893559713,-89.1094918329312,-44.869405120975806,1.8189894035458565e-09,6.392063767179934e-09
109,-136.71068381388363,-56.768598740667215,-25.644019576615786,80.70990426225042,-28.864757809132456,52.87119264472343,-77.37086117021143,340.4577511969616,-16.864857122955968,-13.080561444552965,36.781214109642754,-101.7123910236454,-53.80333146788671,1.9552430785552133e-09,4.018221311241632e-09
110,-122.1583138233191,-49.77791986197956,-22.94890622525719,73.59448088231822,-26.236687788802048,134.54929476765963,-69.6139730023481,212.74319177251652,-9.147619697477714,-10.840662861231573,28.181949933781564,-89.82886544639895,-48.51596861598547,6.399432095349766e-10,3.2175400122014253e-09
111,-99.99349294713521,-41.2964361194389,-19.314391135642673,18.63858690773073,-21.685673340038896,248.92386196845735,-57.00737902828313,77.3992072614802,-6.822134347714533,-9.463337659997975,20.57318283273997,-70.42527903269577,-39.52671533032733,1.2303758012421895e-09,3.1380409382109065e-09
112,-97.97901528189706,-41.015227205380626,-19.228423797904643,19.101296631316856,-21.275763560615804,243.3142632753142,-55.915610327138054,82.43984182840664,-13.48394307771322,-9.880802456971159,18.008154813918367,-65.58384836069062,-38.50092245820804,1.1720544534910005e-09,1.6295391702669804e-09
113,-116.61917928236613,-49.149079939107324,-22.704484406922774,70.94291578753054,-25.068790755855222,134.3583793478453,-66.18401792747957,210.89513273869434,-19.482699794821517,-11.816149052712333,20.23975463396507,-79.11136373488775,-46.30041758551089,9.569021131028421e-10,1.9807941953331465e-09
114,-127.15106190306022,-44.788973588780685,-22.17511612153935,79.15660846608418,-25.54203650967973,128.3885371878635,-70.88527772032697,113.97878928518108,1.2284126421148671,-7.468281762321611,110.30602615445922,-87.8725219598761,-47.17510412042633,1.3054659575573169e-09,4.775920103838871e-09
115,-123.3744517593049,-41.107794333493906,-20.548178218184255,17.593151867850693,-24.587279868390784,162.3706057955422,-65.16724989255633,40.86783762849505,11.975861431085923,-3.6232798645383193,174.03252729355333,-85.70079563026657,-42.730954390627446,2.3453594621969387e-09,4.8329695800930494e-09
116,-124.93381212367652,-45.42634902328002,-22.429872286798563,4.510737395800352,-24.214499795971594,138.99058860153724,-65.89101114618073,169.59537403986053,-1.4536540524576194,-7.058203458984606,111.74581701468921,-87.16135418825364,-46.27376091276546,3.5472567105898634e-09,4.793696106730749e-09
117,-137.18627897845616,-53.35898949072854,-26.92476843556535,72.43173965223153,-29.455062903169885,22.534929910366102,-77.65955674249099,393.14894189078825,-19.1975787538046,-13.357411971343582,20.8566041766314,-97.42891471746114,-54.40365360227874,2.1727828425355256e-09,2.3751169919705717e-09
118,-122.82162354945213,-49.116872118584055,-24.19858841370466,73.2704201833629,-26.666082500398762,105.76028185172223,-69.83716757290026,251.2991383282921,-7.143395158006525,-10.721394580908774,14.355182746616787,-84.88725180380064,-49.2926473853456,1.0532517080719117e-09,1.6228121069161716e-09
119,-100.30882133368041,-40.920222018870234,-19.60388307381237,25.281345188002263,-21.78870367974762,230.37231402282643,-56.81107292671885,81.68588960661603,-0.27128898629211073,-7.330602489216428,15.85954888343346,-66.47808594620362,-39.68641722013159,3.7118752516107634e-10,1.5885355253431044e-09
120,-98.28202478606508,-42.13397933935095,-18.975229070861513,19.31822653862517,-21.317567769901114,245.38617601375253,-55.54539949292067,79.9413191728071,-9.725404782682956,-9.0231628985853,11.997366977622127,-63.90074009663943,-37.7395804389672,8.586766853113659e-10,1.6334222863179093e-09
121,-116.65163783233736,-50.61093573562666,-22.210276305654283,73.18055637733418,-25.148188024249826,145.37558043051146,-65.8859378029656,204.17458056090672,-19.850859530938582,-11.509862805078045,14.606876464750302,-80.79581083785651,-44.67408493459182,8.537881512893364e-10,1.950812844597749e-09
122,-126.40629633376032,-47.295057659281404,-22.08719267228639,57.712786030146326,-25.346998065033862,154.95030794654426,-66.40753017509253,88.87420907068356,0.026915396166826866,-6.160013149453096,126.52623316489147,-88.39523513799637,-45.99212836102812,2.0710331227746792e-09,6.3827769736235496e-09
123,-123.21708552156144,-41.58436754568621,-19.458507091957152,23.72972071150226,-22.31938207375414,175.14644428588664,-60.37386185781806,21.629878524214643,6.101953523784932,-2.7473952835759525,172.30328592283993,-85.97558384283694,-43.23509969004597,3.6495748645393178e-09,6.4139413780139876e-09
124,-124.44340599146123,-45.424739605085875,-20.661390212698965,75.45460604704029,-23.58580752049803,135.8738920325824,-63.825456903692356,98.83993270006073,-10.222280023724373,-6.292023306179662,118.27654412886987,-88.34496707617123,-45.644904207197435,2.8769591153832152e-09,4.808718756521557e-09
125,-129.5174311931298,-39.83967012825404,-26.228171664274175,84.02021316469052,-29.44908486649848,41.98333150758701,-77.57568846313376,340.40391094540144,-21.47490239279504,-12.654576359139153,27.963957695201664,-103.15169110417978,-54.48019710061215,1.9315393728902563e-09,2.4316975100191485e-09
126,-122.82084956582685,-48.013672170382655,-23.37995293978709,76.82040390955882,-26.549298212766512,103.88100012700014,-69.70456662088657,240.93024838092205,-3.2043385538181126,-9.011754895682955,18.416024113956126,-89.22387280121701,-48.13937073549264,1.4189254216034897e-09,3.2159341856186074e-09
127,-100.33577018792684,-41.54919103042181,-19.163125692824714,27.883976354189876,-21.693978525223425,237.5504509212928,-56.688968503205274,80.85378155163254,-7.558319855141215,-9.250999069159876,16.32279218104047,-67.34193746474226,-39.02871065282577,1.0766143532237038e-10,1.568633223314464e-09
128,-98.30120739540622,-42.850397895121716,-19.02934617000501,35.62145260557879,-21.246925649223588,237.13587706109132,-55.62081428207577,88.24171277580452,-16.863910851758433,-10.216881454065422,9.496589097502886,-67.62283978461954,-38.74330803523481,5.049400897405576e-10,1.6376553446662001e-09
129,-116.7049313035218,-51.37997043829177,-22.47817974651336,71.65090181907821,-25.09638970597614,133.65960617665593,-66.02531108359517,226.94363064823784,-20.87888400937376,-12.004881479319174,11.99299477698865,-84.01846790103471,-45.66011772719675,6.696723175991792e-10,2.405293741958303e-09
130,-125.87210847518993,-47.55235586415057,-21.628196531748156,68.2783504564232,-24.608603659839623,143.85460615760545,-67.65448105832415,101.53323443962475,0.6409141766433485,-7.250224545631804,116.09668967788816,-88.23029842166319,-47.60752629827161,1.013177097775042e-09,6.409798913864506e-09
131,-123.19934820835967,-42.21374608810146,-19.481349842871474,19.690512284821413,-22.992974309017942,155.18307569590854,-64.13704772657707,49.170851811245434,10.530109718836503,-3.468634283108335,171.27711079898498,-86.33361262144795,-44.024947177776404,1.9705339582287706e-09,4.8120796236617025e-09
132,-125.03754567413134,-47.74047649888527,-21.688603623088092,29.366718406867395,-24.04613896690069,145.54022634153506,-65.62110585781704,131.9153048133891,-4.047216243422567,-7.6644964197730605,122.1932380026219,-87.49371637607022,-45.676187852636914,1.7357706383336335e-09,4.783167639743624e-09
133,-137.0753284641272,-56.1510412568259,-26.92633127785555,79.36844498271046,-29.35707442391228,47.66363190434181,-77.54471444643876,364.42133293685004,-28.654312543060968,-13.692498640572001,29.878035926935354,-97.32955082424377,-54.600593840677824,2.1852315512660425e-09,2.375148966393681e-09
134,-122.6276663359229,-50.2086138653985,-24.31764319153448,75.4606426285418,-26.62557831381063,113.2056604512679,-69.85967445566193,250.2929172707983,-17.362748941340527,-11.81777205090255,20.424047388184047,-87.22380626750702,-49.339764291352665,7.729568096692674e-10,3.217650146325468e-09
135,-100.35926197003921,-41.450792993058045,-19.90260644956982,34.534619350062044,-21.79090009841702,224.51852759750096,-57.13406834247004,89.56219850394572,-4.7700185626648635,-9.175947540691102,14.538840435095258,-68.83133317736308,-39.73925673055363,6.642153493885417e-10,1.5643646378293852e-09
136,-98.12499156040828,-41.48490886742687,-19.439185570778896,41.0117877094342,-21.373232837072784,229.89529526727975,-55.82752104419987,94.51857736500766,-13.489102462086198,-9.46649519702033,1.7025878097316067,-69.3661311887798,-38.556679404421374,8.586198418925051e-10,1.6334311681021063e-09
137,-116.31611086685507,-49.21797053725446,-22.812116726101745,68.55065326045931,-25.127511450097092,125.01550156795584,-65.77666305619907,245.27291226823039,-20.958366861828942,-11.363470759240904,3.4880911788353623,-85.622017212751,-45.13293077809654,5.495621735462919e-10,2.3534134641067794e-09
138,-124.79248354306927,-41.802934209167816,-21.604973169609167,58.01830316370175,-24.122236979339878,142.0715392811455,-66.68857876897633,92.83607215922537,6.030237031539833,-5.163040964108883,120.84828744549553,-90.20275269382931,-45.42743869935119,2.0856987248407677e-09,4.752752857939413e-09
139,-120.75090606872345,-37.34652027833235,-19.88349871828252,18.639570706002406,-21.50875379166894,161.60877238844958,-61.548445516055345,15.96284315399022,17.48109722981048,-1.3104926856971773,176.62854075719275,-85.82091319986608,-42.15129392158757,1.6434569261036813e-09,4.802366504463862e-09
140,-121.80893236621918,-41.70584002399515,-21.624272684575,52.56782691533555,-23.201039748591377,127.52718459632972,-63.71413858789751,98.47849999137536,2.3439073132017123,-4.389224289061247,125.90475281389148,-85.89136917510511,-44.487354695751286,3.6236542655387893e-09,4.733696101766327e-09
141,-122.611579272323,-32.201027939086806,-26.835695884343725,78.7247964077899,-28.995707273726897,43.88992860524327,-77.36112039837505,342.4622350933937,-26.068184958643073,-12.735577171184403,17.399925825373284,-101.33250234855232,-54.33549064504447,2.0171455616946332e-09,2.3541417704109335e-09
142,-121.11177058742312,-41.85151334604368,-24.115323385717325,67.70457272536345,-26.05563161214166,110.54513465048228,-69.7739787070356,254.25174200069154,-11.575597095838434,-11.816002275876581,13.815329865841038,-90.72456960274327,-49.29239259671522,2.1073560674267355e-09,3.1950921908219243e-09
143,-96.17765556094768,-35.890074277048626,-19.12226162652719,7.532394178988614,-20.92240420970697,254.64703147908435,-55.127176665422034,67.4671019982888,3.867518577525886,-8.086635273268406,10.057653841250135,-69.38127537798164,-38.864217057754324,1.2821601558243856e-09,1.5490178029153867e-09
144,-94.67257807869129,-37.726282143556965,-18.879723046633696,9.442494408911699,-20.694889417032666,261.9676168728833,-54.20379392832721,68.93831243125855,-3.0439813508517077,-9.22497617571612,3.4556084652723342,-67.9840124525799,-37.373795564766596,9.378595677844714e-10,1.617103784212759e-09
145,-112.26155297583315,-46.0717772846778,-22.12029014270905,70.97302096646443,-24.22684879047776,152.9225710071359,-63.65709810453723,183.83745477723525,-9.955709683733408,-11.278210212445627,8.910610279780164,-82.99492741619976,-44.077242390836325,1.5975842870830093e-09,2.4061819203780033e-09
146,-118.73764560759766,-39.551389411849634,-20.66960289350762,27.366537705082486,-22.457129269479694,166.97837875189506,-61.62838262511124,59.35199387232767,16.083406645745224,-3.8526111659448454,129.4445157047354,-89.78434448803372,-42.543727156003726,3.463583198026754e-09,4.825736255043012e-09
147,-115.85144466232323,-34.819329614289735,-18.575651126726754,20.165150117869533,-20.7001017061977,169.94420000244875,-57.75859988201702,-19.2343590353306,19.764874588335093,0.7142738496879626,183.26814877552948,-87.34994851118152,-39.567212734042975,3.3198830351466313e-09,4.757431781854393e-09
148,-120.53185721623508,-40.74959796100406,-21.455455082253703,51.01861650623873,-22.681206037522113,130.0766976967618,-61.950123533913064,91.6353552513407,3.3811305599596246,-3.3039937992481736,126.99095328548627,-88.9567652558377,-43.473754353712636,3.6967549021937884e-09,3.936321490982664e-09
149,-133.11180657188427,14.187707742670527,-28.002902189514725,77.95548886891163,-30.296094898435914,32.73018393335401,-80.18704598396158,337.67118203931176,-28.067383552134157,-13.40661834465948,16.063343071278364,-108.92618024118416,-56.6098738356314,1.8654304767551366e-09,2.388858888480172e-09
150,-118.71336649892609,-42.773693737766834,-23.8120305920264,68.17787687398622,-25.63039338485203,123.10134344822481,-67.9392243208727,241.12774611807714,-16.10067363903585,-12.003146522089589,12.253072117268779,-89.52406376628149,-48.16344606970396,1.3657199815497734e-09,1.5682104503866867e-09
151,-96.30401199705919,-38.69576253050744,-19.224512214036515,18.169715863604722,-20.900609070399163,249.30714233334618,-54.94943982492625,76.06046243146781,-6.2134896634593435,-9.01134660752702,10.036269659733199,-69.54797106746231,-38.72644729078127,7.696030479564797e-10,1.5703642830544595e-09
152,-95.23696817828075,-41.03743878518728,-18.92751193503539,20.840727608648077,-20.71400768752129,251.1610847184872,-54.20379372559149,79.12414452157655,-8.328802072990971,-9.475197885003388,2.758295546451275,-68.27905723278904,-37.68147487388944,5.88897819397971e-10,1.617115330532215e-09
153,-112.97315486339849,-48.22122855291522,-22.22171560518357,69.6225307397685,-24.333880808599943,142.93499240606113,-63.61914993683751,207.1132930038275,-17.76635320544835,-11.317430131805766,8.06350338773775,-83.28362097019404,-43.99778544171823,3.518039193295408e-10,2.4061925785190397e-09
154,-120.31224033521,-42.95041313913775,-20.70086918271189,42.68760455205467,-22.703692301945193,152.45619323508794,-61.4627246078947,82.5364931165463,3.93996358036432,-4.285792854783581,123.87666577671824,-90.14011114874053,-42.94107663484326,2.2098447516327724e-09,4.82485162933699e-09
155,-117.18768740591123,-37.271352981400376,-18.60601264844688,16.67343010948447,-20.51230550006518,172.4225792411773,-56.7813885407708,-5.135092172465462,13.166432449016531,-0.2486815656444426,181.30133007138386,-88.14719409124406,-39.67405690904156,2.8740032576024532e-09,4.812740428405959e-09
156,-121.0287948555818,-42.20640942782263,-20.9229056289967,56.813061259139545,-22.712531135452544,130.6416164968644,-61.95679104442632,95.02057011403362,-1.4149053253092072,-4.316234753687143,127.36878306356343,-91.77548847135219,-43.50997023822332,2.071374183287844e-09,4.012982834922241e-09
157,-135.25948608702322,17.18778882593789,-27.670892755931273,77.05925139746948,-30.205713132592557,36.44150978213238,-80.10025869424457,336.8856676938881,-31.433689890412744,-13.951488917119137,17.099526505146805,-109.61524139933796,-56.43697328700886,1.8657715372683015e-09,2.3903510282252682e-09
158,-118.68423589724789,-42.547288572946414,-23.56782654371762,67.68901829481241,-25.555078713234437,121.54766874970636,-67.87765732769068,236.18886765774977,-12.34550464815223,-10.894385822849046,14.046623379013923,-89.83675468036883,-48.16344584269799,1.3657199815497734e-09,3.1623894614085657e-09
159,-99.51500815695086,-39.17071706327604,-19.79270059490818,34.559731817857276,-21.633293737688213,227.01473896464435,-56.754979082149596,86.35106433568178,1.1079058928912995,-7.771628212163175,7.985830745154527,-72.69246389870258,-39.68848098342188,8.324150257976726e-10,1.583146058692364e-09
160,-97.99027696022146,-42.1118016661537,-19.42092948467053,39.32611912446848,-21.31139100210101,234.71715344292,-55.68320062854754,90.01879739781025,-9.418876444607243,-8.988270584907061,-0.04347732320191232,-71.0683077084783,-38.0255381417559,8.085407898761332e-10,1.6334222863179093e-09
161,-116.54560691206609,-50.43110102316555,-22.727877773384833,71.88975558757448,-25.052115964824694,127.97231171155995,-65.77937637377521,233.82006702595535,-19.456216299763543,-11.983347654124978,9.593678933255598,-86.59068040643241,-44.70949082732428,1.0174971976084635e-09,2.3468267329462833e-09
162,-124.76896960463523,-46.16714170763164,-21.28764604508708,62.79181560254848,-23.485782735689916,139.80375068156135,-65.34156078470154,90.70031058676952,1.4873166025669606,-6.347479081084661,130.5900464263948,-93.3743228686522,-44.60033701643862,1.7553247744217515e-09,4.7869157526747586e-09
163,-120.59683594703806,-39.86879911594889,-18.768285912310727,24.372751229549575,-20.873020251956085,174.6772072259479,-59.98626586234752,-9.782813676433225,11.227571981994291,-1.445650897526656,193.0464049848007,-90.64424988790498,-41.35801381159989,2.864908310584724e-09,4.797037433945661e-09
164,-122.29385732306073,-43.99553777629699,-20.353518228491733,50.84483387015669,-22.523686939643454,140.52589003388803,-62.606216837383286,86.2357961023991,-2.67599913460062,-5.063877877505975,138.643137663729,-92.77260921694354,-43.964354277694724,1.1705196811817586e-09,4.791640861867563e-09
165,-122.07806420812236,-34.79834027858158,-26.14564750566044,82.24845967651767,-28.9825727930058,42.25416811744793,-77.20375754335195,338.34946417099974,-29.200918094605907,-13.856548398595734,28.6931356803267,-104.99019427462284,-54.28918451159868,1.2008740668534301e-09,2.342609661809547e-09
166,-121.79629571973638,-46.455330208978516,-23.565499675157945,72.80677641812073,-26.478449238625778,109.73349576260159,-69.8226787096543,250.73247019020005,-13.813990879590662,-12.085561774412023,22.33017601250079,-92.64045543359515,-48.94465671371606,5.223910193308257e-10,3.2067966060367326e-09
167,-99.82916358573544,-40.94153026855506,-19.47564897203799,37.70984101883585,-21.660852234543473,228.1880559018371,-56.870964632293315,85.45538906620322,-4.144632574251516,-8.378522664955216,11.56454738355295,-73.09583635340918,-38.52068205728394,8.318465916090645e-10,1.5831354005513276e-09
168,-98.1454004119813,-42.20374434744216,-19.202692658477844,43.90554839001603,-21.256971935399058,233.78994590835126,-55.82752608758602,93.28445636270013,-15.782916462741383,-9.615159307784314,0.7221004605901027,-71.41158972268367,-38.25605016581205,8.08881850389298e-10,1.6334187336042305e-09
169,-116.53261568392817,-49.309668760855324,-22.66010977462194,70.5785223586555,-25.020444760748024,127.825322342689,-65.6085476619893,236.24046794590112,-21.405777678078092,-11.673151372077673,9.806238181175653,-87.02671483228312,-45.21352027614764,5.050537765782792e-10,2.349377581367662e-09
170,-125.24337984877745,-44.20142136947344,-21.227568883423643,58.18131425500021,-23.537822117508544,140.80945970295545,-64.76343153964297,90.6168814069241,4.010712392887118,-5.040583177024788,128.85127072218552,-94.33805802684877,-44.11737346424554,1.4731540431967005e-09,4.775422723923839e-09
171,-121.2402795789223,-38.98957600635237,-18.618128304829387,20.521595607951035,-20.961430249760802,169.80166882554363,-59.65901829347471,2.162682488220853,14.485040548336714,-1.1326428777405386,185.84220413939624,-91.23805188279755,-40.974064354572775,2.9544935387093574e-09,4.7981529860408045e-09
172,-123.08514554594672,-42.723901436180114,-20.428046259413993,62.55509317603184,-23.037279682594683,128.22615351976623,-63.4123332133577,94.69141684977983,-1.743088537953994,-4.890849916775608,131.93399015094005,-93.71259906590737,-44.37340998097422,1.9199433154426515e-09,4.74627448454612e-09
173,-131.34535786846536,-37.59726820057592,-25.955232835380123,79.13169059435837,-29.02890409575125,66.79910824055501,-77.01975992825075,338.1374146748419,-29.246377513580928,-13.29975172024477,18.84627690724499,-105.24188617500057,-54.17995204296811,1.7587353795534e-09,2.416584266029531e-09
174,-121.48608738427382,-44.896902682126616,-23.660704696095486,68.91371950869664,-26.29858767670693,96.42441341285935,-69.74965390650327,276.228260242833,-16.59430030683664,-11.562069317993762,14.919053773770745,-92.93601114839029,-49.30112979316063,4.724256541521754e-10,1.6118235635076417e-09
175,-99.08007074121555,-37.774254867416516,-19.634362215574523,42.50984294321148,-21.545186541693653,216.68295952185767,-56.59791229360111,90.8860995687915,-2.1994072945266563,-8.095052866332273,8.38192283297589,-73.46179826269919,-40.07277975481688,1.2304326446610503e-09,1.5831354005513276e-09
176,-98.07886812915753,-41.811803089061236,-19.23475868086447,41.593337660850935,-21.234132519839473,228.9175052355964,-55.66480368187232,91.29524415481977,-6.505993903577599,-9.237863995299966,0.4383302918707473,-71.78250466666698,-38.693688654749835,1.2572627383633517e-09,1.6334311681021063e-09
177,-116.6686957471934,-49.78700869717403,-22.66103722219371,68.54937062277331,-25.061788039080298,123.59411004661598,-65.82618821954763,242.6526575856504,-16.614391872689485,-11.719716391486731,5.630168235280679,-87.4284166884529,-44.659063587058576,1.5519390217377804e-09,2.3553496930617257e-09
178,-124.88096690485867,-46.17758737552584,-21.337006420295957,74.14959531604669,-23.787754149186974,128.02881723788636,-65.11086011255622,102.67994848796214,3.1318555789690565,-5.711573428519932,117.42806118038321,-94.42864107355234,-43.98388828442748,1.523630999145098e-09,4.819931120891852e-09
179,-121.09634877098067,-40.756011438640876,-19.115353349964902,22.22021652994193,-21.34728770586951,166.7124036075274,-60.03713834318149,17.286676199430307,11.1422796256149,-1.5887610188468761,177.8525997992574,-90.33900026359623,-40.93427481325125,3.224386091460474e-09,4.840984502152423e-09
180,-123.2651533025178,-43.264666575795616,-20.968252464266968,67.65128902663554,-23.435836017276923,122.88667118454806,-64.22144851789753,98.26684281328622,-4.0199736842215,-5.4943864737800165,129.84124563935293,-88.88728405651533,-45.08904751233311,1.5443220036104321e-09,4.822323873554524e-09
181,-117.18823695453713,-29.088792498340062,-26.133760579773224,78.46604923777127,-29.01807366117137,36.97691430952183,-76.95838417386156,339.4443271138669,-27.45020230816445,-12.901542877769858,21.962546568408282,-103.93510350482799,-54.17574062771864,1.7744810065778438e-09,2.3591333331296482e-09
182,-121.19944685475774,-42.78980419975806,-23.352826079116443,67.83525450343471,-26.157517110633016,109.6203327746438,-69.31471339855571,238.937790758532,-1.6752586042140625,-9.263340972774932,19.388352127192327,-93.08305752955758,-48.94576537827848,6.335767466225661e-10,3.200074871756442e-09
183,-100.80643106538004,-39.47692725125767,-19.334359923288954,25.48437616327177,-21.72200956991254,231.3715825679196,-56.89572256873435,78.23738726832877,10.247120217157233,-6.5634395984027405,13.651404945726325,-74.53187288125616,-39.66110827113101,1.243563474417897e-09,3.1673419442768136e-09
184,-98.28202846233357,-42.340162170477306,-18.849256271003956,22.281337534671472,-21.22031305587124,256.79137681018136,-55.671878661940944,76.88474052703826,-8.438234545396156,-9.114737670104594,6.72390607998628,-71.97383901413058,-36.7909110757822,8.588472155679483e-10,3.2276563644018097e-09
185,-116.65112257817866,-50.349744857510615,-22.557812820934142,69.87635477151875,-25.09334979407512,149.19938717681154,-65.7966586481381,208.09917153129092,-20.220263574963422,-11.558522141422797,17.201961769944692,-87.6923830671279,-44.457017737360616,4.735625225293916e-10,3.963410266649703e-09
186,-125.30099021191023,-46.768407161192584,-21.222928954851344,55.062262619923686,-23.88183211354507,152.45944572363447,-65.10726236902438,82.88257319174399,1.385286917532178,-6.928255682178668,136.14492580862563,-94.21600172998284,-44.50881598415985,9.342784323962405e-10,6.411937647499144e-09
187,-120.89277342501941,-40.01743042624247,-18.979994260018152,28.954688918593725,-21.812668882041116,171.76525455711985,-60.780289414432765,4.004519181399399,11.248610781025626,-4.4885308670272295,183.5516375297713,-91.25643932671379,-41.296584305860314,2.7275746106170118e-09,6.359570647873625e-09
188,-122.39585391152028,-43.140300772818364,-21.32131857769061,70.0806619331228,-23.917668816267717,132.05731064855115,-64.94748205045424,91.43147089674898,-3.259924763622498,-5.632847630778949,128.83490353630035,-93.23804348266378,-44.550906945501474,2.7173427952220663e-09,4.7460098073770496e-09
189,-135.9320595275404,-52.68162241733486,-26.06268201558441,84.8033770053784,-29.093585289202675,65.05668914457485,-77.12804257842068,337.9600738248994,-26.11973196960291,-12.685513239410861,30.940221071429672,-105.60593156962486,-53.451192389326074,2.0200445760565344e-09,3.941115878092205e-09
190,-121.69058818404541,-46.75086344246525,-23.14909909191931,75.23726652037732,-26.17778264476603,116.74662629232121,-69.57948029356007,234.0915959215437,-11.15435979868333,-11.48937680633487,25.300117326904424,-92.82205218050665,-48.56200358533101,5.193783181312028e-10,3.221817479470701e-09
191,-100.19732780456732,-40.52650636442535,-19.274324146747254,25.28041059834511,-21.70998326029229,237.61399768097323,-57.08420793414088,73.5808373650833,-1.492097097232988,-8.419409689713062,26.06984979121684,-74.07690869970021,-39.76433041213463,9.891323315969203e-10,3.151340521867496e-09
192,-98.11824237524509,-42.76885410934824,-19.14461455501392,33.844050938655094,-21.34389580515637,239.5358572831503,-55.75785887608223,82.80812803740955,-13.966492803145217,-9.31452962878665,14.86122791649383,-72.31675516354667,-38.318020836837334,4.105800144316163e-10,1.6334280594776374e-09
193,-116.40990531038086,-49.86122657768182,-22.679371011417352,72.72415973880386,-25.134647418363993,119.96287566725456,-65.96363570736361,244.76032961710416,-22.17538804086659,-11.70292477085263,9.549110637777028,-88.09112022956299,-44.97825656779272,5.359765964385588e-10,2.3534312276751734e-09
194,-124.41080859916987,-43.93181193422923,-21.322755178250695,74.45072193926345,-23.764445677216813,127.84724074510294,-65.67558786881399,94.45708500431094,1.4341788908982633,-5.314262069783113,125.97344718495529,-94.7958302581713,-44.94717212153367,2.066599336103536e-09,4.816357090930978e-09
195,-120.30928607264728,-39.92210733222522,-19.119852702231878,24.530032617967176,-21.368001103916345,162.77704810131254,-60.926391847352726,17.25421001813417,12.056143678372035,-2.304231135243983,180.20051387290178,-91.27583156180695,-41.59224647533304,2.82875589618925e-09,4.841425038648595e-09
196,-121.39847466707035,-42.095421839095465,-21.215147176160528,69.6544685329516,-23.524410285188907,113.70025764341112,-63.73035489818831,102.24888798679832,-2.8194520379481083,-5.318905081334,125.20038554057541,-86.82728061449718,-43.87455304889674,1.1702923075063154e-09,3.994937713969193e-09
197,-133.25053560644034,-39.76721063064336,-26.508808032029176,78.39409963260353,-29.10540356069575,61.50212790087717,-77.07971426839738,344.79530477547087,-29.631510000160013,-13.061146682536238,17.74539303999751,-100.09822353951886,-53.93437298701948,2.2914719011168927e-09,2.399225706994912e-09
198,-121.53021555606767,-44.4095861218785,-24.099581646410524,68.5450597128015,-26.116371308029297,102.95733334390185,-69.59197043193682,267.43161452563425,-16.522004074335147,-11.390745001954041,17.05631933652396,-93.5289664931557,-48.80088625349626,9.928271538228728e-10,3.1474360895344944e-09
199,-96.97317418152237,-38.175083038383114,-19.185857426916492,18.4036922745061,-20.93306983632901,242.16460258859613,-55.160499273944765,73.61094918843149,-0.5236360276930003,-8.10038792985298,15.434123173267231,-71.84043798035678,-38.7212215063055,2.8273916541365907e-10,1.5774483941299877e-09
200,-95.27592317085642,-39.96597779461037,-18.766848347790592,20.433807715736986,-20.688092351760815,247.4384639160914,-54.20379455332622,76.59493003818935,-5.447400343904966,-9.30532389884986,6.598248155545271,-70.21323135030255,-37.19885799399218,9.376321941090282e-10,1.6171073369264377e-09
201,-112.8626054111322,-47.48835167352537,-22.107045814946584,70.37593247912845,-24.347782149421043,145.97110573257646,-63.6417023667762,197.79901148690064,-16.907203132825973,-11.36050053466677,13.421917707707925,-85.29923010246998,-43.55354619042002,4.832827471545897e-10,2.3649917579859903e-09
202,-120.18037410635061,-42.8878347505749,-20.663634206072565,40.466975269078716,-22.735323268663798,156.15062863671972,-61.814564744576344,73.28619949646873,4.21607044143229,-5.132886992543218,134.2279019297092,-92.17180838035242,-42.76134926739435,2.1188952814554796e-09,4.821835375423689e-09
203,-117.62395354517768,-37.979296656670364,-19.166477535391145,21.07780218645177,-21.281253607073378,163.53808365283146,-57.96641327987147,2.4430708975160798,13.815015934819357,-0.6677554512225843,182.334121620457,-88.63241316470513,-39.89053099769897,1.973376129171811e-09,4.782684470683307e-09
204,-120.66734732066323,-40.32706904052655,-21.39394049878212,64.73023763675992,-23.363361041063076,121.21633325705415,-62.22791194591469,98.69417707146162,-0.5146790967370679,-3.906451061417636,122.79484474083137,-91.6273434820968,-43.4074891630621,2.121396391885355e-09,4.015285881564523e-09
205,-126.69172376489425,12.90418684251784,-27.87915382759582,76.99702513521946,-30.323686537232383,29.639002106031512,-80.01472127586992,335.66124832837914,-27.458390804233627,-13.378780680697444,17.793337441098647,-110.9501485735827,-56.29819434829591,2.6316797629988287e-09,2.362909867770213e-09
206,-119.22216061891186,-43.40778435395791,-23.71710030265742,67.98692902138764,-25.574169284886217,119.05232873689775,-68.14880283469974,228.9571420039171,-6.570634779399158,-10.432764661650392,19.95012805289625,-90.74675702573904,-48.126353920048324,1.096964297175873e-09,3.228380673903075e-09
207,-97.21641480429848,-38.32357393604103,-19.40597358311063,16.47170927076671,-21.066684300052504,243.03495264781154,-55.37197187130091,73.10612330398006,4.248437304669247,-7.471288534595252,13.496628521513626,-72.4099550251309,-39.09198896777252,1.237935975950677e-09,3.1812961154287223e-09
208,-95.42351396600476,-40.974622166332644,-18.927511682434808,28.844641297567332,-20.719787276171214,244.01242218667602,-54.20379346821116,82.28656759186035,-10.682228059000145,-9.624013120232288,2.6079426131026797,-70.499523867816,-36.69658006373177,5.88897819397971e-10,1.6171028960343392e-09
209,-113.67379028834517,-48.90144929126319,-22.309583023644162,71.2679451852116,-24.43033596089723,131.27820968604922,-64.02609190213128,221.35968639564,-19.23265788730408,-11.501393815541945,10.135709724800025,-85.9340439319847,-44.032204867915965,5.722426976717543e-10,2.3760122758176294e-09
210,-120.80295840092724,-44.2680468331209,-20.66090750889919,48.257558007320355,-22.71491351228275,150.1493301517403,-63.351470909381476,80.26888149843548,2.5289006833507406,-5.584620371694769,130.57113082261637,-91.56650223430469,-42.82638133805469,1.9113031157758087e-09,4.7373376332870976e-09
211,-119.71677689960457,-40.162477392375116,-19.917667613140054,20.46332138003148,-21.83125560025939,168.57578442759447,-60.75830596261054,3.5894521515665763,12.214749264818511,-1.0843983219782232,186.0378131880442,-86.37179364537882,-41.03844492334767,2.0581865101121366e-09,4.81540496366506e-09
212,-122.03885570272139,-43.51306851476754,-21.369495780138823,60.40210271386607,-23.398385868931374,128.08035769653068,-63.59346281535521,92.12918727046787,-2.372202621301459,-4.429207951208454,134.81038420944375,-90.80895873692748,-43.89839384906483,1.877424438134767e-09,4.826269162094832e-09
213,-121.77415063380859,7.908963719992598,-28.1521527475081,78.3997789735232,-30.659651368198215,26.422699344729864,-80.37457279163618,335.6066815234628,-28.797553179515226,-13.362623595690167,22.134255809813137,-111.07358022759574,-56.278094790917464,1.9709318621607963e-09,2.422140710223175e-09
214,-119.48089390780267,-41.06591705412597,-24.01760239896406,71.05798593338444,-25.966011919403908,108.213439602486,-68.29013788113987,237.97063019617661,-7.7508032209547055,-10.06507503019016,19.959124701730826,-92.42993236327267,-48.13480662998076,1.0071516953757964e-09,3.1941791434064726e-09
215,-100.62698302594629,-38.6907275817324,-20.0518740185172,39.69469485432028,-21.80842369264644,212.4517314755903,-57.005488668870505,87.68755767429806,5.982060242803038,-6.5117186700329235,14.287582458626833,-75.27284143081266,-40.13556959243159,3.554987415554933e-10,1.5850520895810405e-09
216,-98.2916138160404,-42.28480188453288,-19.496403582602404,40.24543912281676,-21.337032592350138,230.25593485731588,-55.83296961763369,91.07596881041124,-8.718535679549495,-9.251242795570692,3.6057343115324283,-72.83751048760902,-37.132966625473,2.8325075618340634e-10,1.5855556867450105e-09
217,-116.6316842498079,-51.35419340260515,-22.92772564265015,68.7850280635542,-25.13648018165693,127.61300363482263,-65.8798075428483,239.8622637121443,-21.85415039787753,-11.930276406326644,12.460740519614621,-88.76286001963216,-44.24385806202225,7.361791176663246e-10,2.4000677001367876e-09
218,-124.92551927374255,-46.886931513917865,-22.30075735970084,66.68806596643215,-24.218838004048955,131.43344561255824,-65.91569514548505,97.55890505134116,-0.6324584252864527,-6.302669517841144,134.82751627120675,-95.16848658268489,-44.156577028735704,8.270717444247566e-10,4.786457452610193e-09
219,-121.44134495038591,-43.46062763109277,-19.962786125963888,16.82418595662853,-21.714477388459528,113.84355558079083,-60.8034738554788,71.2557784212836,9.093141962556425,-3.450527304851685,186.06577080862903,-84.79911802930914,-41.45007739364876,1.7366801330354065e-09,4.77198369708276e-09
220,-123.02479606874881,-45.3108776565985,-22.29324143218304,0.31690027361348455,-24.544706390803466,109.05315223233522,-63.89999420847765,189.5550853851571,-3.6982721849756883,-5.694402937978462,121.90457319978731,-87.34905811984952,-45.01436204079901,8.085407898761332e-10,3.944344850737025e-09
221,-135.11645168274967,-52.11251624335565,-27.1568535800071,63.19670380515086,-29.78249411190434,60.945040229148326,-77.16133197521879,375.3106006573771,-28.93138869667985,-13.262426110923128,15.727918167978595,-97.32443978075065,-54.33236064529417,1.795172011043178e-09,2.4122002173498913e-09
222,-122.6199619621086,-48.12907498654071,-24.404864721551665,66.38517811171022,-26.752942360058412,103.58092936799498,-69.82871588850387,277.1059663248382,-17.414648140709073,-11.051462565366942,11.24141071179848,-89.39401005358899,-48.717803815801645,6.546656550199259e-10,1.622822765057208e-09
223,-100.41560569201545,-42.23835399558249,-19.917700121562014,45.710797776383416,-21.837217466124397,210.9539360243646,-57.03946742870448,96.21393295594733,-2.0900056791403885,-8.304533591300599,13.53104032406063,-75.14627961070481,-39.42054347284955,4.0671466194908135e-10,3.1755931217958278e-09
224,-98.28202280171502,-43.385975127104025,-19.494500917155808,49.98474140249649,-21.37323323096425,215.7951066020245,-55.82752143816383,100.60581321775626,-12.898334745847457,-10.002533161961724,6.1499447666491545,-73.37463478228592,-37.89684976606372,4.6009063225938007e-10,1.6334276153884275e-09
225,-116.57497092646308,-51.20556699869505,-22.984622569069888,69.19757969490065,-25.1324083652477,108.89464730628791,-65.73085420036135,266.57215344878165,-23.444370356240206,-11.700397990779763,6.516628833284569,-89.02503288548466,-45.38278496664078,8.739107215660624e-10,2.3679405103393947e-09
226,-124.76282346633327,-46.50835759074672,-22.016149058970516,80.82159874141892,-24.29651815759662,110.91350602914272,-65.77302557870767,125.37091920238869,-1.0723976157549089,-5.205971493078959,113.35987795512996,-96.06777140039027,-44.7628875167529,7.062226359266788e-10,4.808388354149429e-09
227,-121.09142669801389,-39.627456442093816,-20.149344625271635,5.622399221473341,-22.163283914073162,150.17564210559107,-61.43982362413074,66.83655747722023,10.62048630159018,-0.8968491517641354,159.26649238422482,-86.04946967704836,-41.10392331074845,1.187004272651393e-09,3.5469156500766985e-09
228,-123.10655155329307,-41.62785855718387,-22.29976382576027,-4.838004700225198,-24.302539291096434,122.05717037816606,-65.17836712120986,190.885293083178,-2.633749982371839,-4.615092652718995,107.22706299638098,-86.94303763689707,-44.62456108431875,2.1284449758240953e-09,3.1987017479195856e-09
229,-137.15071134704579,-52.404338601789405,-27.057994277771662,64.40308579741935,-29.743169389004162,14.643229398880045,-78.07361291739522,434.51993858172557,-30.53717205046164,-13.012744009680121,5.809504643943254,-97.15692972048991,-54.239086085322455,5.729816621169448e-10,1.2167475915703108e-09
230,-123.25271777053638,-50.09328729898512,-24.469755629667915,64.64518635296265,-26.827965341157928,71.87353445747954,-70.07544563759231,328.0856929962675,-19.08942106772382,-11.296879372279882,-6.085947997633882,-84.60983183249726,-48.80316184200284,1.5643308870494366e-10,1.6228085542024928e-09
231,-100.30947157489184,-42.99757472928371,-19.89665245234735,48.104788929148484,-21.81414088502378,199.4335330378227,-56.905531596594486,112.5575901205913,0.42217440248397853,-8.470421252656124,-2.943842115730988,-67.55807461044651,-39.622377256350575,2.97859514830634e-11,1.587366682542779e-09
232,-98.28202685196051,-42.543113099568686,-19.494505018374113,38.149981529788796,-21.37323734162784,218.11994707961617,-55.82752553116704,100.42001101655057,-4.808786196915888,-9.378252018092853,-0.9318095804758724,-65.92024256805644,-38.13044140006013,4.6009063225938007e-10,1.6334311681021063e-09
233,-116.23679611674962,-49.57804412786326,-22.95561781551556,67.67226422454944,-25.14585845512885,111.77689201883908,-65.82206872817572,255.81003463318342,-15.689821807807489,-11.142438993245417,4.130888126968013,-88.1053518049655,-44.71408112886086,2.9666580303455703e-10,2.4200552672937192e-09
234,-126.04976053113262,-45.380370535149964,-21.910710616439044,76.4598343648684,-24.193076456623984,100.90464677322375,-66.59837126585805,151.61611862827604,2.336764701608966,-5.561370418908096,95.50953375963277,-92.91164782932726,-44.22159052394597,2.171191226807423e-09,4.8152575260473895e-09
235,-123.65498711561494,-40.76855609883403,-20.528903689521332,4.258857597191222,-22.250755816992495,154.16870931546433,-62.09922179810375,94.03907237442696,11.156367320507883,-1.4704120435519414,134.78963261946157,-86.06104623020144,-41.578756385954044,3.792592906393111e-10,3.6236418310409135e-09
236,-124.9883631737867,-43.23100147158645,-22.696560055666964,16.149899527531957,-25.369840218923173,175.5304751827228,-66.91170496505497,141.43263767142244,-3.604242415335625,-4.874767320988563,90.8516214545476,-87.44283160551097,-44.845322565162746,6.647269401582889e-10,3.1559057589447548e-09
237,-133.7127972294985,-46.453200454539235,-26.94249558756282,76.47165673397849,-29.779057936149176,81.13550326441569,-77.76113768230816,351.6461815213813,-30.15242949629995,-13.481347088165581,0.4825198897895705,-97.0390321964914,-54.414363713648115,4.503135642153211e-10,1.1786980280703574e-09
238,-122.77990224296411,-48.37301942656595,-24.281070709772397,70.03695059846504,-26.827986461065475,82.18147180384463,-69.76302395389573,312.82200516724475,-19.716557260446823,-11.694055808738002,-8.149074320867483,-84.71327185206322,-48.742465512656636,1.5643308870494366e-10,8.256648698079516e-10
239,-99.9406012399257,-42.69349042714403,-19.85947611477134,54.52560235749916,-21.836049516968192,197.44242253932683,-56.56965807966826,112.20428675069712,-5.6154345780186725,-9.419681575805436,-1.85195149345577,-68.4001005159808,-37.9858680849751,1.488729139964562e-10,1.6054215734584432e-09
240,-97.84048527370231,-43.32063195111108,-19.443567602386395,56.602619759823135,-21.379501137985876,199.2624360140988,-55.32427026504542,117.3166172525958,-12.37876550796512,-9.930522454034094,-4.664315584317374,-71.3352066067767,-37.56440662406381,-7.042899596854113e-11,7.926175271677494e-10
241,-116.30766264687395,-50.24762606019675,-23.09496408729389,68.33257073291885,-25.294293011714217,90.83305970137455,-65.60643492748797,290.41182167801156,-21.908870796878116,-11.384240571581241,-2.7547007390242078,-87.25716038972436,-45.72149886159768,7.029257176327519e-10,1.1578720204852289e-09
242,-125.0603562289997,-44.602143123664106,-23.266765899467657,79.9118583530281,-25.407572732411676,71.67915632314087,-66.18479053939805,203.00471927777505,0.30898888896708737,-5.047483657603519,75.82333523680826,-94.85827620932353,-46.30066965092762,1.2485088518587872e-09,3.53405660291628e-09
243,-120.40704165174421,-38.757967249469445,-20.428705207706578,3.9224431812299607,-23.181774390938983,152.86594819176278,-60.66666663794912,82.93795605821647,9.117961925896006,-1.711507726327756,146.89253639263424,-88.62560119808678,-41.95758163594525,8.319602784467861e-10,3.1635192243584243e-09
244,-122.55573440392219,-38.494042706482226,-22.45054793019911,7.387009088850988,-24.000587343570444,146.2703783863206,-65.46731242461912,157.88377377127674,-3.740213962001482,-3.656063564673601,101.96683923399499,-87.8436733738565,-45.299824722221175,1.822968442866113e-09,3.1677895862003425e-09
245,-128.6947736491495,-29.50864757386045,-27.198043620696122,76.64137295220283,-29.69295804644718,35.78842840999161,-77.79941190166981,369.3538779287168,-27.872317198562808,-12.293485786331432,3.184871697861914,-97.1749737896531,-54.733939396281734,1.4129568626231048e-09,1.574811392401898e-09
246,-122.82648152450156,-45.10742051455153,-24.49317480930378,72.40753160263039,-26.853639161941597,53.51663399604338,-70.14246484879148,333.82090979848,-12.624357963588112,-10.933160707787945,-9.610925074324959,-88.0350100759905,-49.11844069978021,-1.2386180969770066e-10,8.253309147221444e-10
247,-99.41745200489052,-40.4184921670637,-19.719725343086868,50.77398085181371,-21.620162028236013,193.1495575541188,-56.47248863573126,106.50863237305828,12.660046603722556,-8.093534170564151,-6.647971797638654,-70.97837341915806,-39.72401779910911,5.076685738458764e-10,1.6348913334240933e-09
248,-97.38496443303923,-41.361350864242645,-19.316573452177582,31.459243730732336,-21.178157732006973,234.30301763334623,-55.317965365542626,90.89406414504555,-0.6856350409864865,-8.870009683589478,-7.579661460096648,-67.9204695864623,-37.04153787525677,-2.8700242182821967e-10,1.6412933234732918e-09
249,-114.81475819517036,-49.797442169468454,-22.625167376318437,67.310500653901,-24.847373160755286,118.0431114923887,-64.9458074163776,247.6770827270024,-16.76648510874884,-11.48236687913116,-3.718559642236216,-79.36277791214839,-44.66995699492977,9.065388439921662e-10,2.0244108611677802e-09
250,-125.41143500053413,-44.97406542520076,-22.418481736310213,75.80168287472301,-25.80994942466378,96.47506445461832,-68.80494340180093,200.19839411153276,6.343274601022976,-5.890840977294711,47.74476914510857,-86.82370876727303,-46.42976041447046,-3.5427092370809987e-09,4.810827292089925e-09
251,-122.14385277649521,-39.03840382333655,-21.652819747761708,7.3363255975849455,-23.896576788135945,171.4958129399216,-63.64044287235322,122.66034314334878,15.290658551774856,-1.6675484663466453,84.11268150179752,-85.64152097646033,-43.214656239666766,3.467448550509289e-10,3.986414753853751e-09
252,-123.68345881551558,-46.451726659154644,-22.660025863958694,16.76445669626776,-24.444173748562292,174.00116410543473,-65.88828520093851,157.0736820643204,-5.616197951358969,-5.664062129406798,78.80682629101517,-87.44486148355413,-44.793337262681426,-7.67727215134073e-10,4.025537236884702e-09
253,-135.04759806032425,-53.912673237693966,-26.808293055926992,69.22492655063547,-29.415352611467164,89.72176428647379,-76.93032064992181,355.21378355241967,-31.59743719298754,-13.688083818383749,3.0241290850193443,-95.77413186968585,-54.01071295611884,2.0247625798219815e-10,1.6338717045982776e-09
254,-120.45306117260466,-47.11588435343795,-23.966050879562758,66.40473019149776,-26.27571681760489,127.46758235051422,-68.63294676101584,259.9618883917865,-18.01536390251121,-11.593812163773645,-7.046968376561241,-82.45644153823702,-48.277954952643555,4.707203515863512e-10,1.6124133139783225e-09
255,-98.44186134091098,-40.48733525939606,-19.547537649922397,46.0910197199901,-21.431380806693653,200.2074899240959,-55.794728660646925,105.38686481780847,4.671350659809347,-7.82191659266614,-6.1393452450095936,-67.31545526506044,-39.37716428493777,4.847606760449708e-10,7.724949568910233e-10
256,-97.26973054483109,-41.506872007345585,-19.319896778868728,45.61855363944698,-21.181801542476364,215.52607919776864,-55.21235777609195,99.88697044243476,-2.4550135453872364,-8.99173903458835,-6.424483043837795,-70.81309655541104,-37.85661243465444,1.7388401829521172e-10,1.6243966172169166e-09
257,-114.86073236601213,-49.58941584845505,-22.822010762857065,67.68476086296597,-24.899336099768338,106.12260768423812,-65.05619636910045,269.5207755617141,-19.13422423859107,-11.407068710347003,-3.9182028627759657,-87.06631534926065,-44.57464148495201,1.985540620808024e-10,1.1646505981843802e-09
258,-122.72937231890926,-44.42097056727781,-22.122469125759565,72.52354922231059,-24.660753897447236,109.75409394208873,-65.41913308657892,148.04531199948875,0.3145133874261343,-5.022268899684368,90.43978828297384,-92.83108122287288,-43.87120767402526,9.020482139021624e-10,4.7676760317472144e-09
259,-120.42535498570861,-38.506184038794466,-19.978734157148097,23.838594158322746,-22.852010928038055,143.13076292554203,-61.60268719434101,68.51202048327094,11.876100247065816,-0.9999391353924116,142.95826802412196,-85.63164743877323,-40.31918791079143,2.1681216821889393e-09,3.987835839325271e-09
260,-123.21881786027231,-42.50105972551677,-21.887819968000784,75.32065083344975,-24.803719202922917,96.59684320732578,-64.7280517911694,137.5543757436041,-2.0593019458396156,-3.521854417523751,105.51825438873875,-88.82523313961337,-43.44426606479142,3.2439402275485918e-09,3.9396517159673294e-09
261,-105.87802163944117,29.54889585907469,-28.031914448506605,74.07784490990443,-30.81278573770992,8.303899394384317,-80.67534532621313,335.5349959725698,-30.415175921102556,-13.038199933018413,8.318819213699879,-110.96342933424152,-55.969582977578916,1.306318608840229e-09,2.3455939412997395e-09
262,-120.80780060784558,-44.100283032533206,-24.176864225079573,69.93139253132945,-26.394429750395364,69.01301640220888,-68.94643120194105,317.83677176596956,-16.16464834801432,-11.288304436515364,-3.832766105728443,-92.83651390577512,-48.233139065858026,7.335643203987274e-10,1.6332464269908087e-09
263,-98.66083718021788,-38.78311247944805,-19.675535569179846,49.33472232575561,-21.50294063093781,199.31193189433287,-56.097341594891624,106.54607603817954,4.414293502963241,-7.624520481587333,-4.1618088577393,-73.46592794512128,-39.63499900257365,5.434799277281854e-10,1.6124346302603954e-09
264,-97.18530047427905,-42.22523226814081,-19.319900894485464,44.63883126910014,-21.143016757225407,227.9468729622677,-55.25832502791687,97.76098035545213,-9.339543335869463,-9.147249544937637,-6.644660607096181,-71.95104772071464,-38.13240794079253,5.724700713471975e-10,1.6243788536485226e-09
265,-114.72462869459042,-49.57243149658622,-22.69597924144615,67.28771175428417,-24.878774390090882,122.18125240543569,-64.88293754932883,253.0232039231985,-20.39880288173795,-11.542900869093309,-2.9514796855594634,-86.92032955621018,-43.923903699483034,1.985540620808024e-10,2.360366124776192e-09
266,-122.29766832859241,-43.42510588226611,-21.58122624511922,66.97080116294882,-24.209227607662147,132.8958825278012,-64.38896143166957,102.6426322039784,6.2871477887965055,-4.4392400547468265,106.72968728230936,-92.76143150551978,-42.42328986257679,1.4230749911803287e-09,4.824393329272425e-09
267,-118.33612793969871,-36.758780813726474,-19.304599527054883,7.234733602095051,-22.168341165137107,171.8799328818464,-59.487592496865076,34.05139484830979,15.805056625038196,-0.51215845933453,156.88855991468895,-89.24433936649712,-40.04773804907044,2.4522250896552578e-09,4.7526000912512245e-09
268,-122.92804837518146,-41.602776495437254,-21.056202864359655,77.25320229760403,-24.364885096001032,117.13476534460423,-64.14744780180285,122.61712313403734,-2.8382906212877876,-5.519772396741743,103.51714176178754,-93.81095862170345,-44.25385020905573,2.27510099648498e-09,4.7396362390372815e-09
269,-130.6615598921536,11.711939962551241,-27.502535865702452,75.36233200276101,-30.755883332976925,33.83292998325797,-80.67846606935635,334.88498281858216,-24.307074504624907,-13.786166378303262,19.49811315208644,-111.26275307738435,-56.33585876125931,1.5722321222710889e-09,3.951772242771767e-09
270,-121.17697654446171,-46.434177595685526,-23.552498230845966,68.94411664250357,-26.280458261710294,93.03958753757313,-68.96279152995213,256.8563299775056,1.8244935810972587,-10.551146407209398,17.83229417142721,-92.87636639566668,-48.66240691743791,5.30292254552478e-10,1.6432792904197413e-09
271,-98.66307309810084,-40.29225529700539,-19.311154790036788,41.69717669838821,-21.38352708776629,215.60865093364396,-55.834428962756704,92.17443126513301,1.4106339549119726,-7.64048273463052,4.126672173736777,-73.15263092599827,-38.74001210658676,1.053194864653051e-09,1.5585879253876556e-09
272,-97.12653804640581,-41.64024681523618,-19.18522530035271,44.198173861009344,-21.121956142109067,225.16872187171398,-55.171169328672285,96.32354524827511,-10.626833573029197,-9.247484075029282,-2.1062775258730095,-71.739627532002,-37.72508262227133,-2.1714186004828662e-10,1.6206289643605487e-09
273,-114.65532005304752,-49.483888974690835,-22.485845187624943,68.48126695873101,-24.680640893506816,127.87172581017165,-64.53040362224513,228.020038261398,-15.52732535862947,-11.504581918255937,9.620670341078922,-86.68368194428983,-44.442013392134164,1.2703367247013375e-09,2.41623254737533e-09
274,-122.78906162956432,-45.4726091722092,-20.78702521738073,53.55903327907616,-23.19106201957017,141.6323389753333,-62.92200577938972,87.96082525376272,3.2886141389410164,-4.9052774047070145,130.88224956184405,-93.95690912974138,-43.29911079617665,3.2250682124868035e-09,6.379259787081537e-09
275,-117.70907541310723,-37.4999663363342,-17.154201586083744,29.87100950267466,-20.91022381659724,163.14933097801497,-57.75704872076201,-22.15761399083595,16.011935904069112,-0.5166120075781755,194.2421503053466,-90.27466145156137,-39.295023300006434,3.1743638828629628e-09,6.346155601022474e-09
276,-119.8500884553837,-39.86652626289692,-18.942029420492517,46.69454278335269,-22.640677658097154,144.2230197648219,-62.239358004938595,70.79244532740667,-3.241004000930859,-4.375488606315545,145.08080480437832,-93.00579945838514,-42.62984074431557,3.512127477733884e-09,6.394003548848559e-09
277,-122.49790657158657,-39.74224868596205,-25.54827805285373,87.52781920036217,-29.02010254347323,25.139247785226807,-76.207026002307,337.6649625134136,-23.323658528882742,-12.476651955421577,36.81976006242383,-105.32198640603957,-53.01393076801446,1.976388830371434e-09,3.977659090992347e-09
278,-119.48572923857304,-46.51624428702775,-22.807388741323663,78.60888204486258,-25.971445849830353,99.6693280225857,-67.93062274800074,232.8094559048286,-3.6937254048137267,-9.213585075492873,23.923099408741173,-91.84307872947379,-47.54894526904525,1.6021886040107347e-09,3.156728212161397e-09
279,-98.77883520134111,-40.8574017231616,-18.90754404217961,41.10104772082682,-21.383963888940542,212.21568929496308,-56.084393409953705,85.39869009312754,1.5663852751470144,-8.067589367569598,15.240068271923617,-73.36213891744588,-38.0800140779129,-1.7053025658242404e-12,1.5565007061013603e-09
280,-97.1265370757072,-40.7115673489769,-18.810507550585214,44.89629396233035,-21.121955151804848,220.20857668561533,-55.17116832853404,92.72568981847519,-8.693433131323882,-9.409381680227595,2.173847691451046,-71.75856561791265,-37.20129224999303,-2.1714186004828662e-10,1.620616529862673e-09
281,-114.59508706542128,-48.52161751163848,-22.303348190504348,69.23702026259261,-24.693353315029245,131.3130787055298,-64.610320512153,226.78569825452956,-15.897123818229522,-11.140733638355318,5.012162178999564,-86.73297172245702,-43.85340360319001,2.602860149636399e-10,2.4187745140125116e-09
282,-123.25008520524969,-46.96779381499564,-20.882526014149995,54.075928098787465,-23.242111947140067,148.47812677564195,-64.57188108674669,87.36863104213656,6.967769162047948,-6.1742491516683335,124.36698043031467,-93.7492924119376,-42.41949581891317,1.9196022549294867e-09,6.41677644352967e-09
283,-118.53551100882747,-39.76227364179168,-18.24655921396474,21.266245606242716,-21.520866659316788,164.2120442214985,-59.17074016617361,8.423955296465303,13.934021465370986,-1.6194498144414928,181.2071585523578,-90.58541915120374,-39.602605424268205,2.9567672754637897e-09,6.335163504900265e-09
284,-120.72845144021954,-41.30132855063853,-20.28526009812343,65.82106246651546,-23.466516691978182,122.81147550496297,-62.52572048913394,91.71968596012438,-4.346804791404534,-4.666468617704915,133.16606560841907,-93.02742964619846,-43.170309151745684,2.6618636184139177e-09,4.814317833279347e-09
285,-133.88297597033693,-48.523614960648224,-25.872856254118975,85.94621641054171,-29.058380852096878,52.605008420565525,-76.27826646973433,337.9536217884195,-26.60052298142232,-12.254885486886588,33.75867266351814,-104.74614155084706,-53.04587471424643,1.543753569421824e-09,3.950034965782834e-09
286,-119.68616121268256,-45.47817586657839,-22.9088573754627,79.32291601789007,-26.016859574326578,102.45579231339443,-68.14863002757606,227.7954868954563,-7.411391310651908,-8.120188480942089,27.791124573102525,-91.99567334791901,-47.59938256435164,1.4906618162058294e-09,3.1698546010261452e-09
287,-99.71137709029551,-40.371809385864665,-18.87525045137514,37.99356616632071,-21.634187509269676,210.86535788224666,-56.48681307951443,79.24272839634433,5.566701564454856,-7.435800117337923,24.586118839208282,-74.31469692607276,-39.42453825470316,1.0584244591882452e-10,3.1531319777400313e-09
288,-97.35861587557486,-41.14737014353643,-18.75902922300889,34.37740176850971,-21.133029672933493,230.96488842975143,-55.302996930552005,81.31771935938187,-3.8445243965607454,-8.8741860301812,8.177862828537684,-71.95195172671686,-36.46616836384385,-3.284412741777487e-10,1.5496138330850506e-09
289,-114.80703691580877,-48.61706878922355,-22.21540125413523,70.01722997793185,-24.794036233087965,135.20379005597107,-65.0279316363305,216.97395420779938,-12.044410982964015,-11.037595031415316,5.23802334938527,-85.72553400441046,-43.163982720066194,6.274376573855989e-10,2.0387629362517146e-09
290,-124.1806070868012,-44.35797188168043,-21.265425526048983,54.04544100177002,-23.898603272423074,149.18141871467492,-66.37606555318631,82.58438841522046,6.133531374305576,-7.152957890536362,130.42290108967555,-90.68941535016968,-44.44663397845027,2.1520349946513306e-09,6.369340610490326e-09
291,-119.86999285548735,-39.188437140708054,-19.278153124872514,22.241317547763174,-21.470095397310782,163.05291589640544,-59.76832731297334,3.5760648317354407,12.04862785501978,-2.07497267673648,184.51415849023172,-82.27501764555566,-41.508088408343525,2.924139153037686e-09,4.799694863777404e-09
292,-120.3425964504337,-42.25195499097284,-20.43887017166514,48.41702499374768,-23.095070531646584,129.29577864821596,-62.031764779708425,94.27102597876679,-2.835438886293748,-5.3007810766988825,131.57435112570886,-84.18289847569181,-43.07880532166745,3.2457592169521376e-09,4.756206095635207e-09
293,-120.81796790214652,-36.42531189913745,-26.452179802822794,84.00949896717813,-29.066011899467657,29.76342468972178,-76.65804363808624,337.4439203305125,-23.704957165926505,-12.33449656056248,33.1452980480058,-105.5504590388924,-53.35271408459969,1.53431756189093e-09,4.0154564118211056e-09
294,-120.05030374114926,-45.183548756647646,-23.154900822715167,78.70560425091732,-25.947896599223547,109.29824944261702,-68.04668959864888,214.53696116559414,1.9793460635176505,-8.260245077207442,25.47340662632245,-91.6301384027108,-47.719844511635365,8.050733413256239e-10,3.1558142765675257e-09
295,-98.8033072014158,-40.63894472244414,-19.023435143820684,27.62351756598451,-21.365789635364603,224.93402369539578,-55.86759138049141,75.06635767682344,7.022752520568182,-7.147018275292855,19.987810570831616,-73.41344874953221,-38.37492689061078,5.959464033367112e-10,3.2239864111716088e-09
296,-96.91689781746837,-41.778463043268005,-18.819716331536423,31.53901594324353,-21.064728513094696,236.72602940643563,-55.05970119934372,82.16851161786258,-7.1731734840655434,-8.697754883091841,7.160877123113721,-71.87756681283832,-36.206431981148704,-2.170850166294258e-10,3.215121502364582e-09
297,-114.5078100730773,-49.46995084787643,-22.058352190293338,69.22726361359393,-24.748433095933926,148.40017382642793,-64.94630125206052,195.0797316452007,-15.18014399312069,-10.985475805469564,18.73442563596613,-86.14860250393609,-43.39652493085864,3.100808498857077e-10,4.014166776755701e-09
298,-122.70665513508192,-44.50747033471882,-20.76227718140681,41.25565315949356,-23.785455359170598,158.39282129961708,-65.34318589895783,71.14420122536373,6.789826142501794,-5.969567597114789,140.06870886306214,-90.34922642929858,-44.22737270106814,1.318767317570746e-09,6.381824846357631e-09
299,-117.78241642654756,-37.48659792065308,-18.690393769592166,27.940417169295955,-21.416299208017335,167.45422823508756,-59.5972637490852,-21.33960349712125,17.01708195644969,-1.0219928879039228,193.9535965939405,-88.48019741638613,-40.550559015655786,3.4444838092895225e-09,9.564772085468576e-09
300,-119.28476188108169,-39.91482305011239,-20.601938638780975,56.26682814440007,-23.17945130432574,125.82921622887878,-62.8269172316242,85.14802947127703,1.265319500783035,-4.458994895270866,135.56879933282735,-90.63015116246844,-43.181154452131445,1.2454393072403036e-09,4.815920107148486e-09
301,-120.27418100740685,-35.60488595058786,-26.022452822719263,86.57438253317142,-28.85168703344211,25.020558888588827,-76.40973162476709,338.3259533023453,-24.11198214262198,-12.870259365102346,32.34947045077524,-104.55253993993861,-53.572645245553204,1.6124204194056801e-09,2.4143034238477412e-09
302,-119.59659657371743,-46.47420752275584,-22.956121476809027,76.49571104908289,-25.739787829645522,108.24795448639628,-68.18291035553975,226.31719866190295,-5.708847854658004,-9.902163696148053,27.622557391732883,-92.06458737233675,-48.05819887465406,7.035509952402208e-10,3.157079153659481e-09
303,-99.13592052424653,-41.55953084661531,-19.21845160553174,36.11835145430676,-21.422890092659454,218.9536214442424,-56.30930098075641,82.9757561167146,1.6116767694335241,-8.364946125789388,19.45234835367542,-74.00582506102879,-39.094888871673504,1.3466774362314027e-09,3.224623013053929e-09
304,-97.12653714408377,-42.38875322173333,-19.046815358341114,39.382984448791355,-21.073039391134824,231.20323138909353,-55.171168397485744,87.574615921364,-11.177272152716055,-9.121829576746538,6.219315172122486,-72.09930003651324,-37.17543163020822,-2.1458390619955026e-10,1.6206196384871419e-09
305,-114.72717584069338,-49.56170141210782,-22.36359843216916,70.37170542916121,-24.748838561514745,132.04503830263508,-64.85638064137373,221.54533367634033,-18.78528160548023,-10.876984561989449,12.856373022587407,-87.1772466645216,-43.72124268232212,1.1334577720845118e-10,2.4332882375688314e-09
306,-123.84570023890288,-45.03228956929353,-21.111475687800596,52.20119687536199,-23.61207083888565,147.54861503176954,-64.50094400855917,80.75475322822501,2.9301923302976474,-5.772183538157263,137.34766697230833,-92.95495895773695,-43.952801541075935,1.9933850126108155e-09,6.364736293562601e-09
307,-120.1266228415578,-41.216887696950316,-19.191598820545263,24.7484880312893,-21.48890671744771,164.68067468346777,-58.91057521164252,2.6944552223823237,11.853140955382173,-2.825127667167542,188.6682469559793,-88.83790438312076,-40.04738245021712,3.6404799175215885e-09,4.826738120300433e-09
308,-120.32474936254235,-43.45020267747805,-21.072205661579762,56.13914984114662,-23.269159944402766,118.71682603122775,-62.438722111113066,98.26926939408457,-3.2599883656898334,-4.764652093113791,135.6537864253413,-86.96842400167634,-43.23092741594723,1.6768808563938364e-09,4.740336123632005e-09
309,-117.58983250486713,-30.79379439045046,-26.022121765369707,84.78761121455129,-28.9405589438338,28.16760233979599,-76.5213730340408,337.6441979046078,-28.724437927668134,-12.950278489766037,29.74118506001574,-105.25982753222311,-53.53837188648934,1.739181243465282e-09,2.415482924789103e-09
310,-119.79791135673396,-46.566253212055365,-23.10642531099068,75.75763122463854,-25.851246711979652,106.9147634160461,-68.17103427747054,243.8433137180054,-16.190575184105384,-11.529319779432718,24.821859209938427,-92.26616780293043,-47.85863390106732,1.1166321201017126e-09,3.175154639212252e-09
311,-99.1557908659856,-40.50088699049289,-19.14895993195138,35.623159252680985,-21.427268298789567,223.8691764345766,-56.32240093060363,80.75499171725998,-3.6368912228766543,-8.77637366134723,22.012937767790845,-74.28758409714739,-39.004109143478864,7.241283128678333e-10,3.2016753692687416e-09
312,-97.22784699220456,-42.55963432452067,-18.949654483129404,45.316516959372365,-21.092078411264286,220.4518374431904,-55.32749196891328,91.12505795072587,-11.30936070168422,-9.370901808714425,9.222223976981155,-72.50021296851473,-37.77845464958619,5.724132279283367e-10,1.624404610822694e-09
313,-114.80455988224757,-49.85581704495175,-22.310934560690583,71.67154794472559,-24.714964842050176,117.4185144479365,-64.64547713574254,240.5602581051688,-21.968185046098416,-11.394675299096003,11.565388153973819,-87.32763806789467,-44.193456750653915,1.9872459233738482e-10,1.961804940719958e-09
314,-122.71404327763462,-44.999266705218105,-20.94322908512454,60.42224983719907,-23.10940607295998,133.77832679027185,-62.57175649121565,87.93272380887323,2.008000739185512,-5.3314288434097925,133.0392635084628,-94.22302985585978,-43.288404298903764,2.0836523617617786e-09,4.754198812406685e-09
315,-119.90983430620422,-41.53857934117368,-18.93028538825153,21.465799041168086,-20.889432609774577,152.30241278815961,-57.568367719785265,23.606351790082524,12.222328646210784,-1.4845540949448142,182.8612235463525,-91.8924438737852,-40.244618427778825,1.4174474927131087e-09,4.817273691060109e-09
316,-122.43496619341336,-41.912492302752135,-21.2363698154027,81.20139466660021,-23.661174637251527,97.94459930753888,-63.09554792823972,108.20929907736202,-2.5857227286602944,-4.462879095332752,128.56315543887536,-92.89254720446162,-43.63674853065231,1.8014816305367276e-09,4.013797294533106e-09
317,-134.47201320252185,30.766033918367974,-27.68178076691175,77.69459594594296,-30.472866983766732,13.345536857503475,-79.84606829895246,335.71681232849744,-24.519335829835228,-12.37666282859655,18.206709567839347,-110.86541458411497,-55.495546079146024,2.4214159566327e-09,2.4015704980229202e-09
318,-121.71217197354981,-44.87725907607507,-23.855865931962093,68.63911086021704,-26.151757914919227,91.45533802867821,-68.6952456293203,253.80092878475173,1.7342786639359322,-7.309923712167256,18.303888075730114,-93.23368181690005,-48.09763831976256,1.641467406443553e-09,3.209926546787756e-09
319,-99.077277476039,-40.545581646946715,-19.24542169605603,25.00289575525066,-21.327056336772923,227.25862988900005,-55.96188662281776,74.22073782039934,6.142435155226689,-7.043386786282873,22.105159926773567,-73.42852474752581,-38.10072320275618,7.281073521880899e-10,3.2081626244462313e-09
320,-97.40173391305551,-42.06049298310943,-18.93872204624207,29.78000386159695,-21.110713469590657,240.75582464785398,-55.32749240299487,75.59800746598519,-6.428662192059075,-8.871710392479004,12.140052792177086,-72.5600001372002,-35.57436120326616,2.2367885321727954e-10,3.218923794179318e-09
321,-114.8874242375341,-50.09247376724431,-22.31093420676871,72.66635538652625,-24.727781225642516,144.4531737006213,-64.88675239566825,190.8262519360305,-16.166403051414264,-11.24601751077915,27.5417753413605,-87.59180520517617,-43.577964738874456,8.816414265311323e-10,3.6152218996221563e-09
322,-121.83831706631419,-46.21400452860387,-20.77236350549556,50.624373623087656,-23.06848238647206,148.73851415758298,-63.37061746676446,77.36332892559021,1.025629431331114,-7.462607941572633,140.99715820499569,-93.44913949265921,-42.57347190261202,1.1050360626541078e-09,6.3501346403427306e-09
323,-119.63906156904146,-42.2277483229101,-19.058573994789498,25.683577757572372,-21.189342086520345,150.20068888933366,-59.499303176270644,27.24849550047946,6.239464242319936,-3.027369869237815,187.47475937778088,-91.64789483628469,-40.55769185970153,2.119122655130923e-09,4.7656172341703495e-09
324,-122.46034550249213,-44.917613652398074,-20.97648478198124,86.78275115710714,-23.4940071826543,94.87017847086855,-63.158905221860884,112.00591512654604,-4.134035634480577,-4.650029423975933,127.80274553080409,-94.53277996913222,-43.13738886404041,1.3617409422295168e-09,3.948936289077665e-09
325,-115.23685104805091,28.538897173449037,-27.641625435402602,79.50488636998811,-30.679383589396974,2.0673103405627558,-80.19463176215115,334.6697883068176,-29.995524083094338,-13.132324371443355,19.8309556290028,-112.03339484378458,-55.69810264483061,2.8236399884917773e-09,2.403176324605738e-09
326,-121.49705624869681,-45.927045785752455,-23.760790562586877,73.27714944653404,-26.209608556963865,67.75787111441493,-68.85770159867525,301.343719470488,-19.586297014847748,-10.82343782235749,16.613504848612862,-93.85152004364808,-48.478787211277165,1.2942678040417377e-09,1.544432137734475e-09
327,-99.6599485868897,-40.409084723496754,-19.254714015525163,57.14604122130522,-21.32314113504116,190.93833078512304,-56.43146044488123,104.67985554902117,-9.885265010549537,-8.07408852569272,17.157669440563645,-74.94503837278397,-39.939156154651066,9.490008778811898e-10,1.6432544214239897e-09
328,-97.38496753191572,-42.298387884783644,-19.1102393610054,49.54953776615737,-21.0128693301629,208.354491335179,-55.23218610325742,95.40485289510266,-9.002272879886174,-9.190871286703207,10.416282479127638,-72.79620216320791,-37.6971679114445,-2.355591277591884e-10,1.6413022052574888e-09
329,-114.93455461087703,-50.05542944444538,-22.372090415050852,71.66330325358238,-24.73488057724343,113.8393941157583,-64.83328649147485,234.62647242666137,-11.990940960521158,-10.27080580252649,10.304256920890337,-87.79888227641074,-43.442556111411385,5.468336894409731e-11,2.3993962372514943e-09
330,-122.86868317505069,-45.45263733493939,-21.07071126100693,57.78374338462656,-23.761522847237767,138.6238550655678,-64.84977718852501,85.14767583664997,4.540340574708795,-5.566205495742137,133.73058228072512,-93.67470170110833,-42.581958081701046,9.065388439921662e-10,6.348365388930688e-09
331,-118.29042300195736,-39.608927760878906,-19.46625954535447,17.361752604766394,-21.177598975475885,155.90234487137815,-59.05115732674177,26.31510555761992,9.421016970976753,-1.7198864382036059,175.93308196744124,-85.89366873876183,-39.725380127103,2.7291662263451144e-09,4.785931650985731e-09
332,-119.78240435229641,-41.55664801557632,-21.38757794535457,72.99634772376767,-23.702067358690158,113.2538131863669,-62.23003793836554,101.97437704161426,-0.8209115159683754,-3.589166811036382,117.06362628412245,-89.5932610258721,-42.626089215005905,2.0622792362701148e-09,4.801057329473224e-09
333,-132.92209068083594,-27.47450723900352,-26.6303396731235,79.6993043857312,-29.12955970111585,48.78397704685934,-76.35475409854347,338.0165258239865,-26.01077868024368,-12.343932523174976,22.37579378871451,-105.06651032823405,-52.94312808020955,1.527496351627633e-09,2.3547457317363296e-09
334,-120.16315533340837,-46.948742313214716,-23.819126113776406,73.0676991396634,-26.043982446951883,84.22630389183108,-68.15610740743718,275.20074222065114,-16.415993143123888,-10.950752914825884,20.25713642470155,-92.63258667505106,-47.62143529699659,1.8159767023462337e-09,3.1833309321882552e-09
335,-100.10263809556513,-41.02725116934546,-19.73389898613445,56.40646045367332,-21.600650187097823,194.96216068145293,-56.65412028061914,102.27030209077134,-6.897396671585854,-8.723419671026258,15.072617652249674,-74.6435655069174,-39.328600286173746,7.497078513551969e-10,1.6020376136793857e-09
336,-97.14572368341577,-41.66886287682952,-19.19963034440771,52.715417658897124,-21.075843380891552,205.90649056555293,-55.182069334892034,99.09731123630372,-8.759858525657135,-8.583637492521941,3.504876136904971,-72.69955486380735,-36.908915073615056,4.292246558179613e-10,1.6248691281361971e-09
337,-114.75081008845574,-48.92273896565674,-22.58172111779068,70.81007899351026,-24.729204968342344,106.36607513263137,-64.6826084821755,243.93698028784812,-10.667134622452437,-9.328552232198541,5.925069858032006,-87.85752812430445,-43.51790564104192,4.0682834878680296e-10,2.4247555074907723e-09
338,-123.1998536185022,-44.317889085384806,-21.209849774639093,70.23675038189798,-23.404805302035395,123.77317771268918,-63.86605843711633,97.81025347787501,5.980970782476308,-4.150894530120803,119.97626562915514,-94.9776183066761,-42.65044887885353,1.2369127944111824e-09,4.775770889864361e-09
339,-119.22599414070763,-37.59694448151224,-19.57316988901392,18.97101655520989,-21.18265099171772,147.43847537204437,-58.326859731894494,42.01190877930955,9.886884036872392,-1.2205094061543131,169.11138262107875,-90.12578298380912,-40.16775568791296,1.6550529835512862e-09,4.767770178659703e-09
340,-120.60511668470966,-39.664870614341034,-21.49265393321784,77.02512466386163,-23.605042085925287,111.56032637040701,-63.10198480716993,106.83689271427255,-0.45954753186438496,-3.595731523969567,112.91817983164871,-92.63548587864214,-43.18009046617102,1.6175363271031529e-09,4.753315963057503e-09
341,-131.55905490523853,-24.96685408621427,-26.55049160036972,77.8227901119102,-28.9442347984547,51.09306257979766,-75.97604563491782,336.844881139193,-22.754095740214915,-11.46093685304169,15.092303782944303,-106.00706284091285,-52.63426111449936,1.616342615307076e-09,2.3883117705736367e-09
342,-120.46687916611518,-45.91941267669165,-23.934924573023395,70.39842217391752,-25.986712758120706,69.6317438982251,-67.89996984462881,286.52424353131056,-5.091151006914655,-7.913056326242098,11.077412478513367,-92.95848419603053,-47.46123150332362,1.2566943041747436e-09,1.6112053913275304e-09
343,-101.13643538935852,-41.925565164229766,-20.06069135055244,52.93151925878428,-21.823102194501732,192.4739459184135,-57.104802387888654,100.4569250752835,4.289629004868141,-7.27838804150726,14.756735767684313,-76.16610179741691,-39.413668673588326,9.27627752389526e-10,1.619081757553431e-09
344,-97.64134258788145,-42.767764553695095,-19.36742793215095,41.83507475291216,-21.23391302929677,222.2834538714394,-55.46359752473026,88.88706336712438,-5.484135659438586,-9.027666593769714,7.307077756669884,-73.35855622760228,-35.96826562041968,2.958699951705057e-10,1.5614380899364733e-09
345,-115.00510211187226,-49.660450619935276,-22.62811469630671,70.02673429015341,-24.793701037745482,123.96835756126262,-64.8798421736288,233.76546699912075,-14.698972519489867,-10.39681037931387,6.02901633133596,-88.19290508884049,-43.53367652839692,8.568008524889592e-10,2.3428334827713115e-09
346,-123.71925356503893,-45.94296837567433,-21.214711626597786,71.45620523153613,-23.723672004012894,136.2813158864028,-64.65979140677764,99.74808265975025,1.1637771075471077,-6.114422736084836,114.9009188837801,-95.27672770335398,-42.89875229881959,8.335518941748887e-10,6.38120667417752e-09
347,-119.78690634318444,-41.26967675370646,-19.410810886867473,15.599291168332243,-21.46152278592873,158.60385490112532,-59.42280363494926,44.22967750096892,7.41547697658872,-3.4422262790375098,168.0359252289943,-88.57915196402469,-40.511127078717024,1.996454557229299e-09,4.826915755984373e-09
348,-120.47564417586888,-41.99443522438925,-21.964737157514584,69.46303489131299,-23.638073589476825,133.05775351646628,-62.195813026674806,98.09584974720006,-6.06635402551518,-4.316220646148717,113.72267468054493,-90.6994457873658,-42.988589145865504,3.5308858059579507e-09,4.733947900348312e-09
349,-134.83354573007344,-8.14797190883053,-26.83302576489967,76.13804313836812,-29.16637432146536,49.77174626689791,-76.21208555242485,336.58472891295287,-26.107047177751046,-11.560465235561901,10.301742378946741,-106.76628742620358,-53.1694575443676,2.027888967859326e-09,2.3832598117223824e-09
350,-120.28338583055422,-46.2923763357906,-24.016894101912005,68.84952542440095,-26.15349507544871,71.37188324576708,-68.00361505943793,300.85859074102854,-9.622349952489342,-10.178223411260115,2.4326953252634476,-91.36810084635694,-47.59425409632062,1.2568079910124652e-09,1.6112053913275304e-09
351,-100.09637342611711,-42.03858928437674,-19.875045230256674,51.987757679328816,-21.718517381060085,195.2785609154873,-56.585920295949684,107.06878055209394,-3.7565917629484447,-7.734423834267225,10.157464423103903,-73.43730623612451,-39.249796099896,7.435119186993688e-11,1.6042207562350086e-09
352,-97.29236778500547,-43.072376325315204,-19.298207657550872,42.3474168256086,-21.15802184547698,230.57967533814195,-55.265367896615736,92.94973985164879,-12.794472889536516,-9.569808409399712,2.2130829761122457,-72.59001539014868,-37.049276776701376,-1.1118572729174048e-10,1.5770780237289728e-09
353,-114.9866598713771,-50.56393119440106,-22.71404653021398,67.27431300884464,-24.869003933135176,113.06187334543728,-64.85090431959668,258.9207894251512,-18.187011663697685,-11.226435030760031,0.33394791134589036,-88.33080808934702,-43.86212303696636,9.379164112033322e-10,2.364334505955412e-09
354,-122.96365022982233,-45.002738385273545,-21.808119822009044,72.86343009211441,-23.945816037664482,115.43813158557947,-63.74000316583516,128.72858484200435,2.6051269527263914,-4.94543757288976,100.36184309798762,-94.69472205243318,-42.89662926011571,9.800942279980518e-10,4.746553372569906e-09
355,-118.437614372891,-37.17005746951334,-19.517970800342415,16.46212566205458,-21.63601028627882,148.44785622799336,-59.22920402458366,53.946485587813385,11.723427032390696,-0.7225368657562187,154.13462706025754,-87.89376273477899,-40.10736496691022,1.386524672852829e-09,4.0115324395628704e-09
356,-120.3176495554796,-40.45954477091534,-21.27689548379462,48.52031730289309,-23.80579220375655,141.62367390017374,-62.268717535914504,112.14284714213531,-3.87002602156219,-3.8362307319557485,104.51598480833904,-87.77547959619032,-43.19248720123539,3.5220182326156646e-09,3.981291296639711e-09
357,-133.32201833813963,-13.012992159057474,-26.87136593556555,75.4499260359361,-29.258795398315105,59.5761692251128,-76.6997824590887,337.3546878686267,-29.73359330204558,-12.20290274666121,7.540350208751788,-105.73179199674327,-53.08789097190941,1.7340653357678093e-09,2.4386821451116703e-09
358,-119.91805439556384,-44.61994670050661,-23.982514204554825,69.94427679851002,-26.192957875823705,71.61788125299053,-68.15116569801984,318.0663391223982,-21.44117993992235,-11.009779299518161,-3.202236437907473,-93.42423165748107,-47.686430937627875,7.804032975400332e-10,1.5911290063286287e-09
359,-98.31084809484288,-38.881815501601345,-19.611727329107207,58.69500501696667,-21.47516487806309,181.12272865892658,-55.94746918039711,126.20559531095279,-7.238400795433242,-8.58078892303102,-1.7332802574703805,-74.73737184539632,-39.50646216314453,2.2089352569309995e-10,8.325073963533214e-10
360,-96.99458286048436,-41.476074435942124,-19.265315383459942,56.112590963417965,-21.097684259186916,193.050363684962,-55.171172882059295,115.03126557730194,-7.161996942472557,-9.317537037539608,-1.584439774128096,-73.31677393306953,-38.80864270160684,-2.6693669497035444e-10,1.620616529862673e-09
361,-114.73015705460364,-48.82638830793122,-22.597416545030356,67.81271626005986,-24.71180297518283,94.08345440406819,-64.59617674977586,269.7864462301637,-14.473304289252335,-10.958006264477188,1.8696879433234148,-88.31928213084456,-44.339770495936186,9.45078681979794e-10,2.369468177221279e-09
362,-123.0527291437916,-44.37225029171671,-21.37579715012414,79.40877430436468,-23.302627427401188,98.66298620675622,-62.737813776556024,123.8238238745782,4.910802911342829,-5.326236092053016,111.79442873856857,-95.1752759016301,-43.25808620296014,1.6907506505958736e-09,4.778772932922948e-09
363,-119.2757667261389,-38.31185497695143,-19.613033115248754,21.502436474629576,-21.5663780433709,136.3260886917152,-58.332181256670296,53.50507270643694,11.59130326655717,-0.5624790144852471,167.08852124287193,-92.24369729997373,-40.108031897203446,2.8923068384756334e-09,4.0013254931636766e-09
364,-120.97306220801515,-39.93801845684013,-21.33760244282357,64.32001274263999,-23.303106300802657,139.59495344532064,-62.62399910298038,94.41906761185831,-3.989566334836999,-3.8876562676888544,114.49554568916348,-93.68584193177118,-43.09072638849741,2.8358044801279902e-09,4.032784772789455e-09
365,-132.01803528276707,-6.604136136697097,-26.538614563458303,76.759817064403,-29.206223593918416,45.20283487850277,-76.27068619588971,336.51185735237203,-28.320628850650095,-12.098716926863325,12.210858873760673,-106.59884960739274,-53.029476973894994,2.1304344954842236e-09,2.3421620198860182e-09
366,-120.16736704596877,-44.49874087657964,-24.041807972378326,67.65957318656999,-26.16131535456176,89.19307147006295,-67.99532387366102,290.93589846625474,-14.620443728568846,-9.79240796286528,1.141267414457257,-93.79738997515061,-47.85501372058956,5.192646312934812e-10,1.626386136877045e-09
367,-100.83039890082912,-40.19600483883688,-20.043548150626616,59.45205435096312,-21.903401186218645,176.37134291302408,-57.08427867576256,130.83445161527294,1.5350265872380258,-8.09156901960987,-2.9161539116428385,-76.75118480958541,-40.376335954276485,8.943743523559533e-10,1.6295764737606078e-09
368,-97.46162372598833,-42.11247244485367,-19.331779982948863,56.40982036094802,-21.194829617548052,195.32069458013095,-55.361510980858306,116.12922686009709,-8.365155796009113,-9.281762163615927,-3.1934561697319728,-73.70096749924603,-37.856183403513825,-3.3168134905281477e-10,1.554475659304444e-09
369,-114.81117515409402,-49.964274558252704,-22.6263688700812,68.99238421249333,-24.757481488637442,90.20634981736075,-64.74357160941422,277.0329882854454,-18.576453796876645,-11.345904844777612,2.7148005478419117,-88.60419250611893,-43.517100012859885,8.302549758809619e-10,1.5750032389405533e-09
370,-122.70736973228902,-45.052512197367,-21.081800625941774,79.0682244593648,-23.19022773177251,109.34173843837425,-62.536957692125796,107.97062366363888,2.6237482346766665,-4.974376309985458,118.8289438884683,-95.2916994638011,-42.99833488067591,4.1541170503478497e-10,4.826684829595251e-09
371,-119.58113839411413,-37.979006001133484,-19.694527834057872,25.90178486924588,-21.939215843872784,135.51557689241056,-58.9390661634621,50.422411150681334,12.409249544825736,-0.42974351755517115,168.08835928254956,-93.24440776319793,-40.53027617243519,1.6152625903487206e-09,4.013230636701337e-09
372,-122.84871278561165,-41.55474690456501,-22.177960381056355,80.12865226084446,-23.827361846232712,122.69609737909603,-64.85258113827122,113.32499746317964,-5.082166566692415,-4.44240303385825,108.5468205977823,-94.6725255152721,-45.23810948087142,1.4715624274685979e-09,3.994286679187553e-09
373,-90.80891982814468,31.437761052266808,-28.13613966181235,75.87259619627154,-30.72134222342626,-4.821475861803712,-80.29690854941974,333.3504671936448,-33.06762404315667,-13.341586359680942,9.929595508818526,-113.01704409241808,-56.3793792960937,1.3390035746851936e-09,2.4383979280173662e-09
374,-122.2672230134964,-45.381123795094375,-24.462764131207052,72.61152025553942,-26.68844350144589,59.05376441716122,-69.44047710176758,326.4315914739085,-16.655072349818088,-10.513871867816588,1.8011647201016108,-95.78187550416263,-48.70718957763011,4.84988049720414e-10,1.6386820789193735e-09
375,-100.93829328364693,-41.20721782655062,-20.04795945110979,60.000824781515504,-21.938702607067835,176.20403349811457,-57.1411619658715,131.1420520000997,-4.357118318940783,-7.835616326927088,3.4558343483382723,-76.95145214248801,-40.385222686593636,-4.2098236008314416e-10,1.6340990782737208e-09
376,-97.40173229581049,-42.963945966325994,-19.319900697545002,54.986680721012334,-21.181805466914536,200.26583606265422,-55.32749080954752,108.10480455928194,-10.5175996040227,-9.315739483726423,4.175706816864572,-73.89243465493236,-37.61237916373308,2.2367885321727954e-10,1.6243859590758802e-09
377,-115.30484562085856,-50.41240597705244,-22.67843225157268,69.72615404296737,-24.879730389953767,100.89467455442545,-65.02103860937108,259.53027420362855,-18.284530959795756,-11.238271218426185,10.952439072457597,-89.21516951019217,-44.069117316357854,3.233822098991368e-10,1.9464749811959337e-09
378,-122.183941983364,-46.26422874287702,-21.218699050185066,67.24234848898413,-23.513789900813048,131.03003346247885,-62.99017342690564,90.105943340389,2.917528791029932,-7.335152644444966,130.9394827433236,-95.61666251669386,-43.11268851131322,4.5793058234266937e-10,6.345494796278217e-09
379,-119.78584107141035,-39.84963321825134,-19.34491843519313,20.457319168132408,-21.470262965295024,152.20248811373312,-58.843990979019146,24.61199015805738,11.559230012296629,-2.4454230393599694,186.4452923043894,-93.53995449223528,-39.9962955032744,1.516809788881801e-09,4.7374442146974616e-09
380,-122.6289501782221,-41.52146428805508,-21.143322868687566,85.22225619315871,-23.38757331648741,94.27524551185009,-63.15024097411706,120.86936160862763,-4.053195186041191,-4.477752387717806,121.15197754605308,-96.72301886713095,-44.433322735224124,3.1543549994239584e-09,4.818428323005719e-09
381,-125.06304976878371,30.423051620443747,-27.755545652558606,78.75060329748928,-30.411678235284775,10.616984402870482,-79.72612286068652,333.2977882017504,-30.341536756792884,-13.465632789872933,23.046725096842696,-113.22876443923488,-56.142822074806624,2.7045530259783845e-09,3.979465645898017e-09
382,-122.25561742273844,-46.3876835059811,-24.386321846509617,71.89895848244868,-26.301688481973482,79.93987961417041,-69.0904311666749,283.44999943899506,-14.933124398942157,-10.697447904349803,22.87352662532368,-95.36334365439663,-48.74670575198057,4.4644821173278615e-10,3.205832932451358e-09
383,-99.85075270536667,-41.340127543475404,-19.84313573651515,52.62361222477695,-21.562151678972377,199.95303907066653,-56.665914395202094,94.09749744760035,-0.634659850208976,-8.057394310041925,16.04528363048044,-75.99603078358795,-38.76926534438684,4.2734882299555466e-10,1.596613508070277e-09
384,-97.13613376201282,-41.89463135413561,-19.26721925785847,53.26910631164083,-21.124046906615863,207.20765586797012,-55.17662221939474,95.80129172143984,-7.586414616878216,-8.47829927348336,5.51370525349029,-73.86802897708611,-37.260362766704965,-4.4366288420860656e-10,1.5727330548997998e-09
385,-114.87536789961132,-49.29017310031442,-22.57824657699979,70.94194315262858,-24.733995918662412,116.3568965435351,-64.68912007861763,230.85146723165224,-11.985284183577045,-10.580237658224306,12.634621819879666,-88.95010019605577,-43.1024031062358,1.0713847586885095e-09,2.390025954923658e-09
386,-121.89559617412878,-45.72085558619904,-20.925174566773485,56.611913944256045,-23.082454863646937,136.88878962615922,-62.365707557146095,84.58473520688729,5.529057168644108,-7.751831204835925,135.87792423023308,-95.48043858574063,-42.270361586570566,1.8062564777210355e-09,6.3386309534507745e-09
387,-118.15446225736015,-43.94994249279962,-18.9851711243431,22.389970843074472,-21.305267996339413,155.97518635037844,-57.49251649598878,27.628117490825122,10.194907832851047,-4.758295301804895,181.53847466033938,-92.90600131997654,-40.17500012751089,3.7246081774355844e-09,4.747683135519765e-09
388,-119.70143851624339,-44.083595728784864,-20.913553822277212,85.96646506984074,-22.787720894852754,101.83349616706795,-61.45516496856631,112.58065790506535,-3.4582807972992025,-4.718705035365622,113.4973013658968,-93.33598637559979,-43.423474318402874,1.4063061826163903e-09,4.784222795706228e-09
389,-132.14791071568177,-28.100900531149218,-26.352213681137627,81.153001676808,-28.611847557325927,53.148555436733574,-75.26968594442833,336.10049296133934,-30.396896701643936,-12.863454394561328,23.188955226215498,-106.73942242341107,-53.10867330995063,2.5588633434381336e-09,2.4365967021822144e-09
390,-119.3944954875011,-46.87892414145747,-23.846606573762816,72.37223286797705,-25.592983567692613,81.91669293021123,-68.03764934980275,281.7303802318811,-17.889499476192274,-12.19177201848839,20.21377182129676,-94.29777940781295,-48.10336779730848,6.928075890755281e-10,3.16335402317236e-09
391,-99.5719283539762,-40.68817444415831,-19.83161380040581,61.18258187448477,-21.54387500722936,181.4715755666119,-56.710186084764324,117.29659888425978,-6.581638792854303,-9.071652507080014,9.92461304817077,-76.46366793014329,-39.41263243086202,9.363816388940904e-10,1.5677699138905155e-09
392,-97.01284288080547,-42.18300100808232,-19.265316088169207,60.06310667502612,-21.121960386551528,189.97021709107383,-55.17117359338401,119.36784054673603,-12.611046056821719,-8.813131355918934,-1.742726802402494,-74.09815378449109,-37.381812339280856,-2.6687985155149363e-10,1.6206094244353153e-09
393,-114.80932092067721,-49.85903889306723,-22.57975724349184,69.9774162175278,-24.74044919058944,90.58712921881616,-64.66808136742758,278.6966787304278,-19.59842097986696,-10.8918462091551,1.5435146078750055,-89.23639545687207,-44.42142849186211,4.090452421223745e-10,1.9965753494943783e-09
394,-121.94905293703712,-44.73399179755817,-20.863694784050924,82.72212362567342,-22.991666080791745,105.224684034696,-62.14488962160733,109.41343425716218,2.2284229399554327,-4.62932232144024,116.47079644215727,-95.75854194983302,-42.988301757355224,1.3029648471274413e-09,4.805468023505455e-09
395,-118.6639768176844,-38.66898025944669,-18.84244115862244,22.44637695187661,-20.879542703937854,147.70380686057064,-57.04287256587093,35.284492040386816,11.85523371389252,-0.4570616245053352,171.24481977015836,-93.74414011299804,-40.23571403919021,3.1462832339457236e-09,4.799467490101961e-09
396,-120.8616347288974,-40.666970438309285,-20.756614365486104,85.26668072045962,-22.644443960309747,88.7377677335743,-62.17980175622873,119.10645951610873,-2.4371216123587476,-3.6921198586102992,118.16807924981603,-94.4668153466613,-43.57346509627951,1.69893610291183e-09,4.0294363401471855e-09
397,-105.61536709911869,-8.939571699229308,-26.17394772481541,78.11226561687619,-28.444546295676588,22.244366790982532,-75.49505695298002,335.6123776814191,-28.811634260991273,-12.158675432360663,10.151815898172543,-107.29031512673676,-53.19171135497539,2.670333287824178e-09,2.4007675847315113e-09
398,-119.87796268732632,-42.94733220744052,-23.956959433016248,69.86071324225436,-25.736455704338436,60.787306002396434,-67.85494149532533,311.84383284085817,-9.785581623600185,-9.468689722042285,-0.3192870821074013,-94.61164845133801,-47.93299365115859,5.193783181312028e-10,1.6263967950180813e-09
399,-99.71969727916661,-40.78970610104093,-19.813704756984098,58.277324647411156,-21.543364730655195,180.18597507700608,-56.46241826837281,121.6631151896488,-0.03827747429836065,-7.344854409878847,2.0707469212017147,-76.57180662788483,-39.91333216676846,2.78021161648212e-10,1.6190959684081463e-09
400,-97.13613169099912,-42.778426650633335,-19.26721713179075,55.9749372605496,-21.124044758340084,193.30465890100143,-55.17662012178002,113.83921206900547,-4.860853801530226,-8.674356247288891,-2.724970514895198,-74.28746674268407,-37.08872055503071,-4.4371972762746736e-10,1.572729502186121e-09
401,-114.79923036013199,-50.45995021563276,-22.591036146317773,67.76057812329697,-24.721050102541263,101.59914963928384,-64.66779066061787,265.45396514638253,-15.822860960466704,-10.700653560335732,2.0975462661097306,-89.28316991068658,-43.865497231530064,4.0677150536794215e-10,2.4247519547770935e-09
402,-122.25661926398769,-45.72994289870889,-21.063306397548374,78.84567494342672,-23.268346997036645,106.65250957152284,-62.45940300844552,116.24198816288522,1.5502964478749257,-5.252087808286812,115.9307497283917,-96.04035416867949,-43.151158263567694,6.675691111013293e-10,4.831466782206917e-09
403,-118.51682151255295,-42.43562842599276,-19.328942743807513,19.240779595255525,-21.433595306400672,160.4775846351565,-58.11214905527403,42.33678549614858,10.72233171775695,-2.0384954076120176,162.1512527455926,-93.18051261964787,-39.882589070588665,9.231371222995222e-10,3.998884778866341e-09
404,-119.8483388741606,-42.299989690468294,-21.00930617214894,80.15699357690616,-23.373432712742893,116.7366696172979,-62.89972562285888,104.16565462122092,-2.3336570345123473,-3.9408127630057757,110.94196303783951,-93.208126063702,-43.087891870076156,1.1963265933445655e-09,3.969781392498817e-09
405,-130.92496523033589,-1.84444408301662,-26.393484510388063,77.519627114856,-29.12363521577022,33.83686780594052,-75.54209132549047,336.34187962297784,-24.562362531381577,-11.440408851147225,11.600936240848132,-106.53604467902846,-52.93187431941971,2.504236817912897e-09,2.367812612646958e-09
406,-119.99608012507878,-42.932163462831326,-23.97754881174357,67.56014820179392,-26.283424529999834,72.81181778422791,-67.87406217282962,284.789984324693,-0.8050973834387006,-7.340628666391244,5.167426283142747,-93.91952572274867,-47.200845693275696,9.133032108366024e-10,1.5993322222129791e-09
407,-100.16601992232194,-40.02480550173699,-19.91979512145683,54.956296326458926,-21.839512915426898,181.74155318725482,-56.75155841106538,108.19197295400609,8.593249421115098,-6.628003734654292,4.807260743833134,-74.03050103374318,-38.93013596850485,3.5214497984270565e-10,1.5703349731666094e-09
408,-97.1846445164515,-42.66500554635761,-19.27684042845341,54.63275225313371,-21.13459539363534,200.35600796725578,-55.20417740835696,109.50356501676927,-10.04871366004601,-8.240628090593196,-1.623496440909326,-73.42822159338196,-35.68600214025856,5.451283868751489e-10,1.5503811567896264e-09
409,-114.89900229851429,-49.97079882233778,-22.64061061879041,69.07719777879724,-24.822619497495143,97.08880413970948,-64.95585702718623,274.31512894555493,-20.865774120967455,-9.975130423884615,1.212848454183996,-89.69118718368843,-43.87299930159626,5.919105205975939e-10,2.394667575345011e-09
410,-122.39969047998476,-46.497567842449804,-21.32743532320916,78.96888597041527,-23.56456410532444,99.98962767892039,-63.225211864087896,139.50828458937985,-1.6468402813711127,-5.316629192202625,104.75593248490632,-96.30476569613229,-42.9400258889511,1.1951897249673493e-09,4.7339199227280915e-09
411,-118.7377460772218,-42.01917428348663,-19.502580325738755,24.25393064955372,-21.668526761731147,143.4166641041072,-58.72552131650672,59.30272260034286,9.608552403113514,-1.7385290641323656,156.37705700682656,-91.10935279560577,-39.45749609032456,1.761122803145554e-09,3.944954585222149e-09
412,-120.67147059018747,-41.404586601590324,-21.592817370852707,80.07121746376971,-23.66122461075784,97.42862688761552,-63.48247667940707,132.5607523554349,-0.3886431481427334,-3.339191754028425,100.38340870204304,-92.41403374623697,-43.489560853796576,1.2059899745509028e-09,3.948044557944286e-09
413,-132.7457366559581,-3.28485933836348,-26.701812115293713,75.84632273465036,-29.26194943537223,43.24624391835186,-76.38630714733446,336.28990784167087,-22.044461844832018,-10.572689360517556,5.686558940104182,-107.13218539069192,-52.93903211147263,1.6262333701888565e-09,2.4034534362726845e-09
414,-120.26025498691544,-45.759519733042445,-23.99903624982257,66.6752744560885,-26.156173090071533,67.11857461206313,-67.73248426811224,297.6791409884784,1.7665011977261327,-8.16747560721026,-3.8031198777852095,-90.03765532549379,-47.32377208902063,1.3631051842821762e-09,1.5626895333298307e-09
415,-100.33327678423723,-42.0163143922887,-19.926351962968553,56.91737355906478,-21.737812941377427,185.16678499570236,-56.769351601887294,117.9034319185872,6.26375409263804,-7.824359554831453,-1.9564255791906449,-77.20041362850854,-38.48703809906739,7.40499217499746e-10,1.5676597797664726e-09
416,-97.19423089424355,-41.93290498662402,-19.278738452513537,53.87253447102211,-21.136676741504846,203.99537100824065,-55.209620913074865,107.2954270510804,-7.4251448463958125,-9.531294179299774,-2.6289702280824523,-74.62943580546623,-36.19631546745049,3.183231456205249e-10,1.6024994664576298e-09
417,-114.8758828254555,-49.6637146673439,-22.58380834158162,68.69412640850261,-24.75317484823445,112.82041045956476,-64.73207246324792,243.4528038310303,-15.160242262168577,-10.94380605817524,11.408093454872525,-89.76435836563488,-43.89837429512276,1.0715552889450919e-09,2.390022402209979e-09
418,-122.47218873165643,-44.76793467192979,-21.112217617999022,61.52073795753927,-23.319893122376044,128.53347180390716,-63.067975240774295,88.62887400106949,3.7095511043817124,-6.008748463330054,136.81919128651197,-95.56189095877997,-42.900977294849994,1.125727067119442e-09,4.789733054622047e-09
419,-118.03712210004672,-36.67008193485888,-18.572325679472446,19.759906821696077,-21.132685542050254,151.55160381910497,-57.75874160175371,14.686450357948768,14.073201308912386,-0.7472035006217674,181.4070180485215,-88.77976876429845,-39.780251174703224,3.433342499192804e-09,4.788454077697679e-09
420,-120.01271196639709,-39.84509964318818,-20.570903742327978,67.01421457089926,-22.8941085392893,108.4263686596345,-61.565153069966165,93.68564148371165,-1.043029763549266,-3.662476881410655,134.68172141552202,-91.24293971377257,-42.97152274331407,2.8508111427072436e-09,4.742798154211414e-09
421,-122.4654942788025,-33.81216744409234,-25.848496711307163,85.19295735087688,-28.46856850845658,28.187268195286343,-75.4809717606462,338.46222960450643,-27.937336970475716,-11.990313588651244,31.443938856542697,-104.46507369191109,-52.8179710059611,2.5142412596323993e-09,3.984482965790903e-09
422,-120.34891401504278,-46.95744254375157,-23.39998638633375,74.53480588113553,-25.572662285399037,100.34037644451008,-67.6982988048051,251.54953657507585,-15.596638823178623,-11.209206197844992,27.04849902108253,-94.83077891724342,-47.85928991414617,2.160163603548426e-09,3.1568490044264763e-09
423,-100.36815199065516,-42.32800787667875,-19.47530916167947,54.73341634680837,-21.324799696992326,202.12705595689107,-56.520183157490926,92.28100105041692,-2.320093930251426,-8.176015543576902,17.22022575893107,-77.4325832224839,-38.41655449816138,1.5519390217377804e-09,3.1719009641051343e-09
424,-97.40172743194216,-42.06085497642459,-19.088519606729502,54.47219565741424,-20.99547263555639,211.04858228238112,-55.21228362223459,94.87341246221236,-10.835066293433016,-8.465511929900615,6.044702200841213,-74.96669182037283,-37.41276426142727,1.0200551514571998e-09,1.6243910661017935e-09
425,-115.38234886954382,-49.65254695533958,-22.514290651333802,75.14081062236843,-24.83454651636815,107.79223509391578,-64.94673158592052,244.5164088208971,-17.82456106962942,-10.96901253702304,13.145738064755959,-90.34920863789918,-44.12194574737261,1.1948486644541845e-09,2.4235049522758345e-09
426,-122.0121317117679,-44.08623702514204,-20.47464935151513,52.904301790477064,-22.749647640104655,134.98642665816652,-61.960616986063705,78.04476621428975,7.81644525048199,-4.33939429566185,140.8143052313591,-96.43330441371745,-42.51026366040503,3.4954155125888065e-09,6.418474640668137e-09
427,-118.42749905891417,-36.53066850214857,-18.120784813820492,33.81797614930795,-20.083296190399526,154.33076471831572,-56.9114984721737,-24.15852861873803,18.572470639785237,-0.28537967247440615,201.7978973652417,-94.53408142411566,-39.46737205293652,2.897763806686271e-09,6.335227453746484e-09
428,-121.1605001417146,-39.747426616949355,-20.335196415222295,52.312430784510106,-22.136234272276116,127.10829603734018,-61.66953314118285,72.6347690255637,5.553892861560294,-3.6670299945546834,152.2173988653464,-97.95452857962532,-43.15633834357454,3.7600784708047286e-09,6.35679953120416e-09
429,-139.61100365772964,-16.00562674567199,-27.388932028296814,89.54268753834049,-29.5195285598745,32.605757331222954,-79.12013801192818,332.52276149696667,-20.07534076789908,-12.506527367997405,39.40178377723002,-114.24842814198809,-55.597464813119785,2.43409203903866e-09,3.973873678037032e-09
430,-121.41347733681633,-42.80568131908477,-23.164912202885112,78.07784329819987,-25.471637642590963,92.48898617088818,-68.72783768472262,233.87602160908003,4.032940952477993,-9.477878064443312,28.408524550137773,-96.93165772300559,-48.891234567528436,1.3976091395306867e-09,3.2168454566772198e-09
431,-100.35873865974911,-39.17207232383067,-19.10379594472604,34.5801174189692,-21.27970053740651,219.93581609760452,-56.55835622422243,72.70846744029929,7.077359923082842,-6.750949569562601,26.338740508252297,-77.93395019778256,-39.4829378925171,2.232411588920513e-09,3.141916948834478e-09
432,-97.22963854727513,-40.58384244099682,-18.742948249642048,38.615398373212116,-20.968773094016367,233.6539222786097,-55.17035264180876,76.36937100440825,-11.178043877119544,-9.24594057710724,15.841844409162299,-75.15314204796242,-36.20785455905719,1.0208509593212511e-09,3.2184104270527314e-09
433,-115.6653730519629,-49.7940340168328,-22.16224707713846,80.17243563562748,-24.82727236979657,121.87372355247668,-65.10199056437635,218.23317350053313,-21.223221375786178,-11.544915147334828,24.775677979228348,-90.67736834794678,-44.05858868153612,1.392493231833214e-09,4.016829535657962e-09
434,-122.07742436730182,-43.17058648127273,-20.17055127800659,46.53846911313125,-22.585927132584242,144.83400225928767,-62.01629709753569,67.22142569033099,5.793106653117035,-4.04764394516951,148.5484991270776,-96.54069349596283,-42.32637898435825,1.954390427272301e-09,6.4248411035805475e-09
435,-118.31962061027487,-36.129658154511276,-17.890069067170586,37.750655511202,-20.175038090375672,140.1308524472175,-56.913078802734844,-25.939213028763337,18.11759043111979,0.32698921097602984,212.52188132850185,-94.57681642411131,-38.90447468972952,1.6650574252707884e-09,6.404491159628378e-09
436,-121.63958650304912,-39.888428496524014,-19.848328505426387,41.29056567749913,-22.356377931180226,149.79366724308494,-61.706988093997175,45.65628705800603,5.2215515869865845,-3.0788902279899357,167.26960145267657,-98.10622474817937,-42.60684843848193,3.887635102728382e-09,6.35922958736046e-09
437,-123.84341823269595,-33.24528266445919,-26.309540812020096,99.65733479991354,-29.700216327167716,7.483761445129266,-79.38493358832336,332.23134763653013,-15.001597567609759,-12.568631938308997,50.38525666710693,-114.36394147757828,-55.34013788707561,2.8037447918904945e-09,4.0059404682324384e-09
438,-121.55705384288433,-44.676376595971234,-22.379840877168128,90.31519624046246,-25.798963044625953,94.30382372840596,-68.84457833526918,205.3042740955688,14.360017381185552,-8.676698779908909,32.703879127017224,-96.87862116286598,-48.17505788896652,1.3786802810500376e-09,3.1597835459251655e-09
439,-99.12120077271533,-40.49993218354073,-18.465531156690652,34.55489665624898,-21.226502824915926,222.7312961464733,-56.03391805793864,64.16229308688473,8.691153094649113,-7.2819596632275605,27.698856459884222,-77.071795493129,-38.13765525446161,6.808136276958976e-10,3.1728717431178666e-09
440,-97.1265372998204,-41.67354833518753,-18.555669852331174,40.974874839240265,-21.007293429589847,227.51834803673728,-55.17116855964932,76.955255216008,-7.584225356516296,-8.727739386827086,15.817387659331663,-75.09956806464511,-36.32011543736645,6.796767593186814e-10,3.214676524976312e-09
441,-114.81726398261901,-49.474409521522524,-21.980863397669935,75.60328114820193,-24.672828052071978,134.87181773697168,-64.80408733398777,196.20740065364322,-15.490542772572008,-11.228837498828213,29.498803706136858,-90.13108863509174,-43.58138202096753,3.411742000025697e-10,4.016666110828737e-09
442,-122.55533359947776,-43.908207027526835,-20.288359141190362,47.151150625805684,-22.885543508967025,146.63511667365825,-63.03292725012673,67.60610611892726,7.1902987518360595,-5.664348118273562,149.1358425006456,-96.86529182836192,-42.51850413413244,2.8549038688652217e-09,6.40564223886031e-09
443,-117.10246403956762,-37.37309011102826,-17.47706396029442,35.448307007319734,-20.08928986043039,158.76256888650707,-57.298109017069606,-19.270145529571103,13.69802449021975,-0.9173476101370059,195.4153982657237,-93.74456335371075,-40.052225103084844,3.761670086532831e-09,6.349864634103142e-09
444,-119.13578443179847,-41.40713274554447,-19.23110724706688,60.597499764098686,-22.117072546731034,129.55408679627902,-60.91397182950915,75.43121194494809,-1.871545698797546,-4.289652365612607,143.56133428815747,-96.2027182456359,-43.97514761439797,3.2603111321805045e-09,6.3765455138309335e-09
445,-122.1620827396455,-39.345622665268664,-25.08774834442841,99.39295627471155,-28.447687110676384,16.99913456282896,-76.00631470963823,334.2188384636888,-25.313063534593145,-12.657270316962213,40.73185851259103,-108.69541398974093,-53.6275843560605,2.360366124776192e-09,4.005267048579064e-09
446,-119.68921867316588,-43.13672599782684,-22.397659485603572,84.90745597345216,-25.531854385540317,93.54632874335914,-68.00324884120272,224.97279627592118,-0.9368245551163591,-9.888103464293467,29.919292483511857,-95.50959700649588,-48.25264103186497,5.688320925401058e-10,3.20698134714803e-09
447,-99.60648496342324,-38.569481888434105,-18.78903034561972,31.93491440302248,-21.346562622775313,214.75118945224293,-56.21175501076519,69.32786246981146,14.413557344203742,-6.164170924558724,26.775969099620944,-77.74122241599407,-38.77478456231404,6.790514817112125e-10,3.151438221493663e-09
448,-96.9966331063548,-40.396221336983636,-18.64196407740838,20.862034319435306,-20.93454073919901,248.88964448100668,-54.91220244546692,63.58386165245186,-4.155895420406026,-8.551862571550988,22.395512306754206,-75.29121588346158,-35.85051714883351,5.802007763122674e-10,3.215497201836115e-09
449,-115.05924893724422,-49.208751401512245,-21.936308887988982,75.62296664605441,-24.66025412678561,144.1424473749853,-64.9718851898842,178.95040131760422,-12.405927793975481,-11.177807746211679,34.66123085327365,-90.37034740066865,-43.586514677452556,1.071498445526231e-09,3.984471419471447e-09
450,-123.129612382508,-44.669057142325,-20.107703395680158,48.983381641093416,-22.848742435316996,148.63981097149275,-64.60729541832637,65.48275451593639,6.6809091649265016,-5.74191713488817,150.55293483604288,-96.32732913285395,-42.908134021220114,3.4036702345474623e-09,6.3332521449410706e-09
451,-118.34377251405502,-38.901858278536494,-17.582133246320883,39.42922534864476,-20.5092420427676,155.13924522956682,-58.46982419827578,-25.853045233137124,15.178495533488443,-1.427139764714683,204.68480632819828,-93.63690043232525,-39.70785665961204,3.4337972465436906e-09,6.35751007393992e-09
452,-121.44842735690722,-43.843159456576345,-19.839762389183647,61.31599014631016,-22.65128498985777,135.60390585762792,-63.40255298614676,71.48294825066323,-2.6246974143824726,-5.44727632788624,151.15938227187527,-97.2908381856911,-43.01422735131104,3.2119942261488177e-09,6.348770398290071e-09
453,-127.3119446406683,-46.70159772027423,-24.863116508444733,100.72037129677985,-28.368929334179644,16.74118861136504,-76.15779008850309,334.06272843315315,-19.90943500825582,-12.126697000117108,45.66244045531161,-108.5726973075969,-53.17452114050041,2.978254087793175e-09,3.997923769816225e-09
454,-120.6053956608704,-47.0008235427851,-22.18054333693586,88.41321332899884,-25.64296362349454,89.38927312324383,-68.1217552717109,208.31930618034932,15.903641351374942,-6.5047973898673375,31.705691055692395,-96.02538675912602,-47.64945940955611,1.8712853488978e-09,3.1611753215088356e-09
455,-99.73320934809979,-41.73934189574652,-18.402004092655954,32.732954906223966,-21.29422905381677,221.00670536211183,-56.02654385359272,68.53776790087919,8.498586043720492,-6.827201722033474,27.52269611468141,-77.63556731533109,-36.640613003762596,1.3656631381309126e-09,3.1647218179386982e-09
456,-97.12653716367709,-42.48965393837982,-18.452687323636948,36.61353598807008,-21.00017205405757,239.81803342759903,-55.082744786594404,74.62513757708851,-11.94666997178039,-9.11593236211774,15.897323979671656,-75.45714102135905,-36.282492323235516,1.8144419300369918e-10,3.2148506079465733e-09
457,-114.66890435037882,-50.42708111102231,-21.97360196400294,75.68451667090976,-24.671784498530318,135.3778722594656,-64.75663921541008,201.50073956083523,-20.604066891373552,-11.280497128891682,30.46305716843107,-90.31915332352024,-44.32445714579143,6.771756488888059e-10,4.032191469605095e-09
458,-123.00979103000476,-46.048256823153054,-20.309643857499772,58.37372700060186,-23.286788492119772,140.0155883649515,-63.953030849725025,74.1950670489561,1.4152673704701444,-5.742441717137548,147.65894682249592,-95.12675793504103,-44.18188584487385,2.075239535770379e-09,6.3428160501644015e-09
459,-118.86754765980366,-38.82582721196722,-18.121695272518778,31.851673963864553,-20.710034973945913,146.40421659112923,-58.8625537153565,1.2445132328533643,9.819682304997635,-1.5836650826052259,198.10109784320113,-90.04211708320838,-40.4077428796108,1.767602952895686e-09,4.831093747270643e-09
460,-122.08852867308488,-43.7687872978895,-20.45817496195405,75.7717868381896,-22.624789927474247,107.36297142285181,-62.478783964203465,89.07390063676536,-4.507371156874368,-5.258373170083582,147.80356471663558,-95.27066900116708,-43.55674540463698,1.567741492181085e-09,4.753285764991233e-09
461,-131.33680862803155,-41.496147622489524,-25.413024952489454,87.847052272962,-28.597867834584978,40.01905862346584,-76.09030265535598,334.08196340245195,-24.06771255868039,-11.564571652316484,38.20852096787048,-108.632503003255,-52.95765631171209,1.714909103611717e-09,3.941670101426098e-09
462,-120.05312019720205,-46.361887538817484,-22.441902398164178,79.28433386427596,-25.670782534755332,91.66189838382729,-67.73237143852552,227.75395347125624,3.9672285073336915,-7.327672983081575,29.714666306177932,-95.59716094681879,-47.19718245373942,1.8802097656589467e-09,3.1758720098196136e-09
463,-99.03129967547285,-40.92440575648334,-18.95880404837038,47.20450254132131,-21.24614448795968,200.65962197629221,-55.74515293960981,81.63924256716022,6.85438670485707,-7.427640546699541,22.12214602195237,-77.20864803666538,-37.93780428650906,1.3196768122725189e-09,3.2035334385227543e-09
464,-97.12653698585312,-41.95283345749035,-18.883082801861907,53.365162395923015,-20.989350907639658,210.26359272808648,-55.17116821954705,92.77194413457843,-8.403096061880984,-8.70263986083964,6.653451514290347,-75.61399749601065,-36.21144495924672,1.3164935808163136e-10,1.6206060937662414e-09
465,-114.80578719214876,-50.113941370389824,-22.249535889387698,71.31729816202491,-24.63853117496247,120.91519457777692,-64.85407723237894,231.4069935526474,-18.07815246760902,-10.617164934565029,15.955000526156786,-90.61281095176447,-43.62448558087911,-4.155253918725066e-11,2.424747513884995e-09
466,-122.69833349564686,-45.65111952022128,-20.696870923739187,65.46061532238461,-23.130848305053746,130.74317236089433,-63.820797901587994,85.78935137541322,1.7325166977737463,-5.567395866040413,137.58973933103846,-97.29000440349374,-42.46002461632677,1.464741217205301e-09,6.426716936402954e-09
467,-119.4407274721768,-38.97672726564816,-19.155061635622182,24.31247175438637,-21.024074721149802,152.6589947109941,-58.39193678337094,10.034879376667034,15.117112691073872,-1.3426849644843768,190.23094674589706,-94.4014297819092,-39.6217626003457,2.4676864995853975e-09,4.7797215074751875e-09
468,-122.16912706064404,-42.79846953797502,-20.964438732212898,87.23422745764188,-23.336310405088017,99.90014842493883,-63.112826244047284,101.321952360273,2.4617912230977477,-4.1292839026641195,125.52262784760302,-96.604997897826,-43.32529347625859,2.81397660728544e-09,4.796628871872599e-09
469,-125.877580602879,-32.172543232933116,-25.98855476567861,84.2901528216413,-28.812057333667717,36.76757536948506,-76.22137492923638,334.319430237118,-23.010604823512388,-11.580989400450672,29.255072927028074,-108.41608596964475,-52.55244025148856,2.636340923345415e-09,3.975809903522531e-09
470,-120.52028352135007,-48.50559156081428,-22.882143155937595,75.36215195574864,-25.79239865074376,84.72434655503373,-67.9032550717203,256.9189363351675,-7.610994126520233,-8.205055322634474,27.0416506408274,-95.90168089718176,-46.72568313803919,2.153740297217155e-09,3.205385068483224e-09
471,-100.52853176516122,-42.213597603995986,-19.001357490464645,55.2835465186244,-21.613670999202196,193.70250065911517,-56.77783542809364,91.26258007254634,0.5375183221697014,-8.05502235210136,24.8243098960338,-78.61292875776711,-38.80751104035247,6.52562448522076e-10,3.1517064513764126e-09
472,-97.07911413088316,-42.82077461225524,-18.799585816422784,55.77972404489703,-21.0720618776839,201.69998092214166,-55.14423254886121,97.83699759021106,-9.332838434536761,-9.185111152371249,10.083016984045324,-75.72243579571536,-36.24356514815202,1.5063505998114124e-10,1.575202190906566e-09
473,-114.95430712792174,-50.577957261347805,-22.313314110346187,71.85978403636383,-24.731116523265765,97.48785817671693,-64.6511946971474,263.04267674783716,-19.508707554191716,-11.050121861505264,9.80185938976028,-90.87858121976603,-43.526877966522854,8.569145393266808e-10,2.376570051865201e-09
474,-122.51556626821686,-44.90054793594307,-20.82050947879726,75.15021355805725,-23.145846162523412,114.23215531875238,-62.48890851499691,93.55194494555884,2.673688670035485,-4.307567017044697,133.24443331340413,-97.9035816261939,-42.76990875369512,6.598384061362594e-10,4.785889018421585e-09
475,-119.69334720138585,-37.5097931100664,-19.489974373594038,27.253748597581737,-21.888780740476832,134.0996383805134,-59.062004177034616,30.354190614836753,14.328037511038545,-0.18030027559943368,187.03788783339812,-95.2601354522823,-39.989167554693076,7.903508958406746e-10,4.8133799168681435e-09
476,-122.73494974655549,-40.19591990648744,-21.30987170208614,88.45099366862856,-23.537616836154733,84.88347667081551,-64.0725473609434,108.0121082486288,2.7160560582861373,-3.7843249481315513,133.39249167036513,-98.44042372455401,-43.37947203192106,3.675268089864403e-09,4.744482140495165e-09
477,-117.85671490663793,-21.853448331458598,-26.07901764478114,80.99509382863215,-28.780583860182112,14.853393338918753,-76.26640823428005,333.5650033747848,-15.59222822288049,-10.297836874892473,29.01601575899636,-109.60398853645611,-52.099279642793725,2.887645678129047e-09,4.006770026876438e-09
478,-120.85420897697624,-45.075976485968866,-22.886896270087238,73.1502676365296,-25.772698765821826,89.94991070795555,-67.8855574333684,228.001862005901,11.167683448181544,-4.571738137565601,27.76258346628267,-96.71599608319627,-46.26923505852477,1.5967316358000971e-09,3.1626630203618333e-09
479,-101.1783596966569,-41.69042738104759,-19.126817498512796,38.63992698242846,-21.577186066782993,216.44554901076316,-57.038088530339714,75.99925398014595,7.809904609631436,-7.687917182731556,26.219772312631573,-79.32127613530068,-37.49433436412067,2.210242655564798e-09,3.2218672174622043e-09
480,-98.11321838932952,-43.25903755675182,-18.86665831448713,48.924908837986926,-21.207766020061747,218.5893337869141,-55.7316390744676,86.5291542199334,-12.44018865051296,-9.995650274245715,18.74556866320077,-76.77240421469178,-36.402402989133634,-1.3568524082074873e-10,3.161023442999067e-09
481,-116.06940722359766,-51.14329600625894,-22.446825652449945,73.1333414550316,-24.96188892670285,104.9843662309822,-65.30355208389,243.36764536135044,-19.931824986041544,-11.381431764731238,26.045764598835685,-92.01976959420898,-44.273121380327346,1.1317524695186876e-09,2.3582198416249867e-09
482,-123.76611681343839,-46.17523677026708,-20.818383469360626,78.1932713563615,-23.164533852030736,111.66420697148047,-62.59217514905481,92.0709695740105,1.2353716264097936,-4.4064387487283,138.81952678165672,-98.29626424312303,-42.76419720918061,1.7937509255716577e-09,4.8055781576294976e-09
483,-123.3348798599755,-41.24711507246286,-19.081244294499975,30.172819821499317,-21.502191323032058,127.35527007106779,-58.75956669439509,38.26677634455626,13.4741302243075,-0.42103983503911213,190.65276233601733,-95.65588450509073,-39.9198371561392,2.8330759960226715e-09,4.785050577993388e-09
484,-125.12224369847733,-42.727601181635094,-20.901332049353908,88.42167800746853,-23.43700530044936,78.7648267136552,-64.03956212651316,112.07559231351608,3.8359735415891856,-2.6944702653422605,136.06587364931582,-97.37987280654474,-42.861856728792326,3.222567102056928e-09,4.806462783335519e-09
485,-133.91540437860564,28.874068125303317,-26.85080945967281,79.74437223842328,-30.26666603520109,-1.3067965414172669,-80.14625240290675,330.99498533099563,-18.33850215799657,-10.098799998724926,32.612095446223066,-116.36260323492768,-54.939686882001396,2.8178988031868357e-09,3.948478877191519e-09
486,-123.35374290880584,-50.110528924851366,-23.08309284867279,74.63149628999626,-26.070172426373553,66.24200705543333,-69.04730235188651,269.9397375402565,5.040744673571538,-7.374240039453599,29.65689596426719,-98.60217543348892,-47.86962654545972,2.0488073460001033e-09,3.1568403446868842e-09
487,-102.00922778270122,-43.32109899999973,-19.461851828837663,58.68052454469185,-21.779657175835744,188.6150334508797,-57.47663672539915,93.9888938984555,5.663345234659384,-7.669838838965467,23.190990611596604,-80.14189837871956,-38.27857797424786,1.6615331333014183e-09,3.2003431016391914e-09
488,-98.25748876716582,-43.28086020856584,-19.007975018615568,50.92889781361068,-21.24121452254739,212.9851756414624,-55.81358957048446,89.58810791249606,-7.184114705782166,-8.720289225369696,12.63441643870403,-76.99756208714463,-35.63350367549092,2.440287971694488e-10,3.179833285571476e-09
489,-116.40765307607793,-51.216614531769984,-22.403024038837167,71.74639403750248,-25.037085947001984,117.83063698863316,-65.71277502009059,231.16948707711032,-10.198358862547616,-10.543406762925327,16.414873114568557,-92.42241049604874,-43.22006245459634,3.539639692462515e-10,4.030180633662894e-09
490,-123.40479771882374,-45.79197056909483,-20.75088251147085,61.30229665577807,-23.342350653854744,133.04068547938903,-64.03168344634216,80.62722169373627,6.955101418693868,-4.5943648344919845,140.2334628308898,-98.52924440549684,-41.71347387864508,2.05773176276125e-09,6.3438676534133265e-09
491,-121.30907700069662,-38.39468595519355,-19.638276963509092,32.3329101493045,-21.528276713720942,131.19982360768958,-59.2046133256744,33.504336733250554,10.41641318864615,-0.3228924780872788,188.93980290562462,-95.51956400298336,-40.47590008735221,2.0588686311384663e-09,4.745650983295491e-09
492,-124.55165282414919,-41.33305274743853,-21.565599381527694,94.55244253217437,-23.859405036705525,79.42494559603116,-64.0660540674513,114.69972660654459,-3.008056026678012,-3.5304363416883073,136.73521981012934,-99.57745584696238,-43.92062220730344,3.589434527384583e-09,4.807386488892007e-09
493,-134.31626337335967,32.06127177450234,-27.559484982352974,85.54590050537153,-30.34099068688338,-3.0710745958372847,-80.27037465872569,330.9636756824275,-25.476187829675325,-11.311596043743585,34.988697689190396,-116.06673186391569,-55.14684156870666,2.384297204116592e-09,3.939170767353062e-09
494,-123.22331906576127,-47.12969420731752,-23.457879696935834,81.79704464720444,-26.122581176708444,53.13932916742735,-69.01124372920259,286.9552980250168,-7.006560884969194,-6.64168103593437,27.328650847161647,-98.93611533264723,-47.69124750607424,1.6738681551942136e-09,3.2308946629200364e-09
495,-100.62787449767775,-40.79405523409426,-19.22756887048936,65.04845871544389,-21.72351670928432,180.37560991738718,-57.022224006170894,91.98022361365615,4.88182192903561,-7.426986817679003,22.768599850122516,-79.6273969914792,-38.605090862889554,5.880451681150589e-10,3.157456518465551e-09
496,-97.21836268896422,-41.78679654351491,-18.812066204226202,49.32703080806453,-21.190999044877167,209.46765029450893,-55.38340364199983,83.10514137947862,-3.9702612653626796,-7.133770786232459,16.046195628234873,-76.74820411880971,-35.70215378675325,-2.7341684472048655e-11,3.2144056305583035e-09
497,-115.09361796493373,-50.56513900835825,-22.043620076545327,74.45819013640798,-24.688850845668394,116.65998745195854,-64.8385860193556,221.02792091806137,-8.726133882996198,-9.27874524257083,16.669785174721166,-91.38824710747224,-42.1929434998755,6.735376700817142e-10,3.9637431115124855e-09
498,-123.39317328425487,-46.38131904880349,-20.40026197721001,58.92858430594287,-23.344971206050552,137.22403750741358,-63.834484486647916,78.67176418356543,9.577238881669526,-5.1308278539438135,137.4303473605103,-98.34610667317362,-41.00082764998627,1.0106759873451665e-09,6.349736736410705e-09
499,-120.17167413039368,-39.525311046176036,-19.123910488118838,28.764910006305126,-21.418771217987167,137.3377138795522,-58.73412860798061,32.89536385639877,11.916354434690115,-1.066667548616668,184.2046117025422,-95.12290250090129,-39.95558828126053,2.914362084993627e-09,4.8034962674137205e-09
500,-122.40098597165861,-41.351619474006846,-21.018436761158586,90.55544867235777,-23.62466358112002,79.24943160849237,-63.788410673612944,128.21004742731355,-2.853778976249513,-4.4836063867269695,123.26883573361137,-97.53344468946042,-44.22881687393649,1.3121734809828922e-09,4.747287007944578e-09
501,-130.46088628331225,-19.817893711726892,-25.830900091069605,84.09957164423464,-28.76868479551048,27.64481166167873,-75.76953757255922,333.03590723517846,-19.772180867647794,-8.214380986401066,26.808212393056582,-110.08001600627291,-52.874022568237066,1.2148575478931889e-09,2.39286279679618e-09
502,-122.22179330796293,-48.83313920682695,-23.219703480827853,75.05738577949542,-25.78536100464064,55.17459839347359,-68.15069497258774,283.3002690148732,4.118261184137663,-4.85508366733476,20.959179274036117,-98.23896097092289,-47.304956980301824,1.751629952195799e-09,3.2383162817950506e-09
503,-101.45640519682549,-43.123260383386715,-19.197109655213563,54.69377974277737,-21.762469407110345,190.5961775976166,-57.25889686849852,86.91233954711214,9.80232248134765,-6.730591927542249,23.778004555650195,-80.04251391739061,-36.211376529246245,1.2871055332652759e-09,3.1895233121304045e-09
504,-97.64947131768795,-42.97848562968288,-18.80467045615461,47.675153301890276,-21.176640214011588,218.5768673323724,-55.378931031550486,83.93328891379505,-8.601282150122135,-8.713728278851356,16.0682327232041,-76.58100669665545,-36.36932647105534,1.1954170986427926e-10,3.1402862532559084e-09
505,-114.93754112537269,-50.28918012554223,-22.25956039318176,72.73690869605664,-24.84617848376138,109.49343637728123,-64.98039958526566,237.2335153103358,-14.250621069780328,-10.701337224615989,17.589473658753672,-91.51810999738278,-43.27040601381003,9.050609151017852e-10,2.410830424182109e-09
506,-123.39082054445404,-46.7477958385744,-20.84451826369154,88.47289612122565,-23.921163588257503,107.02965062474554,-64.5173398011173,104.32401068647641,-3.0468742911997024,-5.618648627101278,128.73065647864567,-98.05434655387205,-42.41570634513762,1.9815047380689066e-09,6.371742244937195e-09
507,-120.85124446372465,-40.89092311861906,-19.344251686384382,41.58616044773213,-21.745283842295194,117.11876204766921,-60.61816008742406,62.137256843428,4.6713167807813525,-2.2421352951622535,176.4779519801139,-95.32299207655025,-40.97645747760068,1.655962478253059e-09,4.75190375937018e-09
508,-122.8377369956828,-43.7747547102628,-20.913633556277688,89.8281405269153,-23.481993640087698,69.75859006024288,-64.06791820546567,146.64602128307018,-4.997579138485735,-4.9615408176924864,119.62959384940388,-96.35357481886369,-44.47361377961927,2.3128450266085565e-09,3.957469463244934e-09
509,-134.15486884474223,14.315155018997649,-26.01005714166123,78.25661257391239,-28.889032942270443,19.413419798305988,-76.2503394963237,333.1765236824741,-24.772128458066348,-9.338881229704002,17.223630960614592,-109.88842664260645,-53.0816072391248,1.5587033885822166e-09,2.422730460693856e-09
510,-121.2261641130524,-45.945359945375564,-24.011629809584505,69.34162358772302,-26.08362777949002,63.68302928241682,-67.88067109239343,286.7805034433555,-0.1671434647300741,-3.97391581360195,14.182294055083393,-97.67307015904198,-47.02586814946148,1.4867964637232944e-09,3.145503413293227e-09
511,-101.54660851700088,-42.277944966144744,-20.16558300492435,55.90683328977635,-21.9309696730363,181.94415985739133,-57.243669550981906,96.13569235574047,13.672571091322599,-5.0789065257553325,18.709121815196475,-80.36137808348013,-37.7633180549314,5.732658792112488e-10,3.19572723839201e-09
512,-97.94566472568526,-42.32455053339272,-19.30751860396626,35.24400602305657,-21.272550384870804,223.76424904528676,-55.47920464817543,76.79905622487719,5.9527078540297165,-7.843065226349711,13.890060054824591,-76.55710829064297,-34.92041676059748,-6.747313818777911e-11,3.1593039295785275e-09
513,-115.3815567197125,-50.18395334267147,-22.48031905205188,72.4043160032591,-24.846638850800193,119.45466819940727,-65.10854766028129,213.7722033332275,-2.79496292960338,-10.026928582552777,18.096588010839234,-91.07613891637025,-41.82872946698422,4.395701580506284e-10,3.6081093668371977e-09
514,-123.26613369614883,-45.38115246110482,-20.794667670765417,78.37232237347652,-23.750178363203933,118.16745244367957,-64.19767672675916,94.2977369859543,4.408838473473479,-4.249248857011591,125.7532461069771,-97.55460030196835,-41.80593825119944,7.732410267635714e-10,6.4194267679340555e-09
515,-119.86578296186846,-40.264639905458665,-18.93652376209795,32.05536177420772,-21.57166024537416,127.96075346162522,-59.45058623936209,58.55106705628642,7.980722860830861,-1.835724093342017,170.9382018317822,-95.18514756381327,-40.376042162660575,1.6116246115416288e-09,4.834546984966437e-09
516,-121.59673053014568,-43.01556968139096,-20.789988014127296,87.2333261357445,-23.35017132325949,79.63465310950107,-63.3944583649372,144.3683301208584,-4.7116101984433065,-4.68735930135883,109.55516797003817,-95.23972367987035,-44.005866192367776,2.056594894384034e-09,4.033773315370581e-09
517,-119.48891182311192,14.450547441245364,-26.413637748354216,77.8381789282481,-29.11981708988385,11.897190152396036,-76.62259606597067,333.30613260929147,-26.249416913872054,-10.432715185689565,14.187163889415169,-110.19698744859043,-53.15513070296886,2.2456561055150814e-09,2.3719550767964392e-09
518,-121.41067969646978,-46.02764448519155,-24.204472163890472,72.71664826728903,-26.2027278647261,43.74399793111974,-68.00788252138972,322.0658933565204,-10.058165320206534,-5.144356125709361,7.984569228736751,-97.81618687280384,-47.6389936976891,6.571667654498015e-10,1.5998047331322596e-09
519,-101.16903029285342,-40.92847884999016,-20.149063115920804,62.42392422157912,-21.874104710903524,163.68176980225087,-57.0865177259085,129.36410684939926,-0.34759062067092267,-6.592723714562581,12.54146171676593,-79.98592234418524,-39.877831183520186,8.573124432587065e-10,1.5473027303869458e-09
520,-98.50229045017588,-41.07410612223457,-19.583418827148947,58.76658377424788,-21.38579319284055,188.16615817325126,-55.947751390008655,105.33650415987572,-2.6671409094357603,-7.989405951610431,9.625164151577174,-77.91584452990507,-36.82865886132714,8.641904969408643e-10,1.598728260887583e-09
521,-116.14322614362436,-49.83647806510134,-22.859774973773987,72.36250353235067,-25.061831483656466,91.69273860238366,-65.67811734051475,259.3163300957449,-8.755896348325063,-10.334807740312524,11.258400523394943,-92.79294959782453,-43.16689103271942,1.0612666301312856e-10,2.378341079634083e-09
522,-123.37645719208167,-44.60162137470313,-21.34416438532246,83.47985366762597,-23.959681340793935,101.94666868576734,-65.17848437575275,114.49787346617626,4.426375853183296,-4.138946287348718,118.90790509423859,-98.14248355857202,-42.51683819540738,1.1975203051406424e-09,6.388034989868174e-09
523,-119.83139003326336,-38.71561625534973,-19.660230679400364,43.12185905047457,-22.209930199456256,114.84121561869205,-59.88395581069163,76.59228353555059,8.887153466880271,-1.8047503621590457,154.83861422042781,-95.63780915814594,-40.537443341983675,1.8956143321702257e-09,4.785484009062202e-09
524,-121.56043774452789,-39.640222084806254,-21.169055970420942,82.64215069017114,-23.835976819014384,80.29689991054177,-64.04827503421109,142.37890163562642,-2.4337178888144697,-4.894350713276791,107.31144740031299,-90.83414372158497,-44.213219603708865,1.6677859093761072e-09,3.944898629981708e-09
525,-117.23670201250127,-11.407863059578423,-26.44982008256109,77.4648218540375,-28.849243135677995,21.623905327325474,-75.74964889099769,333.3832123006626,-15.914589554372618,-7.33723123745119,13.355264036131706,-109.99057329400222,-52.89153220405758,2.937156295956811e-09,2.3845743157835386e-09
526,-121.07026618547077,-47.41656626178091,-24.131040826564746,67.71620571960936,-25.855064959282334,63.60765816477051,-67.64083920914084,279.5925685186361,10.758250474137688,-4.35862029873423,12.285521473178145,-96.44095391243845,-47.04685266153999,4.907860784442164e-10,1.5635528427537793e-09
527,-101.11561988704868,-40.82306683973194,-20.12173750142715,38.32640631088475,-21.91593666782815,208.82519304821378,-57.090567460516745,79.5645644027636,15.171258643750056,-6.078696944282367,21.54760339481534,-79.6758104591356,-36.61359000702768,1.2644818525586743e-09,3.2018476758821635e-09
528,-97.84954885514631,-40.660936255232585,-19.44626659851059,34.003787112380756,-21.32034956938671,228.06436461154075,-55.59031848740248,79.42077351605123,-3.032066284225576,-7.368853289955929,14.25233725061018,-74.39772031168111,-36.075202815288,-3.163904693792574e-10,3.1885285523003404e-09
529,-115.69445565079313,-49.97631467582537,-22.781363725429532,69.78850664142597,-25.031555496895194,112.35563855437863,-65.49804123778243,234.54816846003874,-11.469107065778394,-10.35355829567953,12.241593264629998,-85.43465793387763,-42.69485281551444,3.5555558497435413e-10,4.03054833952865e-09
530,-124.7091303456725,-47.59491241674773,-22.017551627558646,76.87568259157521,-24.816193128121686,103.95138052749232,-67.08769751285092,128.2695206118621,2.4548342796605693,-7.819984021696284,122.13324312343632,-96.54048849712325,-43.0987035372699,4.205276127322577e-10,6.385349138327001e-09
531,-121.21065304692608,-40.41084663922666,-19.881976590067175,22.87961617948884,-22.667922016268996,147.84164504505415,-61.44256067241939,52.547023027397366,9.509727837778577,-2.3143880053418973,163.5163211594966,-88.41684778567316,-39.94913843423811,2.9764350983896293e-09,4.764380889810127e-09
532,-122.30383709261736,-42.879041782237564,-21.43743265564589,54.16566970442289,-24.36227954573244,139.7551575901976,-63.777444082119466,95.33507217600328,-2.7192609943529575,-5.109904076271275,121.03300691794956,-84.76088498864952,-42.93882110931803,1.7387264961143956e-09,4.8215653691841e-09
533,-120.68570055049103,-14.73892824128977,-26.879750536879342,78.4047572172221,-29.47357113378875,25.94344295287999,-77.00819228389433,336.3944821445555,-24.564093658666298,-11.667493934803662,24.364670838558247,-106.85229818758512,-53.23732458293163,1.2070131560903974e-09,2.4195649928060448e-09
534,-121.39386397115057,-49.359551829697295,-24.197826415772504,74.09049629184335,-26.267715058998352,40.06944262819918,-68.59470412716621,322.35360255674027,-3.1205481641569532,-7.886393103380217,8.860014417788603,-97.48018733638017,-47.07276585260837,1.3648104868480004e-09,1.577838304456236e-09
535,-103.20754351759973,-43.89124519211109,-20.392484706122325,66.90814510592995,-22.35888465746103,146.7935202603792,-58.265605796587245,148.5693421603188,8.044254754575293,-7.451666805705566,5.936850729146729,-81.99915431655874,-38.685527993124296,-8.037659426918253e-11,1.5932997143863759e-09
536,-99.31774746100467,-42.86877348043452,-19.568345043105488,62.26572999718977,-21.573357376577626,180.45020846030707,-56.27004168643925,126.66259339021028,-4.651787612720998,-8.310944727838853,-1.3963088338282557,-78.60512994214685,-36.81609566530402,1.5279510989785194e-10,1.600875876306418e-09
537,-118.03179800755144,-51.15167511850898,-22.972048319950247,69.7917994171436,-25.444255882178464,86.51805439194551,-66.79414318101028,285.28017967192324,-14.487530388727606,-10.500217917984093,6.17971198589356,-94.18478934657679,-44.203287278885426,1.1056044968427159e-10,2.44105180513543e-09
538,-123.96461709519862,-46.01238293122187,-21.14869957796737,79.34014824400425,-24.03806531665736,120.62786620597132,-66.06264093463537,94.07302196076529,2.1557451221896673,-5.575057131334719,132.16518127621643,-97.98831043405565,-43.572189334006744,1.2576606422953773e-09,6.327120161131461e-09
539,-121.68506870505854,-41.335082364326894,-19.009733533210007,39.07004413651475,-21.691597650261947,125.01232644262609,-60.90005151333138,59.4889442092292,8.233477877486656,-2.7625455844752236,173.3101634567706,-95.76025100147285,-41.97062571304119,1.467697074986063e-09,4.770519979047094e-09
540,-124.86728820744852,-44.54543109692036,-21.32670083467337,89.82649313976293,-23.9185638659368,77.85572037217439,-65.12390665932742,139.73781908220926,-3.6539418472399676,-5.517308075076445,123.96621060238634,-97.59131676752652,-44.84178577892287,3.7032350519439206e-09,4.744180159832467e-09
541,-128.68494270485942,30.387855474092795,-27.646873551557505,79.7650155655511,-30.36169409781337,0.7723406874082492,-80.32328559402369,331.32329074350656,-22.701758757678338,-11.005736760297719,29.498318031982077,-115.39015848012234,-55.63237051015078,2.096555817843182e-09,3.938218640087143e-09
542,-123.29599411420256,-49.13848835004575,-24.384224375258196,70.13374594793704,-26.324712233891645,69.44511428912651,-69.35931814118709,278.9730405817218,3.989458694973697,-7.516528419148943,24.375984998611543,-98.9538767044932,-47.94420213338451,2.2207018446351867e-09,3.149998706319934e-09
543,-102.0000513358795,-42.667019297636244,-20.22404185351724,47.26228378719544,-22.037067834886408,207.1201263783093,-57.82969377687333,87.6098060603617,10.423660103094825,-6.978610831109503,18.66651687983579,-80.8779312401639,-38.467977009166894,8.093365977401845e-10,3.191354736031826e-09
544,-98.7786764464788,-43.211423984420435,-19.59302123200241,56.24652273221824,-21.426026503823884,205.42586034522301,-56.10964174495146,102.09866987510621,-7.064578613274317,-8.083282298244564,3.44007150320645,-77.41190832231403,-35.53256528845188,-3.304876372567378e-10,3.1787656951109966e-09
545,-116.81464042313267,-50.839715529328146,-22.892801470480784,68.85551384306265,-25.215076378098814,105.98440619154003,-66.1861297442319,263.59542383956483,-17.990649821526137,-9.7929061773347,8.44258200763345,-93.49172313944051,-43.654283174512855,3.637410372903105e-10,4.031101674684123e-09
546,-123.87608367148485,-45.52983124218599,-21.59057675033349,76.53004090153183,-24.68070270913859,117.58764932398691,-66.19632441379552,95.9747946333207,4.021452261416915,-4.544404996951043,133.01410073055592,-98.77787626187369,-41.93223775135658,9.81231096375268e-10,6.3431357943954936e-09
547,-120.03031383725366,-39.64207566496725,-19.95254285270457,31.42854973095246,-22.8518274385618,129.87516957169447,-60.36527563000289,57.46866165803972,14.086786728712603,-1.9590956699460538,166.82707108527683,-94.61014157689166,-40.27496605305461,1.2843202057410963e-09,4.7948418568921625e-09
548,-123.60556081824252,-41.77766100267386,-21.968570885964354,49.06278184608232,-24.650317190287126,149.52368881333513,-64.88939571103911,96.03528877023611,-0.29116799766995516,-4.4580309588966545,118.95803454168022,-87.87331520247075,-44.06577414394335,3.767354428418912e-09,4.804691755566637e-09
549,-98.21003779359789,35.175077739724685,-28.26817804424577,75.131415786794,-31.01370776907069,-14.02343121661901,-80.88903468669838,331.35474794040965,-21.67646248775495,-10.613946888027435,13.788908083421797,-115.14689617718247,-55.60845444905474,1.3420162758848164e-09,2.378421015691856e-09
550,-122.70924366344676,-45.560407743362155,-24.532203374790043,70.2591228099572,-26.896429298006925,42.14978774914323,-69.12613691767285,314.55223973727533,6.053385980551938,-3.6882461034719425,5.53874400760278,-98.68319773898065,-47.35741541261448,4.431512934388593e-10,1.571997643168288e-09
551,-99.71504742858185,-40.23098596285455,-19.90975254105332,52.17842727254078,-21.828502549648093,180.73957665288748,-56.667285670096696,97.07954931383836,18.47992972769857,-4.60245827265599,10.200508039203973,-79.42072784583567,-36.303230706375125,4.4644821173278615e-10,3.1548426093763737e-09
552,-96.9185360302872,-40.343376742715066,-19.33881998604788,37.32312753159901,-21.202548057805174,221.31254228877296,-55.381671460178005,79.43283033555649,2.4486802359187934,-7.677004131989982,11.075563136416331,-76.50623393753996,-34.224553152961924,3.099671630479861e-10,3.1525750898708793e-09
553,-114.5855480256244,-48.522997517205106,-22.64125243060673,67.89300933307231,-24.812888825679675,125.998416725498,-65.09742724293278,209.46241447274525,-4.669378160484527,-9.661055642316638,19.036349261723075,-91.69178638942455,-40.70785552906069,5.989022611174732e-10,3.944084170370843e-09
554,-124.26721825300247,-45.08157187132192,-21.924637008815456,65.77645518329788,-24.287366994647286,129.84142658283716,-65.57533649988689,89.39747285754342,10.225039015444006,-4.221849787663954,129.81601339187807,-98.59774008893106,-41.100686473020524,1.1746124073397368e-09,6.347065095724247e-09
555,-120.19391618299241,-38.09268840358728,-19.751149395611723,30.10072375374083,-22.500896468671336,126.02261024952219,-61.46810773018805,63.24200378046359,12.281418088506364,-0.6589880030376756,163.81562077991967,-92.71494978916225,-40.08168062916138,1.098442226066254e-09,4.771891326527111e-09
556,-121.04883222573474,-39.34838958157106,-22.165060128610275,59.90553908954926,-23.92748909910882,149.1587852805992,-63.74495319786045,87.34324788141555,-2.2421540641032975,-4.093781474785204,113.72409646966558,-90.24514141557842,-43.31586747618738,2.0313564164098352e-09,4.759161953415969e-09
557,-131.04804597166287,-18.04542927875958,-27.00674452144708,77.08827392678461,-29.566496511013252,50.46574764814123,-76.98600122498615,333.03566712212256,-20.68088994465031,-8.721166836730093,14.782629447662021,-110.44735596359357,-52.87018785327766,2.1088339963171165e-09,2.384425101809029e-09
558,-120.98680181440058,-47.58732063727927,-24.169983372886342,68.76462015559993,-26.327735261122992,58.02818214204012,-68.31864224473227,299.48421893279345,0.14025472671220898,-5.061426567642738,10.39733445314909,-97.22921313481204,-47.13348734455282,5.67297320230864e-10,1.5642918071989698e-09
559,-100.44518498190115,-42.14444258573118,-19.840316172088148,58.367337661009884,-21.93307533624977,178.76539254356905,-57.077964825955796,104.55570555898431,6.9837214267316385,-6.992711405111,16.729574107335193,-79.2230431316481,-37.74499282854207,4.2172132452833466e-10,3.1770337471925814e-09
560,-97.61829962508044,-41.92730583974303,-19.25423834842185,53.95400652272093,-21.293181313178962,203.03832954537444,-55.61840846328771,94.73251485239788,-6.590711804549184,-8.492508052797696,11.390011053771163,-76.14380571059333,-36.176402793175754,-6.622258297284134e-11,3.1966500557700783e-09
561,-115.02930337527701,-49.52889204329629,-22.553199677973687,69.29698309978828,-24.9624731981068,111.38919753122117,-65.11771018680501,235.49943187318982,-11.767076536756537,-10.315301605397169,15.99661337125968,-89.87840933982841,-43.02985988142862,8.712390808796044e-10,3.955736183058889e-09
562,-123.11584259475403,-45.12376263401255,-21.54463688066515,79.07406289541878,-24.616312246199303,111.65242986471384,-65.10418234080218,99.80086791510796,4.314456885300375,-4.771615157038463,130.5103051930391,-97.9527749368517,-43.122995909074135,6.188543011376169e-10,6.333614521736308e-09
563,-119.51574145490395,-38.93205407046983,-19.33544683870472,24.833362400931986,-22.176078549164913,151.5906280816536,-59.9797678208653,46.03296216473732,7.919846507167271,-1.511137920551043,162.20182446133637,-90.2923319256042,-40.83606497371403,2.671299625944812e-09,4.813713871953951e-09
564,-121.5023949563217,-40.516558419027746,-21.005968400553968,36.74938151834047,-23.441113530572757,178.45796092645801,-63.37967330777282,72.38639334187154,-0.8217475877279901,-5.231907074334029,120.42428353788488,-88.81650221050512,-43.302153772060976,3.1575382308801636e-09,4.788578422676437e-09
565,-121.02133840157975,-33.829127525703946,-26.457047128398568,83.05385335828772,-29.058143369038422,26.7539040445943,-76.22950609450156,332.4487776245453,-13.063696900098163,-8.974030604004318,29.403580287877766,-110.80229977613789,-52.224925469555366,1.9821868590952363e-09,3.959703676059689e-09
566,-120.79136136249723,-49.62283345223653,-23.83511214916789,74.74389669316133,-25.842834094946735,76.56272363175505,-67.8339639631521,260.37803131869833,4.360447367449695,-6.705044863589046,22.573737710986016,-97.94934737934523,-46.038339406454455,1.7349179870507214e-09,3.1852769311058182e-09
567,-100.5425444483996,-43.36300721997601,-19.65861991515233,53.81171747653623,-21.652121130166993,203.52381985670027,-56.954244114200165,85.03503036269531,3.1805555310227827,-7.4487078750591476,20.400200543480256,-79.45785371456839,-36.874225318324456,1.119190073950449e-09,3.1776590248000502e-09
568,-97.64947101527649,-43.24445872814096,-19.026558407900158,40.71202655069623,-21.131804021793638,222.1072083205959,-55.46821457338264,82.41022197133074,-5.647358760909638,-9.2983756640791,16.177511066058944,-73.83046797906546,-36.11025873613141,6.969003152335063e-11,3.141074955692602e-09
569,-115.11202791940545,-50.58528841920288,-22.207161242871774,69.40010276537386,-24.813072150061764,114.28435263298785,-65.06137662829902,230.70188318257007,-13.567512954655799,-11.201833796548998,21.459992140903122,-90.0260215762198,-43.27203600768093,4.744151738123037e-10,3.952219884695296e-09
570,-123.680811921433,-45.555454300894006,-20.956001951649895,80.79853405945548,-23.87297484875688,109.37800897988843,-64.08795361442392,98.46875647929264,-0.052499899076100844,-4.855707257868323,133.513086617151,-96.73230759896613,-42.364674687274224,1.573368990648305e-09,6.3990555076998135e-09
571,-120.06435541018811,-39.71736922089484,-18.999097193464536,29.40885165917429,-21.524681928022897,135.62362613634843,-58.94033713082385,43.865902327085436,10.015871563417218,-2.3056299438356676,175.86519856288717,-93.23605042463558,-39.99192893545378,3.1409399525728077e-09,6.364615501297521e-09
572,-122.7901259364492,-43.35018655325791,-20.361105916216303,83.06539041761489,-23.038392667581757,108.88579294623234,-63.62449303557091,97.31736457751606,-4.157106368588059,-5.300648609472208,127.95218891798977,-91.5050187166897,-43.093658991869475,1.2341843103058636e-09,6.353374715217797e-09
573,-123.27291025403227,-29.685968215826993,-25.46323792562434,86.95138264991084,-28.735476965824308,25.469406380689005,-76.64394714812217,332.43600611991224,-23.04571961066952,-11.354779228434353,37.30849214567114,-110.73098412239679,-53.23226377658102,2.3226220946526155e-09,3.9967549270159e-09
574,-120.70691677056111,-47.64905265759843,-22.73801746379475,78.01095178104467,-25.937482871267402,51.3965717859431,-68.20587290048027,293.87130994131286,-6.0683717384719795,-7.737670213960549,21.386382482465937,-97.95380317030587,-47.66802816353971,1.8411583369015716e-09,3.2357370116642414e-09
575,-100.58578021131693,-42.424170320171406,-18.92980586005706,54.79008465546839,-21.742779704135803,206.21992134208585,-56.957553159576676,92.26495539154153,3.5320624773745286,-7.835241717971529,10.474915386928306,-79.60697790294213,-39.19963034753799,9.645191312301904e-10,1.6087469134618004e-09
576,-97.88996979060344,-43.29273905596957,-18.676024169771498,61.19220865126884,-21.190063347771986,181.88244743617733,-55.60482593354181,124.84819792455174,-11.789756382279224,-8.752215546858126,2.4850980944828573,-76.05314353467217,-37.15921432666852,2.851834324246738e-10,1.5613288439908501e-09
577,-115.36241846736235,-50.8193424083061,-22.08038522908118,69.31585693948462,-24.926590006453534,83.56926463881607,-65.27156077269991,284.81554044635885,-17.571960330360316,-11.120826348450878,6.416799602396896,-91.71904986266573,-45.24532817959529,3.95857568946667e-10,2.0060149097389512e-09
578,-124.80562985919458,-46.6928833299564,-21.00333536933973,85.33383044042664,-24.241765058701382,90.81405387791773,-66.14836928691705,144.5916084210952,-3.4589188332503364,-7.253742624203752,117.78051469930604,-98.55672803007597,-46.358634990602965,2.114290964527754e-09,6.3405920514014724e-09
579,-120.69751597483724,-42.27200908697452,-18.488891130683268,37.82414611512089,-21.176449945526386,128.85857349454233,-60.66642329300399,49.33251561026598,4.561351437106546,-3.865285907639337,182.44305342006834,-94.57313884535726,-41.27992583377484,1.1582415027078241e-09,4.743391457395774e-09
580,-123.4062240233631,-45.458304007749504,-20.34956175719258,86.9553572606109,-23.190261043754447,119.74344026725208,-63.921725599358794,93.09055027094567,-5.443663471145401,-6.252281329735392,131.66112417705642,-99.00335203570708,-44.42509864716965,1.2832970242016017e-09,4.797733765826706e-09
581,-114.87792046447449,-27.530757162609994,-26.05438754591197,85.64343578985635,-29.071731019545616,17.777223786552877,-76.86461232091784,331.53870318013924,-16.68579382423576,-10.999790858771245,32.25493432006608,-111.56788313341121,-53.56142070437583,1.1915517461602576e-09,2.4134081400006835e-09
582,-121.0551325683146,-50.51957413421164,-23.29105615390869,77.2648630193229,-26.056784698955376,74.9381063808876,-68.22457540512671,286.8674886220506,-12.968393649552004,-9.766280473545217,17.78445705551865,-98.25645375679466,-46.716664196922224,2.1822756934852805e-09,3.167734963227531e-09
583,-100.34482695999156,-44.16049445715992,-19.389296062282178,70.25883076079548,-21.61412095956669,183.99791722924172,-56.69998509676517,113.07998606775597,-16.459259740483905,-9.820196393650317,18.723186976341573,-78.98449213801615,-38.5872491971263,4.678781806433108e-10,3.2349336542836227e-09
584,-97.59559396822239,-43.64382585059666,-18.940630697412196,66.04841583453107,-21.15610346383713,186.41502722687707,-55.437610635252945,107.04749715028206,-18.22560795770821,-10.001619803009843,13.641998815364174,-70.02986199337826,-38.1220846362562,3.7204017644398846e-10,1.5959429333634034e-09
585,-114.97592510799679,-50.556021937680384,-22.237012282521565,77.52491112670045,-24.827022921627893,86.80946457421692,-65.25474903558258,259.59644179848243,-21.889766685588132,-11.584839596694414,16.078959925233168,-83.77453790549312,-44.909901931974986,2.8052227207808755e-10,1.955516637508481e-09
586,-124.74169346292534,-46.49959938779029,-20.620068549185035,97.54626063571021,-23.913855294967544,84.24129451691238,-66.22415972047192,129.67941271732988,-4.106558112768918,-7.3713796516878904,122.71715894111287,-95.87671638186052,-44.83009619211329,2.114347807946615e-09,6.3411960127268685e-09
587,-120.35413661108575,-39.44050956835819,-17.683370342662812,45.25671110245368,-21.063018564022105,121.51194185901369,-58.758180841522986,60.2623027730549,3.1533001305398223,-2.11460855091407,166.44121395266487,-95.52522612847383,-41.68641914814036,2.0072548068128526e-09,4.81122697237879e-09
588,-122.4870811168113,-44.6278877541379,-19.464264672835974,94.03319664989982,-22.764111560617007,90.38249236814559,-62.29523657631199,115.50814386061664,-8.11395880531666,-5.611761406380015,128.57290271375336,-98.01474490600924,-45.11768872853714,1.5395471564261243e-09,4.783128559893157e-09
589,-110.02208371385633,-13.039260369805815,-25.43415014799886,87.96511578675394,-28.80694239849911,13.308196208927463,-76.55482716336496,331.7573661241895,-27.325829432365705,-13.16376792828726,27.00725852261612,-111.53219243768721,-54.158883004025164,1.7660681805864442e-09,2.363591988796543e-09
590,-120.9504633828903,-47.34551230099232,-22.947975675024924,81.74660949716004,-25.765615668968426,60.20991441425254,-68.2460024868638,289.7430477927364,-8.55775153040003,-10.487980251673198,19.139064335525113,-98.17470662663654,-48.36262808484259,5.995843821438029e-10,1.5693686350459757e-09
591,-100.7279390675159,-41.74009150721075,-18.85107008818304,68.60825297282219,-21.469587629583696,182.56026271780192,-56.721081548867424,100.22120726088292,-2.3064970634051987,-7.936490182003183,18.322789550290683,-80.09197458732453,-39.86778079627121,5.015294846089091e-10,3.149655203316115e-09
592,-98.31974618362479,-42.36241939063512,-18.361288055811478,60.261595128452655,-21.16740024375149,203.82407160353506,-55.65460004547324,90.09235666807385,-11.940216121473561,-9.023473394954289,17.82972759888876,-76.96154614767951,-38.21706138700542,6.612594916077796e-10,3.227013323225947e-09
593,-116.23466575018725,-50.592060093474664,-21.62178380970764,83.74678151144042,-24.919187239812597,102.81676163819179,-65.79290843954314,231.01088135319702,-19.1629049584031,-11.120785394656505,29.693185936065028,-92.77757227209129,-45.04574245037361,1.6872263586265035e-09,3.538256798663042e-09
594,-123.45003762365891,-45.09533218101963,-19.158502439135486,82.31838664892662,-24.209685982241357,121.25444113732499,-66.63057474866696,78.28268386463066,1.321435976660857,-5.2405180247682726,143.61152620696464,-97.88176096663706,-45.12206180612209,3.4723370845313184e-09,6.3413381212740205e-09
595,-120.60117387514323,-39.13676696142548,-18.165125070390044,32.54746265414254,-21.640937381257785,144.89820973751495,-59.62170174242027,11.51411309105579,12.64061412392374,-1.0334515320366546,194.93346102747518,-95.45415531094075,-40.88054869986751,2.0526158550637774e-09,6.335056923489901e-09
596,-124.70733350189245,-43.768691118698484,-20.679904796017002,91.18937067489685,-23.507762272685543,99.42415285215714,-64.06404858532679,86.87054608590252,-0.745138617923346,-4.763828326529782,148.4830106098857,-99.84398113803071,-43.88639179788387,3.37536221195478e-09,6.4068714777931746e-09
597,-143.1271064416377,14.179200661134251,-26.75975419942133,96.46345153909694,-30.316587018573692,5.661787254717922,-80.4609406807926,329.9329104333493,-21.84825560440082,-12.010658332949777,41.181912149953334,-116.7592973333749,-56.13666237868097,1.583146058692364e-09,3.94290822214316e-09
598,-123.38648517578797,-47.57180169726797,-22.82344990907081,90.33953724257994,-26.225243384901425,45.92474343700361,-69.06265371373307,271.91899184726685,10.286793759526743,-5.6930993923618844,25.060363718635497,-100.39991518837884,-48.36778149159095,2.2207018446351867e-09,3.1522642274239843e-09
599,-102.32042483030664,-41.23275637572597,-19.003725438992234,68.11696887538838,-21.93353300801475,179.55745050496895,-57.70771561302965,87.61132938071407,13.392441813164194,-6.051062899220474,19.329148325061585,-82.16574431600895,-37.592376382904256,5.048832463216968e-10,3.184435826142362e-09
600,-99.00891723511899,-41.966993779520095,-18.67585443757272,61.904308162091596,-21.428593850373517,203.23231828127206,-55.92607173356089,90.37015635019492,-4.280335080394208,-7.498466938300059,7.949664399080027,-79.28785148482204,-35.38336262328448,2.646061147970613e-10,3.2046525433315765e-09
601,-117.49260522191418,-50.76475975659564,-22.19258410580875,75.36453368611012,-25.25990263522843,104.66904280929711,-66.25838519815079,239.2103789674249,-14.042983173726448,-10.151274473431101,25.66559959697453,-94.98881500826514,-43.758245455839415,5.397282620833721e-10,3.5648053398062984e-09
602,-123.43878276375867,-45.22093332973237,-19.980663297648334,70.29137797467476,-23.560751081229395,128.321937180347,-63.562275101587176,75.0060795939317,3.101274325748303,-5.043947803299809,144.98565604248188,-98.2612957242961,-42.63767595446497,1.6621015674900264e-09,6.34341290606244e-09
603,-120.89478327014274,-39.944113185804085,-18.685432403605354,32.127701215614536,-21.802697337029535,142.85530603641047,-59.27142313923717,23.79685479096959,9.98908223303799,-2.1742952593630966,188.83140416589225,-93.80038495763434,-41.02721883001705,2.483830030541867e-09,6.336875912893447e-09
604,-123.7216629082692,-42.916857994431126,-21.029177657192903,95.52258680591174,-23.9080428944273,82.71131258364372,-64.90080866709775,109.91006036310336,-3.6515226639958214,-5.131109004497498,138.65016243652332,-97.14300725661768,-44.391933081519575,1.263060767087154e-09,4.767851891074315e-09
605,-116.85485584184347,27.441273476839456,-27.52617493359032,85.76955155448141,-30.57748079014344,-11.481926569394485,-80.46579821381805,329.9975967094898,-24.346734927561588,-11.189367015015355,32.317084133295396,-116.72427465380092,-56.35889288477579,1.7855086298368406e-09,4.029544697914389e-09
606,-123.30980615957088,-49.91369902523936,-23.73731481008263,80.55704383712447,-26.392983728688105,33.64490474474884,-69.31655333282868,315.4061908723346,0.25006619325504015,-6.55530632168534,18.368521872018498,-100.09361813529098,-48.90744596524194,1.2061036613886245e-09,1.5726264734894357e-09
607,-100.28615583119772,-43.10035465455275,-19.321333444257167,70.99001218670124,-21.601693462542542,163.2790367296626,-56.638585827553094,119.30966115664258,3.352040024137973,-7.612893839964667,10.216816904005583,-80.35881322070371,-38.22773668916972,1.3267822396301199e-09,1.5793055752055807e-09
608,-97.73889210983742,-42.982427567762436,-19.016299940536026,66.83518981802618,-21.221120434791953,174.66569666480524,-55.51900887618293,128.54189078783816,-12.055292562816126,-8.607439193729538,2.1485339292577694,-78.28741696124924,-36.76341353038972,-3.426521288929507e-10,1.631903501220222e-09
609,-115.44761749545077,-50.71286923375206,-22.38871696594755,71.09055036940545,-24.847242673365116,71.81111645214695,-65.07243696415469,298.6558052933541,-18.333725931082913,-10.574361250116974,3.0066883063872307,-93.28589884832387,-43.901291032367745,7.57381712901406e-10,2.4092585704238445e-09
610,-124.01666755317497,-46.126665840793585,-20.95370511272719,83.72752124511481,-23.87360150834074,73.64007858494466,-64.79060306187283,154.16035257870755,0.8776723813471574,-5.235994084993128,115.51996146654612,-99.23799883338826,-43.690350210775975,1.7208776625921018e-09,4.8191228785299245e-09
611,-120.45232923196241,-39.723654757073994,-19.474195946590008,45.45403330573604,-21.746769925262026,101.52573658248134,-59.73042586134914,80.74940157115522,9.645614157809263,-1.4572861848301757,159.17210324385601,-92.78188029828435,-41.18034660868341,1.0481926437932998e-09,3.982737695196192e-09
612,-122.300132409137,-41.58361603643512,-21.0664090181579,83.11846317857974,-23.23960119862221,75.69249467364193,-63.412958952786404,152.7521481793045,-6.136645331830463,-4.649087305339724,105.27165535434874,-91.08616084189913,-43.36015023915677,2.106617102981545e-09,4.03306543717008e-09
613,-118.53990156166391,35.5416253607021,-26.790554142955166,77.24209003408872,-29.212427320566395,-7.058479993418871,-76.78386885372608,331.4760992216407,-19.946531747398925,-10.409144831982594,10.293746395798978,-111.92561697169253,-53.88703555029984,1.4813963389315177e-09,1.6396768387494376e-09
614,-120.27826049569471,-47.525990386309815,-24.131061918926843,76.22181689067823,-26.006296052832646,24.486669019343765,-67.53803216207353,334.5251281605923,2.6199446667940123,-6.242754243872769,-3.417888429091896,-95.28155187144424,-47.431723144099465,6.633058546867687e-10,1.5706476119703439e-09
615,-101.17774252877564,-42.43057522743007,-20.15824270657961,65.43784697549138,-21.82832890945423,150.81659861943558,-57.124417714015664,150.9121500982433,2.2004992172498903,-6.795458633783472,-5.590181666598859,-75.3148254018955,-38.94732209844779,8.348024493898265e-10,1.6289263271573873e-09
616,-98.21780417504358,-42.21009198255431,-19.51733381909189,63.417234942372055,-21.325574784569167,174.13877386540386,-55.89289656199894,137.93399131426577,-10.43132683088004,-9.23046770207536,-7.658437316991448,-72.5003686341466,-38.50569829884297,7.323706086026505e-10,8.468745704703906e-10
617,-115.40484950197227,-50.6408871575932,-22.784499007680292,71.08641199012177,-24.968171860696234,77.14579830305837,-65.39294076611746,300.4291377599149,-19.465273293454242,-11.844424947676575,-5.360268771720781,-87.53141721499674,-45.268615513889586,3.9597125578438863e-10,1.2088676726307312e-09
618,-125.4388292142213,-48.339778477823245,-22.064690600646234,85.50599713039841,-24.98763886829356,28.97420466784296,-67.89553618042318,268.7154112302643,-6.356505210868376,-8.212040321634312,65.35104374649703,-98.06578168731485,-47.185856174040424,8.460574463242665e-10,2.4047359659107315e-09
619,-121.73493714056004,-42.15685693792869,-20.52400350962751,49.58235161677367,-23.12042005407765,107.38242405838419,-61.400633103597094,120.12161935880026,1.8609686863096844,-2.7241327162212228,119.6719295872083,-84.24200967765175,-42.71630012080528,1.919261194416322e-09,3.575175711034717e-09
620,-123.80818856950206,-46.18065241992287,-22.944882956706362,60.2060325979279,-24.77667955539194,123.70207629832086,-65.61400955322044,145.2291631529274,-8.477901594599517,-5.478105679268257,100.61625673730065,-86.84112768875613,-45.6319807223354,1.3014869182370603e-09,3.582346863595376e-09
621,-135.75545916983714,-34.963392806516175,-27.11983607474375,76.23250762922491,-29.636616003730943,49.29941562509046,-77.27871744255705,367.3156105362792,-27.6261978565977,-12.333616628392813,3.0481166983159054,-96.78603166609092,-54.3957828192046,9.061409400601406e-10,8.279243957076687e-10
622,-121.22216415989205,-50.14971269664902,-24.091492627571252,68.08135360974265,-26.4132462856842,97.67155723232011,-68.99215321080814,299.81182914313143,-16.04388270005336,-11.552462552439296,-9.453305703721941,-89.11568641933316,-48.530633614309245,-1.362536750093568e-10,7.619433972649858e-10
623,-99.35854095625578,-43.07945847513481,-19.708041307163583,58.55719912307174,-21.607351840578012,208.1739939460983,-56.439025802074404,118.94525647420737,-15.163408178971823,-9.452443048922845,-7.733272969197441,-74.00137806355522,-39.13352888492635,-1.2667555893131066e-10,7.768647947159479e-10
624,-97.08870586799537,-43.41715099455041,-19.257811594101007,62.92621662925205,-21.113732619540592,180.47883828981858,-55.14968147757058,137.9860022209153,-19.857436311260887,-9.78698523544565,-7.556605287094262,-70.34834458791154,-37.814603151510404,-7.602807272633072e-11,8.301910270347435e-10
625,-115.01774168054172,-50.73837559176994,-22.749168679437442,71.98933648531461,-24.922456103244695,73.73245112609237,-65.12844739772567,306.7902194634057,-26.65555767674295,-12.334867177869858,-0.003488427859934045,-89.45970051068913,-45.50220381380855,5.949232217972167e-10,1.1554917023204325e-09
626,-127.27281022181339,-50.07642899810249,-23.562239192356078,84.98350628109124,-26.309337013050445,44.8824171597373,-69.9371575984584,249.1859306317845,-16.62200719332662,-10.53301951608924,89.69216470591091,-95.13141259846827,-49.299606394523536,5.204995545682323e-09,6.413157116469392e-09
627,-123.41890091179836,-44.6041624035097,-21.79464682095249,33.73438309102492,-24.563557936549884,128.9605542645788,-64.29913738795965,106.27785753789325,-4.7212876678759965,-7.096393588845011,152.95374126745926,-85.97049568686589,-45.45795371008223,-2.6834641175810248e-09,4.7800323699220826e-09
628,-126.15032350114055,-48.6892915326822,-23.010624255813294,76.18821603995714,-26.08292946545537,130.36495617984332,-68.33111583522579,118.23112928336701,-12.46661261328198,-7.583987400862144,120.99376002508407,-87.64452745409932,-45.81864942698198,4.4578030156117165e-10,4.8293768983853624e-09
629,-133.61336819628684,-33.3340776236492,-26.97548309127545,77.15197498448322,-29.730988203683776,84.22695096828257,-77.72324564968704,336.3500188447958,-31.036833664034717,-14.094323188094505,9.64007035086639,-106.61925968504933,-54.241435824462904,7.894414011389017e-10,1.5960424093464098e-09
630,-115.39344694945557,-46.39183522246042,-23.931363474297054,77.560000004305,-26.38900350216114,54.72047322201423,-68.85063629305098,337.7685039168912,-28.300856138479627,-12.633894340454411,-2.7972410743999885,-96.87454734926665,-48.48615278221553,-4.3374370761739556e-10,4.168612122157356e-10
631,-98.4346376340638,-41.863558566756225,-19.562878659015798,68.84698293691419,-21.49509736413383,150.07699164231656,-56.14578080304758,165.52880485184713,-21.818144164346812,-9.584573434250183,-2.427251340603518,-73.62664660982125,-39.49421084110314,4.027072009193944e-10,4.4011727595716366e-10
632,-96.80392095849759,-42.161153503280765,-19.171165736742754,66.85636549816839,-21.10957164892004,165.4009005975161,-55.138796216914315,148.23726095636232,-23.24181435972713,-9.784803551625298,-0.47985683461423884,-74.29620695299965,-38.30723727214674,3.2747493605711497e-10,8.259490869022557e-10
633,-114.90802181809961,-50.17355598713611,-22.49384328837325,72.14658032352281,-24.832570347312725,65.45647314907765,-65.22039325512182,306.25711043853613,-28.638347438422578,-12.338985321382353,5.397901754555406,-85.14679070204849,-45.505557490539296,5.671836333931424e-10,1.1677059319481486e-09
634,-124.8127010324445,-48.169332031493894,-21.537546655389466,90.58979377800395,-24.504144753043846,48.557782799964976,-67.09627284513454,202.1224924909602,-11.655314977375456,-10.31122193026827,107.0732135243244,-91.8310118291653,-48.425736496452274,1.6141825653903652e-09,3.2357458934484384e-09
635,-121.9071496928846,-42.87938848790227,-19.36023865829728,32.9934803102253,-22.877885085484177,140.94810858271805,-63.638918233418295,71.6419216551281,2.3314721943887258,-4.34391005507771,156.13649081840003,-84.39242530564124,-44.65155799148711,1.4740635378984734e-09,4.8161226118281775e-09
636,-123.34568896842111,-46.02513165832937,-21.182852092206748,61.7034023645029,-23.997071656013798,156.7693248252912,-64.49999066663511,83.67186976875007,-8.089297128792577,-6.485752316649251,126.78646659190724,-90.23805035903519,-45.06722864919168,1.4615579857490957e-09,4.802584996355108e-09
637,-132.32456780166328,-32.47857308961075,-26.553307369599,82.8734805302362,-29.304690666525016,56.12215942042717,-76.7301501678943,334.29614911098486,-29.859753616154567,-12.647049047451125,29.16832196340817,-108.67790437894371,-53.88411485159781,2.136857801815495e-09,2.3925181835693365e-09
638,-120.98964104518417,-52.30467755667067,-23.523268123380237,86.49036473345208,-26.1484406104341,37.57456260024228,-68.45376954201275,333.17890599832134,-22.935807649519184,-11.441730546061514,14.189813723081944,-97.62865697641654,-48.007654976658515,1.0497274161025416e-09,1.6125198953886866e-09
639,-99.30189016651022,-43.74002401683356,-19.356309586031397,72.73733224114756,-21.518579426891417,163.7098617849277,-56.27609202653072,131.33450385253437,-14.102970954572905,-9.74349302012172,10.39180695588182,-75.35881729176685,-38.77532832365268,5.496190169651527e-10,8.104983351131523e-10
640,-96.95043087602679,-43.44370564769059,-18.891571111898745,65.59836322851102,-21.073807646476347,178.75468022827022,-55.18341285482182,117.99288890543077,-15.886902546766931,-9.606577076586055,5.304088855807056,-69.29521823515948,-37.31839520102311,8.196820999728516e-11,1.6005827774279169e-09
641,-114.7100636182386,-50.21661925978655,-22.2308933906457,75.01583438196184,-24.789073967078885,72.37360546430966,-64.99337197385373,285.47156265887185,-21.59218662604055,-11.204383326069262,11.279335508994823,-90.24057718465373,-44.163168646469174,2.8757085601682775e-10,2.036884438894049e-09
642,-124.333022519781,-46.32793093201548,-21.46433737307782,89.53744779177289,-24.369714569318493,68.44259960702546,-65.21975764501305,151.28412064306207,-1.2402731204238375,-5.7073334209381805,117.9494720427494,-94.68237887760283,-43.86889157557252,1.215710199176101e-09,4.83125006667251e-09
643,-121.26126045853222,-39.76390511589888,-19.32327777889068,36.564093579604986,-22.136112229241174,120.39923520951247,-59.98537869224703,60.290318097469104,9.951159587746254,-1.6655036855742424,167.13400198827796,-89.98366010668542,-40.21971033522228,2.4460860004182905e-09,4.813323073449283e-09
644,-122.84560351156397,-43.73159435897262,-20.10141887852248,36.32000674365539,-23.402336529655482,163.09280784697884,-64.23818514533477,81.92588133601089,-1.8310173899811104,-4.810893619951962,128.2216011172211,-85.60634357601832,-42.992903968394785,3.1845956982579082e-09,4.74663153227084e-09
645,-128.45088467666025,-39.94185118512327,-26.040206669752838,80.5331029270949,-29.13986817846119,59.03619691752002,-77.06299366550483,335.32804862079337,-25.778561489317294,-12.139678584690747,24.73267529678551,-108.23126753622421,-52.844711731553645,1.7254251361009665e-09,2.3523938352809637e-09
646,-120.59456267945912,-49.404533557962246,-22.998908507869405,76.20411901136664,-25.991174679213206,56.02386282464287,-68.3953671057879,309.97855174205034,-14.78046197623143,-9.490264114763349,14.032453793039778,-97.79097319999289,-46.79274151161564,1.4471766007773113e-09,1.576630381805444e-09
647,-101.37120132070753,-44.32447243563012,-19.512478619929116,53.99088043574579,-21.925880898344293,229.23432804270917,-57.613976679714376,84.29267879834653,-7.628894030283719,-8.87808730344662,11.821810580365227,-78.72347141294904,-39.36123513039881,1.2368559509923216e-09,1.5777033013364417e-09
648,-97.97678567381897,-43.96982697702274,-18.85542488308701,47.14679585707179,-21.343468660744136,222.2470693740033,-55.851706092889046,92.18996638820225,-15.142723697686668,-9.848262589285364,3.3871434584730977,-64.55333049525163,-37.42944598540815,-3.3384139896952547e-10,7.513847322115907e-10
649,-115.40581769158075,-51.16132060044882,-22.250491308050044,74.79352145037399,-25.03712714646089,56.031430438909574,-65.46296702531846,306.0910876670816,-22.464538869135772,-11.378037551073042,6.831892926020354,-86.12363222213716,-44.46400004296553,9.487735042057466e-10,1.571820007484348e-09
650,-123.61077674414182,-48.157923260253256,-20.69871229375844,89.2591938466605,-23.755882958698482,69.8802226881957,-64.15515404560816,149.73194012122022,-1.0810068290473722,-6.169317862660696,118.8752880456182,-96.56761864639974,-43.55025200752625,1.2764758139383048e-09,4.825245980555337e-09
651,-120.31331730723733,-41.414607533468306,-18.233286452377214,40.32948586237722,-21.04551630883052,119.83866688913203,-58.75086824893656,66.7162142135113,5.38296243290911,-2.296058985380127,165.6073105956238,-95.19073602862136,-40.630249066113514,3.176410245941952e-09,4.760948968396406e-09
652,-123.97267222738529,-45.08135691860534,-20.784163508361797,78.63916687148928,-23.743609556503007,140.40018664553745,-64.55897371893504,99.10278939185172,-6.686919890635091,-5.504641589367782,111.07219376570005,-94.66471094576904,-44.217288259989196,1.272837835131213e-09,4.030441314029076e-09
653,-85.20614134938212,26.172107150688092,-27.52633561738748,77.62846491685599,-30.683240119989115,-6.642179458067311,-80.92922755426267,328.46072762223747,-30.718639767081275,-13.395198339936423,17.20784980558618,-118.30944039895286,-56.058746849939105,1.3653220776177477e-09,2.379259456120053e-09
654,-116.05625055867638,-40.5855344318654,-23.5876382898156,80.19185767692773,-26.498538378084405,30.407217522678742,-69.37075632360734,335.5337669847105,-21.150097786944794,-9.938297102249356,9.389389458639831,-100.11724892047602,-48.21786981651624,1.3136514098732732e-09,1.5663275121369225e-09
655,-99.87521071502549,-42.51819486956304,-19.412967703697465,73.26060701403738,-21.70299391971284,142.98296566432748,-56.705182896791094,157.8125971715273,-13.367751112618617,-8.05101951409109,8.334918565946692,-80.95989875047124,-39.79786890967383,1.1675638234009966e-10,7.958078640513122e-10
656,-97.58187324584749,-43.03674987122701,-19.13351752545565,70.71749591481922,-21.285047327714253,164.7825844691425,-55.731650264597974,133.4405615071682,-13.162344016308273,-8.770003420549484,7.093039546285837,-78.91074650861874,-38.421749235136765,-1.3574208423960954e-10,1.5665406749576505e-09
657,-115.66956836835882,-49.977935331278694,-22.512267708079914,76.46008069254233,-24.995896355285,63.23711647201322,-65.64569627404273,295.11665298455307,-18.758293521766426,-10.75969438788431,12.419447699025714,-93.79972596124206,-45.11421991443581,5.716742634831462e-10,2.374989094278135e-09
658,-122.95356632386456,-44.891170682305976,-21.008390954948005,90.2777263289909,-24.04285146205475,84.85430446840536,-65.00043345941462,127.2898104278016,-1.0306836428727872,-5.654094556620245,124.84391504577287,-98.58182776071925,-44.10273737444799,9.164295988739468e-10,4.742918946476493e-09
659,-119.38118605867355,-37.70838776429447,-19.053441029626367,43.3028972899349,-21.968054361194838,109.45433966060754,-59.10445301019497,69.82264676853909,5.401310451936768,-2.125403489120709,166.8751511457089,-94.70694273692318,-40.80847680881768,1.957687345566228e-09,4.750582149881666e-09
660,-123.41434604617459,-41.80623883382123,-21.22487957097224,89.97493771059214,-23.765561489092587,69.59559791555732,-64.32275103551044,153.7109231680503,-2.821803177205394,-5.195824530888663,108.74038250586386,-95.16290270167117,-44.30753385104054,3.5546463550417684e-09,4.827443333965675e-09
661,-101.55916249332483,29.878028010643508,-27.54402042217242,77.35116964880083,-30.714422254576906,-16.000318346821835,-80.16693846054152,329.7782315798153,-19.12518664429476,-9.438036855946752,19.962857969650084,-117.20449084483289,-55.21771084082397,1.6238459465967026e-09,2.37571384786861e-09
662,-122.33215709709025,-49.25992664356241,-23.557782505658853,75.17879949809728,-26.502542090862736,44.61669406908022,-69.44013189277163,304.591790369978,3.5024742415446655,-8.42606951580298,16.423428521548686,-98.36157048080749,-46.43300643158255,1.469743438065052e-09,1.627576295959443e-09
663,-99.63467465061218,-42.194465343174734,-19.26271988312236,21.951776069519525,-21.647609128728913,246.90352397048102,-56.68351169649858,67.77593915127976,6.659104350528233,-7.225378852184143,14.119160763312792,-73.63917424393746,-37.12197047763004,2.729052539507393e-10,1.6157137849859282e-09
664,-97.1266584540317,-41.717859399154456,-18.956434746345806,34.728921981754866,-21.20341577173401,239.91148656345473,-55.383936767188466,75.98337739473773,-9.433215775209105,-8.151251320191435,10.44770706144641,-72.50153502060286,-36.597185722412135,3.688569449877832e-10,1.5683454535064811e-09
665,-114.27754035260627,-48.99992143825352,-22.23508571668948,72.27939173824801,-24.84695139074753,83.75705922270029,-65.05202921791518,260.1903242433495,-18.462774678147277,-10.27581298776827,21.420445784517934,-89.75961840768754,-43.73748676623276,4.204707693133969e-10,2.4410589105627878e-09
666,-122.4948303905608,-43.84810978650543,-20.66108246101853,82.53241941231,-24.099081557510075,73.83980831227258,-64.84230000458804,141.07938377906916,0.8046384125477175,-4.007504891766566,123.90569754746245,-99.3362320384751,-42.87280627386682,6.822347131674178e-10,4.815898790866413e-09
667,-118.5162294804536,-36.640740990925,-18.807034746338005,7.764964447301683,-21.72683411487733,185.04750614001733,-59.37115529959081,23.13973353374251,9.13397977932689,-0.3468127485165829,164.75624705186627,-94.47413180940453,-39.95949170590949,1.322291609540116e-09,4.7416293114110886e-09
668,-120.58075957161273,-39.66831646982588,-20.50465124258199,67.97524937219654,-23.086139700872607,149.74229354156617,-62.95968769775451,87.76094034098003,-4.55755590477376,-4.736733490249112,105.5876639175795,-91.69174722388424,-43.28055580921587,3.6109213397139683e-09,4.805357889381412e-09
669,-133.93478378300352,5.446779707169641,-26.466904876154402,77.88979083782034,-29.26312861714582,29.153320995316484,-76.92992524467662,333.0754961961527,-21.101557703642047,-11.218773816143898,16.87677325240988,-110.47772312107092,-53.04936378249977,1.570413132867543e-09,2.43779396669197e-09
670,-120.25994516105732,-49.26434197814113,-23.331962177555855,78.63826290664782,-25.963890121054657,31.005987628199016,-68.2182777909421,331.20609350279574,-8.473817527519756,-8.551072859252601,8.41341259875058,-99.02377286393887,-46.17667611640995,1.8222863218397833e-09,1.5709957779108663e-09
671,-98.74536362135883,-41.35460376571486,-19.182312653049422,69.03753861791756,-21.39088252497491,158.78092736886074,-56.113284495479576,130.32591870476702,-7.3079995157614634,-7.297825421527951,10.106309719988554,-79.35234754919806,-37.50607483473262,8.291749509226065e-10,1.5556302912500541e-09
672,-97.25952316071381,-41.26722850377466,-19.03623561995477,69.82711452023202,-21.251298902758702,166.5019445628343,-55.540141441657894,127.94409602847858,-18.970593536242127,-8.616160857019462,11.614756602899247,-75.7958658425764,-38.15086382780356,-1.1607426131376997e-10,1.602238342002238e-09
673,-114.5020032377427,-48.90066419184963,-22.122572507438395,77.17319574581525,-24.83011140661217,68.94832557716053,-64.96015936897325,283.3112068066362,-27.792795600429468,-10.958719504030315,23.054744915805024,-92.72105890414555,-45.699388296604226,9.670770850789268e-10,2.0329693484200106e-09
674,-123.86818374971797,-47.419914578308,-20.689320811044098,95.84942550924433,-23.96482484934078,52.526503666572324,-64.8893737495898,181.67012867137342,-15.444727317882982,-6.923291942920121,117.28397273287513,-97.35650553261229,-46.77388799663266,1.1048086889786646e-09,3.2173090858123032e-09
675,-120.87284586946855,-42.264357439786316,-19.57943425382792,73.86392199960169,-21.915064725544674,80.88747408030054,-60.20981238501726,87.4223150713126,-4.18615063377858,-4.5331816580129125,164.65677040595907,-89.546897295189,-43.72273724328941,1.5329533198382705e-09,4.799948882805438e-09
676,-123.11992626514412,-44.98474097874832,-20.859709531717446,58.45236592768439,-23.51740117324616,130.80146850211557,-63.772342288716494,108.54223209637578,-14.106859065485454,-5.8330852039372,129.78398775780138,-85.94042829668679,-45.445561421553535,2.429032974760048e-09,4.804283637582785e-09
677,-135.75503347688698,-50.642878872701566,-26.46197358069304,82.14245830313335,-29.13927567992919,68.85738402410828,-77.00443443378295,350.16796747376566,-33.41306903599969,-12.867936451624244,17.934094740473675,-99.46816145495441,-54.34914152125585,1.928412984852912e-09,1.2087539857930096e-09
678,-121.07697762690096,-52.20783752199439,-23.784552733779066,73.72568015234906,-25.906674482812264,72.33183403755122,-68.58148772520175,322.15841740088746,-28.253631299786324,-11.009869818117444,4.85453902879764,-93.71010513336483,-48.539334252184794,9.61392743192846e-10,1.5947847487041145e-09
679,-99.4160252937606,-43.24056250603801,-19.609804031362472,55.247856147286534,-21.596206654556884,224.5206216178259,-56.57652189765729,99.81126756607087,-23.08683377023946,-8.945307043602146,3.106455409729622,-70.41774368314078,-39.79719584144795,1.8633272702572867e-10,8.230500725403544e-10
680,-97.24733625082358,-42.52504506070611,-19.31654614856301,55.47662591107867,-21.247355228464613,207.25502895224474,-55.49872325835981,109.36516926861205,-22.990855406363075,-9.579986850328524,-0.697864330206173,-64.16353175476489,-38.82957982557723,5.491642696142662e-10,7.615028607688146e-10
681,-114.2992737472658,-48.96057048169976,-22.57080685498546,75.5114945666708,-24.75283310477056,53.35382784896171,-64.73641983176871,315.88546818053936,-28.105802108859947,-11.739670448204103,7.494556805974947,-91.40940752868035,-45.67056327154102,1.2788632375304587e-09,1.6390870882787567e-09
682,-122.8293335316839,-44.44272794107395,-21.303289635788442,94.06617692085007,-23.7967632609559,51.72492601527697,-63.2843173257259,179.79202244813814,-9.778630412736852,-6.669408217129479,111.22213213079128,-99.54435546695794,-45.15643167853785,6.72116584610194e-10,3.957039140800589e-09
683,-119.42623702829928,-40.67429691804992,-19.724615396169355,7.955434330463874,-21.85420923743357,172.0624547785765,-59.17681325685543,58.21030757791916,-3.639914550388017,-3.067580753863392,157.05124127478672,-85.5083087863911,-42.20746198385784,2.1698269847547635e-09,4.010939136378511e-09
684,-121.37265080412368,-42.020041733614754,-22.54257255658496,-4.841051152913029,-24.069403370871175,132.5132241514776,-64.32870700593013,195.57754460307686,-7.971962621726753,-6.334827696721896,98.37683295692165,-86.83970457554102,-46.14668014268084,1.6908074940147344e-09,3.9499568060819e-09
685,-134.80522801738022,-52.41705515001891,-26.998105832804733,69.6191048903586,-29.519131182201843,-21.947738039097466,-77.05250309125555,456.0363274964205,-25.563642632123983,-12.286148026427453,5.838651437203035,-96.5735284033506,-54.331003426543404,9.062546268978622e-10,1.2264393944860785e-09
686,-119.8989845758602,-49.4511419483267,-24.092813224830714,74.14730166465267,-26.376350228658794,58.49754832906641,-68.79158175234485,315.698195172431,-17.02180318398547,-9.417857848454553,-2.1987505881583456,-82.99840365989684,-48.09535813129419,2.859223968698643e-10,8.148575147970405e-10
687,-98.35687932260478,-41.12011642345767,-19.723000935604542,19.528716424652245,-21.62375456681513,210.94524551754233,-56.481894401563274,136.82244830941661,-13.169027466656612,-8.933577961958544,-4.820523230155314,-64.31714517369728,-38.75049074841593,5.994138518872205e-10,8.105089932541887e-10
688,-96.20365027273904,-41.82623687201456,-19.29661451017407,-10.554695558651792,-21.156275870725075,255.8823416674625,-55.26081911888916,118.37621590502266,-17.624687264802294,-9.542801463162256,-2.0728483667831665,-62.49430081500349,-38.22562744260697,4.743014869745821e-10,8.03005661964562e-10
689,-114.10123701244478,-50.45975283227471,-22.70162885808311,67.01459165829371,-24.904794905592563,110.67951886707685,-64.94814748962783,255.37565988762378,-27.251640596354438,-11.916776421011374,6.250414408802584,-77.5550604995802,-45.481146188155485,4.1796965888352133e-10,1.2075815902790055e-09
690,-123.59404488812831,-47.75042601586249,-22.93447195968523,85.66464425988029,-25.816219853835037,30.294830769727852,-66.8734390411705,266.02299922642266,-17.88021870085559,-7.5197291789664185,64.89433475260854,-87.35667416725575,-47.15158516579562,4.676508069678675e-10,2.420453171225745e-09
691,-120.49961966617722,-40.90055328463231,-20.55481380970202,9.48693796465834,-24.12947042110062,145.31105466636544,-63.00086177658417,110.15214122656282,-2.1378049318690504,-2.8825122508153402,138.87149990732962,-86.12377564095159,-43.59222193252456,6.515847417176701e-09,3.953347871288315e-09
692,-123.14891855445448,-44.65036573138205,-23.593718675385823,54.69296466571497,-26.28039813959122,135.091674374862,-67.01968371243899,158.42205025469042,-12.098130239777822,-5.747849416837909,87.54707513859417,-87.5752493752749,-45.639450544571865,1.016275064102956e-09,2.37580266571058e-09
693,-124.64888196859324,-41.61317850633908,-27.09486525214619,75.46667229891118,-29.731761776316343,38.69603588397219,-77.22915220957408,379.06578339660865,-32.96476746591624,-13.151835751124223,3.869790398373455,-96.3652220293986,-54.298616994896015,9.263771971745882e-10,1.1532677035575034e-09
694,-120.7296761888296,-52.03073113593282,-24.069447885452654,68.88977201360368,-26.38907709396712,95.49966326458457,-68.74813884705743,303.78946783916797,-29.45457771283307,-12.521841940164528,-3.122441398677749,-82.89842256530885,-48.214548331438095,-4.3377212932682596e-10,8.152412078743509e-10
695,-98.86867024897374,-43.56847665210135,-19.649656143385045,56.49887672288517,-21.543340012557774,195.131028321211,-56.27182590653027,128.23616331175376,-24.79474656245108,-10.606103997978952,-1.4307225443846912,-64.00354429466442,-39.12898198051074,1.220428202941548e-10,7.558966785836674e-10
696,-97.07911445191316,-43.412861389776026,-19.255908514112495,35.21963975317636,-21.11164621760553,196.38739621961423,-55.14423290761929,143.05971399381096,-25.266395775406274,-10.393573202736613,-2.1835545806482073,-62.32025513245229,-38.49920778187763,1.5063505998114124e-10,7.780656119393825e-10
697,-114.74621627866884,-50.58453673556635,-22.674131921345115,71.03909365207636,-25.056925870987328,95.2804175045434,-64.89107381335887,271.1706083184995,-29.08800432747354,-11.785406392710547,4.105098622274876,-77.54363717896857,-45.22528556123583,-3.041122909053229e-11,1.207588695706363e-09
698,-124.44169942252212,-48.58613426629003,-22.96226902964684,89.18730191808768,-26.092160315500713,60.47848597309343,-66.41921039554661,204.8873561863401,-15.988899681608611,-7.70120830185806,93.43798146038158,-88.67164744858458,-47.12789663404027,1.4473116038971057e-09,2.3926460812617734e-09
699,-121.66345252415125,-43.58483287591116,-21.644893935308975,54.98631019954984,-24.203894173918414,106.1085725943257,-63.54404726997895,101.04485771430643,-1.9665349887330834,-4.750690843522233,149.2738392121919,-85.25169846900823,-44.803534593159846,6.359869075822644e-09,3.990938246545284e-09
700,-123.14261549958212,-45.029574316328514,-22.619970494443187,62.61480926438846,-24.59404126512162,173.37794904791042,-67.22962465565774,98.84827060863485,-12.76456812495123,-7.233423888194503,101.23767338707134,-86.74015733127591,-46.72472668076969,-3.977788765041623e-09,4.030864531046063e-09
701,-124.42403681148531,-39.418123014459354,-27.086159885706326,76.48387543863561,-29.637092195631165,33.00572037560652,-77.56767241616302,379.8193475466098,-34.21474566776631,-13.633893322596222,8.261297288558444,-96.81645213845641,-54.7720651735346,1.2682903616223484e-09,1.5674146425226354e-09
702,-120.76089970826679,-51.542141540263984,-24.046201355102564,69.27386261153067,-26.34118702448964,74.6873498343957,-68.85276467465032,324.8902923933597,-29.16817503750271,-12.028979358521445,4.543114466162351,-92.1209214989615,-48.53334909002645,7.343601282627787e-10,8.148504093696829e-10
703,-100.1414341103444,-43.15927367784558,-19.909467138780954,69.89439701605482,-21.9230670692544,156.9192510217175,-57.26369163304437,160.77646748463366,-21.58779628597546,-9.693129284457385,3.4819457176025557,-77.38099777467266,-40.01320424838024,1.1084466677857563e-10,7.777032351441449e-10
704,-98.56792922432193,-42.480560058028594,-19.51852904017056,70.32917942527006,-21.55260751790169,162.5466799629371,-56.296050950332045,150.13186581673875,-20.004380406652608,-9.879315571388227,1.397810226338822,-77.12700441210853,-38.9791582313057,3.51604967363528e-10,7.914735533631756e-10
705,-116.6410336794944,-49.425334322222824,-22.772550565363552,73.37675564565701,-25.226683943628192,67.16921520102332,-66.07028155515847,305.15732922824833,-22.884876582905623,-11.021446924481245,8.393840598899041,-94.3366530996708,-45.718279974958186,1.2448708730516955e-11,1.5826628896320472e-09
706,-123.38394791711944,-45.45867788786745,-21.587784334310832,90.38565737559851,-24.06275192186018,82.33969776829167,-64.60666712309654,143.77920515649333,-3.7804657791845564,-5.241981577741003,111.61211258004793,-95.47183100205177,-44.52256528427598,1.7153070075437427e-09,3.945066939792241e-09
707,-118.7749978861094,-37.37806154455502,-19.368577908311384,9.624267411906292,-23.29133228906271,143.54679303872277,-61.12732071456648,71.62353429229167,4.310896982007573,-1.5232147274249774,157.5105678615224,-82.68756973772452,-42.464984726204584,4.0245140553452075e-10,3.960950678560948e-09
708,-122.32265088859204,-37.2670159412208,-21.893242014800247,-2.290807538292304,-24.393116072532674,125.28803512020176,-64.76492266887266,185.49163798444704,-4.46061470474054,-3.5164012221579273,100.98276465874682,-86.34713795504256,-44.50652869878738,2.666183718247339e-09,3.97791755091248e-09
709,-142.75420044905022,-55.3776253673319,-28.51934029602359,66.26079962075637,-31.023667201698718,46.54701160581617,-81.20164018462935,407.2429334418347,-20.24732210233638,-9.387607273109616,7.222329601800829,-102.56598635749317,-56.19568500794691,1.068542587745469e-09,1.599531174178992e-09
710,-122.51486085106708,-51.00618466579444,-24.468637258038438,61.63351591399347,-26.790515485657796,124.93444888034139,-69.85190321416295,261.1715857303735,-14.210168821975731,-10.76865379177855,4.008857088091614,-84.60507744807838,-47.53240605286637,2.0753532226081006e-10,1.5661285601709096e-09
711,-99.8420393122287,-42.48285368716363,-19.914150229688943,-6.108221870634008,-21.83332543748967,226.79163863922204,-56.941218084409556,145.37531641272972,-19.534202574268562,-9.169226038117237,7.554109308810799,-65.1343231022608,-38.761504005089265,1.1675638234009966e-10,1.5929515484458534e-09
712,-98.2050789977,-42.32241750678939,-19.410616886533855,-11.327115040248668,-21.421726720182036,227.13648033220738,-55.95418747271703,143.97403940473936,-22.52123182435782,-9.445600226506068,11.118090931400458,-63.5293738308494,-38.09126214073075,-3.765876499528531e-10,1.6384369416755362e-09
713,-115.61102365989038,-50.44387976403187,-22.675334231395073,67.70827668652994,-25.119722886801895,113.44470757828853,-65.43329300152192,247.3130330963767,-24.793241067583573,-11.016050224369947,9.771511652329906,-78.51313581328961,-44.63184834289798,5.490505827765446e-10,1.1985861192442826e-09
714,-122.46399200634596,-46.01755522791386,-22.306675502712096,77.4484750563948,-24.06643960547077,100.27013360037246,-63.724072423532014,169.17940638922073,-9.535542576460298,-5.235552343351989,81.15258182848865,-91.58704299116818,-43.113724154306475,1.2569216778501868e-09,3.1656419707815076e-09
715,-118.10205539529234,-39.292932384468244,-20.685107805770468,12.18751301234375,-22.7200491180851,172.64354479729107,-58.8984556707308,87.89257774939648,7.007298433583847,-2.062306459235376,108.44039616391775,-86.708144847262,-39.702278427064776,4.398543751449324e-10,3.95496213556612e-09
716,-121.83996334909028,-39.14409469090556,-22.196136408415875,14.991573672429475,-24.951670554151207,178.77111738121945,-64.38095863199887,139.2675961469364,-5.812631454991352,-3.91332745353265,79.51276247119553,-86.12744968930453,-44.17681738772609,1.6517560652573593e-09,2.439701773937486e-09
717,-141.98556197417292,-55.199945436378805,-28.284677674463236,73.69541672746014,-31.17066409250394,23.308555531495855,-81.08766567616783,443.9695955343054,-31.786350973227187,-12.53743835713214,0.6962525132551974,-102.3779272342902,-57.239588862432306,7.183302841440309e-10,1.168785956906504e-09
718,-121.30902260690468,-50.487063484591964,-24.31273348079047,64.24006960720543,-26.65581028459447,102.27482325165903,-69.54462324034071,302.1201629865641,-25.140266638091266,-11.344052307142162,-6.926616124345766,-83.93854173543205,-48.97632592691227,-1.2019540918117855e-10,3.8968295257291174e-10
719,-99.75878950592406,-41.87066415524736,-19.8196340621754,-15.491795972272074,-21.823298256945783,212.15923652397868,-57.00310179901458,185.77091916116441,-22.28739428554635,-9.589905263517595,-5.418581069497939,-65.09521035266,-39.77178094583024,-3.254285729781259e-10,8.374243520847813e-10
720,-97.83605600861583,-42.11323790816536,-19.251025713768552,-11.35046843303228,-21.34723743183928,245.85435107236367,-55.759619036737725,144.98604459750942,-24.681647775620927,-10.260769777704414,-5.77884864257708,-63.23891883548499,-39.222566093843845,-1.454338871553773e-10,4.0545700130678597e-10
721,-115.89335615862552,-50.97004812710632,-23.03690038951575,71.30884031728291,-25.40766179768121,110.69758073803075,-65.83500031288682,267.1182923468164,-29.148126933015266,-11.80700753125636,-2.160119718867243,-78.8829161742519,-45.98357623931045,-3.2804337024572305e-10,1.2264038673492905e-09
722,-125.53797865071978,-47.57283458481577,-25.23115815474077,80.09737052240733,-27.976794848375388,51.45276768742755,-69.21038179205601,232.24099124218662,-9.530773601313008,-6.012634551174562,82.83964564393992,-88.97877597524221,-46.579442896766395,1.3433378853733302e-09,2.414434874253857e-09
723,-123.12936722688124,-41.85189808660084,-23.77629695518179,4.267029622833628,-27.116852556152452,72.51128700783117,-67.52569957930966,192.13444604077543,5.310989014707093,-2.2139524646302515,142.82885696884853,-87.55338567178553,-43.88515607158835,4.773497153109929e-10,4.024267141744531e-09
724,-125.74941487315971,-44.71246673950242,-24.2749177922919,46.519893769663035,-26.651157652619553,112.68562635226544,-70.50980594451141,196.58348295012854,-9.892270521571021,-5.44344403612433,87.7766390363055,-88.9169582164272,-47.41520628998016,-1.495976675869315e-10,2.3668356163852877e-09
725,-117.76055378461139,-7.923887825842652,-27.227313340585166,74.49031551413975,-29.886574554529005,38.17708254074988,-77.92293811677922,346.03364214067176,-31.01624258027423,-12.870499643808763,1.1214196814395088,-100.34546536145797,-54.868984648807434,6.781419870094396e-10,1.2199947718727344e-09
726,-122.68285956293266,-51.15555323561815,-24.495596374408155,74.41910942362577,-26.85629420730306,53.3661866893046,-70.14940060701677,342.9432541227332,-26.605427910362124,-11.663485938375949,-0.16161577966590682,-88.3918350723805,-48.56648152792271,4.008882115158485e-10,1.564394835895655e-09
727,-99.63775725578459,-41.27639817368157,-19.947983023967137,66.54732735469852,-21.870417980865913,182.01976749679858,-57.12617420486799,133.22361239686325,-20.35989674460585,-9.456110310524515,0.8648139243186731,-73.68268332334532,-39.29810013494266,4.1234216041630134e-10,8.444658305961639e-10
728,-97.21686845460674,-40.16844479192831,-19.49530803372435,67.24730640597089,-21.374117857868843,189.25218355423291,-55.716136225767414,126.76399610589375,-22.861229381394804,-10.014219544096216,0.022424733970121513,-77.6892447745137,-38.75034171875594,1.284377049159957e-09,7.780300848025945e-10
729,-115.44003087405349,-48.08960111896111,-22.88986184793986,72.31126662963145,-25.12974736709212,85.13938163749066,-65.36718968785999,289.9982586323094,-24.882662973346296,-11.549662713474929,6.61881183000377,-94.62449295897001,-46.09446916193537,1.3415899502433604e-09,1.5622134696968715e-09
730,-123.0155125832421,-41.354365817561025,-22.142220500486868,85.91981880187933,-24.596634420539463,75.1768927008352,-65.13439849347908,162.00694771709058,1.0401314649193352,-4.715704536771751,94.8221100798074,-92.2935332823305,-45.713531079349806,1.0825260687852278e-09,2.421172595745702e-09
731,-119.7435463479513,-35.113240183784775,-20.347441911716427,6.286450563978171,-22.23158260752933,124.52428106908069,-61.30631895586444,102.90044816121177,14.572222673287513,-0.3440309491856445,137.6991498462668,-85.22081997959901,-41.6755713296169,1.2666987458942458e-09,3.9637368942635476e-09
732,-123.17180155871512,-40.241093120614714,-23.397590977606765,-6.03260012088834,-24.307057600859657,181.6536723682181,-65.65703153283545,156.16512970134835,1.7029118347090697,-3.6039662357353546,80.23741758741537,-87.41691310420774,-45.93107719530631,4.425828592502512e-10,3.987050689602256e-09
733,-136.27577792296387,-52.7092753690402,-27.258477058803344,67.48171740597154,-29.712482706919914,81.28610776249508,-77.59519412504766,356.24498655224187,-24.136696674430333,-10.753377555805686,4.715912142952115,-96.92331029952763,-54.36413212458642,1.653006620472297e-10,1.5962200450303499e-09
734,-122.60435462512399,-50.06828877337794,-24.428413508785802,69.84104082314903,-26.874234704900616,91.63574766188603,-70.19630006862182,295.7298952973824,-16.948559340542154,-10.875995978104358,2.7243572971962697,-89.47376423672367,-48.46112982184768,3.2366642699344084e-10,1.553978279389412e-09
735,-100.07115004209977,-42.40795972949067,-19.931708677680973,68.87655992939686,-21.852575868810458,186.72538899290322,-57.07958002589808,125.8793330118493,-15.032528937449115,-9.060696734395579,3.6912741682020695,-80.58787857117343,-39.148477494427375,5.138645065017045e-10,1.6422596615939256e-09
736,-97.78703999046273,-41.396951642666174,-19.38523057125161,67.78500662519407,-21.34931918421901,201.74393366128237,-55.765062885906744,107.64305815771952,-18.72417077683675,-9.189059218483933,3.1208594800473874,-78.15794951853648,-38.53807411665986,-3.2235902835964225e-10,1.5532926056494034e-09
737,-115.9699441828838,-48.400669476817896,-22.74873407175093,74.44861304098983,-25.06081506253751,102.42567653361569,-65.58758085444597,254.85444020002714,-19.316476719961724,-10.227131069352751,14.996067024809475,-94.34403288077996,-45.069412452900124,7.576090865768492e-10,2.3514914460065484e-09
738,-123.64928424750717,-41.88313162382774,-21.266126007291245,80.60600616955567,-23.963804863623817,114.75288873694916,-64.46867432512701,88.45354587612832,7.526394212407941,-2.802227634848704,126.95839988500677,-96.68119431587377,-43.58279180096454,1.955640982487239e-09,4.734136638262498e-09
739,-120.42089306247884,-37.01218137489776,-19.179495242151578,11.75185788984114,-21.77994216687781,150.734342927415,-60.475119208340466,45.73084824336101,13.053087585245354,0.0764444956999233,165.81296683966949,-88.05734197239791,-40.234574899917426,1.2954615158378147e-09,4.8145913922326145e-09
740,-124.00020422365905,-41.44641135710423,-22.175935569251227,-1.1597411614799413,-24.620522595282498,169.51867792591855,-66.4004014579092,138.42876822347904,-2.498144115746168,-3.8788415148065254,110.2633195634248,-87.72650580413446,-44.30405785632499,1.1525571608217433e-09,4.735765557484228e-09
741,-135.47319784329397,-52.59817624831014,-27.098679238491496,80.98395401268148,-29.846099306855027,44.107113576339295,-77.74065198145301,368.98101875326523,-25.627113048462974,-11.06406656198758,19.894653336540223,-100.85052169838978,-53.66823372420464,5.239826350589283e-10,1.9824639707621827e-09
742,-123.10341137025708,-51.73759021377666,-24.354430275541194,78.69182952860993,-26.881925178005837,85.5699639661424,-70.09824589798541,285.81682446927204,-17.2163483189517,-9.730307810734699,13.262705378123892,-91.66064221855511,-48.55842203571036,1.2067857824149542e-10,1.5640111428183445e-09
743,-100.8652381328082,-43.54850136895236,-19.857198479534016,66.42887258921678,-21.935004290630353,203.6842011722689,-57.2948772133992,99.06234411253807,-14.138295223593317,-9.465313748669233,8.336577605457679,-70.79629902227121,-39.61126797884947,-3.2179059417103417e-10,1.5968169009283883e-09
744,-98.48013630496881,-44.039380732430445,-19.374432204643472,68.21714236359061,-21.416318158001975,211.8995940579781,-55.940057456006855,103.30931926240278,-20.915059241200773,-10.279158349189608,2.1748158007615923,-76.29861301873848,-38.857716001913516,-4.1040948417503387e-11,7.747047447992372e-10
745,-116.72470428672749,-51.15501473274872,-22.823886605888607,73.72034783459078,-25.325365161026074,109.77905789744818,-66.11121493775663,261.89248944876323,-26.878046210481585,-11.764439955007285,14.178175646029173,-92.686752444861,-46.10064647275958,5.128981683810707e-10,1.2357688206066086e-09
746,-124.70969743226156,-46.047964055268125,-22.008821957195302,91.77774844658565,-26.266973915246357,112.38424948851929,-67.4862319560138,116.15147136087096,-7.816368869575545,-5.79469088547244,123.57320227161497,-97.20834275571227,-46.54757968676063,3.4544882510090247e-09,4.75092587493009e-09
747,-121.79185412102466,-40.83328464037232,-20.47904860699298,12.225950253296553,-23.859590795242656,153.05935314208966,-63.18300520918483,63.26323004783438,4.276960805205775,-1.8430924282566572,167.54032811807159,-85.64676681552864,-42.7291796995701,6.889422365929931e-10,3.996316166876568e-09
748,-123.9879330917351,-45.38173407163915,-22.62694801333742,54.35021400531076,-24.359602041137133,136.0412799851922,-65.27949084561479,119.40253623676968,-7.664160299499453,-5.703596483628078,117.17226809454776,-87.05118002890507,-44.911653396114076,-3.194372766301967e-09,3.953816829493917e-09
749,-134.61977394449497,-29.28658859170612,-27.067830135089,77.27936478513699,-29.658354482775334,82.68545693060535,-77.74037827749257,332.6077759542964,-32.086892703377934,-13.259717807466592,15.678607793134962,-110.57783307692854,-53.95383642007051,7.583480510220397e-10,1.171883923234418e-09
750,-122.91534058911358,-49.58522198891715,-24.51338318706733,74.46174641651946,-26.875795131453362,71.00865854342709,-70.10538974605585,330.29635102719124,-26.677614136777432,-10.126999792413434,2.1408389357156246,-97.93110741279379,-49.17674292147096,-1.2278178473934531e-11,7.673435220567626e-10
751,-100.08352180274125,-41.57080484023363,-19.905009563863903,61.73633045747789,-21.823302948861265,207.53641306283907,-57.00310655553843,105.59744955305747,-19.945588511918054,-8.51377605802514,0.5476416265292714,-66.47545952435155,-40.09726487626501,-3.254285729781259e-10,8.374314575121389e-10
752,-98.1433059894496,-42.221025628345735,-19.46698971176312,60.55418892423006,-21.34307026079326,206.13374080626755,-55.748727574763755,105.78066260189846,-20.256668611025464,-9.629655419769819,-2.210438303827013,-64.613613216121,-38.83509760177188,2.580691216280684e-10,7.99801114226284e-10
753,-116.30101274962188,-50.588490580937176,-22.890456607551787,71.07823497425866,-25.108689600569285,106.23574753625539,-65.74182930207067,276.35276123818437,-27.11582175487127,-11.755839891568014,4.495103658797937,-92.335673982548,-46.32403291951813,6.348841452563647e-10,1.6178631767616025e-09
754,-124.22240330607542,-46.67019482633106,-21.70652097527329,87.01995638147784,-24.09584746062004,117.94789936625362,-65.47115349166997,128.67060179097462,-6.817614556139173,-5.689196620583053,104.72893017877345,-98.28088422224022,-45.413572208379,1.3812950783176348e-09,3.9699212805999196e-09
755,-121.0950850852808,-40.25448268366804,-19.46900248253409,15.265846533485986,-22.537498609157062,168.48586067219827,-60.8656195298345,50.78572443295734,2.5246810999940585,-1.9427476477799257,159.83896972728635,-88.94842888943055,-41.78821748807791,1.427679308108054e-09,3.982931318091687e-09
756,-122.61085123887639,-42.336489492622825,-22.562478147182635,-2.9637754306892203,-24.379931494981907,159.66572267855523,-64.71344273767119,162.46798771906398,-9.383279842016687,-5.644609056835734,104.12797867106073,-86.37400169907237,-45.292829876786705,8.458300726488233e-10,3.982838947536038e-09
757,-136.8749824259992,-53.21765121766469,-27.2006602038298,68.05706384183677,-29.718023572488455,23.04869981845841,-77.75242527183718,420.3318143740831,-28.817872113378353,-12.703709786867385,6.0948089307203785,-97.24554301560364,-54.00151932918714,7.499920684495009e-10,1.6233627775363857e-09
758,-122.81053156245717,-50.96993876337693,-24.47961832429394,68.85407798578746,-26.83877871228112,99.69342163968504,-69.98486129623255,285.5493978944274,-19.586770084111908,-10.89920046459145,4.770263703470864,-84.64195778694824,-48.65550420947937,2.8421709430404007e-13,1.5689209931224468e-09
759,-97.96605392325304,-41.60588527061342,-19.46940393148002,25.77050044250945,-21.34571766582139,237.25251783910363,-55.666478709238994,88.43233379703386,-16.165710297291692,-9.330415458857894,11.220616255942234,-63.232995104573405,-37.893307951654585,3.5149128052580636e-10,1.5666330455132993e-09
760,-95.05784845590891,-40.78911934904822,-18.973284635568138,23.376005744814382,-20.801786066426338,252.04422005474785,-54.33488383290464,76.2200647183273,-20.685649767887885,-9.710767505895745,7.827963824914922,-61.92213631718951,-37.1927783935836,4.1598013922339305e-10,1.6164882765679067e-09
761,-112.93334242298145,-48.65275485050096,-22.300808677658534,70.36046925246359,-24.617271230052424,143.30442137241408,-64.3906169923917,204.35217626225875,-26.073982600700422,-11.240528003765384,13.050000048174372,-76.36858077991299,-44.48918135788517,4.355911187303718e-10,1.9816681628981314e-09
762,-122.93163768989052,-46.70757247897969,-21.257784422374833,0.9449466768471642,-24.72332608593616,131.88301239083498,-66.62997711939717,178.88868669218826,-4.509390103870669,-7.449639528170839,110.60467558273973,-83.93948255529828,-44.17251130871885,5.220357479629456e-11,3.1665834399063897e-09
763,-119.24659805885217,-39.03586893320716,-19.845701325156636,3.573413396232664,-22.6804538714033,71.92647011447845,-61.45717777318994,161.63444507389448,2.6532424676786905,-5.2721990092643285,151.229514144184,-82.00887683784185,-41.470209334408615,2.243098151666345e-09,4.780323692443744e-09
764,-120.28759359995964,-39.64822796943805,-21.97821306151906,35.026943603354574,-24.13516474780576,195.77189502260782,-65.51111814750007,92.36149109916998,-4.897414620849286,-6.08127266999241,89.57782227276935,-86.22942058477695,-43.96972654649418,-5.485730980581138e-09,3.99808719464545e-09
765,-137.8788014383426,-45.0442842296679,-28.452840387435476,76.67135554094043,-31.017869287135685,96.5886949818439,-81.09081305412754,344.18562592782104,-26.454822547962205,-12.790465222947217,5.780858745173969,-104.31968375067186,-56.176955250786605,1.5509726836171467e-09,1.1488481277410756e-09
766,-119.9631345172054,-51.21789728084463,-23.962881097699935,69.38418090853197,-26.272240727862094,146.2904920248713,-68.62385170937267,239.9824204127222,-25.264545503908625,-11.736287203935477,0.4812589158278499,-82.44285973013471,-46.6546544727729,-2.7472424335428514e-10,1.599296695076191e-09
767,-96.43020864448663,-41.99033986561418,-19.221986751457084,42.44404853515095,-21.07445563168457,265.2072022070942,-55.04709481504708,66.7958266850624,-21.03924042401681,-9.74766434489333,-0.9594697794185316,-71.73123809476432,-37.20537905873527,3.2798652682686225e-11,1.6141967762450804e-09
768,-94.78310440965738,-39.88178976037917,-18.890613881098105,49.59829666823019,-20.71114809332368,253.09430311654936,-54.09813459058047,70.39469249550002,-21.688517961252497,-9.431181879163384,-2.196833870741397,-74.09034836372065,-37.315619453225715,4.955040822096635e-10,8.178204780051601e-10
769,-112.59641032817505,-47.43307319866362,-22.3419930837848,70.58012994346045,-24.56159660477036,143.37301571769376,-63.99797011082064,218.7773487414502,-19.879684789978803,-10.478924341789208,2.1466692484186045,-89.90034226043996,-43.68716890995381,5.534275260288268e-10,1.1558114465515246e-09
770,-120.09405431151391,-41.64028890428013,-21.128723856920764,75.79272994234816,-24.515539700060046,127.28586170100088,-64.20250772818126,113.68600335172854,8.638982743467604,-2.8262340377713877,84.97951301330976,-94.04457038829115,-41.93117177641218,4.981757228961214e-10,3.9907668281102815e-09
771,-116.78909062517127,-36.06836878646392,-19.77095991885568,-7.398326877295732,-22.980505333352692,186.7869381414307,-60.04166249652269,45.166286089011045,13.206712677596144,-0.7479487520830056,141.11253914543155,-83.48543098881231,-38.99018222592119,7.144080882426351e-10,4.0246828092449505e-09
772,-119.99839995400907,-38.030477296794345,-22.699234626963047,-10.59899688018848,-24.88647310760279,128.00611501908406,-63.78361087267285,192.51010713824323,-1.7535663190207222,-3.3647686067808644,93.17884133485242,-84.88992994353111,-43.68960583957176,1.608327693247702e-09,3.5551295241020853e-09
773,-142.48349383686488,-55.4366990188191,-28.443635080733685,64.21356766918927,-31.056398929876462,34.05427773437627,-81.42828758599896,442.3390688710056,-27.87335740329875,-11.895496431294584,-2.85856650122403,-102.31731931353723,-56.81366014875308,9.40929112402955e-10,1.217117073792906e-09
774,-119.70414168195256,-49.83928148891745,-23.975036311645738,63.38877294163679,-26.285569560333382,113.11981452508662,-68.65870676779979,283.86317536601484,-22.098297875966356,-10.71393809024042,-8.305816191896731,-82.49490414626378,-48.296070701738664,1.7899992599268444e-10,5.5990767577895895e-12
775,-100.04217800307794,-42.42820660457414,-19.96975168707696,16.422005032779577,-21.8942854526821,209.66539275734004,-57.18853168593195,153.31193205631251,-17.773591724721026,-9.839741178265966,-5.406961637893488,-65.37202614223555,-39.48405571383862,-4.114895091333892e-10,7.587317440993502e-10
776,-97.88270609416094,-42.147407972412665,-19.505700761366857,55.30146398326874,-21.385512569809883,214.80931866728145,-55.85959763371801,105.95440860988333,-20.244693029407,-9.870001255639997,-6.955170178926524,-63.37364809990855,-38.84075364914905,2.3521806724602357e-10,7.602736218359496e-10
777,-116.09007371271274,-49.5655482532057,-22.93729808330178,70.57065386282618,-25.12800569641454,107.43817164207172,-65.75332652709952,269.33470667187686,-25.067526299874363,-11.214454122380587,-0.9262284571399273,-84.62888046714932,-46.03219053615505,6.299387678154744e-10,1.213500411267887e-09
778,-123.63928190162694,-41.91528056370151,-21.69068460240383,84.54195370966552,-23.87487629771086,99.18905827269161,-64.0351094106824,133.27795356054062,2.591837902181512,-3.0426016095114776,96.25015415371399,-93.07569883275714,-44.57742433356101,4.780531526193954e-10,3.628073841355217e-09
779,-119.69105037282807,-33.93866514046252,-19.883160376294367,8.0614658320986,-22.143406281846495,156.02143053390532,-60.39642273652202,53.03158381436089,15.843315768840133,0.33602085587962915,152.12775566630165,-87.985361199947,-41.38350631166698,2.111391950165853e-09,3.9963081732707906e-09
780,-122.31031531747634,-35.280637768186764,-22.19251144457004,-6.4266998287911115,-23.85716271812945,137.77848441579562,-65.98874882661129,170.0364571252696,0.6897143695800434,-2.7641919339234016,102.57434712121429,-87.20239810242654,-45.05633704160499,7.285052561201155e-10,3.999868880555368e-09
781,-135.56552435734517,-49.29290917005583,-27.084101859682693,65.97950025374176,-29.810033067556052,49.355937708661074,-78.13974079428716,389.4387045353288,-23.39081048522587,-9.18749548806112,-0.22211261676450458,-97.19346545079088,-54.88794918145319,2.409592525509652e-10,1.6406644931521441e-09
782,-121.70390691695688,-49.72792333263776,-24.51895249467542,63.54712976956672,-26.881904614550795,94.89868264566744,-70.21635680219383,308.48875986321383,-20.569262979273347,-11.57800084270117,-7.854067012232894,-84.8201925646159,-49.06400470425082,1.2067857824149542e-10,7.668674584238033e-10
783,-99.77519727118788,-42.6885622067799,-19.974620048472033,-20.816940812322347,-21.899624455281568,210.4833969550417,-57.20250259657656,192.5733150740178,-18.449459693082673,-10.486542698982067,-6.610627512940661,-65.39289008101221,-39.75974463925204,-3.227569322916679e-10,7.538361046499631e-10
784,-97.67394188320223,-41.43998948651917,-19.481996688200358,-21.07767317316537,-21.35951837578155,193.84765299860533,-55.79160122473655,204.48515644562363,-22.397349006451673,-10.226598859604003,-6.498543476313741,-63.28775420422376,-39.0978430534555,4.835669642488938e-10,7.556266723440785e-10
785,-115.72436276766864,-48.58654706925122,-22.871220797184083,45.20729924829027,-25.1160080680769,114.13567448098223,-65.83273916727735,276.45110767777044,-21.710995204189437,-11.054435308259299,-0.4409789527918526,-78.9594032229268,-45.49739082878473,8.702727427589707e-10,1.5839347611290577e-09
786,-123.67586360070625,-42.20967370127185,-22.704936136454343,1.3918104160473281,-25.57756191032595,107.88671052782269,-66.6221012011671,204.04766242784663,9.513864825026648,-2.610594005671991,92.4223736977084,-87.8248223421462,-44.036868940838595,2.035562829405535e-09,3.95259291963157e-09
787,-120.2583414267078,-36.58897804017636,-21.11297967528281,1.9777158492869957,-23.712568175565742,154.15941748883287,-62.444069232965425,71.17813882580677,15.676936216640371,1.300358757907494,145.9759955880585,-85.78413700543832,-40.36748911519882,1.774424163158983e-09,3.969127249092708e-09
788,-122.4593258252388,-40.028780023908354,-22.56906678345882,-5.41957224847792,-24.865033525367117,146.5967185785228,-65.50682542821231,174.04748663526775,-1.5383118595130911,-3.375333230088218,96.78169038013115,-87.00411908727796,-44.65952753175314,6.949676389922388e-10,4.030651368225335e-09
789,-136.33185066786055,-52.2568811456363,-27.171012945572706,65.06636818946701,-29.779188042118335,73.96068565184936,-78.01865059203536,373.9904359096196,-27.305085391985624,-10.577252451117964,-0.10760352562188574,-97.20031715495045,-54.2696478091503,2.6693669497035444e-10,1.5702852351751062e-09
790,-121.93089139079868,-49.32641239077508,-24.51194542708067,62.262754060112655,-26.87422209731149,157.84143357882164,-70.0313386944675,238.27330195183453,-18.049483044386843,-8.297167575729178,-5.628641743823024,-84.79023205848469,-48.93715514712314,3.2366642699344084e-10,7.568345949948707e-10
791,-99.50161825144939,-40.35166533661754,-20.006879991259904,47.402386573443195,-21.9349922386172,239.67456234975987,-57.14863429092902,83.28582813831316,-11.026874723362203,-8.552052767933885,-4.049804001152799,-68.0227977922292,-39.76745764878434,-3.21847437589895e-10,7.996732165338472e-10
792,-97.31560305608659,-41.9728908501033,-19.507549846993346,59.851973255785225,-21.387540454731607,237.17808873516935,-55.86490476116098,84.76226231789701,-19.01725571450414,-9.526833419727986,-2.963211982074355,-75.47448249721572,-38.76205171051505,4.90615548187634e-10,7.705480697950406e-10
793,-115.79404044552425,-48.50198767078221,-22.887072316385225,70.6616790000177,-25.081318385866176,124.94204653368809,-65.68462968131809,251.4603425299341,-22.66607227501748,-10.449625918289755,0.670434577955328,-91.2628208097799,-45.40693511471175,9.830500857788138e-10,1.5491963267777464e-09
794,-123.04453182708251,-41.43506412923219,-21.6310274083273,80.45924393044453,-23.92493830953419,116.0077211902968,-65.01830002959036,136.02117300332344,2.744952753635602,-4.307598820849686,84.11317950949113,-95.68233984087396,-44.302469968812204,2.156639311579056e-09,4.0244785282084194e-09
795,-119.07347968929162,-35.18342735992134,-19.591266987278313,-0.03136207288840669,-21.34981414512449,174.65577542412663,-59.29458470189021,65.11373131248507,8.95171932935051,-1.3870078629958111,135.16626458418648,-86.73581386451198,-41.24073391636931,1.8696937331696972e-09,3.611147603166387e-09
796,-122.21580223334543,-36.30348541697433,-22.788822403702024,-8.588681367959955,-23.79515757497075,170.44150803005806,-65.03755520530054,169.67423295867707,-6.366096664066554,-4.503279541591165,82.34756746296065,-87.23272291475841,-45.63170508626277,1.0847998055396602e-09,1.988212261494482e-09
797,-135.47291450588122,-52.27634977089248,-27.16451611147699,68.61235714455792,-29.66923597273524,65.97732519691901,-77.91837853744984,384.68391760786676,-30.503676408547364,-12.269814752175348,-2.232649532683293,-96.97686927102176,-54.78919506199751,9.309246706834529e-10,8.113261174003128e-10
798,-122.21100333288028,-51.54349832834746,-24.495560224452337,62.72683025388741,-26.85625782492335,108.06938832415902,-70.14936449897658,303.69920950774315,-23.472550563113355,-12.902234898941678,-9.61183892298914,-84.72018449155253,-48.53293498272525,4.0091663322527893e-10,-2.991384917550022e-11
799,-99.35926187181826,-42.68214834380611,-19.96686211288894,-3.9498516637802825,-21.891117740177442,230.01816057635284,-57.18026341419926,154.1458212154544,-15.97240073608015,-10.777309877037313,-7.834819738727578,-65.35968505175076,-39.19026122345621,6.618847692152485e-10,1.6113688161567552e-09
800,-97.75907647992688,-41.26146074655548,-19.51356544844215,5.6198478154880185,-21.394135803932453,234.62579364167493,-55.88213169667142,135.9657366236817,-21.451604343486128,-10.022955474864787,-6.991944879823672,-63.42181174185948,-38.51269145006522,2.135607246600557e-10,8.140901286424196e-10
801,-116.00800172473082,-48.602082533365866,-22.956478724183157,70.16944705607429,-25.22874859278313,121.36417934537991,-66.16829115228028,251.4624145242985,-25.44330807770439,-11.217507146353764,-2.4035742974226117,-79.14334324256946,-45.82470541345971,2.5085000743274577e-10,1.2241088143127854e-09
802,-123.7379252393535,-41.74247718251596,-22.693062252525987,82.52594505906819,-25.544448042353444,105.97230731307147,-67.93763296752606,139.63009658836992,3.713245197548102,-3.0138983484095703,84.53456897630294,-86.92352100211767,-44.78319804917755,-1.2343662092462182e-08,4.0286458613536524e-09
803,-120.3591488590516,-33.42316707646107,-21.263804380767542,2.498819139244986,-23.793568600596352,54.688909076825176,-64.05217593948149,189.78684148317487,13.05201629932071,-0.056007517855809624,131.59443598146805,-86.14447873413219,-42.52867081880294,1.1725660442607477e-09,3.5980078916253433e-09
804,-124.15925921994446,-35.35424792910137,-23.038148512208075,-6.879135035855485,-25.243039151540543,154.2710027958176,-66.75332535882673,186.61012555516157,-3.1854763189008692,-3.382177899244925,83.86659774952913,-89.24259316179258,-47.51032347008733,1.1664269550237805e-09,1.552571404772607e-09
805,-136.78418464984043,-53.429490803910284,-27.33269670074355,66.10285058192565,-29.910637605503243,70.5991554505475,-77.95861582703579,375.81909100437264,-23.439727886895596,-11.17787726108962,0.04613769170895795,-97.47833780678006,-55.05566616557158,5.070432962384075e-10,1.243705582965049e-09
806,-122.83047761767281,-51.03940038238479,-24.49556043171704,64.51591530855166,-26.856258043455224,122.41525100887606,-70.14936468971183,285.89947982095447,-26.47921326396849,-12.357529597024351,-4.55802543047702,-84.72018449319137,-49.34463217308681,4.008597898064181e-10,7.672440460737562e-10
807,-99.92033509423466,-42.24438902246738,-19.973596081573444,44.178370090108366,-21.89850069882191,226.35646392640643,-57.199548274999046,115.34440592401678,-24.369751756062165,-10.072983125112803,-4.738489805992425,-65.38847401579261,-40.07317205263836,1.8246737454319373e-10,8.038583132474741e-10
808,-97.72482900004171,-41.213250331814855,-19.490562808236746,51.53410931278989,-21.368916363203724,235.13581993836846,-55.81625839104724,92.40864310926696,-24.62120521748909,-9.8189640171481,-6.693373481495437,-63.32347523002483,-39.00773750738417,5.452989171317313e-10,4.2653880427678814e-10
809,-115.89343645063056,-49.53841490391548,-23.07667158558701,71.42699776484369,-25.2099259210924,129.9498871406729,-65.73338418691515,245.8055360991964,-28.8589775528384,-11.79111378867211,0.587943982764283,-81.59241129055968,-46.076029288789904,9.150937785307178e-10,8.210747637349414e-10
810,-125.59417369891811,-45.217607453870116,-23.936999948258002,79.69839611632831,-26.341023196847555,95.12330999714257,-68.24318599823046,199.14783012835017,-6.606482689231661,-4.902461097457916,62.40635834406123,-89.61539976266337,-45.918560699322505,-6.450591172324494e-10,2.419824340904597e-09
811,-122.3871446994633,-39.276316537290235,-21.32829028689023,-6.735434573957192,-24.00965636943698,133.94132282985947,-63.70753466455209,171.63517683794228,5.692246874821487,-0.9004022021056124,94.9691695630631,-85.59041947761204,-42.30271724142256,2.0336301531642675e-09,3.1674822764671262e-09
812,-124.45490308109497,-45.243702303029586,-22.812648088689976,-11.772754320419399,-25.80393935166915,154.24301947525998,-68.13999377374306,221.17126340553293,-9.494706319711383,-5.730266867405019,74.33076232201256,-88.96511741313805,-47.327013641747605,1.1032454949599924e-09,3.1856970394983364e-09
813,-136.52231805172892,-56.15802593489563,-27.101790607060856,64.93929166338884,-29.803978374797108,63.824008938021976,-78.05087114474412,398.2190749838827,-30.707802846433438,-13.207879802142537,-2.9010190191141034,-97.40770801232871,-55.12098177369489,7.413518687826581e-10,4.3431214180600364e-10
814,-122.50387395133978,-52.8366949291721,-24.495526139065735,57.57642733011344,-26.856223605269484,127.31375315597758,-70.14933038524406,299.1462979862956,-30.67595654535686,-12.842319442625111,-9.611804982497226,-84.72015049159819,-49.344597987616304,4.008882115158485e-10,-2.991384917550022e-11
815,-96.34867219849349,-42.294694572186074,-19.222038245779636,-21.11846914589516,-21.0745072577912,191.23593123231478,-55.04714632930663,204.92353744355765,-24.059482180009763,-9.770398291759555,-6.515274610747314,-62.17607859382574,-38.53270723717327,-1.7024603948812e-11,4.184599333711958e-10
816,-94.7992049816707,-41.838052307487224,-18.90255222418576,-19.131791622381318,-20.724231495691928,160.44481190790486,-54.13221389389791,224.11874025027137,-21.75772795933266,-9.04937598928249,-5.637075548239163,-60.81010110701713,-37.781225011847134,-1.0118128557223827e-11,3.4934544146381086e-10
817,-112.40886510658952,-49.32406651668776,-22.346635465838702,54.56086908406444,-24.554402115355796,155.97225414776625,-64.45505483175415,221.58243519446862,-26.36022062154374,-10.717857967971803,-0.8192290638110433,-76.08165997213271,-45.04756674619747,-3.892921540682437e-10,4.161364586252603e-10
818,-121.23621482571244,-46.842520852918724,-23.29412801152449,76.21557780855206,-25.563965093819302,136.92377407392672,-68.15285771669777,120.60308731458925,-6.773808285948881,-8.003923808532814,96.96436679141132,-84.83059165104962,-46.00879570379043,5.07817787820386e-10,3.1490472451878304e-09
819,-118.78260497189216,-39.64950469599957,-21.11587854254431,7.45884263122709,-23.78370771414599,173.4634652905599,-62.66819987357085,57.92703293461132,6.962301710856261,-2.225539749716595,148.83853714601602,-83.09173749206701,-43.33300662300948,-2.418687472527381e-10,3.163055151134131e-09
820,-120.32800949470754,-42.2154408778274,-22.739043434013976,32.15551786978724,-24.63333618082698,183.44631192701968,-64.50736926726803,111.62885090235196,-7.866500465905253,-5.163494984202253,90.81826993529326,-85.4208948716891,-45.174861015036846,5.313552264851751e-09,3.620865385300931e-09
821,-127.11758080856498,-34.24925386981815,-28.261858020419286,73.52317808236174,-30.973400358131162,62.740470691564354,-81.25594371490475,367.2972767695809,-28.104520860989474,-11.87796795857921,-3.01403156022979,-101.99827501767666,-56.70809334764544,7.511857802455779e-10,1.1489049711599364e-09
822,-118.74237053660461,-46.614730236109565,-24.01125687580778,69.07169189959838,-26.325279426533445,132.08607963428273,-68.76240527259999,242.9960251204691,-15.20869287990326,-9.981640751861491,-4.26585390522328,-82.64969951146604,-47.591867238717434,-4.070273007528158e-10,7.959570780258218e-10
823,-95.02458961428084,-35.79486872359255,-19.299525131010636,-21.09403775398774,-21.15946166315852,246.8850785263051,-55.2690484142467,118.27185771981655,-8.945092305319504,-8.225865677349503,-0.7743643489246442,-62.509528783805095,-37.06055381126057,2.7850433070852887e-10,7.95509436102293e-10
824,-92.69453609995557,-35.10391599707352,-18.925323924698315,-12.024004798443299,-20.74920465165476,262.90586649548356,-54.197564794514975,89.75926891593075,-14.327433351406643,-8.586154632853113,1.5841670960173355,-60.907065177976804,-36.73409905937802,-6.710365596518386e-11,1.5612542370035953e-09
825,-110.91821860119877,-42.17819450664341,-22.18651904543651,70.51968595730034,-24.495318065158653,156.4344391732323,-63.99584796594074,174.44358463886152,-20.336283012251755,-9.744648844657762,13.250954180925458,-76.33078374438172,-44.46285013973126,2.8754243430739734e-10,1.1990337611678115e-09
826,-117.45584614310579,-36.58946250707961,-21.269320388917052,30.189387105234438,-23.69743358782471,151.72931987116456,-62.979137909121704,93.46259641553382,0.8810785566381929,-1.3407829654299637,114.54601030809796,-83.98803480572775,-43.48837389281461,6.725144885422196e-10,3.166913842278518e-09
827,-115.65605887787605,-33.25739537535894,-18.80549855326632,4.677701355017028,-21.932283348201516,86.09917079015094,-60.345585616364524,119.01383901278732,8.959452938041395,0.6566739553000702,155.13503816553217,-82.89402009293079,-41.65103429542004,1.1937117960769683e-09,4.8166555188799975e-09
828,-118.98809490625153,-39.52301480172046,-21.397350883891818,-5.280706853103274,-23.89870703972516,128.19732596581164,-63.66612700353308,191.0907822219853,-7.748656121530429,-4.099784206185204,96.49125057211714,-85.46874463073388,-45.70817225597398,1.9231265468988568e-09,4.8037600564043714e-09
829,-141.2085214697256,-56.60105313515416,-28.364165369432037,66.72227837759065,-31.04202372551929,44.23845096803398,-80.85371353793191,421.0397557946638,-26.800840870984167,-12.017039237585657,4.7053663790080344,-102.35680737847564,-57.46168676989984,3.8323832995956764e-10,1.2005472171949805e-09
830,-119.32393610700467,-49.44260185298417,-23.872096071559287,69.7827977197634,-26.1149237398825,136.20579573762336,-68.24950500098188,245.67947763586363,-22.43232904540432,-11.058616792635576,-1.001938523351378,-82.36883223787017,-47.803291700159825,1.0277858564222697e-09,7.796430168127699e-10
831,-100.01761615971652,-41.19830754956466,-19.921594708307445,45.09289881251177,-21.93111826766886,228.29958894786986,-57.06757598825195,98.4476468525977,-18.976939818161572,-9.232414710768623,1.7531596656801238,-65.51565823547574,-39.7320688211502,4.888534022029489e-10,8.149143582159013e-10
832,-97.65218507197952,-41.303468361704994,-19.334693718513325,44.54338115225477,-21.360452548771306,240.6475400943848,-55.52456099954568,77.91160293428607,-17.944080864663775,-9.393664710481508,1.2066203417193737,-63.29047119699539,-38.5055670292654,5.7897864280676e-10,7.995808459781983e-10
833,-115.88156740835562,-48.169783427683754,-22.770326044364143,72.52435123719866,-25.204779800276864,139.29155290635194,-65.7278248071139,207.18575813972407,-17.07812429949007,-10.301508002828168,10.040730090120096,-78.88424030808521,-45.0242382489833,8.703864295966923e-10,1.5839347611290577e-09
834,-123.68866582558627,-40.061479760582735,-21.887705514107502,69.86376006092104,-26.575520344681845,132.9178850218646,-67.33409930027493,89.79924258801475,8.021007654431719,-2.390961969868527,113.23466710291999,-87.30013988358101,-44.597989774057815,1.3181988833821379e-09,4.826627542087181e-09
835,-119.92281216212095,-34.539864014694736,-20.327674743684966,10.362374323371272,-25.172876066276903,94.75998642363007,-62.18545814191771,111.82968673437462,12.168500986137019,0.015420944008101354,160.44424532247606,-85.48448473559364,-41.94704481345044,1.2450755093595944e-08,4.8288733012213925e-09
836,-122.0947729556181,-34.6155226551339,-22.680557062061514,-2.3431964640517693,-24.95912366182245,121.55513709276302,-66.40853190566648,191.79436439078358,-3.10705375295252,-4.07990823812834,101.20480621015395,-88.7841403562559,-45.481500587164156,9.363020581076853e-09,3.97972321763973e-09
837,-134.33208634158012,-47.77059035039717,-27.20342201915491,68.31458216679513,-29.79274788384193,30.330585800466118,-77.57852794807154,392.36800640444847,-21.548760843983786,-10.094909202289847,8.633333202970856,-97.23115182802013,-54.094311130503314,2.382876118645072e-10,2.431406187497487e-09
838,-121.2999204548724,-45.609749965777,-24.32005671886988,66.55947654090343,-26.830518709901877,119.71774420857028,-69.90799211320538,252.1388878029445,-13.940964246687424,-9.305960334684166,5.713544353882515,-84.79622490342749,-48.11826543620465,-1.233502189279534e-11,1.5645120754470554e-09
839,-99.75620593748431,-39.47144597257909,-19.729883264666057,-3.5648203070433517,-21.86926201441454,254.17881642735443,-56.976969280691314,105.3573850008717,-13.47533766579966,-8.603026613810034,7.858018266840125,-65.38211010085116,-38.56515851731092,3.8465941543108784e-10,1.5799894725887498e-09
840,-97.5731219036864,-39.96296291233396,-19.26235194904242,14.136018310655352,-21.36602500995836,257.87156084089816,-55.707103433904905,77.66370343793714,-16.193268034365936,-8.831131174251421,10.603721969453188,-63.31218876677116,-38.06685135120576,-1.4489387467619963e-10,1.6184529272322834e-09
841,-115.4966892280465,-46.769836008825045,-22.67191179565666,76.17694036414376,-25.18926609915594,148.21166357137574,-65.81597808440684,184.00969818267075,-18.462512630914627,-9.835293929998162,19.942891193149045,-78.9061785873719,-45.19352691972907,5.393872015702073e-10,1.995083209749282e-09
842,-122.92938007285362,-38.82517840530249,-22.06569432350663,59.40314790431322,-24.972944944311823,136.23904951064011,-65.51061116354175,97.6864437046993,2.493641992814805,-1.9640126835242007,112.31028136277601,-87.2192268600466,-44.64551596103556,-1.0260066574119264e-08,3.144758564666006e-09
843,-119.9908674519399,-33.49562957900054,-20.287320670250075,12.0499489701864,-24.35491544274674,124.24715479770452,-61.49277402167015,89.54229677670797,0.13451635490913658,-0.21808880597750965,159.83299179695993,-84.67251204120319,-41.294800620240444,2.4759856387390755e-09,4.78575756801547e-09
844,-121.38664734487557,-38.65286979111159,-22.619113535941498,17.88193333346555,-25.41130387132351,144.14589553943824,-65.86918856481991,141.91496625683916,-7.708510599133545,-5.761933677655192,116.51993050100336,-87.39320748416968,-45.659950700990095,1.2961436368641444e-09,4.768099692853411e-09
845,-134.9189998857839,-51.74790139669745,-26.843795830828284,79.45729122916842,-29.706693471724,38.78796704204539,-77.36286961873735,364.3626464079405,-22.726713089003837,-11.589219693107909,22.94107971066585,-97.15979761705869,-53.49299374813355,1.4876491150062066e-09,2.364494378070958e-09
846,-121.50475822029964,-48.89603138832423,-24.16025174214568,76.97684361349647,-26.76824134525765,122.67205240260925,-70.00492436774776,241.87970712550643,-20.47067451487809,-11.114017930628975,13.586353767164887,-84.78048175498634,-47.41557561734194,8.220126801461447e-10,1.5539747266757331e-09
847,-99.43156985643043,-42.13450476286577,-19.773179628614734,27.350541261789665,-21.835247031009065,244.66872540385393,-57.034314857041345,92.69536458360538,-19.48130849259901,-9.769923577481071,8.805889229010713,-65.14180668805514,-38.91866556182431,-2.2538415578310378e-10,1.6019221504848247e-09
848,-97.65292585236736,-42.10064374272,-19.346072267762565,38.50171257021862,-21.34932254559387,250.32776154417817,-55.76506626182419,72.3349371851871,-23.160860724538207,-10.14591762180203,10.203616857977911,-63.24705072997804,-38.60016839026113,-2.724505065998528e-10,1.5532961583630822e-09
849,-115.94174352847658,-49.27143995407659,-22.751099743204914,76.92719984665172,-25.18760341887549,145.24940517203407,-65.72279522278872,199.7333023259027,-26.763130072301504,-11.342481007218058,19.663163254857153,-78.84289294280347,-45.749884688044084,9.094947017729282e-11,1.1979324199273833e-09
850,-124.73705276847515,-42.25781924547604,-22.0060911561,82.17474881299887,-24.814843266588344,134.01294558906523,-66.6711239193857,84.27525768892986,2.756219317760845,-3.9608908274131474,113.92276751131092,-87.30762848304107,-45.38648919733436,6.441553068725625e-09,4.738405501303333e-09
851,-121.52525644372881,-37.60778632480472,-20.193475607639744,12.560922835771652,-23.32291046269912,155.63661279778646,-61.34437019793358,65.18394358485995,10.041323091905568,-0.40039485387077584,147.90701786026275,-84.96856974783469,-41.967056479120686,1.3271801435621455e-09,3.9686209873934786e-09
852,-123.49385805688324,-40.86678836898073,-21.94250840665061,49.32221197948258,-24.71500244616959,130.29951633751259,-65.75637944525415,135.0215186392978,-6.316251669276288,-5.3465609991697445,107.3936386780758,-87.63224699593722,-45.96728919499051,-9.377345122629777e-09,4.0356535890850864e-09
853,-124.80148277140783,-39.45254885143812,-27.11966401715336,77.25547931420435,-29.752615494483937,34.56883551367016,-77.71538470198088,364.88747610524274,-26.665278098418842,-10.823072839915078,11.623187903189798,-97.18285350283372,-54.822078531781194,1.1240786079724785e-09,1.6084840126495692e-09
854,-121.71014407837498,-45.74462064356581,-24.506802250227533,70.3094676606781,-26.868580656372348,108.54494571149704,-69.83634869414884,261.90758030509,-16.154604758880712,-8.540637559634593,6.4304029270313405,-84.76815318298338,-49.06250475633447,-3.3304559110547416e-10,1.5634213923476636e-09
855,-99.45645927547534,-40.34470471098247,-19.927626657730176,34.342897329224634,-21.848099392584544,242.39076923258654,-56.99576552020308,74.3860818072993,-9.182639993770504,-8.471408411157126,9.487042813317998,-65.19189266389418,-39.1881945362494,4.3434056351543404e-10,1.556415440973069e-09
856,-97.06396199475937,-41.104145185390976,-19.475876823289322,34.3441623911786,-21.35281355125118,251.5260338852133,-55.77417201884462,70.03551358099509,-13.869930512045427,-9.373731603871231,3.291865974872763,-63.26064016246638,-37.922303957288385,3.7994141166564077e-10,1.6229009247581416e-09
857,-115.13679076320042,-48.58477614675255,-22.896800731853478,71.62306197370484,-25.065560070341572,144.52949113316106,-65.32923275503019,206.08345441220715,-18.735853762887405,-10.608032444169421,8.112353125740142,-78.77433368058101,-45.21698026103099,7.879634722485207e-10,1.6226877619374136e-09
858,-123.07612342847548,-41.36360479011364,-21.88940865354902,70.44731288727169,-24.413018056062757,135.29872507353878,-64.33352507459325,87.93294510597693,6.071050822588159,-2.9806065316571897,109.33344424324221,-86.57607965969552,-44.451111883704996,1.9928165784222074e-09,4.787851004550703e-09
859,-120.441619158379,-35.171433531869944,-19.74663135027314,8.432263321977397,-22.206059114083136,164.91715753228775,-60.00837110267965,57.115429392231434,11.056740644432413,-0.20913555310709217,142.63643594608405,-84.38000987317918,-41.99476710265979,1.5368186723208055e-09,3.9423733166898955e-09
860,-122.04225353481947,-39.76841949667254,-21.778461005007426,45.977734075876114,-23.911919081500734,151.40267744152047,-65.14826283711962,124.00926883819082,-3.8118179228889053,-3.7996840872604456,91.37941909315998,-87.05851723786886,-45.44976419742099,1.2762484402628615e-09,3.563020101182701e-09
861,-134.30538998649428,-49.33532170240651,-27.09572186914391,71.02831098854233,-29.621695025870533,75.13777210387059,-77.03376094527901,345.89999115648175,-15.669773016316148,-9.01664136658186,1.6391855878027786,-96.93024980635442,-54.69670608858631,1.3096723705530167e-09,1.608469801794854e-09
862,-122.18056529473556,-49.095918698556645,-24.506789923073317,68.06068781553985,-26.832305913470144,125.39520610324603,-69.80424442703946,254.4226770200727,-13.090986441447482,-8.357920376860786,-0.5678858335529926,-84.7681408735998,-48.67381313553931,-3.3304559110547416e-10,1.5634000760655908e-09
863,-99.88564186664608,-41.91261024503555,-19.785496813239657,6.746792341742917,-21.837331852628974,242.15928905040485,-56.92781580175516,115.1374751098899,-16.11413634672081,-8.814708719080093,5.804113769776098,-65.14992942647483,-39.419999179546785,1.6632384358672425e-10,1.5818173437764926e-09
864,-97.70865961686432,-42.19207418695875,-19.22287790191484,35.68528114761116,-21.352806825208592,249.27557241437765,-55.77416528418049,74.76648116061527,-18.300987862726604,-9.359853887357875,5.759690287883722,-63.260633386922684,-38.314966038688404,2.802948984026443e-10,1.6229009247581416e-09
865,-116.28830492148597,-49.75345943553508,-22.664672011750962,72.92804004652486,-25.16134831988161,147.1344823676393,-65.96051087682619,204.33094224338268,-21.53044569607877,-10.150791738471453,11.05332289254482,-78.77330371036103,-45.16395081375993,5.891820364922751e-10,1.5965184729793691e-09
866,-126.76969609388603,-45.024477432002165,-21.58227740724121,72.05927883331518,-24.61754022862245,145.8584001406492,-66.48012777392687,78.61127326646253,1.1851381253222202,-3.8764549739485554,119.70544624457494,-86.48827964809206,-42.58068299428403,9.611653695174027e-10,4.7999448860025495e-09
867,-123.02715592003678,-38.93174682207273,-19.471812122622104,9.378974498737678,-22.381468729826295,173.95501671418688,-60.91594695985469,36.70734138672989,6.702879127082985,-0.599469090860818,163.14675528220965,-84.0830409649497,-40.4803263432439,1.6390231394325383e-09,4.827619193292776e-09
868,-124.4174140482732,-42.0711647000178,-21.56215990562542,73.45209653208713,-24.646086375465163,147.5242368372423,-65.31707684328484,86.82100425548785,-4.5449338104544506,-3.062211060281853,109.06014697782109,-86.79037867666007,-44.446059125984945,1.7478214431321248e-09,4.7756014698308036e-09
869,-136.2757185672991,-54.33440496847325,-26.85401871349364,77.31762957037917,-29.559284488888807,45.82547441308874,-77.04249021790393,363.412361997639,-18.926493920353362,-10.561906250637188,16.819061618423813,-97.00209105767854,-52.818119380768806,2.0185098037472926e-09,2.366299156619789e-09
870,-122.64046121634252,-50.92491027455557,-24.391755147116115,73.26387823840352,-26.78655017814651,130.05568479331225,-69.44295038270086,236.8614580619452,-18.730397076273878,-9.916153043863115,14.82808028308137,-84.72021146700587,-47.45571256229299,4.0091663322527893e-10,1.5643877304682974e-09
871,-96.88705347645488,-41.92677818101035,-19.01364741619427,7.740203252447442,-21.169104389111247,265.1066136751545,-55.12502150103008,73.72082980595356,-19.150966871685732,-9.04153755175476,16.447532693509128,-62.544308506242444,-38.156761509893485,5.956621862424072e-10,1.6212666764658934e-09
872,-95.14940180393597,-41.55845920296079,-18.558177991720527,-4.304748781309762,-20.724172965868746,270.09422164596015,-54.132155503673715,77.84559219309645,-21.200977971490367,-9.581709932838065,15.379322888581628,-60.809413122294984,-37.299919430019536,-1.0174971976084635e-11,1.5450751789103379e-09
873,-112.7137169682444,-48.81293332309208,-21.948038307071602,71.54639815260555,-24.48731629578875,165.0563521824606,-63.723846793079716,168.18325437399173,-19.281150391969934,-10.346455079417728,16.404594944483915,-76.04137115454304,-43.83577131088344,5.476863407238852e-10,1.580119146638026e-09
874,-121.52553747636459,-45.37200231858635,-20.939442546526834,44.95812566068616,-23.870327699074245,165.13963514951058,-63.19607490712573,83.1389627845651,5.677180277149276,-3.0989813402240642,103.78268571730179,-83.45006631540721,-41.24415693219033,-1.8549144442658871e-09,4.795831176629406e-09
875,-118.09495943450852,-37.38853941188236,-19.11745420082335,3.7169417206488915,-22.374663003237604,141.10024819034626,-60.09611579888594,58.761929450773195,13.675265865086496,0.08960543583448578,160.21128053673064,-81.52072572819856,-38.962813562628746,1.647094904910773e-09,3.976978746322857e-09
876,-120.57282711795422,-40.99889486249179,-21.382916170156246,-6.452773344442398,-24.226804772437767,153.46523156468535,-64.44053500498788,148.15261965104213,-0.743625412668865,-3.6155190181140413,107.9867141221525,-84.61429894577518,-42.55637062871115,2.929198217316298e-09,4.7933692570723e-09
877,-124.92783291274097,-30.852079594928814,-28.219097312152627,72.82515390700958,-31.1080226127129,37.771292880082875,-80.7633267339946,363.3268471094994,-18.612380433816774,-11.581470108925089,8.954221012886713,-101.95033745522217,-54.86296771555337,2.332285475858953e-10,2.3839703544581425e-09
878,-119.27940278877553,-46.96251481871408,-23.905494576431504,65.23587552218743,-26.260928577056585,141.1751047739466,-68.18978118811243,225.75140537752077,-14.451682384882359,-9.585939023867278,5.443282451165889,-82.39880236764556,-46.57112237757598,3.764171196962707e-10,1.586833775490959e-09
879,-96.42607398040138,-39.303530213488266,-19.308297723829362,-16.7325778966125,-21.169086756401704,266.05945271975594,-55.15723545722004,100.03970027055267,-16.319472556123973,-8.888672793378143,7.195229732158934,-62.544290695103896,-37.445144630208084,5.956621862424072e-10,1.621273781893251e-09
880,-94.70383474017379,-40.3378663348073,-18.902127847433484,-19.965906427818673,-20.724215917236013,268.8076081673165,-54.13219977760388,96.33256118025332,-17.745460506603536,-9.38615961081419,8.627223043891409,-60.82446456752936,-37.04515664237574,-1.0118128557223827e-11,1.54654955508704e-09
881,-112.61812569344073,-46.5689271845532,-22.094091553909564,68.3441213150078,-24.453147696049857,165.5532685989687,-63.84347359708729,164.61922378383625,-16.670789505975083,-9.918187692772689,17.9982651895814,-76.28523887953645,-44.062897053072625,5.964579941064585e-10,2.4200659254347556e-09
882,-119.84177016355073,-38.50409607308817,-20.910611309974,19.39313604591307,-23.61708824063239,168.28386278130623,-62.32978704092418,77.35992643719482,14.702557404994788,-0.8075409258405997,111.46853217118196,-83.32931441155601,-41.86780661985652,4.2666670196922496e-10,4.828803135126236e-09
883,-117.17816011911187,-35.27562833100498,-19.326390942079687,7.918775007685378,-22.136914469953695,109.52922696277722,-57.57487115836924,71.86935223348583,21.534213305845114,2.4506375903835833,158.70272849071077,-81.82684327158773,-38.686125239870705,2.0079369278391823e-09,4.762103600342016e-09
884,-120.3768339056801,-38.056111000846535,-22.119659236760782,-3.2806897045898618,-24.201773134049727,143.8587709638591,-63.42097519675323,154.48054369295073,1.8789599732589684,-1.6877056151297225,101.25458025705845,-85.40716248785583,-42.92194454686507,1.823877937567886e-09,4.781170570566928e-09
885,-141.486623770213,-53.8374868922411,-28.4779378129804,65.7823873733226,-31.103224101092934,0.3002549197840807,-80.58208210043875,443.1794266379533,-16.749577062699768,-9.434495451511923,10.532479754304427,-102.43424802168384,-55.688873441960105,3.5646507967612706e-10,2.4005473164834257e-09
886,-118.86170228850713,-47.08727935924173,-23.903196098770458,66.5942438660391,-26.25323590234937,140.10229603429264,-68.14353563425749,210.065313268132,-3.511679580146199,-8.096602212831018,5.850265958667123,-82.368832091304,-44.38605593900608,1.3102408047416247e-10,1.5767973593483475e-09
887,-99.67335624183359,-40.58348153800382,-19.89226715617538,16.684794554340815,-21.878791876402456,253.5280245278697,-57.03482896813279,82.07008293453433,-6.799875525095484,-8.353628690240948,4.490058028039631,-65.31162283719277,-37.24510719169171,-1.745092959026806e-11,1.5900347705155582e-09
888,-97.68011173495586,-40.15915220129668,-19.42243358997403,29.016025908552617,-21.41645939682763,257.6710979569995,-55.940441522123834,65.44067771469224,-8.939877293525242,-7.8510227958425745,-0.010800875660289562,-63.49302633617927,-37.21447581165436,1.914486347232014e-10,1.596411891569005e-09
889,-115.66316030346822,-46.67979433970001,-22.708484131975126,70.16960646662974,-25.07590783939794,150.30947815220406,-65.56685217944944,190.0824263529745,-13.05468156912239,-8.551147716281635,10.067406399909238,-78.82653886889852,-44.50235039284234,5.852598405908793e-10,2.424634715225693e-09
890,-123.61788037736049,-40.081365665228894,-21.655809263068722,59.047145462300634,-24.135388180085236,138.28505032520764,-64.10490721781906,88.49804982969816,8.947342443593486,-1.2373687338279766,109.33104202215473,-86.35662295008667,-42.91928763828393,1.992589204746764e-09,4.787635177194716e-09
891,-120.05868999304242,-33.9673278984443,-19.662828632380467,6.25447259636455,-22.229548106384012,129.85840844011585,-59.77165000792147,79.58144374740664,12.533223374584948,1.0767835741789447,151.09309893488512,-84.52133512792369,-40.18605084538519,2.0744437279063277e-09,4.0062779760319245e-09
892,-122.21022980072524,-38.64086062734223,-22.625580000243655,-6.232882745860856,-24.836819058686043,130.0079070888562,-65.78489938618318,191.6260693107968,-3.8075656406915295,-3.7801995024180974,99.6911340396,-87.94877225338844,-45.45730137099524,9.632685760152526e-10,3.935968440060833e-09
893,-135.10192819094718,-51.45229757239684,-27.275865515779962,67.12546282365143,-29.841388192077897,36.13431344937246,-77.5941386556871,389.92477541333903,-15.963163986002629,-10.14312692953334,4.579638737685045,-97.27985242595233,-53.11242892822873,4.86750195705099e-10,2.348990335576673e-09
894,-121.7066822174858,-48.82013034197904,-24.495551917981704,68.09158241856478,-26.81845386555318,120.98851366733484,-69.80278795676631,255.36206206123634,-14.252039081644012,-9.163627206337686,2.5693128492478956,-84.72017613385724,-47.23202225300862,8.492975211993326e-10,1.564377072327261e-09
895,-100.05369516297394,-42.27064931829883,-19.853101393110265,-20.081292599619623,-21.89426731176219,246.86783675562177,-57.00128457663197,140.3325330172544,-17.008478427943455,-9.103968778486568,4.533213312960224,-65.37200822901207,-39.09483726877421,-3.616946742113214e-10,1.5558931920622854e-09
896,-97.88225950055735,-42.06345974077116,-19.362099765486732,-21.823179956167728,-21.38263941759888,182.71624716263833,-55.851993909341125,199.9254187061346,-17.365118618660542,-9.402324311738008,3.9613930509263984,-63.37756439651524,-38.09241928546558,-3.9693759390502237e-10,1.6006893588382809e-09
897,-115.77367772464183,-48.156193068225875,-22.640187524432626,36.05798237997323,-25.157774760063273,151.85408936698758,-65.55658889990316,225.2100051626092,-17.775141113516554,-9.512844116080945,15.493034420145907,-78.97805954194939,-45.064644553990895,9.20238107937621e-10,2.381092656378314e-09
898,-125.06847721105318,-42.51676621387865,-21.582251379725772,28.33100044967966,-24.53419025147116,155.64478641999958,-65.8461572624449,99.39557938221061,5.653612172206693,-3.6332847468070923,124.42708590823604,-87.57358811206727,-42.69734909339763,1.0252279025735334e-09,4.812083176375381e-09
899,-121.24297112156098,-36.40023383487709,-19.767636838537165,6.025799098791575,-22.983596754789634,159.3074131223913,-60.80137029371743,49.75798759177872,12.705527034817678,-0.9936589219603892,158.81681390577162,-84.67003116134946,-39.754041772172684,9.681571100372821e-10,4.797087171937164e-09
900,-123.80513649847633,-39.93104721557284,-22.17568863245899,9.786047979633159,-24.923250446812972,155.46878808488447,-65.37264286574074,134.446095556955,-0.4823513478425377,-4.13260616685998,111.08768517285985,-86.63159770698265,-43.3342958550177,1.4393890523933806e-09,4.747235493596236e-09
901,-137.1811537508409,-54.27017474646077,-26.934499089179514,70.61622450617647,-29.571920618857966,44.53220343081005,-77.29896870969792,366.27647358922025,-18.064786153069168,-9.848511411528087,21.732339280902558,-97.09279926395061,-52.894427024326774,2.0220340957166627e-09,2.3432065177075856e-09
902,-123.10068346447275,-52.004944780206245,-24.021968924042593,74.08799143184558,-26.688220149284234,125.85023669661166,-69.88231586759079,227.61679698027993,-8.817930358394902,-9.929873145755241,18.14683984886569,-84.68967512025628,-46.566253118529495,6.579625733138528e-10,1.631654811262706e-09
903,-100.76152961421167,-43.309736524058124,-19.505888163899186,19.202160175159626,-21.86327823478072,248.27323776498864,-57.23596587830784,82.63044749584762,-8.035896874392181,-8.892166459263725,12.821602602813797,-65.44283423704508,-37.88015202735321,5.4450310926768e-10,1.5525856156273221e-09
904,-97.906107798019,-41.83171882705858,-18.946873518801453,4.577522198141045,-21.3604623039726,263.5393980844454,-55.79415974378243,85.16089752579742,-15.916237805316326,-9.286860465022539,8.76572789920491,-63.290480694600916,-37.71064452610364,4.79360551253194e-10,1.5967316358000971e-09
905,-115.81581778879661,-49.33795206315417,-22.223095331527517,76.06443545734327,-25.12182335145415,179.25162378519846,-65.50890268151986,148.6674100398107,-18.13257330129546,-10.783126342871173,26.345588826584613,-78.83719551632882,-44.568571696621184,5.444462658488192e-10,2.3593571540914127e-09
906,-123.6905609259472,-44.7791422103191,-21.257747979294592,12.004641909732007,-24.479187075074634,184.93645079381724,-64.52533646552507,69.84203330805367,5.15380848391596,-4.061666351969157,140.3705291106216,-87.43506154094652,-42.07876099629527,1.3875478543923236e-09,6.407944397324172e-09
907,-120.42154218748524,-38.9956996652482,-19.330980232123892,15.766266718079764,-22.357053366084646,173.72758579070074,-60.85379558174138,14.85335901422406,12.77349111062282,-1.3638812662701167,170.56317017511628,-84.65202408376244,-39.70889636851998,9.181349014397711e-10,4.795751351593935e-09
908,-123.31164936949233,-42.80527788841527,-21.383368110516354,57.5945301259535,-24.26934226235317,145.14108579678708,-65.34994311322606,93.46882261397234,-1.7034813255114294,-4.431594118975852,117.2684069354278,-86.63833334890684,-43.579855870212214,2.2589574655285105e-09,4.832056532677598e-09
909,-135.71034533933474,-50.942798148126585,-26.662659110847954,83.05228112802962,-29.54490248965182,35.701789910537926,-77.43590199172783,358.4417388025658,-19.69948575230869,-10.334810722687825,24.03434546769891,-97.3052467710199,-53.59400494162666,1.5738805814180523e-09,2.355271533360792e-09
910,-121.05982544446687,-46.66004311518662,-24.0280931423593,79.46205797426101,-26.667384312614555,126.36392386797665,-69.48041125231939,204.70362021473915,-3.4414678310191396,-7.699056814955681,19.787826309420357,-84.69312611116989,-46.58802030571416,7.908624866104219e-10,1.6311858530571044e-09
911,-99.39880635047005,-39.72558384527414,-19.42485574160261,9.361824770449992,-21.811960166975673,253.56292167253093,-56.93992836451264,72.07811874468489,-3.422738158282743,-6.931721365365023,15.41455365764117,-65.55369981777041,-37.2081250046074,3.5072389437118545e-10,1.6130599078678642e-09
912,-96.77115002855248,-39.42838437603081,-18.97502141286498,-9.104661642650786,-21.360460336520415,276.56127062987525,-55.71134141548275,70.71030742630032,-9.69783014393099,-7.749318403216795,11.67829509841585,-63.27785737506541,-36.87384799297489,4.793037078343332e-10,1.5967236421943198e-09
913,-114.46345596029656,-45.58408576260963,-22.207659769818093,76.12125389464396,-25.05087125330683,179.96307722829897,-65.48227773142584,131.16967220398223,-7.169546625412908,-9.240522667262034,23.63555063061475,-78.82628982013871,-42.86484432790644,2.3095481083146296e-10,3.947370430523733e-09
914,-122.59736697362237,-38.924086679665876,-21.167545975272155,16.37755220918403,-24.419160612640084,174.59677243252403,-64.13367517173295,55.98126761842377,23.556029880491685,-0.011553594684524958,126.6282457434782,-86.83851524959202,-39.04796355428895,1.7171259969472885e-09,6.333316093787289e-09
915,-119.72565140588449,-34.61055974170324,-19.8664014547715,14.456933869736506,-22.601757306254186,149.22164493692753,-59.57150391419303,12.629092994322745,25.736683220961822,3.0154786707813837,171.84138415543663,-83.91805006478154,-36.60729390073921,1.2096279533579946e-09,4.7834092242737825e-09
916,-120.8440849798131,-37.95397563498917,-21.210599225805357,45.20145435151541,-23.987660998676905,152.09562548925652,-64.58691106840129,87.1102520152576,4.153420231079655,-3.0018894809472627,110.85382512913708,-86.02742329702723,-41.80203247282487,9.597442840458825e-10,4.788846652559187e-09
917,-133.9654509460914,-48.09528339521432,-26.820122612520976,75.05500060977512,-29.820967129087176,41.99777285303031,-77.63428358724889,349.9606187926931,-11.259344998212196,-9.346165337905987,19.420865380791064,-97.45854178321335,-52.034097814525154,1.5319869817176368e-09,1.9993535715912003e-09
918,-119.4838575991334,-43.84827488598817,-24.23984080954021,72.936463269853,-26.763754812191284,138.37660282167892,-69.17934586154573,202.43723116007206,-7.918200843161919,-6.685241968448392,14.181270377449064,-84.61779117395459,-45.195259644805915,1.0506937542231753e-09,1.563716267583004e-09
919,-98.85871824687338,-35.67361356087275,-19.842141338647444,13.629934115947318,-22.046461611377595,251.98908543648653,-57.27749970707468,70.57358430832373,-4.41562700465054,-6.375014018681719,11.544705745146164,-66.05548726326312,-37.19274682770225,5.707647687813733e-10,1.614221645240832e-09
920,-96.41951009713429,-34.591430598131225,-19.12020161183724,-3.725510066387784,-21.393991403817495,270.14487991733614,-55.67680418404089,59.091433873353935,-7.013341264395871,-6.123264130210064,15.185232659548994,-63.405591764720135,-36.95190130147128,8.054712452576496e-11,1.5866703506617341e-09
921,-114.53758999255234,-41.89730846553371,-22.61361490195711,75.16870651779823,-25.117310210915907,166.9482340411923,-65.57042200557787,144.2578719250702,-8.345721708609027,-7.218299515725856,22.258394326674612,-78.92198262098405,-44.41095735544045,9.086988939088769e-10,2.390038389421534e-09
922,-120.21604666391507,-33.91557075135302,-21.517716785223428,30.282521421654433,-24.24484974628336,163.2206532122073,-64.20991979886469,72.76886013436054,17.504970958767867,1.3755399610399226,107.69942027675688,-86.46168513417281,-42.286177020350344,1.8231958165415563e-09,6.3656813154011616e-09
923,-117.57456954603846,-26.430364197801172,-20.071990235568794,3.691785215701751,-22.50612800484351,167.97175869436163,-61.029800385382224,8.467075332029525,29.690878490868595,4.445624218229987,157.18760519316623,-84.03794024072862,-39.803934472602776,2.0788775145774707e-09,4.80044803907731e-09
924,-121.10856702832567,-26.152448204031675,-22.107838341588252,1.9636983500803484,-24.406013566013414,196.08189317353197,-65.49035900913798,66.95349123517117,18.701340621188944,0.8817182629480561,105.14195618930462,-86.9344421920437,-43.52442943585857,9.858922567218542e-10,4.02010080780002e-09
925,-133.84550445339275,-39.43708793412551,-27.04748675713667,67.87759059419675,-29.70810594068369,84.60286814066069,-77.00930475746947,291.94804402391435,11.367753645623335,-3.678577202484945,4.02172043381974,-97.02573369770946,-52.06617606442109,1.3434942047751974e-09,1.167450136563275e-09
926,-120.63304104193045,-40.96577054928572,-24.516689630545084,63.33426361754499,-26.879425144288096,189.71999636943772,-69.29823412270012,143.14114481066767,18.358927751992248,-4.509593011450713,0.47581415298027435,-84.81056960155684,-43.41682357248663,1.2317968867137097e-10,1.6143708592153416e-09
927,-97.16575197292536,-37.174820086535355,-19.51589094247549,-19.982483679629453,-21.428619560468068,280.7521355577627,-55.49650694647674,64.123498271319,7.796200066638743,-5.5005269221272615,2.3251722357840485,-63.557616870451675,-35.174789125528115,1.8593482309370302e-10,1.5596377522797411e-09
928,-94.5570262983928,-38.64268831952401,-18.917311893881845,-17.030837569165257,-20.797645309048555,163.4045995543195,-54.18432571920176,180.12577753811811,-6.424969441972061,-7.07588349453476,10.422915904929598,-61.096342612458685,-35.22626231289643,3.511786417220719e-10,3.1472646710994923e-09
929,-111.60506140590903,-45.010924222066365,-22.124486366580083,-10.989350403592297,-24.399711065775815,193.42820439165578,-63.54608173962599,202.45263514558485,-9.14134197470311,-8.36766494552194,17.302416872332124,-75.9758373863515,-42.02279687074655,3.575451046344824e-10,1.9718680022151602e-09
930,-118.48640874354793,-37.05583031680107,-21.121423095538685,2.7149388523749796,-23.973444089139548,173.1426196193811,-63.28653358461302,76.58169759290888,23.256146564509674,1.9606693561267194,109.44372834551419,-84.07425656115804,-39.10190387426935,4.140900955462712e-09,6.421217335628171e-09
931,-114.92711594582582,-29.302145920131924,-19.317231615440722,9.58413541919099,-21.829454326513943,87.52417926882268,-58.70691110530368,75.49946839858252,27.652746660556,2.8598976270457936,160.1453888143751,-82.05235156290327,-37.1306056527192,-3.4026470530079678e-09,4.762689798099018e-09
932,-118.31765461609399,-33.27199962438213,-22.01196438506845,-3.947048714780788,-24.648412653067727,175.56603528952581,-63.6553988920529,88.99204503623513,22.545914686530434,1.8636918476863127,103.16756035166158,-84.64231326852487,-41.64045499922738,4.335731773608131e-09,4.80930317792172e-09
933,-140.5535842143195,-50.01423747254038,-28.407138517587423,68.36431206520142,-31.030334093280793,19.558992268231812,-80.34873635435329,384.6985074874928,9.060149074709894,-7.300925822721399,10.92177023449756,-101.8558276036596,-53.09294701830287,8.799361239653081e-10,1.979699959520076e-09
934,-117.8247059929679,-41.55004728115822,-23.77011604901319,55.12725585503704,-26.09924316051625,172.49631406807748,-67.7875982709917,169.35873931563972,3.005982713490744,-6.303569846136879,8.00805324054212,-82.03712840266057,-42.6239361605743,6.21469098405214e-10,3.1513687215323216e-09
935,-95.23026923084818,-35.10140308869404,-18.98868422495977,-18.212913067232854,-21.060007875316927,306.6334680454208,-54.63203626102227,27.010233868308838,-4.491527066269621,-5.340662638005064,16.451757836786292,-62.11364578512948,-34.924310486287204,6.757545634172857e-10,3.201428455668065e-09
936,-94.06244067985544,-37.93103068735138,-18.501781289119325,-17.281258399006248,-20.72421769405301,307.5291652566364,-53.91934452008805,25.348901423833436,-7.596233373329788,-6.942493923324741,19.500617329034323,-60.79026297797507,-34.629620433709896,8.952838470577262e-11,3.1393980748362083e-09
937,-111.15697402373303,-45.4548852460173,-21.577533982724365,68.64290178104054,-24.323850527399046,208.77196939731041,-63.69275324108444,95.57498494850881,-9.262219836811745,-8.796560065300419,27.42246910051323,-75.86188531598242,-40.28566294975521,4.0739678297541104e-10,3.9645664529075475e-09
938,-118.75934855923941,-38.60732862380993,-20.657015817968876,8.979287993832877,-24.21361781222393,189.29177418772207,-63.28746224366149,33.93406114748789,19.162542129755153,0.8550833251752824,131.92312597335402,-83.30755172928482,-35.313549902868864,-5.802291980216978e-09,6.373568339768099e-09
939,-115.64281498801634,-31.83558347355198,-19.084101015245228,17.56978900033719,-23.174548432877085,89.65948516426064,-59.11223644011564,55.13497671618617,18.782255039111256,3.40283809942205,180.13340826492404,-81.65150395986163,-34.18196390568647,9.624272934161127e-09,6.4145311284846684e-09
940,-119.09699000100093,-35.85013001993816,-20.739500841636588,8.450343101219717,-24.671288454894917,125.3818661598881,-65.33075333124874,125.47491760305523,7.880696827349308,-1.537049643437237,124.79958690824732,-84.69251439520619,-40.06918383996036,-1.1586394066398498e-09,6.3700440477987286e-09
941,-140.63665681337486,-53.047148484310334,-27.377544781364705,79.07148102045589,-30.848868351861615,37.54592045748282,-80.5250822717523,359.6647971215595,-11.330458334817456,-9.281026829164256,32.142941850590006,-101.9378720694717,-53.440482475359964,1.2457803677534685e-09,2.4272068799291446e-09
942,-117.96052649406859,-46.41242967280665,-23.209972088489472,82.46229672278753,-26.04452746733862,168.65028952324465,-67.75426205202169,142.1070503064295,-4.359714641519082,-7.556269854681791,26.8873030445023,-82.05736837637335,-44.75186891396547,4.73733052785974e-10,3.1499833852421943e-09
943,-98.81448066325817,-38.64614693398361,-19.287292446692458,3.2098798207812558,-21.811387384998707,257.1310774699172,-56.791102747032014,67.76120177995965,-4.470965898849215,-7.440152341347521,22.208440007124867,-65.13968595564648,-37.90938467567596,9.629275155020878e-11,1.5676295817002028e-09
944,-96.7138532816538,-38.688145980549955,-18.952760657699503,3.820185377815369,-21.354887332333288,263.6064227005463,-55.77960793880366,68.18601330861254,-13.742459469524357,-8.278211879025886,19.16839573818069,-63.23374346298417,-38.0373470946829,1.0339817890780978e-10,1.575024555222626e-09
945,-114.94053618479076,-46.12578712864644,-22.194035987870063,82.1700184969124,-25.098095836350222,162.0044336836284,-65.47065256166547,154.15150329807722,-17.909550549318713,-9.697696541507428,27.08907404432715,-78.80105471968072,-45.177619977348684,5.4450310926768e-10,2.359367812232449e-09
946,-122.85600550553215,-37.40495911477556,-21.321262639030664,36.74342567469647,-24.746158286456343,153.08419746056254,-65.16924146271292,86.46829574770058,13.351947907586672,-0.2836421636133031,111.03163082749232,-86.71090466673235,-42.187323713589606,2.239858076791279e-09,4.814717513568212e-09
947,-119.55493908460124,-33.59956465430856,-19.53954495759956,7.50627737828325,-22.543306379606797,163.14586161875965,-61.16331520892844,58.31805224190446,18.608256425463473,1.3648192916328052,131.61078136926972,-84.71909036886206,-39.434287608420036,2.05068317882251e-09,4.820398302740614e-09
948,-121.91574807437793,-35.094585837468586,-21.752867776224253,20.807237307202982,-24.490954317423036,153.07415626324473,-65.18848708519535,128.76565376820105,5.08636316065468,-1.93337734802618,92.94685232542722,-87.54975588492063,-42.75448643860246,2.9090756470395718e-09,4.7866788310813035e-09
949,-134.78724414009682,-49.01686606165765,-26.85914872539211,72.83116894541087,-29.592662247546308,54.627613237960404,-76.80114547789523,348.1669414877401,-13.381422617199178,-6.97428754847575,11.55078030927741,-96.92677577471515,-52.8369513513094,9.624727681512013e-10,2.393363729424891e-09
950,-122.21769393152321,-48.777025519942804,-24.283811150272143,70.15036082677638,-26.747477651502347,122.11766716141098,-69.46075634006573,239.44173687210628,-3.3115785950053405,-7.1306852213247645,2.2001001907932984,-84.84417427332704,-47.136662337467634,1.2502141544246115e-09,1.5635137629033125e-09
951,-100.11778412379711,-40.9751108845826,-19.76247323892217,31.829306747890534,-21.962107995833108,246.12673480062833,-57.151947798764596,78.8924713038149,-4.012646864686741,-7.497344798692606,-1.96411117582533,-65.73201040602244,-37.67297554538501,-7.969447324285284e-11,8.082920999186172e-10
952,-97.4718485926905,-41.39389188994999,-19.22342299627195,18.672697209076414,-21.37181527593842,264.2457299056985,-55.59868299559964,72.83898250500205,-8.522347499954844,-7.908591523015627,-4.08683266696631,-63.33476907659924,-36.845207083595916,2.8546764951897785e-10,1.6260912616417045e-09
953,-115.68345750296007,-48.374056612948245,-22.649118636754125,68.85586342052724,-25.19341599148268,178.83737399150286,-65.74174365001754,165.99791429454967,-13.988717525293696,-9.938439940913488,10.527766986663288,-78.77137631718948,-43.87859248606027,2.1321966414689086e-10,2.371958629510118e-09
954,-126.29627490907637,-43.314924861850535,-22.152766643845286,37.69697696713868,-25.57178712480241,165.0560207477655,-67.0825732310445,86.68208501449182,9.992523499424175,-2.7776709866600657,117.05414536827321,-87.36790222486148,-41.91785155991948,2.874003257602453e-10,4.812463316739013e-09
955,-122.7469654571048,-37.288714487715005,-20.626930354454384,8.011960221753277,-24.07193231482519,162.42169043995574,-64.27506363983345,50.2261164067079,15.635119569963033,0.6470834177251797,156.50996683522357,-85.37684917452106,-39.06548140384623,-6.9743464337079786e-09,4.828013544511123e-09
956,-123.47572016575015,-38.24117465972854,-22.3418599958974,-5.317452499674581,-25.323993482909554,163.92120040129473,-66.48878749418438,136.0093684672924,13.676307574023104,-1.645808699992059,99.66688627512117,-87.59964149159946,-42.839324162218894,7.833023119019344e-10,4.7568089467375785e-09
957,-135.14180875605774,-48.952569389092524,-26.85477243608604,68.60770149715059,-29.82210088358911,109.53087243515772,-77.29179395243924,296.2313050640564,-9.029936230274773,-10.131249935532917,11.118620715184333,-97.16917167020304,-51.09509642401563,8.537313078704756e-10,2.4376980434226425e-09
958,-121.43715467377439,-44.85421958664729,-24.247099073800634,66.6381709845798,-26.75053859909785,158.0657646716144,-69.24284294259796,193.8076373386123,-9.40096797206719,-8.618720565660539,15.850560191421447,-84.70848222042932,-45.102107523310416,1.2976784091733862e-09,3.1586020465823594e-09
959,-97.80084569686235,-35.57590869227724,-19.42536514847392,-20.243868707907644,-21.538359477041357,275.7243507138703,-55.91441116447545,67.77125016449048,-4.807550677117676,-6.22105965926039,18.598030166291405,-64.04482689984164,-36.52143489558379,4.795879249286372e-10,1.5898982130835293e-09
960,-96.3090362219712,-36.51910571594116,-19.085672534035893,-17.580158327715793,-21.295327133422983,277.1063747477294,-55.40616396556793,67.13425900428236,-2.86425542602883,-6.265563163785685,9.864162463969317,-62.99076831586146,-35.788745387267575,2.625597517180722e-10,1.6342571740324274e-09
961,-115.14622712312857,-44.34288417859559,-22.564208663691375,68.59784680267252,-25.26713713253933,165.37440010728807,-65.87386913033878,156.7623028607172,-3.8474934207568423,-8.758317330242495,17.16657389185037,-79.27301082693623,-42.82797582538503,4.02678779209964e-10,2.4100756945699686e-09
962,-123.40906346528662,-37.32049984400025,-22.17605221450074,38.78594219957077,-24.902086304559187,157.59416995805304,-65.4721539216065,77.36391275527235,21.211529986321203,0.7993198255523326,105.44996920503729,-87.5041806032618,-40.42080751082306,1.781813807610888e-09,4.775909445697835e-09
963,-120.65833749062682,-33.821272455944985,-20.74672051212125,5.396318744036481,-23.247067059784605,193.1185089989891,-61.90964933066831,25.465402818253885,17.858585631406193,0.8087058213643216,142.55240882861244,-85.19831163693469,-39.6185722982214,1.7253114492632449e-09,4.794415531250706e-09
964,-123.65441109936265,-33.122914126286645,-22.028795421895918,-2.057855617738082,-24.99339018903273,196.79713940602798,-65.86624918686783,92.73254274610397,15.767390591119602,-0.3957380027336954,97.47902817652192,-87.7406881313722,-42.91605908087649,1.2254304238012992e-09,4.744183712546146e-09
965,-135.03962422386448,-45.21595949846334,-27.029673156949475,67.87581903681165,-29.783829987432863,102.83940356087379,-76.95520754986211,287.509938732486,-1.464666946666718,-6.427417910555454,10.956352733472004,-97.17237400441654,-50.092760750811685,6.629079507547431e-10,1.9711769994046335e-09
966,-120.18464012660634,-43.61135020618075,-24.181630176139596,61.906386791002156,-26.707794088617707,180.97857543103007,-69.09310762336274,169.38430853971911,4.3041734266173215,-5.54355614617452,0.6538498511924279,-84.1412498073072,-43.76396583383829,3.6709479900309816e-10,3.22815907338736e-09
967,-97.27887242633655,-36.66346554082922,-19.559723309961846,-18.886665768984656,-21.562625530077558,279.6956040976836,-56.095626668260145,73.2102610082655,1.3483359067245755,-5.632435280782522,0.7449679965855288,-64.07878360934546,-35.240970848197925,1.9679191609611735e-10,1.615486411310485e-09
968,-96.05357536206105,-36.1925849781651,-19.256959467060927,2.38056690350206,-21.28977306544754,273.8023369209591,-55.60952780332803,68.80472332341026,-8.869275230265028,-6.123356567895697,-2.0360324344644836,-63.01486234247332,-36.541679875027306,-6.355094228638336e-11,1.6125341062434018e-09
969,-115.24272298486608,-43.70447289309039,-22.805234115907453,70.23427271853465,-25.28357633726028,164.7240532906455,-65.85194482998082,169.65098072355735,-7.281680791395395,-8.21978872363167,7.397389659376066,-79.2636953893789,-44.353580295528175,4.424691724125296e-10,2.4298998368976754e-09
970,-122.96782419741997,-34.85884963808689,-21.95382885513698,18.69857075466368,-24.838366796637754,179.1926530206492,-64.68562066347782,71.37962874106532,26.337832022187886,1.6939639783297593,98.79879407470368,-87.12741097409888,-39.66954140239949,8.159304343280382e-10,6.3318097431874776e-09
971,-121.11856259122375,-27.862772246831916,-19.880719431701774,5.623268551496028,-22.995360631152856,176.04313753433883,-61.5229332723176,13.645604300516538,33.17189720236835,5.121333888321012,142.99942833615611,-85.6382917239557,-37.5860298518286,2.2807853383710608e-09,4.825515986794926e-09
972,-123.86779907560167,-35.18759160021682,-22.481302923297854,-3.273320385607834,-24.995649802032737,188.55319388188215,-66.40518918314322,88.48223345393744,24.744309016783944,1.2362969922811498,102.9783047483119,-88.14746876916817,-41.63601628903214,1.3734506865148433e-09,4.767901629065818e-09
973,-134.20267685964217,-45.13160155276809,-26.96347887790609,68.50118646401262,-29.549891624503495,107.35065019622849,-76.65839789549375,268.30223633098495,7.038512653339059,-5.089082550219819,12.370920106231004,-97.09765932442947,-48.870717028822064,1.4838974493613932e-09,3.5729019742802848e-09
974,-119.47568870547329,-42.3292447656173,-24.052937706006215,60.954593805589944,-26.546495609735576,190.06224891255775,-68.80490159837424,145.5282309852878,0.7004066580405895,-5.310933607819467,16.45148317711641,-84.14120342437971,-43.03555809045048,1.2638565749512054e-09,3.2257290172310604e-09
975,-96.77880179723076,-34.7886108864021,-19.394908097626995,-20.203203648035167,-21.553249791975325,247.6556175017348,-55.98695178230881,86.02460469748281,-4.502826010079585,-4.4491156525372215,23.53219576516892,-64.04306530290816,-35.51168496908009,1.3159251466277055e-10,3.1764848529292067e-09
976,-95.88176075191359,-34.33162979244992,-19.05698184469676,-18.172101679656883,-21.28217878226153,288.9471938648229,-55.34526707056273,36.620073284626564,1.615924443720882,-3.87160678808986,18.63176247787047,-62.97171292351498,-34.90171440361894,-2.625597517180722e-10,3.2330031984884045e-09
977,-115.52688867537807,-42.21749545339639,-22.463427154665496,71.56446227820648,-25.367087198012847,176.20293063216747,-65.97583956036858,119.57528482700015,7.346596579591875,-3.8857013246584238,21.41701424669798,-79.2941102920812,-41.37573886509898,6.385789674823172e-10,2.3672654947404226e-09
978,-127.94135263681095,-47.549984505683945,-22.421538644098646,5.091005046835623,-24.860311102751197,183.54098837940487,-67.9700012667342,58.64174451456679,42.22092768637488,3.7894258273509673,121.25910967308913,-87.46343351672948,-36.33657939310179,1.4307488527265377e-09,6.406750685528095e-09
979,-125.89285553883438,-47.0875904011628,-20.7378819666078,5.094032625440762,-22.91709671436391,166.09411045859426,-63.16330559862186,20.1918192958629,45.28258332174066,4.6790317287940955,157.62431863333973,-85.44065656334828,-33.726509219123884,1.5086243365658447e-09,4.776829598540644e-09
980,-126.28956239697104,-44.94757654571051,-22.379046424721274,-5.260799683093996,-24.963776348452797,215.57937075133512,-66.44811577988597,60.47979463421425,37.48953312487562,1.027624089182909,101.37651428130705,-88.20109206784961,-37.46286757546206,1.3239400686870795e-09,6.341963398881489e-09
981,-135.64839662513373,-52.885345538765264,-26.90161935557281,67.93625676657263,-29.660834366146787,125.77916608621751,-77.35755410049835,259.3005128831811,12.353710104183742,-8.265618035493535,9.437194762508275,-97.0182789433653,-47.069193604769495,9.213181328959763e-10,3.5529836850400898e-09
982,-120.58066328265708,-47.1114110923838,-24.234910161653342,66.41683081595326,-26.725721697230192,191.84034086643308,-69.45414895545757,160.0607712982725,0.20548460015570563,-8.79136369786811,5.866644513257677,-84.19131838921396,-43.30053479153924,2.8978774935239926e-10,3.2176290520880002e-09
983,-93.87665273392626,-36.85180840436103,-18.74193310029716,-20.99350835794532,-20.715564757807343,312.2782970636075,-54.029826821854925,30.579484535466115,-6.123224131462644,-6.123033101108753,9.132504899955759,-60.769762986447105,-33.76497208208347,3.5788616514764726e-10,3.16125081667451e-09
984,-93.4037607579085,-38.242821966897665,-18.441565626416423,-18.437487489703663,-20.50248773604776,303.9149522496758,-53.55317133814727,42.186263259915805,-8.50973913517856,-6.477084076472042,5.3650128211285715,-59.90632622315839,-33.99178395912006,-5.633182809106074e-11,1.560532592037589e-09
985,-111.05597874975484,-46.55763552743986,-21.563737540120233,71.10145743924178,-23.965719719651208,200.08296198448645,-62.674586184781354,117.02692139997211,-8.970675503177176,-8.376676186128218,10.811385211143355,-74.36836399665053,-41.48935259592157,4.5054093789076433e-10,2.3972539509031776e-09
986,-119.37725514434555,-45.98519969185575,-19.955148181047658,-0.48065954418562984,-22.63043840209358,228.38628795544213,-63.05087308840977,28.197663621485088,13.730781724049061,-0.05325916789889802,116.66939574186992,-78.64555827757029,-36.80573748802183,6.807567842770368e-10,6.39145270042718e-09
987,-117.14246370903986,-42.78132757078849,-17.841083148741276,9.529422752392371,-20.984129353606857,155.64054005359495,-61.23936673169225,19.420774715933614,19.29090767327692,1.3268805939241792,164.5709415818023,-76.25856883726513,-33.53252795412102,2.2495214579976164e-09,6.396092544491694e-09
988,-119.58933948932217,-43.19146010672851,-20.008162451563308,-1.4218367019614235,-23.725125309379337,220.20205863038802,-64.46494068193913,52.36039556449542,10.813375821132015,-1.2765264987166025,107.62650347323415,-79.92361523308047,-37.40132696172072,1.3139356269675773e-09,4.750869919689649e-09
989,-138.18798284952214,-55.90662933745809,-26.760156821596283,69.56693229900146,-29.957910015291993,119.56827885994299,-78.06699060708742,274.31581166148425,3.9745144334365192,-5.850165516384879,13.956866295921573,-97.88055179079937,-48.77201657449312,1.017610884446185e-09,3.990352936966701e-09
990,-115.06863004748084,-47.33635583408533,-22.52932234341473,35.11687147864111,-25.21615087130404,253.74185020753598,-65.36453854206964,93.40348069734542,3.0663799193835612,-7.255812477610466,15.136201164839827,-78.56732939385678,-39.12664392641932,7.63009211368626e-10,3.2062761334827883e-09
991,-93.95632048427676,-38.26171636576354,-18.50518602354308,-20.535455911401268,-20.65142252901073,292.0707749724381,-53.521265914548756,43.59880240524153,-5.217254496718753,-6.504158854265006,15.697201910030337,-60.66702976022279,-33.54696891811003,1.3621956895804033e-09,3.1674050049446123e-09
992,-92.85271637544321,-37.52131555249501,-18.294947221537043,-18.700646049106105,-20.50257177161151,293.20145486471154,-53.280985813179136,43.737507591161645,-8.16161247006474,-6.826726030299758,13.485957220922481,-59.929735393738994,-34.35366297167447,3.4228264667035546e-10,1.5605143843799851e-09
993,-109.60621142933623,-44.57503022292133,-21.29371880653682,64.35190315169261,-24.05825065810504,208.95015190981482,-62.582518983083624,99.81470197129788,-10.22906438022348,-7.851337494934081,21.100863966354968,-74.15456424597578,-39.866924747186175,8.647589311294723e-10,2.0234711683997375e-09
994,-117.17908429728213,-43.73450176793977,-20.67089981687522,1.3405045344223485,-25.341782810574323,198.99680112831876,-64.7258329572008,66.0698484523868,2.5080405625781106,-4.675797951412659,123.35890116307291,-80.08115443459525,-35.86504174389457,1.5674288533773506e-09,6.3914313841451076e-09
995,-112.51293357216674,-38.77372182841203,-19.39308442279302,8.964700403438579,-23.764991393975148,21.15746542491439,-60.50220091470485,164.24135273795773,15.741563160982988,-2.7890984262826914,160.09319272461718,-77.85949799242552,-34.602745839036906,-9.849884463619674e-09,6.381391415288817e-09
996,-115.06365405574614,-40.39399883399532,-20.78918434810675,-2.2835224598399275,-23.67055463275515,93.03612413784373,-62.87805169428794,168.48612592457346,16.499685169516347,-3.4924814708896967,107.10766034570076,-80.29631141381016,-36.261836610852356,9.538780432194471e-09,6.347129044570465e-09
997,-136.56747026196132,-55.48783000152281,-26.836297524766522,61.32061197845087,-29.79954638672282,143.58417252519317,-77.81350274831905,255.89518282784914,-4.80557008785414,-10.54103818234418,26.840898517616235,-97.37614445054913,-48.413466170108165,7.493667908420321e-10,3.5991032376614385e-09
998,-114.72222488314941,-46.3181176179357,-22.41337300240652,-2.739362153219179,-25.19955339759212,252.17862026805068,-65.74841025366217,142.41703211578,-11.468316837303767,-9.572155845047515,23.490054645597084,-78.51945595466309,-41.38473705174817,3.643663148977794e-10,3.204914555965388e-09
999,-97.4037213905873,-38.600791452434684,-18.993224756689965,-16.272083137341962,-21.51620933537762,291.19740852754444,-56.20088329396444,64.01310673927985,-11.130052539476164,-8.079565027945893,13.299711034415969,-63.85910998814545,-36.45458534618178,-1.0999201549566351e-11,3.210340437931336e-09
1000,-96.45520950650484,-39.59903242945563,-18.859870241216218,-3.2609043674731004,-21.282096399798096,271.8572923617388,-55.58951226787214,71.4199606180713,-7.282528854160172,-8.151082556119382,5.916967744629324,-62.939402243549445,-35.77458182700109,-1.6285639503621496e-10,1.6387140533424827e-09
1001,-115.82802158965528,-47.151600429088546,-22.373039307529872,70.4801377677777,-25.233533737292444,160.25860387126448,-66.30346550851513,170.5690867953488,-5.284519051724416,-9.148376796509,12.050603063360882,-79.2694083368448,-42.766466707923065,4.423839072842384e-10,2.429892731470318e-09
1002,-127.94480971285849,-49.05537724399038,-21.932878062672227,54.50396563901816,-25.060635926436138,161.71933020474043,-67.49634254513765,74.05979150503721,21.558697977293303,-4.34857479452534,109.80842419814151,-87.57769684952788,-38.23389433456071,-1.2652492387132952e-08,4.825803756602909e-09
1003,-126.62394322799096,-40.920264263267384,-21.58490953686435,3.7966620951220933,-23.152083080046676,180.0770991552581,-66.10195534614101,33.26121742953755,24.587394448020344,1.6504105068555521,156.34946626013814,-85.68679484724467,-35.652299525005475,3.628201739047654e-09,6.3752452206244925e-09
1004,-127.42426547717862,-45.64790543063386,-22.719861091225482,-6.9810507766211325,-25.445682867129815,217.88434253009981,-68.2485490854219,68.11542621529922,33.50733568912137,2.94303646094854,98.95581479413676,-87.8606814875248,-37.07795940905692,-4.3741579247580376e-09,6.337828040159366e-09
1005,-136.56687677798232,-54.606474064318164,-26.94191222966345,66.34872265492214,-29.783247406458067,143.87272055273527,-77.75979365601232,244.63728225270825,10.417804533119503,-9.320847039841052,11.54096181978855,-97.24006223789269,-44.59827836881366,1.1083898243668955e-09,3.6257983282439454e-09
1006,-120.38839793596615,-46.79943750779145,-23.93173758948398,62.27852103851895,-26.707748737087552,223.75126600222703,-69.39653545284466,133.22245897877374,-6.914467390300082,-9.535833264793991,9.48078145072199,-84.04681919509382,-41.01205036773836,8.653273653180804e-10,3.229162715001621e-09
1007,-95.82023197343013,-35.099737875116276,-19.298471371917195,-21.853080995838475,-21.505071631401346,309.11066456734835,-55.86809569142031,41.70016546902971,-8.78206336130428,-6.651395476403926,12.392759245216094,-63.79117778708298,-34.53426308998574,1.375894953525858e-10,3.1669475930584667e-09
1008,-95.27955038755738,-34.10184314778003,-19.155902840004035,-22.18192624822268,-21.280092793711596,335.04124524004374,-55.357564692730165,19.885596712620533,-7.046336722717385,-6.316833490067467,4.155386984399841,-62.95046490131737,-35.411713687898796,-8.571987564209849e-11,3.1809248568492876e-09
1009,-114.94201045588485,-43.781029379036084,-22.954797246647605,65.74222049662579,-25.41922749717077,212.289851255506,-66.06595298651999,127.23793080574939,-4.922107425262027,-7.875917439142057,3.4112456934661815,-79.40485164537117,-43.31535415048761,-4.2280134948669e-10,2.411312038930191e-09
1010,-124.71800346594956,-42.75288947410086,-24.371408789086548,48.107074252855206,-26.503532526512302,180.09276005035233,-68.86080993488115,97.28485698187099,22.971287008793908,-6.366795571242098,74.75559905686947,-88.56643540490737,-41.07170213749206,7.883897978899768e-10,4.7355932508708065e-09
1011,-121.68031185445696,-37.03065316967385,-22.89089532540357,-11.58183150352541,-25.47124810200467,195.05656446415395,-65.93312025815678,91.11230243856751,19.00923317689654,-4.425827790307561,111.37812098821561,-87.55343528983511,-39.98889772159409,2.1236701286397874e-10,4.756650184845057e-09
1012,-122.52761038746971,-39.78769053298197,-22.58241495044576,59.200321675483806,-25.782699982396846,163.2835549071337,-68.03812111037531,107.50455686497082,10.483481117554934,-5.3750977690413375,75.47340427389803,-88.54322793039408,-43.30845613608647,3.857451247313293e-09,4.8285979659112854e-09
1013,-135.08954078603062,-46.00531571168209,-27.175917073667122,68.69701242123831,-29.891630816720063,46.973905636882044,-77.90744616986576,359.0985866197405,1.1054321673621958,-9.353080530943426,-1.9998173172830152,-97.380544010965,-51.07164439852946,7.696598913753405e-11,2.3429578277500696e-09
1014,-121.25793425722622,-39.7684421382102,-24.260393337241858,67.48883757671204,-26.707791262452886,147.1638951489452,-69.35443764588365,203.01846676756728,5.908158928801589,-6.697567553554518,-6.273574344689516,-84.14124698536465,-45.11797087653017,3.6703795558423735e-10,1.6341274999831512e-09
1015,-97.86998106185142,-32.95483504302626,-19.523837385097902,-18.37040137612302,-21.50640709765294,285.43793995496924,-56.02430580577049,58.901754460651674,8.986540028450666,-4.997893259077053,-2.8395717535011578,-63.85957553066484,-35.37942610631075,-1.3272938303998671e-10,1.5901289174280464e-09
1016,-96.4451847271846,-34.69633542102204,-19.40758997516962,-10.087193948618534,-21.277946923193774,274.74452143744287,-55.57863834214664,60.89985631505065,7.465141627558129,-4.562637346407117,-2.8078987570600273,-62.95954800819137,-35.28654590865327,9.112000043387525e-11,1.6344881004215495e-09
1017,-115.37531393798689,-44.541949961037616,-23.17005246993737,69.63528504996411,-25.28386825539948,167.7526556791987,-66.1900930212386,166.6337387648502,-8.233245550962826,-8.099431399870285,10.155744921282396,-79.41207391883925,-43.87139587089652,1.1472707228676882e-09,2.3926567394028098e-09
1018,-122.35327331465041,-31.554750515816092,-23.11796398198725,14.125194249963807,-25.40669064321703,180.50693940969404,-68.24146367703368,74.42266548110884,21.972615859785527,-1.7276787383102017,110.45630747930042,-87.55495883311455,-41.52694272434294,-7.286189429578371e-09,4.805635001048358e-09
1019,-118.62125272279663,-19.051689070889974,-21.086496166829733,2.4749093205668777,-24.084422858845187,56.284130611747834,-62.92582785210666,104.07213344176608,53.18279954932634,7.211348731977507,146.6158735309988,-85.76403018382253,-38.30747626916748,-1.7580532585270703e-09,6.366541072111431e-09
1020,-121.97684333652688,-28.03437712827595,-22.965481554765354,-9.240512999990973,-25.682725905055534,166.60312604066974,-66.5606056618697,116.52730731280099,31.373318665915214,-0.10618777615034422,92.2942225679415,-88.80460475036512,-43.42663542659092,-8.608367352280766e-10,3.2287594819990773e-09
1021,-134.38037062644443,-41.89216923398603,-27.031372582934726,67.11742584303789,-29.77717001322863,116.85307106884326,-76.96460634685285,260.97010921953097,15.361909612869141,-4.713400846906236,-0.11400909917148411,-97.11292383333596,-48.31649312782503,1.5750174497952685e-09,2.0308696946358396e-09
1022,-120.08713574306549,-37.30273789787193,-24.284741114362262,61.91368872175384,-26.671067887016846,213.41015937380712,-69.00574493135626,122.23321238039426,15.650926201282346,-5.162544320979497,-3.1173437739484178,-84.24122846570272,-43.33544251342803,9.83561676548561e-10,3.2272282624035142e-09
1023,-97.12093963793663,-32.78727865444158,-19.49817900943104,-20.91578527964936,-21.5365145115348,302.4003058483885,-56.11657826476424,35.080725880741404,9.29203674247594,-6.224856901537843,7.0970703765591,-63.97897795395574,-35.691028609563546,-2.31239027925767e-10,3.1464466587749484e-09
1024,-96.23767469029642,-34.675807659581984,-19.09898397903022,-18.157322088280168,-21.28209966209405,289.6353124058655,-55.58951546255937,48.85660876425237,3.2910805930246454,-6.854544692236502,8.717119415031727,-62.97105664794355,-35.63311627223773,-2.625029082992114e-10,3.2323907994680212e-09
1025,-115.42439496692137,-40.98400991754115,-22.606916989033493,70.70294835672178,-25.22558243368597,173.67724270287883,-65.75484568833944,137.9665913392415,-3.6543469321801445,-7.47646864973845,21.336284582761824,-79.33376961714157,-43.22273175011505,8.490133041050285e-10,2.396888021394261e-09
1026,-121.78852659159698,-28.614708075329705,-22.133897506549346,1.979184375203864,-24.32418232263841,181.61099775832866,-64.19377271859005,52.89881391039861,36.47145506995634,2.9079764335488654,113.05457307990919,-87.18231968030732,-40.685593667308396,1.1909833119716495e-09,6.361368320995098e-09
1027,-119.75228563166236,-24.724203681611037,-20.479504841069453,4.339528955091333,-22.580946586771976,144.02427935398035,-60.276059534230185,25.83739727036658,42.692028978570356,5.662481626443664,147.95631712488898,-85.29460078114106,-37.40443218765392,2.9556304070865735e-09,4.818708987386344e-09
1028,-123.2051773885554,-34.397072376418336,-22.44710496097895,-5.426051223014043,-24.24312974333196,194.7373560959254,-65.23932176092868,80.65873549783032,27.7453887861143,1.1255550496737485,99.7265697989804,-87.49874701952625,-41.53700068935204,2.663909981492907e-09,4.764572736348782e-09
1029,-135.52145232301487,-49.849196248250514,-27.04461302971454,67.7128090381741,-29.62827750717904,120.92413844006651,-76.986286690889,277.00922549600654,1.759647045365829,-7.367020703242721,5.453319045847685,-96.98542104128265,-49.476871489731195,1.6370904631912708e-09,1.9690293839857986e-09
1030,-121.1714010028174,-45.480363553784244,-24.2355669191325,65.82816443270636,-26.540367509562095,212.48680045316144,-68.98084064666209,145.2786106531233,-1.3032105006946986,-7.505870555319673,-0.35876604110712973,-84.14123962628364,-43.87594915448598,1.2637997315323446e-09,3.228733280735696e-09
1031,-98.28560228347284,-37.798005097781534,-19.58970647250527,-20.25224396332675,-21.55278525493406,306.4518547944765,-56.29175831321711,63.07569350102357,-8.391982727240356,-8.07361795914535,2.085316796818401,-64.15954391369814,-37.21761908670894,6.954223863431253e-10,1.5852528179038927e-09
1032,-97.21454898988819,-40.11642519722515,-19.301229356705154,-19.513160055449216,-21.282118444785805,289.38852790892065,-55.589534180223275,87.44024627976235,-14.21763990638677,-8.498044836638488,-0.7611819891195079,-62.985015655105684,-37.349875555235606,-2.625029082992114e-10,1.6387140533424827e-09
1033,-116.39684048394942,-47.85575482380286,-22.769049783712465,68.14790882494115,-25.141441628166387,166.68733572940434,-65.75363731678311,186.24163639480253,-16.881950464530068,-9.588802824006969,7.279307137757653,-79.33631360595604,-44.632397126471915,1.0174971976084635e-09,2.377763763661278e-09
1034,-124.46469239149037,-40.1854171248895,-21.812945339530696,44.246325938797646,-24.22540330115436,166.94410278380658,-64.5015115178316,81.44970217612412,11.778676218657791,-1.5170515050799722,102.48330082982488,-87.35169744397578,-42.8433892654843,4.2018655221909285e-10,4.740702053140922e-09
1035,-120.85227080760752,-34.0055556431196,-20.133353316360363,5.002174026757994,-22.48843100623876,184.7193513093061,-60.65835407704881,19.61746998909325,22.044536749303834,1.2944596487108313,149.7658028339654,-84.69988778150862,-39.60594186590372,2.123442754964344e-09,4.818446086574113e-09
1036,-123.06063121212125,-36.71420896668464,-21.881338125558795,57.917398396758784,-24.307327819490617,156.07134024584624,-65.49086778158211,81.52187509425161,15.175906795090082,-1.8031528866543332,93.36598062890604,-87.16213430416062,-43.63284000212067,2.3557049644296058e-09,4.79289408161776e-09
1037,-135.69221428457075,-49.131862318718085,-26.875172664260525,69.21986762228576,-29.516525134613193,62.060480596453004,-77.17091832172625,338.88943956218685,0.2364601150340894,-7.6865529605518725,3.010219768617272,-96.82937902991847,-50.51384291170051,1.65391611517407e-09,2.3812454230665026e-09
1038,-121.14295451769576,-44.531795655510656,-24.200409076675484,67.5380577583827,-26.672779046662306,151.0506627340693,-69.24533598861345,199.82361304963138,5.91339621283607,-7.117563304494032,-3.956799209071999,-84.16519187997481,-43.29290104731677,-4.999378688808065e-10,3.2256668447416814e-09
1039,-93.7327531278107,-35.99426173152772,-18.695637049834723,-21.543535339819737,-20.66765514648102,308.1325216184945,-53.60546795963705,29.003805532049498,2.579032488280743,-5.804834619250116,4.948120554496103,-60.59054672749206,-34.028788459957426,6.853042577859014e-10,3.1526870003517615e-09
1040,-92.51554863258298,-36.63969322903444,-18.533762053703622,-21.35787786485761,-20.489545513205645,301.36771195684327,-53.37869225238692,42.25935591690176,-8.118557676317907,-7.044971612301724,9.409343995287049,-59.89569909428735,-35.06206391580123,4.991420610167552e-10,3.224738254203885e-09
1041,-108.89974831790214,-43.03271684384316,-21.51526212903146,64.96484042791795,-23.951688168429456,213.72130477743684,-62.25148553125968,92.97820449215783,-8.692592307947383,-7.820227591766808,20.237938527470885,-73.97287974559957,-41.76568755689741,7.644302968401462e-10,2.4261055386887165e-09
1042,-114.3650515023953,-41.942330695075775,-19.985142582915845,-3.1277409739814312,-22.865440190578546,224.5737556046081,-59.83645314394098,21.51632607966727,18.13561449167705,1.2028906072309298,112.2620085422651,-79.41375329727148,-36.1546828734996,1.4779288903810084e-09,6.391466911281896e-09
1043,-112.74543064398516,-41.060335457040296,-18.63727939319859,7.802703215279055,-21.509977069329683,129.6618925581805,-55.204259870476136,40.701063898565195,22.895708856278567,1.0955552709681202,155.53819649912157,-76.6273408852179,-31.91049691497796,3.7000518204877153e-09,6.336634328363289e-09
1044,-115.3883963934493,-41.36999193503304,-20.234827614380137,-1.9052815619380865,-23.0376168406903,195.02517283482882,-59.51948113582448,57.73533179833718,16.041003651571117,-3.74050279549879,109.10556216174432,-79.57916597629111,-33.131806134953784,1.5540990716544911e-09,6.384510697898804e-09
1045,-137.37298094663532,-55.70486581455791,-26.768968896523663,69.03628785321459,-29.75741812610028,119.61195794967644,-77.32002121871368,277.4137005544326,-6.497149145542085,-10.343234274341972,23.252124912190727,-97.60623489638363,-47.943197913371876,1.0329586075386032e-09,3.631157596828416e-09
1046,-114.91087671212465,-45.7150389061682,-22.366168276898943,63.73832707856956,-25.096456571255228,222.71100278303243,-65.44382898275599,101.57203199939154,-7.295475947225334,-7.835096513078411,20.390283853441005,-78.54786865718582,-41.20083510886645,8.625988812127616e-10,3.2045512909917306e-09
1047,-93.59715666410835,-36.560990043641574,-17.963276336110482,-18.793292669942755,-20.568282411699883,310.0153182290899,-53.558912147574375,19.018616823641487,-6.456660221003154,-6.337116707561487,18.469020098940188,-60.34604550614138,-33.32122240963107,5.402966962719802e-10,3.213806110125006e-09
1048,-92.9229566986893,-36.441247136319554,-17.86278561033242,-14.644142500968526,-20.489549424425704,298.9473471275849,-53.27942052618552,29.184028530520745,-9.37755124615777,-6.933349911666128,17.35118617318328,-59.84289214994877,-33.68866659108178,5.987885742797516e-10,3.2248039794069427e-09
1049,-109.07148682501743,-43.20678115496217,-20.736262117806017,67.82029773329836,-23.742356200746816,220.13128161278922,-62.03791180860101,74.73537224991661,-10.925587427971394,-8.187714765900077,29.089053207258136,-73.82988744059925,-40.03801702337292,1.163016349892132e-09,2.426111866959957e-09
1050,-114.11256162102698,-36.65347644661243,-18.42967705854168,5.330936611457522,-21.870878605639202,194.2717046556306,-58.33130128695561,-1.3233044455185894,26.46034065470922,1.1113604791355052,135.41249406337053,-78.23327712567128,-33.63235980456437,2.27510099648498e-09,6.3914313841451076e-09
1051,-110.39997823630296,-29.986953156920777,-16.310091449030423,12.954679306782294,-19.635631794816334,111.28906485009034,-54.69242296296532,3.3834860436868928,33.27505338052965,1.927892037319302,175.99036416436516,-75.52976669340397,-32.2656954157118,3.6441178963286802e-09,6.3425318330700975e-09
1052,-114.41147654743791,-34.277987468102246,-18.433010090172132,1.5260436681501734,-22.486799891468802,223.04635343081026,-61.342360985444586,6.294537695044814,20.043669361597566,-1.1161688032293609,117.46832981669877,-79.47086675576526,-36.8402633602554,1.3435510481940582e-09,6.42222630631295e-09
1053,-136.38716719835045,-52.517060153778175,-26.24735798908128,71.58439670367872,-29.578419495146324,83.62753439235523,-77.50524887044652,302.97293773944415,-4.124269804006283,-8.697959249854135,24.01457893592567,-97.84652115129046,-49.29544381635882,1.4458692021435127e-09,4.017415733414964e-09
1054,-113.8517037214358,-43.01647365710472,-21.903656319058115,63.58862699304578,-24.934731147308604,215.9971667139764,-65.17313605268409,89.35508396217324,0.8207811922529112,-6.82025733466747,24.255333970982274,-78.54739026862526,-39.769644291074265,8.627125680504832e-10,3.2045228692823002e-09
1055,-97.15599714903998,-36.38846318526305,-18.749573797928043,-13.028349290881877,-21.442741246289966,294.7719622202181,-55.75601870587175,25.93508170256186,-1.7983728809314765,-6.7464077783114496,29.152811960977143,-63.95428758163484,-34.83964422881109,6.63817445456516e-10,3.2357867496557446e-09
1056,-96.63553985588128,-37.61817259654844,-18.769897644526186,-8.808480609576474,-21.278012059782025,292.0011411947554,-55.31083095101814,34.43511463755803,-8.095343855988261,-6.473229495567592,25.48735591851807,-62.961904148367225,-35.97220050280628,9.117684385273606e-11,3.2288980378325505e-09
1057,-116.16457787555812,-46.10202067697719,-22.10683988046649,77.51405742464355,-25.10543769749803,195.54964948156803,-65.94712557079131,103.6143222342427,-3.1260919140930112,-7.387177373750816,30.861875680142898,-79.13224646908004,-42.46838731978692,7.864286999392789e-10,3.97400690133054e-09
1058,-125.08760266097515,-39.67923726804905,-20.42835665684415,6.193987745102058,-24.300633838237648,199.45808242064675,-65.7105483894378,33.19774878805741,30.9960797522359,1.2863159276650762,128.87744952858992,-86.81287245476565,-37.990412823450164,1.7821548681240529e-09,6.37172803408248e-09
1059,-121.94035881427297,-30.996332530179025,-18.53256153499123,12.358130127699098,-23.248409925302944,164.02178159482543,-62.395586464408666,-4.406548153576426,35.66843721910486,3.4597752214453075,166.70976720397707,-84.23586414355256,-36.46222973068928,2.5629560695961118e-09,6.427185894608556e-09
1060,-123.40137980653745,-34.38735964377818,-20.60863400859103,11.527567824899846,-24.634752559597118,188.13560719273147,-65.6674990144439,54.93247574639235,23.917439554677735,0.11586633176244124,117.52152790250116,-86.937218812222,-40.513640638300636,3.035154350072844e-09,6.426560617001087e-09
1061,-134.75038882189085,-49.37892925302067,-26.325223154461842,71.91894799325452,-29.522097809469457,89.37695570499784,-76.65786805458211,275.7708242008002,5.54346896922494,-6.3671130470668285,25.707239751471107,-96.78719477744079,-48.52862165655119,1.79812786882394e-09,4.019280908096334e-09
1062,-120.41747970041251,-43.65943287544031,-23.46778042397672,65.75877077250189,-26.523633970889374,188.288655551542,-68.75182678418274,120.92113232379106,12.143356316717696,-5.559080617908185,27.142458612371964,-84.1019363380013,-41.77320282760539,1.3635599316330627e-09,3.2287061912938952e-09
1063,-97.57221839552228,-35.31687381614196,-18.884331402799653,-15.406383752044416,-21.490014971483724,301.3178672112724,-55.79408062208587,8.269277405020384,9.393430358722874,-4.890642936105941,27.649305187291173,-63.88644074858404,-33.38889348273058,4.0671466194908135e-10,3.2111415748659056e-09
1064,-96.82956665319631,-37.45932151940629,-18.806248352130073,-10.269516797755482,-21.27799978301377,298.50763450327565,-55.45964590544568,21.2334712997361,-0.7620271511596338,-5.7911474571972645,24.260670208634536,-62.906602507334284,-34.439699850243635,9.112000043387525e-11,3.228784350994829e-09
1065,-116.32733923378832,-45.634920682219715,-22.23231364311695,75.4722725556664,-25.204882235875445,209.3629560055925,-65.92292883614545,85.6608848046935,-3.1293816374919134,-6.656954230799274,35.133974638438865,-79.20215421022641,-41.319213253812414,4.887397153652273e-10,4.003876341585055e-09
1066,-124.84950971567454,-39.07159358744923,-21.293895071923288,4.5651902330285825,-24.80133331648536,211.98500207324093,-65.4969020960386,24.13579052768228,28.863066279562915,1.3952837918042469,128.4540553929787,-87.13870354503952,-36.746450894991156,1.8699211068451405e-09,6.383274353538582e-09
1067,-121.29316150972271,-32.664154089174424,-20.27441829251354,12.62890500671637,-23.776639647782453,155.8643253476265,-63.01236144885009,-0.016989859789399594,40.55875164673461,3.1023816086239355,169.7443952025335,-85.15778128213383,-35.70325261272762,2.0570496417349204e-09,6.364317073348502e-09
1068,-124.07011023511109,-37.81067913548812,-21.716125002632054,10.350741913635158,-25.136731489386833,194.57129643615508,-66.62016131531553,60.731312443587214,32.71857632733655,-0.33510870663247405,104.24009075584979,-87.14782605008922,-39.77527587465881,2.035505985986674e-09,6.386578377259866e-09
1069,-135.90838941755456,-51.43977053154895,-26.429043427875808,72.28448910064606,-29.606773038522636,96.47653491303834,-76.96934167332552,267.19344129098613,11.523620623068393,-7.284568257732068,24.023062639324554,-96.90641069162051,-46.956851485998946,9.213181328959763e-10,3.9486671710164956e-09
1070,-120.78520597417842,-45.20138932171182,-23.530737922851756,67.40597952386189,-26.47013568532129,187.14552834709193,-68.75688808727756,119.12910378451043,15.387872961502477,-6.1935302302757265,26.984688012005797,-84.1194557546523,-40.99582961204171,1.2936425264342688e-09,3.227071943001647e-09
1071,-97.2752702328436,-35.524474069302,-18.852184268915,-8.728128724547599,-21.515107291868777,300.99834640775896,-55.92594631680014,2.8799938428321727,6.875675499406846,-4.903621892557987,29.527207702195494,-64.00887490249595,-33.54761571808191,1.5904788597254083e-10,3.1856259852247604e-09
1072,-96.714915331557,-37.35593177985215,-18.769970333819327,-7.3750196200148865,-21.278003164102238,294.67740273975244,-55.480753981532224,26.925952122825265,-4.6852134588757455,-6.2675135249670815,24.404347044512566,-62.931477317955576,-35.14890336403613,9.117684385273606e-11,3.22878079828115e-09
1073,-115.76361522664527,-44.752305327053534,-22.461531955674744,77.8044453708171,-25.149074653035065,201.03743262850372,-65.75792229135283,100.91954811384711,-9.05278262374504,-8.046733330433248,33.53214511734654,-79.15629856079292,-43.15330722096915,6.340883373923134e-10,3.954324867549985e-09
1074,-121.73711501051483,-34.78368076034408,-21.55876357637183,7.047286067161515,-24.67466148687365,208.77232581955178,-64.4406869017512,10.309374241649836,30.927149146534536,2.664042346166773,133.06715018140073,-86.85846625813286,-38.733953740803045,1.0500116331968457e-09,6.4206204797301325e-09
1075,-118.0982157601343,-25.56480174685188,-20.22814437005261,14.153619805313433,-23.390872196842107,143.29816207796947,-61.77264161200283,-6.315680800296663,41.37549065860842,5.364123348918318,171.97803171183733,-84.84109586663521,-35.95797518200701,2.760998540907167e-09,6.376325245582848e-09
1076,-120.76461080600208,-29.045521413397317,-21.159833577783395,15.823264535017387,-24.959748055633668,176.45466473641133,-66.51689911997704,56.991622214495166,25.006908760329658,0.7338376801226693,114.79080284006801,-86.7150523561573,-40.63943536747727,2.2444623937190045e-09,6.3776681713534344e-09
1077,-134.54581497026976,-47.56931558286983,-26.34823431234038,73.80706501658317,-29.672875972707093,82.43315173922295,-76.52833861530083,275.53796766428286,8.730315042073544,-3.3502263593971926,23.606538257082335,-97.18058253815992,-48.91964932495802,1.5432419786520768e-09,3.979441665080685e-09
1078,-120.92431234279992,-44.102701480955346,-23.418005118782776,69.94796483412628,-26.477415934616392,180.19592617212317,-68.35699900157879,121.0366788036464,17.385842018373125,-3.5575116035840164,23.43008491813199,-84.12144234637236,-41.03810887684213,1.6297008187393658e-09,3.217472510641528e-09
1079,-97.55117944416799,-36.105638944293744,-18.57155139482475,-9.059738123882989,-21.40412702572918,299.41702968895834,-55.608611015780006,1.9043282913334048,9.726901647196897,-4.678975636601648,28.76577207037535,-63.84278816225793,-32.991421909585604,7.640892363269813e-10,3.184425168001326e-09
1080,-96.93290592162747,-37.61138745601004,-18.423104588103875,-4.1162568641609845,-21.278003101637196,289.6835986242693,-55.39166905610269,26.494267801959683,-5.278648622521565,-6.043893369108862,26.57358537738463,-62.948323360122494,-34.72725942806165,1.907665136968717e-10,3.2288589579820837e-09
1081,-116.08991632427241,-44.87788441444723,-22.25032730960591,82.50700190717617,-25.176575311730932,197.1009104028183,-65.80652260716657,99.94439505378679,-10.756703005956865,-8.447232083708858,35.61509085085553,-79.1776794607209,-42.584557655929046,1.2108216651540715e-09,3.95099419847611e-09
1082,-124.27635904216227,-36.06660119431103,-20.99010387990275,10.342162236532385,-24.494669127236186,210.80622019780577,-65.40677895774874,8.299460283213133,26.714249884450982,0.8434445755325802,139.62865698874077,-87.17955450006201,-38.220127396851716,1.5297700883820653e-09,6.415675102289242e-09
1083,-121.43955659381672,-32.00713125958151,-18.900226251113523,15.499180396618963,-23.211329942531993,157.4743971068516,-62.33054600704025,-8.07602050248757,34.93990272104511,1.8943222226328558,177.21058287916176,-84.6389580466757,-36.41461665649731,1.2009877536911517e-09,6.403070074156858e-09
1084,-123.74117615681236,-35.93552489798409,-20.928669958485486,26.28872056984432,-24.893440091526646,171.83377105309893,-66.7016332222536,60.29325130608791,24.468482115543132,-1.0893024227809494,118.05942413181471,-86.35702405352635,-41.296878303514134,2.616786787257297e-09,6.3785385862047406e-09
1085,-136.41323866384437,-50.879593942418346,-26.380257665796563,73.67097051945194,-29.729696237814554,64.00234187179703,-77.45820179964304,316.72794450935686,3.6804098733719766,-7.73438348989926,17.478937054432848,-97.19370742410494,-49.7715245608377,2.0297648006817326e-09,3.956555971740272e-09
1086,-121.0741704791072,-45.12320126775502,-23.700075480221116,71.45070133873449,-26.57582359725735,165.95852221717684,-68.90538483351229,152.0735194291886,9.34198175414905,-5.879972065684687,19.675337102090737,-84.15118022759836,-43.090253855321734,3.9682390706730075e-10,3.226846345683043e-09
1087,-97.25000606519735,-35.44543080908581,-19.008202460959183,-10.608414451632042,-21.5057418581997,289.78973601358757,-55.828969704629316,26.661780700106455,2.2945143564191732,-5.716164635117502,26.347375959766875,-63.92462772726193,-35.80584928654672,1.9394974515307695e-10,3.150816496599873e-09
1088,-96.45338140160261,-35.916559132483364,-18.91772232164277,-7.654356624179945,-21.278007262306268,291.0261140066774,-55.46672843244045,30.395019278094743,-3.70807231554832,-6.424592322478375,23.10202952049006,-62.96083335100239,-35.74290961120302,9.112000043387525e-11,3.228798561849544e-09
1089,-115.78045743018899,-41.363005541955495,-22.29256012555148,77.91628360567287,-25.104405642834653,191.1894115511158,-65.61485363441274,97.63647061140217,-0.10806463767168385,-6.382165108581814,31.25200078156327,-79.09872183528239,-42.2499325541718,8.146798791131005e-10,3.951485361142204e-09
1090,-123.45150333504606,-32.391197119049906,-20.94557551494959,7.270046140406266,-24.1882897845454,201.23351844186155,-64.3713752887808,-4.763944182557713,46.459209408740044,3.865684636833683,136.32997630641248,-86.92785470548962,-38.118694932876764,1.8533228285377845e-09,6.375913130796107e-09
1091,-121.09105358558737,-27.221187281728668,-18.88227955455058,15.936337829969316,-23.126152600183953,131.67651716935868,-60.09769238626386,-7.551117383684176,49.546742975298514,5.213818429383941,174.73744110960257,-84.24254957772986,-34.898825072818575,1.9404069462325424e-09,6.412022912627435e-09
1092,-124.23902370007903,-33.10975187396288,-20.619428707856716,14.344555908873259,-24.53017560653608,182.8924036492773,-65.34867013421263,49.2799728006563,27.270263974029934,1.1697892122558833,118.76661378431828,-86.44741082032971,-39.42913841097072,2.6991529011866078e-09,6.380112438364449e-09
1093,-135.94518662841386,-49.59414344541925,-26.079361626584024,75.81806105171279,-29.471190700457598,81.90447514257914,-76.16906126658628,273.549881637831,8.773683378748387,-4.499611026107814,27.397599012265427,-96.73425686540743,-48.950888620049874,2.1286723494995385e-09,3.963813721696852e-09
1094,-121.12246633082549,-45.12299383799567,-23.354685459270875,77.5212940377365,-26.409425947494263,191.45726564351511,-68.78144906122678,108.4155952591833,11.360224472917476,-5.993438525006868,27.417537679312815,-84.22702572895221,-41.160432160515114,9.311520443588961e-10,3.2134792604665563e-09
1095,-93.6605233587217,-35.57081187861501,-17.67574583314685,-2.951641064816917,-20.549972141984295,274.99763189482553,-53.607955771929745,6.299614692759097,8.647089893116519,-5.995100788317744,32.7084033593809,-60.59262667427026,-32.048362291323734,4.53894699603552e-10,3.1739730843582947e-09
1096,-92.90232153005442,-34.94453632435898,-17.741311667017627,-3.8612059769280456,-20.46129603555725,278.8140711927487,-53.421825592352924,10.934849014578687,3.0698280915488163,-5.921367248653993,28.71592930423416,-59.85361461381481,-32.42719857826095,4.992557478544768e-10,3.2247271519736387e-09
1097,-108.76717100956373,-39.476424741460775,-20.76921540146554,22.537270234669954,-23.81864919524156,253.8019900109032,-62.100706828558536,57.73912479496849,3.4182038564401265,-5.06805064652887,34.77832491560807,-73.81098603814496,-38.46370990514045,2.601154847070575e-10,3.957730143611116e-09
1098,-113.71534210435813,-27.888730435385742,-18.69143711469014,15.102117577119698,-22.229586186777585,153.1898186715647,-58.76696435683041,-5.160775955735845,46.92734504121317,5.111965610553555,135.99891446068776,-78.57535382984638,-31.301971307864118,2.174147084588185e-09,6.3669460814708145e-09
1099,-110.97554931848288,-23.090977485549228,-16.70793320692561,23.131813514289448,-20.80056209080757,78.31008715060504,-57.04642895731124,-5.646329736012538,54.293904336113066,7.171009060971184,177.1454549987907,-75.55882827310352,-30.225659922304043,2.4342625692952424e-09,6.338765956570569e-09
1100,-115.21545049736245,-30.39017149580127,-19.045184840716455,10.470672177854327,-23.000878227602435,192.35889193115628,-61.968388726087674,-0.3029623467478663,41.420576110099375,1.9338187453028657,118.76122061809339,-79.13764237004288,-35.88450100792991,1.7839738575275987e-09,6.4074967554006435e-09
1101,-137.8905509031276,-52.855555700736566,-26.468842113321514,79.43603492251074,-29.909634394710153,87.86195147601182,-77.77792566747372,275.0070755721057,6.614276714785088,-7.605637978964585,29.59373253433834,-97.82671008977829,-48.17821432336464,1.4461534192378167e-09,4.01526634163929e-09
1102,-115.09108306278964,-45.387665293949695,-22.396958868808195,70.83055812701815,-25.1517787379495,219.73939973645054,-65.3373777431718,67.36157331521345,11.43356873064261,-5.943992208665655,29.464143375530128,-78.63525423995787,-40.88513309034209,1.3164367373974528e-09,3.2051907794539147e-09
1103,-93.2953888726266,-35.49071553735721,-17.972962629469873,-3.222925888952268,-20.643590979575926,279.3594868354561,-53.70519028258728,13.62559618121022,1.610968345917488,-6.088190149624834,30.073274338039873,-60.585362076591515,-33.664999248476526,5.5365489970427006e-11,3.1739801897856523e-09
1104,-92.5175233932797,-34.07914189446057,-17.83720655086657,-2.6840617792508406,-20.489547321000373,294.8672861366083,-53.44185291195414,9.812913636617212,-9.079478593767178,-7.310165746222315,26.60683076167291,-59.84979453039518,-33.998257782372484,4.992557478544768e-10,3.2247271519736387e-09
1105,-108.68026429740365,-40.79773221783315,-20.886150629836838,63.000500630178045,-23.747788351403315,227.777890573686,-62.088775729156765,59.73529685985902,-5.7985516656506935,-7.679088883523498,32.83170704759902,-73.84155195657928,-39.8254913370369,6.586446943401825e-10,3.956781569058876e-09
1106,-112.11506886708877,-29.634232924445975,-19.29823078504011,9.133667436966174,-22.337504796508565,172.80594847693297,-58.016461631884134,-6.093613922255955,39.972271786064226,4.768164943796005,132.7419686258263,-78.46038903086021,-33.46651924040001,2.511342245270498e-09,6.3885465806379216e-09
1107,-108.69740583255822,-24.538775715385178,-18.33685340240855,13.463632376769523,-20.762553876795916,107.61027210791855,-53.77097678976392,-2.9060090057935555,43.735746992263834,6.779871178917163,164.88652853473423,-75.98297002087396,-31.480506481155047,1.7514594219392166e-09,6.396078333636979e-09
1108,-113.21310483442082,-29.231415421026544,-20.425594039721663,1.027190680611917,-22.911493937872677,194.09046160582045,-60.70107625285211,31.45427362691459,29.819584313005794,1.8547489430022743,104.77058258215808,-79.09907463473903,-37.435082566327836,1.2751115718856454e-09,4.832008571042934e-09
1109,-135.88032322277024,-45.68225931118071,-26.993173355517314,73.24059376485476,-29.926371177586237,51.39203264924798,-77.41565095069369,327.31892422490114,8.62482211868616,-4.313287704648791,8.466730169465096,-97.78108749473581,-51.05094966932332,1.1950760381296277e-09,2.408555133115442e-09
1110,-113.45560624924691,-35.12281157267594,-22.711640629282847,60.88211488665014,-25.32897352506291,218.47219122233818,-64.89562113959373,70.5205731990844,22.082801619052667,-1.5900194824052243,9.08361033549561,-78.73948011290149,-39.19713851859107,1.1771703611884732e-09,3.1980569303868833e-09
1111,-97.01504967531035,-32.658669993044505,-19.257237683713573,-17.992991217576815,-21.50646090108278,309.2216665845068,-55.71009718962894,-0.9902302100913813,12.11635847784447,-4.107371862809295,25.00574138549961,-63.84167976639654,-33.263977912240016,-3.3082869776990265e-11,3.1844322734286834e-09
1112,-96.34606281357284,-36.6009439462408,-19.085954093467144,-11.779730034205782,-21.277999942703683,319.7305386514325,-55.39412866018054,-0.19973181943968737,-2.3872360479465944,-6.739008272352774,26.91919897529928,-62.94661079562676,-33.89233116782971,9.100631359615363e-11,3.228855405268405e-09
1113,-114.74462736475911,-44.25205063264157,-22.565393234080553,77.98598786374977,-25.058588844190428,208.52013592291075,-65.51344248079509,88.00025922448789,-6.333476521322169,-8.328840982254617,33.076384312975385,-79.0536742043422,-41.73267302372326,1.1635279406618793e-09,3.950340499159211e-09
1114,-122.15018649798783,-34.17664325893427,-21.4920120241847,6.065588395880581,-23.83644222687195,207.38386708042972,-63.71522849971968,18.93526644008292,27.962775536714858,2.1741228721761665,128.0012406776645,-86.5907049972472,-38.56164343000443,1.5145360521273687e-09,6.383558570632886e-09
1115,-119.14576906466556,-28.217243359579005,-20.032667302399584,12.166530663842966,-22.23785951666548,150.92387836885717,-59.89733532826346,-5.359015534474259,41.11957406492534,6.64529258766467,164.5885054587966,-84.74477234328653,-35.80911862836694,2.096612661262043e-09,6.393406692950521e-09
1116,-122.7429276796983,-32.73887919240253,-22.462041883778337,31.997869978947268,-25.053662105858194,169.73693599850455,-66.73507214007104,61.24002876677066,25.51865491080034,0.5121677106221422,109.89860810938549,-87.00800655340312,-42.163675855794125,8.172378329618368e-10,6.368775729015397e-09
1117,-134.63581553749233,-47.08267636990318,-26.795629053812696,72.83223694039175,-29.694463986617322,59.0818335603324,-76.48294895280824,317.8078656884354,2.9827335186048174,-4.034837142230086,13.61639381520468,-96.73411791484607,-50.86057452674082,1.2478835742513184e-09,2.381217001357072e-09
1118,-119.44001963271164,-40.16907052668424,-24.207472989872276,68.37999439417896,-26.618840731145294,153.74017830449114,-68.45691866473115,160.62348757624437,19.394297279020996,-4.335590119620531,7.966046275200235,-84.14123172022752,-42.7348594104175,1.3635599316330627e-09,3.2276973316314184e-09
1119,-96.91507186088701,-34.76928601677916,-19.549478711513668,-18.52629878075461,-21.459054170567146,292.984618280763,-55.79858365139761,32.44547587475069,9.03630360460737,-5.287058697499138,15.932161584385845,-63.83783830581775,-34.25588911971514,8.899405656848103e-10,3.1632083619115292e-09
1120,-96.73399456205495,-37.687677456495194,-19.26137251055947,-15.440611632652054,-21.27800692094697,298.8859491830265,-55.47272076531401,31.39099737569039,-3.3904278132376526,-6.803942356050691,23.305545283474483,-62.97172992314143,-34.54200787454815,9.112000043387525e-11,3.2286529005887132e-09
1121,-115.89931200792343,-45.5692798493228,-22.66972168078387,76.22836946286701,-25.168837142416564,196.5635010697131,-65.76288559136096,97.48548286678563,0.8962684409879019,-8.075984463231272,33.03692603783666,-79.22906634721133,-41.83546076450466,3.993250174971763e-10,3.97463040258117e-09
1122,-123.86681452718791,-38.5236644397838,-21.65182132037985,4.676615843269156,-24.412049149077998,206.7387972387467,-65.39864117480562,19.124582397487075,35.89901733967511,0.8532834772325816,132.79809565855422,-87.23195463146764,-39.005446643419546,1.758166945364792e-09,6.3407696870854124e-09
1123,-121.13476382249476,-31.543451859602364,-20.894943872219994,9.539826089193706,-23.25556735715178,179.3218117022351,-61.66488311341542,-8.33865691918865,33.18043556844337,4.202825034158034,162.79110299120296,-84.8940596394785,-37.30967473592715,2.1650521375704557e-09,6.36432417877586e-09
1124,-124.08392348144407,-36.358312551067876,-22.90575475135866,73.67795984836657,-25.295873011403106,145.3286753768079,-68.16091094139098,64.91058434723311,17.985141688819017,-0.8180695196887767,105.04009363734974,-86.98344937011969,-42.33616121548859,1.9433628040133044e-09,3.237278889400841e-09
1125,-135.71794256546426,-49.62773690863697,-26.911197396586353,73.47161605972137,-29.66483438200772,57.91680167324977,-76.65332131926282,320.7737236219515,3.0721226567643583,-4.415862283222992,15.77117510174948,-96.77452327668283,-51.24002094032849,1.4414922588912304e-09,2.3934774162626127e-09
1126,-120.15248208571006,-43.33518976693969,-24.036799915094726,69.98047344991373,-26.527538711757213,162.9398435087949,-68.71152712564492,147.64952019329573,14.90719384204153,-4.899279953445232,19.031441464850705,-84.12506881066749,-42.7205860553149,1.2638565749512054e-09,3.2290436990933813e-09
1127,-97.16410559933114,-36.639560598426776,-19.30919743942009,-13.71350918558553,-21.391109345402214,298.6551852929197,-55.61891662088105,17.13180068556439,5.596241788876023,-5.906366763478039,26.58901552941008,-63.861067136432325,-34.36841057404747,6.644427230639849e-10,3.184389640864538e-09
1128,-97.1371392493532,-38.686733496796,-19.01613748798927,-8.524607973756336,-21.246543892031635,302.7005719010456,-55.34211349982703,20.519441946344845,-6.773291975946396,-7.214607030235532,28.87420818570227,-62.966273845209706,-35.186773551970006,9.117684385273606e-11,3.228745271144362e-09
1129,-116.32725141124166,-47.55772871737147,-22.628620013745536,80.90229698170593,-25.17009788088764,194.52481042756568,-65.80688483370669,106.9845787282622,-8.794475639883384,-8.915363193755887,34.49069942530698,-79.26518394556564,-42.436779890467754,3.993250174971763e-10,3.974228945935465e-09
1130,-124.46877882664188,-41.209861213635186,-21.83322391669973,7.8498531522188415,-24.78118682363242,210.35193180202452,-65.62393637272494,27.08179014454849,23.956178099142015,-1.118356260043823,137.72805489229182,-87.54501894272232,-40.38744566811796,1.751914169290103e-09,6.372488314809743e-09
1131,-122.08483191634005,-34.69212233506179,-20.294236201868312,13.248849551443953,-23.455380843164875,185.07555782048587,-64.64936133870653,-6.926276617941083,26.921735919466364,-0.19404994820055502,172.15407192246192,-85.1233063741321,-39.98064957756769,1.4006218407303095e-09,6.330537871690467e-09
1132,-124.15354150263215,-37.51493512858476,-22.189069041662687,67.83997971906966,-24.296217063332843,153.0378898920858,-67.25080035367687,62.003548131291275,12.244439632493423,-4.011769949653876,114.80405569191365,-86.6984720989568,-43.81510786497097,2.769866114249453e-09,4.763840877330949e-09
1133,-135.49776300678892,-49.59504956958536,-26.799067469101878,73.4375196244219,-29.55503415793671,56.414456576049304,-76.91290078063163,316.0681343226042,3.396152979356925,-5.448023419385278,23.434381180511686,-96.74945500857089,-52.19335123123164,1.2674945537582971e-09,3.975859641514035e-09
1134,-120.92218089985171,-45.04508298975394,-23.93296145280544,74.36709634871256,-26.561876179295012,152.51053481404867,-68.6392305272029,144.5540700121373,22.46081168273559,-4.906006597756863,23.683342219395577,-84.11181256047036,-43.45670383336828,6.994014256633818e-10,3.2176195041699884e-09
1135,-98.01097158064528,-38.40911354544493,-19.342689553320785,-6.899148721186194,-21.487919963375987,284.1514327470398,-55.95406561334092,34.612381144845834,9.253299817049001,-6.857132630662915,18.14240946863773,-63.965846048949196,-35.232635488480916,1.3960743672214448e-10,3.1836595582035443e-09
1136,-97.2402386233671,-40.24960422298294,-19.03629741130702,-6.858368681612779,-21.277950581555213,292.56355906196643,-55.57864200530255,39.768425466773685,-6.740936990298275,-8.197591578170343,21.89660217495525,-62.96875389100267,-36.0802026909077,9.112000043387525e-11,3.2273934635895785e-09
1137,-116.33728774437432,-47.686002377190356,-22.582948635195773,77.68591916161388,-25.098755653620096,188.90945141329715,-66.03224105572257,119.95801282103143,-9.666294687376622,-9.091155038900968,32.50239263613697,-79.24477828408244,-43.31631252157853,6.771188054699451e-10,3.953809724066559e-09
1138,-124.30371356592038,-38.89409217699143,-21.431799565857233,18.21041642711322,-24.355122766067566,187.54764646556748,-65.8168389148114,44.322555776280204,20.583446802433325,-1.0123496357162882,134.67479225342353,-86.89828120402993,-42.62665983179363,1.6493686416652054e-09,6.388113149569108e-09
1139,-121.256001293648,-35.02624791743233,-19.84997835000032,10.57702777296779,-22.741713284354148,179.50103752559326,-60.52204290191566,-5.671009826079988,29.426401777911153,1.4696786487203461,169.34866537910318,-84.29120767960437,-40.9646097926932,1.4747456589248031e-09,4.7850150508566e-09
1140,-123.2927999349004,-37.18828952426259,-22.48940743884601,58.75153450271586,-24.66132750893179,152.03676073898606,-64.69340984864927,64.83787149926698,15.752954854961143,-1.8077817413961776,112.92616608597898,-86.42490997369563,-43.747361654633124,8.375877769140061e-10,4.7747370501838304e-09
1141,-134.95654976352563,-44.701275929581236,-26.67023054452131,73.51995932917485,-29.587755674012215,51.45949253113348,-76.77497631396504,323.63210763939475,0.5440738345738341,-5.648166974957115,17.68860183107053,-96.9321370780844,-51.57314284329332,1.6262902136077173e-09,4.030216160799682e-09
1142,-119.97067025405809,-39.84415374775975,-23.733361969495917,70.85744651761777,-26.603480861358623,143.1314576253662,-68.46222587653637,153.94529092912634,24.72575472707179,-2.023681830384045,16.051980071365648,-84.08850091783457,-43.9858543710137,6.994582690822426e-10,3.218165289808894e-09
1143,-97.42632061034703,-36.486820334737686,-19.352267359940704,-10.406474761541814,-21.474760899262613,286.71449370944947,-55.872715024889374,35.34287451608188,9.080755657770014,-6.040673233872456,14.643637368296888,-63.94571624667386,-34.776012748018964,9.1313268058002e-10,3.2388491888468707e-09
1144,-96.90332363316283,-38.6448242651112,-19.168680183049144,-4.463576421387018,-21.277950398096845,282.7655030067881,-55.578641827716986,42.50376294433579,-2.6223876475510224,-7.519008750839622,19.74519296342458,-62.92768586291069,-35.908379894943025,1.907096702780109e-10,3.22863336066348e-09
1145,-115.95356851509318,-46.38414791114677,-22.64438814625411,77.1115227878831,-25.066256022337186,171.76099241066103,-65.65705384029503,132.3284796013418,-2.2170296496037993,-7.953171234280679,26.6928792718977,-79.12553148537633,-42.892727228973285,6.411369213310536e-10,3.952223437408975e-09
1146,-122.92265212468949,-35.33540045292773,-21.264836515775798,13.276220148583496,-23.6604107108018,179.7693617435323,-64.39814521872142,41.93970311499582,31.015588299554,1.0138012512156642,127.97898401838323,-86.29752592525165,-41.11468756318031,1.2239524949109182e-09,6.3494596247437585e-09
1147,-120.07257647396843,-30.099318550064847,-19.823114576962034,7.850277160315889,-22.24414571548293,174.74074409999466,-60.53097450198696,-11.060233726284661,37.36068259500602,3.903559473055106,162.48457472512763,-83.95746241181536,-38.55201203514346,1.3382077668211423e-09,4.798110353476659e-09
1148,-123.00842340072971,-31.36026860320248,-21.745358745407387,51.05800316035145,-24.045225128799434,147.0742046051265,-64.64270104079385,67.61462109578126,23.987821883157775,-0.8060543274943761,104.77868597630686,-86.48172163420821,-42.423583781665684,9.8418695415603e-10,4.804775244338089e-09
1149,-135.13206308259527,-44.0376371984752,-26.681868456921574,74.24465289061538,-29.64474521775688,37.207566003235584,-77.01734316614,339.84879175742293,7.605711577242366,-5.593401467525088,7.016374197762647,-97.0474317528115,-50.768606040548825,1.5472210179723334e-09,2.3590374098603206e-09
1150,-119.52935108003194,-39.63793977385877,-23.98329730589519,68.9015806880535,-26.618622500089685,143.16307171696133,-68.65586642027618,165.78284771535016,24.93063641141265,-3.588026716864563,6.619866685292597,-84.04823788496232,-43.33666150074461,1.0668372851796448e-09,3.204798149081256e-09
1151,-92.76179421536739,-31.539306550640813,-18.532582224210074,-17.479451181925533,-20.595601294999508,298.9839606079649,-53.60008815060465,4.819207997674651,10.092305726887789,-5.132329151173831,19.295254083620133,-60.38283951027241,-33.16673610429511,5.40353539690841e-10,3.2137599248471815e-09
1152,-92.82347942252983,-34.58149605217525,-18.432437943185345,-14.907177958759112,-20.489554442154212,292.7486083579172,-53.45353036071312,20.020697203206545,-0.18912257360366355,-5.719692250152332,22.314872375073495,-59.877347582178935,-34.610339323403664,4.991420610167552e-10,3.224728928330478e-09
1153,-108.89761063519916,-40.45641700435509,-21.38476992448114,69.26298508204621,-23.708428302811406,205.67433540436258,-62.20708843198254,77.77521235845302,-3.091974710826173,-6.6853972272403555,28.32857317581903,-73.80893248068527,-40.80048726957109,9.052314453583676e-10,4.002388420687453e-09
1154,-112.25798463657578,-26.899968216964307,-19.34613293163705,0.12714806961453956,-21.75824972631544,202.31702267070193,-59.15186774109251,-12.336152420732642,34.32518837937455,2.4109109490773863,127.934298471972,-78.15099898932198,-37.213213814218356,1.617763700778596e-09,6.344869518670748e-09
1155,-108.47533656890826,-21.96561127598944,-17.86642655714557,7.732115017508246,-20.39474010036943,118.9043729836088,-54.343805464407275,-6.881514459891525,47.83733020474455,7.127468349495553,158.08454031649484,-75.91083405104855,-33.847558330213914,1.7912498151417822e-09,6.425530330034235e-09
1156,-112.97997557060826,-24.425249095053132,-20.14810774063,-2.7576855299779934,-22.378166874764393,193.24635613927086,-59.20740892010182,29.645170932454576,34.907196734147924,3.498577364093867,98.61525202517336,-79.55130298352114,-38.46465642549708,1.3953922461951151e-09,4.821050225700674e-09
1157,-134.51079268620524,-42.76694395864573,-26.678658093423596,72.20277728829144,-29.795529290454464,28.69656898954254,-76.4751698065928,335.49617944256795,21.664098326970613,-2.6359933574348497,2.6687096568306616,-97.52242355570266,-50.34282291284564,1.2041141417284962e-09,2.353100825303045e-09
1158,-113.82654489166545,-36.448324458955774,-22.472137383449446,66.28605873931879,-25.172968194833853,183.8585088678906,-64.71974997398053,101.95203579466985,29.630398179419508,-1.4880672206396344,-0.18251588724560808,-78.83998446670078,-38.57670906945652,7.94102561485488e-10,3.183115993010688e-09
1159,-92.93774134039522,-32.32994724424034,-18.39451668474702,-21.483498393096458,-20.540793260455555,304.9391782991637,-53.47350492869548,3.5086390845508215,16.016862553032713,-4.030967090378561,11.747679604872431,-60.351791197043354,-32.669599368918036,9.576410775480326e-10,3.228496581186846e-09
1160,-92.87972762973787,-34.42892616216931,-18.364131312766137,-18.772479008258998,-20.489554348206077,296.17457005515314,-53.51924165095759,19.803707432066073,1.7568756687048042,-5.907655262063651,20.56924449572314,-59.8748863580477,-34.06779589129854,4.991420610167552e-10,3.2247875481061783e-09
1161,-109.3684845534556,-41.7197216071737,-21.36768132946549,73.18494024458646,-23.73605166227678,202.52609676402366,-62.16044623311159,79.21330362791389,-2.685393075326483,-8.121679684020018,29.24964189664148,-73.89686171766152,-41.11766263519648,1.2904024515592027e-09,3.970635598093963e-09
1162,-113.61947401862334,-35.919192903249495,-19.366955091846513,4.383297445448347,-21.685151148621173,205.5967296537533,-58.44888966466227,-12.741322690071534,37.120567572691634,0.5903830789452694,128.71040066639478,-78.36542127868718,-36.25497155630397,1.5920704754535109e-09,6.3701151020723046e-09
1163,-111.269572886587,-35.164367190287,-17.96432286344378,10.411311725019916,-20.184595934713492,135.29919172335713,-55.65228238065292,-9.540428807575275,47.17510051010264,3.975511475434204,162.6899254999774,-76.17942983495533,-33.59604097135073,1.239413904841058e-09,6.42184261323564e-09
1164,-114.91110032425239,-35.856950559610915,-20.359151296506706,-0.8586746795080211,-23.10381972781816,204.7682599564185,-60.576309690708406,25.653781789648075,37.54217181084971,0.7817805397642819,104.66530764210864,-79.61372947920003,-38.13156591625344,2.0617676455003675e-09,6.393399587523163e-09
1165,-136.0665818941509,-51.555065554610216,-26.86725023520981,71.67586898837848,-29.773469809860025,53.038536382410555,-77.68114672389906,327.54217296804705,13.626853593452127,-6.336759700255599,9.129379939494816,-97.94378493691777,-48.78875297873049,1.2032046470267233e-09,4.009881315880648e-09
1166,-113.58947830798876,-40.664416913771156,-22.46293461503541,66.57532284916422,-25.181638363936607,197.43334454121555,-65.64246137708768,99.53061445384371,13.636645665608409,-5.780815517472004,15.404315195009806,-79.07397596497937,-40.18452160943399,1.377372882416239e-09,3.2310829567450128e-09
1167,-96.68077320625851,-34.15202045644696,-19.061042946436853,-17.610289131812788,-21.49121451833028,290.58097116334835,-55.87717721751507,24.469683848001853,3.9700483819621204,-5.720679885513524,30.193838617077752,-63.94270168819628,-34.678642926259954,3.92901711165905e-10,3.2249758419311547e-09
1168,-96.02759798688444,-35.26513964469045,-18.959464139358854,-7.972923282679983,-21.277933682648104,287.3743458783369,-55.457316842245085,28.021647242646672,-2.0430055720029037,-6.848445386285682,26.588614968528468,-63.05448167725656,-35.07829984587765,9.106315701501444e-11,3.229352785183437e-09
1169,-114.7885402392553,-44.83408638662064,-22.490067177207003,80.44710281232163,-25.16047995649689,179.70557788293425,-65.88117874663921,114.43499621770616,-3.9029051399295613,-8.711923309300605,33.18568219019013,-79.27089501640177,-42.7332830907896,4.886828719463665e-10,4.004071740837389e-09
1170,-123.54275136727172,-40.049889258138755,-21.255811194661664,11.001030802247143,-24.713713428035312,196.10822288448162,-65.71533392217776,35.25032751145282,30.52092317824606,0.6365139053209365,129.1454505464049,-87.4222727780108,-39.96269681278173,2.011347532970831e-09,6.342432357087091e-09
1171,-121.67431816629549,-34.19697103659224,-20.060164831344345,11.860949751313811,-23.31289427412158,172.9696894564397,-62.76984710501827,-5.656753635298007,36.022965413100415,3.106609393756684,166.2797540227248,-85.31805540413309,-37.25096351855298,1.6610783859505318e-09,6.422709475373267e-09
1172,-123.35516193309714,-38.3436191208598,-22.003186618185946,59.011023364493845,-24.692087151710016,152.88548201935623,-65.9692567223463,63.51913620728388,22.292582380154172,-0.37344755830955845,105.86578116663958,-87.21568158178563,-41.621564386709295,1.7810179997468367e-09,6.3918612625002424e-09
1173,-135.52671477498367,-50.111626412205766,-26.589224818811815,74.61805867572016,-29.479333814739157,64.45122313587574,-76.51419970575799,300.88538573154494,8.355157147036103,-5.675787788041598,20.944352568855532,-96.83680112626179,-48.52048877493123,1.2674945537582971e-09,3.9760230663432594e-09
1174,-120.73330987639821,-44.648089686556034,-23.5287781260594,75.47344505701541,-26.378726885895077,161.48764617946065,-68.67286452192954,137.57369824710437,17.840499477004634,-4.571454284283831,21.51264340057915,-84.21127361523442,-41.14343532103734,1.728210463625146e-09,3.214289279185323e-09
1175,-97.79322608524365,-38.592198312625904,-18.458734181928417,-8.905801340492088,-21.365329113413864,285.27573193907057,-55.847170779959974,22.464196290590404,6.23565805743108,-5.531209551920775,29.96970332249615,-63.928954263652656,-33.52266593844542,7.225935405585915e-10,3.2289193541146233e-09
1176,-96.7210589713331,-39.69405180972068,-18.646231406366887,-0.5908247413629732,-21.27793581661398,281.50079254994495,-55.57862731609376,37.50660226823726,-8.622930083553978,-6.935520011449956,26.701926660890017,-62.915477598222104,-34.72666368819862,1.908233571157325e-10,3.2280098594128503e-09
1177,-116.05206191287951,-47.380065324269886,-22.25232027433355,85.10336641824505,-25.186580472394564,172.822658985143,-65.89345485013018,129.859246452109,-14.24301076968439,-8.213608680158051,33.73346953837049,-79.24831229137061,-43.04932677756118,1.0082885637530126e-09,3.972596474000056e-09
1178,-124.34336594404154,-40.21766952852846,-20.980548506192914,29.243319062584824,-24.61568661483557,184.52353207447572,-66.09688748530992,46.42558910793241,15.637250442137407,-1.1008943333369898,128.18894981817752,-87.45141173785348,-39.21217628625085,2.1807409211760387e-09,6.3712377595948055e-09
1179,-121.75361012273495,-34.997073770213866,-19.888306337939465,16.062575706388568,-23.36407516234712,174.56398159519784,-62.992234514482526,-9.098359872766935,28.683422030333215,0.8431735686561671,173.7273510205937,-84.87717872631134,-36.90966534347156,2.1216237655607983e-09,6.33707486485946e-09
1180,-123.7816409797873,-38.08334872972272,-21.148439926069624,33.626353854596076,-24.38465568344503,163.36274019878803,-64.73450269036,56.16455745940346,23.499703405034452,-0.8881979522044706,122.8662018637931,-86.88492607999099,-39.61384466998834,1.947000782820396e-09,6.4156822077166e-09
1181,-136.50061941190035,-50.20843858813356,-26.32481830756669,76.10547618475955,-29.556037405081597,60.47089804315827,-76.97199096122196,305.8436990993441,-1.3014324601242453,-7.487343741663393,32.30785537427874,-97.02047558493777,-49.356772195245505,1.3333760762179736e-09,4.02992661463486e-09
1182,-121.41965013989712,-44.49571445351956,-23.470079548447245,81.27205293674442,-26.505339790614467,147.3739192222394,-68.86627800552425,149.4198767473847,8.46028783422572,-5.3702212270180425,31.3277437921858,-84.11550537352356,-43.61109194879053,1.2936425264342688e-09,3.22753734849357e-09
1183,-97.67412698197923,-37.27312658849531,-18.679560622758032,-0.23702027277978927,-21.441776849742556,276.61168208682454,-55.81530727985255,24.998515985095334,4.625821837139653,-6.704510841968178,30.19616018990543,-63.872581819431915,-34.734168803080756,6.131131158326752e-10,3.188283415056503e-09
1184,-96.8264270273264,-39.41452222660128,-18.605553797807573,1.1237297886700655,-21.219553286952202,272.7837450610899,-55.497499504676746,39.22715951095103,-1.1171308283866614,-7.748557998530438,25.028222863154024,-62.95288325646496,-34.780729267936266,9.112000043387525e-11,3.2284539486227004e-09
1185,-116.3887075074963,-48.41791249984204,-22.289115282712203,81.5039786945106,-25.160092306606124,157.5215094945117,-65.88111903566461,143.5811750733008,-3.7994260462463756,-8.139965998249288,29.88230227240071,-80.0371588786325,-42.375467936678746,3.993250174971763e-10,3.9748053737298505e-09
1186,-124.71216608026086,-43.20808823931199,-21.083454865846505,40.559027817734204,-24.569443035702392,167.33641608895084,-64.87142245397037,51.29481801940503,15.678224741602877,-0.8632204360885695,133.32923820702882,-88.20697030913117,-40.6829593917915,6.177742761792615e-10,6.38402042341113e-09
1187,-120.60536777520565,-37.46904770253785,-19.13675512482075,13.454476986841277,-22.095780265368287,183.56897203224023,-59.73410574754695,-6.5398094044135116,18.31275094911984,-0.956447136947619,174.3348778752798,-85.38943813053646,-37.744326490563765,2.353317540837452e-09,6.354454740176152e-09
1188,-123.41704717125889,-40.74041196135636,-21.51081936205456,75.4105428841529,-24.07924072660587,147.33858563580975,-64.84895599647868,51.56367841556751,15.414128599079664,-5.108160138994306,117.98931241339861,-87.25168308876715,-40.759929435736254,2.8491058401414193e-09,6.418360953830415e-09
1189,-136.07378374418366,-50.67744742694473,-26.397800235343652,73.84366522215988,-29.39220620042152,69.22953901681414,-76.75932103000385,294.97447986243543,8.448407380301912,-6.634134909056628,25.52585669000227,-98.33649455023718,-47.7507600351167,1.1850715964101255e-09,3.62993191060923e-09
1190,-120.98992508345728,-45.05139530954531,-23.63280546191817,75.58593419755552,-26.371606382238237,169.861150345218,-68.54015866879422,138.67064631489038,3.790026062394009,-6.088742260166881,31.464926018580975,-85.51006346532641,-43.187986260152364,1.2936993698531296e-09,6.408917840872164e-09
1191,-97.14902076323347,-35.40555627209549,-18.950921941911854,-5.186358889937232,-21.4020354324953,285.29767694161893,-55.75154325979528,23.435446841016915,1.1268771988838882,-5.942129152661197,31.130917502719104,-65.67884675546672,-35.52450598349591,8.899405656848103e-10,3.161680695029645e-09
1192,-96.42400373654326,-37.27590116108413,-18.84368010496194,-2.4245742262735335,-21.27793528571606,282.152454295618,-55.41307728749383,36.399311551666685,-5.606597651381071,-6.515146003581001,26.130136568351055,-64.92824974235972,-35.97273718546529,9.117684385273606e-11,3.2284326323406276e-09
1193,-115.95422643318493,-44.84738700795239,-22.323107853080735,78.66279908961722,-25.0925562715856,171.41647457693756,-65.55199576422837,125.68882428736443,-1.7169627405583585,-6.910346506232947,30.729369663269267,-81.17656121777492,-42.924323787073305,1.193200205307221e-09,3.95120203222632e-09
1194,-128.9344280872867,-41.50150618592675,-21.327953174224348,17.417668322319276,-23.93337369895034,184.671010935597,-64.07786396535587,38.53268546312659,32.63637946052579,4.049234293425863,130.84886523822993,-88.9553677993753,-39.425350736123384,1.7537331586936489e-09,6.376097871907405e-09
1195,-127.5163903702329,-41.33844847369559,-19.770440025748485,11.539395094419595,-23.596152788211164,188.9895085291917,-63.00234622655244,-7.810083275149591,34.913644914230986,5.345722217402458,163.01472606632575,-84.78201873856598,-35.98711685442141,2.724277692323085e-09,6.346780878629943e-09
1196,-127.56408650707878,-49.29418975123545,-21.503118056469628,51.97263370092884,-25.273527398228243,168.0720811608086,-69.10561295448515,51.27816121529713,29.022701729167895,3.8273380220344326,113.80708674792359,-87.04045478194547,-38.19901305956234,2.8178988031868357e-09,6.398707341759291e-09
1197,-137.16782702524782,-56.91682350936699,-26.29478935108573,73.74340769885316,-29.51448305392683,99.14298319206034,-78.04669182047124,259.4482983771242,13.576453939641091,-6.368198133652368,29.05675692407522,-97.23773511554151,-43.42135208522419,1.6868852981133386e-09,3.563073391887883e-09
1198,-121.43625928418516,-47.69632376828012,-23.510138484686717,72.23386889564367,-26.57937827988906,183.15690545688835,-69.40626084484116,127.08910033328944,6.631315834454615,-8.687150353068722,33.788543603182205,-84.83428161265003,-40.749941456552065,1.3635030882142019e-09,3.228315392789227e-09
1199,-97.67740994556651,-38.175448664974894,-19.01594416007259,-1.9877095681045494,-21.537881462462103,285.44833681070617,-56.05047650768732,30.725011937836058,-2.237603102255663,-7.546879366435565,29.47542353524271,-66.08533733154968,-35.334082137144016,4.346247806097381e-10,3.2293243634740065e-09
1200,-96.89186810570487,-40.0106375987335,-18.912559934479965,3.0634379862274885,-21.277950012656444,278.89012561987266,-55.45667629561037,39.672849259603964,-5.616663622695811,-7.522336513726649,23.521505102465287,-65.07163932970106,-34.387586522890516,9.112000043387525e-11,3.2296227914230258e-09
1201,-116.37086766557499,-48.758893299446456,-22.462197045997915,77.06467038719596,-25.209070997177022,169.47640313344766,-65.94557607756315,139.769843041463,-5.8446701826601775,-9.176759201934413,30.75491861382674,-81.66323502591477,-41.63456564225176,3.992681740783155e-10,3.973752882302506e-09
1202,-125.42870489793138,-41.04423631686783,-21.685579834126248,23.072864007309423,-25.041214582246596,183.45537402441778,-65.08009700935202,45.32302114267389,23.945682870342875,-0.768040871687358,130.9194775616353,-88.98763854444783,-38.68090748610847,8.89713192009367e-09,6.330751034511195e-09
1203,-122.23670518910444,-32.516721100739545,-20.312294016942804,8.16943668424791,-23.030701990245415,187.2939800896204,-63.62442788324068,-13.696897228184277,31.735768048947616,2.465021135125084,167.7002606038863,-85.49566092219837,-36.451058163266964,2.3489974410040304e-09,6.415774578272249e-09
1204,-124.83417798740182,-38.87608156287782,-21.44552089077675,31.266916630859114,-24.783815176660752,179.29738617609536,-67.6253546823025,62.535656884488006,22.984176668778947,-1.4365751924077061,109.70446191278789,-87.87467775876235,-38.91239495195479,2.322735781490337e-09,6.370996175064647e-09
1205,-136.40096509681084,-53.68865564796123,-26.59043393636017,72.51625042882807,-29.607200571831747,64.25870621088558,-77.40316213986931,311.1190548051983,5.042630680223545,-7.897062573265505,24.434894135576464,-97.77903752043441,-48.00501873147927,1.340652033832157e-09,3.9350638303403684e-09
1206,-121.61559122872968,-47.903528432347386,-23.775097222204487,73.61689495086534,-26.548988791464094,149.48100016586466,-68.889549130677,161.5665050866454,10.922088483324432,-6.630764924371911,28.922199226409365,-86.66735206164329,-42.477816083959674,1.3635599316330627e-09,3.229015277383951e-09
1207,-93.9709411531268,-37.440493810711175,-18.137305143460292,-6.4876527060740345,-20.526663558376168,293.2987419262636,-53.441899577992295,6.687094668789611,2.2680761179958813,-6.4739665439539,29.941214328327533,-62.682329761060835,-33.0338747496378,8.543565854779445e-11,3.2349021239497233e-09
1208,-93.06618312229203,-37.50855999149289,-18.099476918132535,-6.845815626861473,-20.35421239281806,286.7505492723874,-53.163309393536686,22.06417639421131,-2.281363946088169,-6.917977279669281,25.280492216222342,-62.39062963459382,-33.46768954741058,2.725073500187136e-10,3.197195397319774e-09
1209,-109.34561875675085,-44.10484177303122,-21.03128121184818,76.77649354347676,-23.59654527782957,203.83721399776036,-61.74596167188017,73.09946076612506,-1.2100632152885724,-7.735530657768346,31.061102320850203,-76.277073282235,-39.72735474717665,3.8539837987627834e-10,3.968677830812339e-09
1210,-115.24987701550978,-33.01347799702526,-19.267233542218168,4.994471158494613,-22.072243958103687,213.13059928918412,-58.886193999623934,-15.836751570149145,34.91253930723388,1.0832120916871655,126.68795623598841,-81.21174635482755,-35.27125357556689,1.9090293790213764e-09,6.3715219766891096e-09
1211,-110.99163004782878,-27.3897738705017,-17.3637491998925,11.07877907910653,-19.586717300902976,131.25292415547688,-53.73334306811197,-13.980247304722695,45.33790043158255,4.5179688401749205,160.56548047276425,-78.1492289294137,-31.558363189789635,2.513161234674044e-09,6.412520292542467e-09
1212,-114.84992505712049,-31.798966134872373,-19.29503982854784,-1.624601040060203,-21.653866538536644,207.26858178594097,-59.74450154875,15.443931154905465,33.609132552413065,1.101555058985549,108.48084736196417,-81.59732689550385,-35.33982080411462,2.324213710380718e-09,6.376744465796946e-09
1213,-135.87851558449486,-50.61768545251763,-26.24704540588235,73.29508283717796,-29.323283862058574,57.56394857213957,-76.0748154333534,303.24035542426833,14.41229347125474,-4.388143239107168,21.67282087929915,-99.75101447471904,-47.90399768851125,1.704222540865885e-09,4.018277266482073e-09
1214,-120.60806026872659,-45.55661904762981,-23.5292657910154,73.64610450137276,-26.350384642536223,152.66028528799444,-68.42209001475882,141.41613579086524,23.1383492825003,-5.093146365593994,26.57863753265985,-86.86601652837635,-41.013929693723036,2.1351524992496707e-09,3.1590374760526174e-09
1215,-93.37074534595988,-34.89375293998909,-17.94713657198862,-4.448630558565368,-20.502631871365786,286.5868001400071,-53.292096045268934,-6.107078532321034,13.734714506420884,-5.1839704144821415,30.62117461496342,-63.47968912073857,-31.716957825375854,7.206040208984632e-10,3.205556708962831e-09
1216,-93.11368732587363,-38.17683594177682,-18.04766090259274,-4.842830262372905,-20.380245620792458,301.4176880323897,-53.11803938708136,1.2904205787527114,-0.30736523278527683,-6.799445969573465,28.035449303644327,-62.88663568416075,-33.07081155346362,2.725073500187136e-10,3.19711901397568e-09
1217,-110.68944188617485,-46.538431596016956,-21.25895060995555,81.25116697099082,-23.855394562795222,199.12378694869753,-62.45146527182602,84.24318808887278,-6.595244024740868,-8.338853644855536,33.384534602993234,-77.71071676001363,-40.56417821701625,8.935217010730412e-10,3.981913465622711e-09
1218,-114.45435063177251,-37.57014942564695,-19.131608036050874,8.74117290884761,-21.702839677993506,219.39113670534826,-58.75922776438718,-13.990951476752212,24.03738058688904,-0.32578920728731936,131.54559733256872,-81.94182622168805,-35.83854502727423,4.928324415232055e-10,6.331234203571512e-09
1219,-110.26451349941,-28.311844414288064,-16.977641179062935,16.297727233522608,-19.903522795794657,121.84103693506108,-53.3360946004623,-13.388979059754444,37.67279054374155,4.164856421128381,172.85920308458816,-77.56495400587707,-33.0880645874723,1.5851355783524923e-09,9.573284387442982e-09
1220,-113.35958916590452,-28.241518722289026,-19.570768584761073,1.2132156796850653,-21.941108488000218,198.4790143426001,-58.531565437354395,15.39021749426645,30.455605047525435,1.6396408680774806,111.22993116859959,-79.67547014869662,-37.087603984931015,2.5863755581667647e-09,6.377121053446899e-09
1221,-134.28981391272,-47.84369448415744,-26.34508303010446,73.05597679183204,-29.39441368469678,52.624003672272806,-75.77488911766675,305.789054691783,11.988464688823083,-2.266513476769176,20.45633744628101,-99.1530005464164,-48.84642899128138,1.9667254491650965e-09,4.005533682516216e-09
1222,-120.23143055068705,-43.820052416709395,-23.721282937710036,73.00143216038221,-26.443116460313057,148.32154512410585,-68.2684475257749,138.90696987149653,29.040650653990834,-2.394151099440148,24.64048086080637,-88.01900500413976,-41.01359263311684,1.8222294784209225e-09,3.181305885391339e-09
1223,-97.18159361012927,-35.28047588456668,-18.793724831413797,-9.015575544287742,-21.3448185991239,283.90794320832816,-55.58766996444882,13.637436326138582,15.439568494181277,-4.217484386376381,29.13354477786302,-67.41917089638082,-33.27797905197247,7.153744263632689e-10,3.140236515264405e-09
1224,-96.81125786479086,-37.78812333357449,-18.918620787059893,-8.884042224845926,-21.241018923163175,291.98234874571557,-55.3445822886287,25.26138243352877,0.7058636921833137,-5.631124597941358,27.760675191038672,-66.01566514140339,-35.075834868684275,9.112000043387525e-11,3.2293101526192913e-09
1225,-116.03132135533963,-46.14751228124482,-22.499494213222317,79.48496507116543,-25.20084177893036,176.61873572923795,-65.76655531931564,127.52752511235248,-7.675637143498321,-8.252581172065359,32.594659462029135,-82.7487132766083,-41.90322879972692,2.5221424948540516e-10,3.953356753072512e-09
1226,-123.21102830761357,-36.69887379279088,-21.618404306524884,23.14221273618058,-24.89763494108228,179.193157081924,-65.06568746563586,43.524670766247986,26.717959728326324,0.7138606177673344,127.90785801610768,-90.39828007435783,-39.30980998996081,1.3924363884143531e-09,6.366704496940656e-09
1227,-120.9634399047408,-30.84457526969023,-20.670848227262987,4.800099558749914,-23.552703191169243,182.71948984618132,-60.408009968371445,-13.091670332008222,42.818863286074304,5.619088926238785,155.9413405114303,-86.19735383284251,-36.17028133982998,7.996732165338472e-10,6.392454565684602e-09
1228,-123.40528085030662,-32.029559779209436,-22.273583807678413,47.15521789894879,-25.320665329292805,155.34496997147562,-64.63229660918967,54.28493848621359,35.92215149810868,3.0167200896784294,99.2286665736536,-87.45879965437169,-39.832478419864955,2.241904439870268e-09,6.356195569878764e-09
1229,-135.0447556894788,-46.1954215510244,-26.61861415539227,70.96852562562512,-29.64203448687125,51.36797683896504,-75.8970729020337,298.92529825093595,27.252930448362843,-1.447935874113966,14.78666664351035,-100.18644259924196,-48.269120503380265,1.2474856703192927e-09,3.963055217326428e-09
1230,-120.34489543641914,-41.534995197907485,-24.00388324387462,68.44273115735326,-26.48296612831193,166.10973940804223,-68.34382245938207,125.01288540336218,27.775776971317764,-2.6328352641504558,24.0997101773887,-88.23508872090993,-39.862356628086324,6.279492481553461e-10,3.1830040825298056e-09
1231,-97.41042900953207,-34.29782944751267,-19.031092903160662,-13.702319695687413,-21.338866820438582,309.43532581728937,-55.48825080002807,-15.159818134611271,17.567013525468045,-3.161842285440428,32.54437049417244,-67.76570791188526,-32.190552790927555,1.439275365555659e-09,3.2187870147026842e-09
1232,-96.76977048406776,-36.664591723542834,-18.832370643415473,-10.481132110280523,-21.2780027870874,299.54751235812324,-55.4056549622707,11.356199393308938,4.327227348462272,-5.697419334744743,28.859791439109888,-66.63179141840105,-32.329997037439256,1.908233571157325e-10,3.2288411944136897e-09
1233,-115.6441509867816,-45.29347078921929,-22.31470300672553,80.96507326199595,-25.14789587668057,190.1926036095123,-65.78184644152813,98.81267643584432,0.739790059889115,-7.561820170099191,34.53063609791545,-82.87686811740846,-40.62002403242805,1.2158238860138226e-09,3.949374161038577e-09
1234,-122.935768680749,-35.06678119071308,-21.2553676504533,7.276835094445785,-24.060710105095517,199.5170039564782,-64.10160448739636,9.567581807078433,41.94286376985618,4.381479791827144,133.06175384958036,-91.45720799393423,-36.87007809204634,2.0120296539971605e-09,6.4063385707413545e-09
1235,-119.89686908365331,-27.56554886223829,-20.17576090240327,13.018262998328984,-23.57273570537524,165.22203051326744,-61.634850982049905,-18.622503063995378,45.39907462671966,3.8153696385708007,166.43563607605367,-87.96556434872626,-34.456540838432154,1.0720668797148392e-09,6.334346380754141e-09
1236,-122.01471638589155,-31.71770576936754,-21.85636003916639,73.82318180383287,-24.836736198170627,136.13272489398847,-66.91792591496052,48.9402958716359,32.19341417323327,-0.7750050092120326,106.64434641397455,-89.53772829944543,-40.07778547724026,1.115665781981079e-09,4.759062477432963e-09
1237,-134.49868165460273,-45.57381025466351,-26.557707416562067,73.63835031877946,-29.634881986624432,56.31189958767677,-76.2421197396413,301.3524397652663,15.311266357938832,-3.559978005528809,17.802616622475508,-100.84385588626,-47.50553766689164,1.712862740532728e-09,3.5650131735565083e-09
1238,-120.11427279601985,-41.1753299587589,-23.974569513655737,72.07143301911096,-26.560025147242843,155.41591270778918,-68.39308392210519,141.51447017438957,18.77520896039762,-3.278522468421934,26.185392325210316,-88.771260272539,-41.6953530697332,1.425064510840457e-09,3.183032504239236e-09
1239,-97.12994167022558,-35.99542624338724,-19.1763957665709,-10.302968880764862,-21.407267955693566,284.72477137881907,-55.62562027119904,24.749122111648525,7.288547855352161,-5.6706972554127715,30.494183496374703,-68.39371803235633,-33.55458873106729,5.424567461886909e-10,3.2185667464545986e-09
1240,-96.66052817949169,-38.59545286570986,-19.085595076944315,-10.916447884530209,-21.277949481142855,291.32485466889017,-55.40739470267982,30.90241230719941,0.8257093806365483,-6.46593020755607,26.444307533738222,-67.1116759164796,-33.9763095447535,9.112000043387525e-11,3.22851434475524e-09
1241,-115.16181409131987,-45.31165737630529,-22.611752221590383,72.01926019399447,-25.14117610463341,189.3175528525883,-65.76351446111434,114.67404518681057,-0.633446890994212,-7.202235781289436,29.44109453554389,-83.32402478644968,-40.30233101573476,8.147367225319613e-10,3.952926874717377e-09
1242,-122.11143818424492,-31.039712940203966,-21.595162734570824,5.532342523836555,-24.757243399443023,198.34792686771613,-65.41767550186691,32.02526024254266,39.855487589012526,4.760234310528623,113.83413046991423,-91.58023054918829,-37.85391862734917,1.6400690583395772e-08,9.569205872139719e-09
1243,-120.72247186948435,-22.918233924901752,-20.30994449798761,0.21835462356838586,-23.69673345718931,171.85751047699026,-63.88816354326203,0.9383612277556422,55.34825287540409,6.559708981972299,142.53368108906315,-87.5358389005996,-38.3844830164165,-2.8869635571027175e-09,6.34992858294936e-09
1244,-122.15472306954835,-26.507763951762012,-22.270663038536693,77.79199173159705,-25.00689116190322,126.72233513976143,-67.39275936845144,54.066269288057065,40.396218613725296,1.5581369396574127,94.83051891723795,-89.70534956494653,-42.32732041543109,1.4899796951794997e-09,4.7392809676694014e-09
1245,-133.7224810769534,-44.79146740794859,-26.712933951433467,70.55599271958,-29.751497261767934,39.662857838799965,-76.87452842421945,328.1020059035859,19.417056314950845,-3.4603150186176803,5.8953748700038995,-98.47420539795547,-49.845859069235416,9.2791196948383e-10,1.9856489785752274e-09
1246,-119.17277184888941,-39.196927234556526,-23.96151454569516,68.09037552804888,-26.702355156998777,135.80115571707066,-68.58721190852108,170.23004821488215,29.46035216592328,-2.6122515419481807,6.116526993328683,-87.8534840232825,-41.61194232672307,5.283595783112105e-10,3.1825120316852917e-09
1247,-96.5519282127593,-31.13822493404887,-19.251592004162166,-19.02768629087514,-21.424180453283803,286.166578049155,-55.38729289648037,26.41268153662582,14.439147130226955,-3.618234733260948,21.4042483827901,-68.8043228138293,-33.219192727928146,1.1783640729845501e-10,3.1669955546931305e-09
1248,-95.69751561842152,-33.56916538748367,-19.125098267182395,-6.101265641568155,-21.27795065088856,278.1307799109077,-55.153054884892526,38.312890788065175,1.2925947630053016,-5.201268181433434,20.691669248411795,-67.86582683522305,-34.436789215312004,9.112000043387525e-11,3.2292390983457153e-09
1249,-114.67872464674765,-42.046428709888595,-22.66844881395758,73.27851502474142,-25.174407291436793,166.55525760005824,-65.90486727565121,140.8401900672292,-0.4989106384916901,-7.446170135772244,24.18770945086751,-84.27251086534359,-42.17120372638761,2.523279363231268e-10,3.954918170734345e-09
1250,-121.80385891022945,-28.248056786181863,-21.542841277779434,25.26548060971131,-24.272676647443237,165.48007432715562,-66.24755030776758,43.72269043726246,46.23645045994923,3.947455144365894,110.6290943055846,-92.21496517585638,-40.9512961142818,3.469153853075113e-09,6.3812990447331686e-09
1251,-117.58835805066091,-18.72071610893437,-19.993757525602494,1.6970434329801252,-22.65479107655977,142.48357414576532,-62.82284482204411,17.434908461214064,57.0221817421542,8.266513035113224,144.82334246152507,-88.1221687746296,-41.82492686206512,2.707247404032387e-08,4.8003272468122304e-09
1252,-119.49660592536581,-24.251550477956346,-21.98620291021318,59.89562201304084,-23.98756639721469,159.92197436682503,-65.34396332254293,46.86473226380526,30.535396512538068,1.7668191022265165,91.3030498815375,-89.71618913513744,-45.505515913645276,5.726803919969825e-09,3.1784370690957076e-09
1253,-131.65429759658005,-40.430390140262105,-26.740515985049864,69.25339331884341,-29.592390950271373,67.38421143552259,-76.56270570159985,303.48343107663356,11.589471508083301,-3.6391041592540554,8.482460055048586,-99.13638469321225,-52.43717813288193,1.2710188457276672e-09,1.987608300169086e-09
1254,-117.75950262971362,-34.33946782736287,-24.0027962233677,67.65127921402481,-26.70850281886733,127.93979825315138,-68.2873707864951,168.59484844981634,30.773017963970613,-0.8811496811153781,4.696699499628579,-84.14401270434273,-43.53284067234064,7.610196917084977e-10,3.1836524527761867e-09
1255,-95.98150177218237,-30.19210809868076,-19.48399509815471,-4.45474846986012,-21.47732064227096,266.44374190338414,-55.62242828427353,42.991832962685514,19.427720056321675,-3.6940535118676427,1.557015184360609,-66.07790290293306,-33.43625129868281,3.1678837331128307e-10,3.1401548028497928e-09
1256,-95.16344337773165,-33.30460126009422,-19.30331613055633,8.751025946601963,-21.277950669720322,272.9741392488311,-55.4246561796738,41.968475613310005,5.422027054147731,-5.568080289576043,3.937322355728485,-68.26575788584817,-34.745184401020296,9.112000043387525e-11,3.228748823858041e-09
1257,-114.48154768563455,-40.3304196483719,-22.734314386073095,71.0191930611268,-25.11553605439797,162.14176726051008,-65.57684907943408,152.30717454622555,1.5026214120014607,-6.951846708612012,15.351980425402264,-84.90426171840011,-42.22796138802949,1.2066720955772325e-09,3.951281968284093e-09
1258,-120.88837143221913,-25.544530993691094,-21.648816310911094,21.82820878586964,-23.833663078626213,157.0511090356893,-63.72946607823758,51.534407075419885,54.557664624264675,6.116710573493407,96.74268133803336,-91.14521845198661,-41.04071502977719,1.1086740414611995e-09,6.398600760348927e-09
1259,-116.7980309068086,-19.134940514314778,-20.19382860337063,1.6629520740721015,-21.972296074114876,148.71444487906524,-59.69851105565923,-7.521900909992692,65.66405704790066,10.116504007255454,144.6197841054572,-85.8328903912124,-39.62534359690501,2.189835868193768e-09,4.800128294846218e-09
1260,-119.31775194655124,-22.526524531889855,-22.852279045092725,-4.7172175774599445,-24.289987403107723,165.12944015142216,-65.28058310903137,99.65675021163416,33.284384945388005,2.2336311281841845,92.40867454426028,-88.60026555602397,-45.12827175506906,9.334826245321892e-10,3.1817641854559042e-09
1261,-131.96607675423652,-38.002229444607615,-27.178505100145617,68.07675775526944,-29.678101030598725,63.879317015580604,-76.52037923594843,302.79086936839997,22.094677774532332,-3.07889938586493,-1.3393697757055467,-96.90329447585991,-52.174766679082126,6.178879630169831e-11,1.9462333966657752e-09
1262,-118.04499514473207,-31.458516074207203,-24.353759305700994,65.1704536523396,-26.700792660927394,180.28379173862191,-68.43599536914543,118.5281737234697,35.42077644590342,0.6620829399829342,-3.730767237674252,-84.11402457679725,-43.226428097376164,4.657749741454609e-10,3.1718716542172842e-09
1263,-91.02698311343066,-22.36574747411698,-18.758185219358097,-19.494415900747583,-20.56595258672019,273.8655502884176,-53.09307828896748,12.647494915340113,30.29234462503179,-1.3126626212710266,1.7803707543577696,-60.19325270847292,-31.775482639692694,9.745235729496926e-10,3.2126195037562866e-09
1264,-90.65419809326973,-27.55639662722841,-18.588806660107252,-20.3255468133193,-20.380250681325577,305.7579259364519,-52.93205196258866,-3.9470003120257693,20.526184036187388,-3.4981056985486645,6.027048023175764,-63.36511093157877,-31.063690187885467,2.725073500187136e-10,3.197193620962935e-09
1265,-107.51484517446785,-37.685261764679744,-21.401909927877227,50.41111972279164,-23.601313128357322,225.57873716918408,-61.562046658356515,57.94005759638072,15.037149140986351,-3.872249226088664,16.985100603190546,-73.3217076841037,-36.992830628821594,7.295284376596101e-10,3.959662819852383e-09
1266,-110.79244577822806,-24.284711442889545,-19.614624075872715,-4.9159944238236415,-21.66345430580753,192.1722227328657,-58.16037137008688,-15.64613958829491,61.804945963002595,7.2219595158215295,109.87519240329874,-81.43268511475168,-34.563894445903216,1.8406581148155965e-08,6.3777036984902225e-09
1267,-107.3048684213177,-17.949043427318472,-18.128601541613282,3.634986452562387,-19.67825347867164,99.36333516811963,-54.03000500445099,7.62877917579033,60.07324048463781,6.874774682270441,149.53789206398625,-76.94673707471316,-33.075499012256145,1.6011654224712402e-09,6.361773330354481e-09
1268,-112.7477665712323,-24.648748542791104,-21.242740539878145,-7.85479365496164,-22.62628242006767,192.95292539468883,-61.27085580440488,37.78897062157539,42.809362099499566,1.6655364450965833,93.33425092110205,-79.93030678818742,-38.22955110419472,1.2160228379798355e-09,3.2177016606738107e-09
1269,-132.90560255989834,-43.711527338649425,-27.02504826033672,67.69201525154824,-29.589517158673967,93.01173055127927,-76.15318358919293,276.17712597967176,20.455797522104994,-3.3394617930109303,2.285623351079992,-97.59821968739008,-49.299732236000175,6.679101716144942e-10,1.9859243138853344e-09
1270,-118.6725593546395,-39.03002652354142,-24.309293386157314,68.07183691312362,-26.616506437646173,170.07364243666112,-68.5175324903218,148.5508950866819,22.452189129465648,-4.375654021381459,4.292964490997645,-89.12552427746368,-42.79443153698958,1.1285123946436215e-09,3.174058349486586e-09
1271,-92.05007940916892,-31.483491251142674,-18.750048837471706,-19.410966635542717,-20.51319782983717,313.17274461774514,-53.2458501202043,-3.897411983619865,9.265751169801874,-4.651982545256426,20.53118709470423,-66.3881877329393,-32.57846650561787,4.95049334858777e-10,3.227249578685587e-09
1272,-92.37211739929725,-35.36108257437056,-18.588813292890073,-16.975669076799424,-20.35814358805274,302.7440445863133,-53.07201387879036,19.700292003031063,-0.7913016919454497,-6.650447970914907,20.367274175943482,-65.72188199808502,-32.92013926540657,2.725073500187136e-10,3.196973352714849e-09
1273,-108.82206004264486,-42.92085599372604,-21.546074923501966,75.91894693343167,-23.598013249150995,209.62862551095333,-61.75733167664394,69.10151348802425,4.295860204866929,-6.824339851757124,25.083618509470426,-79.53401783410185,-39.02587103942792,7.185576578194741e-10,3.960032302074978e-09
1274,-112.3276106460511,-31.53796366131205,-19.635157324506498,0.5690298133481605,-21.634728440373753,218.28118421909932,-59.596664343483674,-18.1250280539892,42.66194585781169,1.78891438656107,118.77497227511331,-83.64123688616782,-35.57765713019802,-6.002665031701326e-10,6.38280539533298e-09
1275,-111.50029556327472,-26.290817348173437,-18.357031931553962,5.796030422275416,-20.389297532509328,166.08629856550561,-58.81325288105596,-16.61304829715055,41.42963553273373,1.8026447337701155,151.79965931327817,-79.76561607195028,-35.184908878386516,9.965788194676861e-09,6.371472238697606e-09
1276,-114.97301173502237,-32.12288152507769,-20.929516012849923,-3.588102415780955,-22.87780844452652,224.36168014593608,-62.9839536569816,46.59358836614757,20.25899715730511,-3.226086131112049,91.24203945125994,-81.00618730815388,-40.748757834483065,1.7377601579937618e-09,3.155449235237029e-09
1277,-134.7138853062274,-48.4090724858108,-27.025224829173943,68.69906623807489,-29.56959110743101,100.47823937355648,-76.2935261910896,290.4164302337651,3.1710927009305108,-6.562160599509393,5.52921155959611,-96.7064012228258,-49.014178334911456,1.5240289030771237e-09,2.0126513788909506e-09
1278,-119.87269304647711,-45.36981357752162,-24.283971405010718,68.59629354011297,-26.463467960242056,165.3848867426915,-68.50692275607403,156.51293111566468,11.203381274821231,-6.099806360170483,18.014163226099605,-85.57728337400076,-43.537697388296905,1.0671215022739489e-09,3.1784157528136348e-09
1279,-97.37400477424714,-38.923387897860586,-19.58435897049912,7.577699600335566,-21.33922922037086,258.36122792859004,-55.851295243473615,40.6038469328447,11.12675656612044,-6.766789132560061,25.96017402523064,-69.45850386999854,-34.33213591377396,5.425135896075517e-10,3.2173055330986244e-09
1280,-97.11349815311463,-38.97162817942677,-19.407593105820297,18.411462723394585,-21.22682505485114,259.07392759069154,-55.44244483733495,41.821299934677064,4.360568713201812,-5.983873229519959,18.70700151039707,-69.09528209425139,-35.133115788865574,9.106315701501444e-11,3.228212364092542e-09
1281,-116.253509373814,-44.52340768330599,-22.953520433513773,76.53563657798136,-25.216915894329862,142.50429272644791,-65.75352758523114,166.56655757419097,3.3703067581184634,-6.838565372900818,20.685777107858936,-85.62721653614896,-42.495907828238586,8.146798791131005e-10,3.950466676005959e-09
1282,-123.38052167791766,-32.45217038454759,-21.83018467529977,56.03863091319902,-24.769848011058134,144.19944082735196,-67.10272348267023,43.19250062209731,45.18537516617156,2.815892585790871,112.74856909786014,-93.74515732838015,-40.89980357235205,2.49951881414745e-09,6.4058767179631104e-09
1283,-121.23042765970207,-26.637088983160385,-20.71315050617978,2.7037998723310053,-24.346616738864252,166.33592338396576,-65.63034648235113,23.05821296152356,43.18496533369843,3.4412765504476877,147.77661201175547,-87.161084609869,-40.78207506835266,8.599613465776201e-09,6.37187724805699e-09
1284,-123.48223500462025,-31.60996250021203,-23.283304971439033,-1.6268623293858846,-25.556342743882645,187.01723110557455,-68.97293520314633,100.73067767812636,26.179691713713147,-1.507882969562942,94.89511235787873,-88.75565465113283,-44.02753242978064,1.7978436517296359e-09,3.1469147288021304e-09
1285,-134.8213955233231,-44.832276511091415,-26.975430884070256,68.53999336849384,-29.72167346064981,133.67309441249523,-77.18488370152872,230.66980019406805,17.904658716647592,-4.530546294603131,12.680587602220168,-97.28117878091206,-48.12074910465034,1.6235048860835377e-09,3.606269061151579e-09
1286,-119.72247883598698,-39.01218664509211,-24.068311155960057,62.86013413930295,-26.484114286956533,230.14767597162378,-68.37458837025206,64.54788633025167,28.965055654549776,-2.9799782693094854,21.13558405204601,-86.2183226981474,-40.796355855022426,5.282458914734889e-10,3.1831319802222424e-09
1287,-96.46928050351993,-32.096005707882476,-19.320895725250715,-16.126706373904497,-21.44799885575786,291.8291899016123,-55.55312079199806,3.0949200801029755,21.079640567949504,-3.3714993291649207,29.88380457994805,-68.3234205119077,-33.178627293405555,8.36877234178246e-10,3.143910021208285e-09
1288,-95.6363017722075,-32.919549350210424,-19.013312176419234,-9.71954962505027,-21.250300213718003,276.6148184289617,-55.20038165672645,29.42663407193198,9.129466709658258,-4.394048069370477,23.92342415970504,-67.14279112964337,-33.8181093426868,-8.574829735152889e-11,3.183657781846705e-09
1289,-114.95227149635829,-38.918449340643306,-22.585267028836935,78.62876413413382,-25.243804035714547,155.63652979958155,-65.75115056221094,134.07145807428867,4.7637661186193805,-6.309754457732492,27.075564056961674,-85.28340836984177,-41.131976848246275,2.5227109290426597e-10,3.953475768980752e-09
1290,-121.26365337279776,-26.27158374729309,-22.400398534704397,6.890788705563691,-24.893674166610765,180.5479948357525,-64.99356034631279,27.35108340105278,52.00252117889048,4.6347555082550995,120.34473464250158,-93.83555048502305,-38.11345755200605,2.115825736836996e-09,6.360238558045239e-09
1291,-118.71606380384033,-19.47512015626559,-21.611706755045375,5.966870311220056,-24.017132180313894,168.038791767055,-62.52337899024368,-20.06185570542215,55.275998086377335,7.191752352940637,156.03251185888126,-90.61033350263894,-35.49033321028872,4.407525011629332e-09,6.4161866930589895e-09
1292,-122.52544592227237,-25.686109105924693,-22.590328294685655,-3.759765139287413,-25.863222041529536,229.72327108759262,-68.91311128798309,23.58052501687054,40.85684132551755,0.408111418522921,103.6930151422239,-88.48364399001592,-40.440138154987245,1.9537083062459715e-09,4.822020116534986e-09
1293,-133.95937577603033,-40.737828871369686,-26.698011473256464,72.5698972914489,-29.74226269638019,140.937477173346,-76.79053212305834,197.07873255661897,23.038710303417318,-3.0776167620433665,25.459307999606565,-100.5697120333356,-47.50878554759767,1.6733565644244663e-09,3.6067362430003413e-09
1294,-119.49191111987675,-36.31990967004094,-23.852436917031245,74.55963819367949,-26.588208438711703,177.50364678955438,-68.27880729205862,97.49342877746743,30.38848785031736,-1.1205361227120751,27.497172423509745,-90.83161624895784,-40.95894818353402,6.279492481553461e-10,3.1831888236411032e-09
1295,-96.46231676301474,-28.989605831968134,-19.173290547978613,-7.982321075340468,-21.440798285319048,273.7927084675984,-55.556818436626614,10.197099789281383,20.333271057279127,-2.798127349829942,31.695158596382036,-70.655853255388,-32.959106327660585,3.1675995160185266e-10,3.1403146749653388e-09
1296,-94.96692789395378,-34.39592695407843,-19.02542342870477,-5.582291959787861,-21.27793161758042,281.00370837827563,-55.4194892420916,24.080628384182177,7.139380952030435,-5.677856987408307,27.597076233933095,-69.42818036825412,-34.046765464588596,9.112000043387525e-11,3.2281661788147176e-09
1297,-114.02463896894723,-41.01708283378499,-22.659021063835354,81.0649596448716,-25.163941413783082,161.70057529959786,-65.65328940662037,135.42457891414915,-3.180922598571207,-7.339975120169319,29.753802345550852,-86.42145417868919,-42.48359058624548,1.2209397937112954e-09,3.951381444267099e-09
1298,-121.75028160975292,-28.425621299106293,-22.00382191807312,19.443788362212203,-24.41488563434785,168.7488414618366,-64.85526905512046,35.90608106142385,44.240044462062016,4.556905311469784,123.5922166685948,-94.59185000748312,-40.44614773672424,6.684672371193301e-09,6.3388796434082906e-09
1299,-118.22652873393726,-19.3990225539206,-21.289006666266793,8.713693928541215,-24.279250308288976,163.4174164320557,-63.40354364312992,-21.47127297950103,56.68870522650037,6.837119026039179,161.24972291948507,-91.02586550411137,-37.812167076927075,1.143394001701381e-08,6.3459140164923156e-09
1300,-121.61922022760392,-25.548989153980028,-22.65551945233679,30.272406962325828,-25.893575919890218,192.99007630458408,-68.22410648164474,41.747389432096774,32.757156532254875,1.2000218772118096,99.33647655282938,-92.15984722341445,-42.202269140521636,2.0448283066798467e-09,4.7372488154451275e-09
1301,-134.61707103501132,-42.933999818548564,-26.931331764758273,69.71360763479842,-29.726483490818488,119.5237559107108,-76.80593270585915,236.9778884332885,24.633975835029762,-3.020601071521545,13.445949740030052,-100.95102008697245,-49.30873753968619,4.474145498534199e-10,3.9628247350265156e-09
1302,-119.80809177943024,-37.33709426233645,-24.09121543636123,68.10744777606686,-26.65912925569914,181.4379873175063,-68.60122865798222,105.39823797632606,34.31871513759015,-1.8056995031647725,20.385804758627074,-89.75718828073387,-41.5885457569721,5.283027348923497e-10,3.183657781846705e-09
1303,-96.88475644522649,-30.286407951266273,-19.37097923037394,-15.951368053461392,-21.457327246697766,287.8738513889763,-55.51074636243993,14.839923513167896,17.692057446643343,-2.9762563386329695,26.95556789907067,-70.86847820599449,-34.055080381040725,9.409859558218159e-10,3.21865201158289e-09
1304,-96.59849785281054,-35.503147166848656,-19.179624797369836,-7.1605152533898595,-21.27793625623673,282.23006941869033,-55.381918940270104,33.2075090658278,3.5132262132809826,-5.782607297628058,26.133957750659707,-70.15478741714756,-34.045727435382254,1.907096702780109e-10,3.229082778943848e-09
1305,-116.05244034567035,-46.117492843011384,-22.66664508070099,76.73018655766442,-25.19185013345783,146.06691593423875,-65.80090182306917,168.19888827878333,-5.394870432845335,-7.9718302570277775,26.614789890602506,-86.76387450682604,-41.65087520396041,1.247855152541888e-09,3.951627469689356e-09
1306,-123.79932437017003,-36.140205289944774,-22.03106849714962,57.812455338588606,-24.778437528271212,153.53756969194276,-65.01695313152327,46.94238230606588,32.508140255340315,0.32080835107700156,114.4917223788049,-94.68535656923241,-39.16173286840925,2.1539108274737373e-09,6.350362014018174e-09
1307,-120.70159948067649,-27.28058107275689,-21.45692680511261,0.38423516637066724,-24.013271147866753,204.62220829041968,-60.54830045067797,-17.05090582955047,40.74710034285535,4.255253299649991,148.02108436894213,-89.8602052450119,-37.11809137269236,2.012484401348047e-09,6.379025307978736e-09
1308,-124.20340417506935,-33.99964100403322,-22.47645353535334,33.063416248997605,-25.70531847819569,207.6052587030032,-67.36986314563481,40.988132889087716,32.01863726627233,-0.850462053376173,95.02733068765087,-92.79014332251174,-41.30749002253046,1.1478391570562962e-09,4.7524935098408605e-09
1309,-136.25803968947488,-49.53964702488933,-26.926836004196225,68.11603277340691,-29.770444873744623,106.42869182894515,-76.99774088238394,271.57924512774787,22.397431316698356,-4.005214313665139,4.836391206662701,-101.37166691229177,-48.48820251705941,1.5480736692552455e-09,3.9665746243144895e-09
1310,-120.91883200682435,-44.955229954148436,-24.35518651249661,69.00547904160995,-26.612881646903173,161.0688292676494,-68.8036484768397,174.75789626672542,16.989041250562124,-4.691512054561659,3.3488401504972787,-91.59889537969258,-43.23389991881704,4.785078999702819e-10,3.1831000057991332e-09
1311,-97.24789826552674,-36.960394571075966,-19.582457257794275,-16.335803960121087,-21.43492337661505,310.1958940861398,-55.80538557117767,28.548959767456836,5.467274222149152,-6.545923502929802,15.85716763054125,-71.31256968420244,-34.843939489057874,1.1783640729845501e-10,3.164188910886878e-09
1312,-97.03472610590094,-39.0524776003226,-19.407593514314396,27.77775788439132,-21.27795046460517,262.9933910567248,-55.57864190638849,41.664328106061056,-3.179314965333887,-7.591854053123706,16.387220429366586,-70.66668027804135,-35.03345856730537,9.106315701501444e-11,3.229171596785818e-09
1313,-116.25680560101264,-46.943019531617125,-22.97559423659117,72.90426604838888,-25.16592125890058,127.21876644178852,-65.77753435005245,204.91124094597194,-7.706065059909536,-8.486514686111274,18.738069904079065,-86.96631280038099,-43.494575784520826,1.2066720955772325e-09,2.3566588680523637e-09
1314,-124.04629308916128,-37.87260326000311,-22.70634376634854,80.47459340828968,-24.39983626322961,136.0617763495021,-64.85828938467046,63.012984591075465,24.192746796328418,-0.47805387627075335,106.46605880669544,-93.33108824190376,-42.51565200998483,1.9435901776887476e-09,6.392703255642118e-09
1315,-120.38935777213007,-28.55417777601808,-20.8429811058319,-1.1209354612025717,-22.457889682906366,189.73937689792334,-60.32597761136788,11.242816582481609,32.09257753812253,3.773617898568091,143.45908582455752,-86.63368793830004,-39.98246733309423,1.5538716979790479e-09,6.3866565369608e-09
1316,-122.95130914569515,-32.701407995425924,-23.098059749136176,52.615638385076714,-24.9063423252853,176.18934536322402,-67.4778972273569,62.84881105651666,20.801483269616337,-0.11749042252937643,90.63543370434925,-87.9851296067634,-43.85307525741053,1.8530954548623413e-09,3.225244071813904e-09
1317,-134.8884572136775,-45.84888774574347,-27.057165946073027,70.20511740804834,-29.634415672309753,83.27010961634117,-76.41528037849453,302.87200463974443,6.765281941373345,-2.7809682901113693,1.4662914888301366,-97.01949713082587,-50.9341326819703,1.0489316082384903e-09,1.9607071521932085e-09
1318,-120.1617394900023,-41.779106932168006,-24.30960362949313,70.43530568324732,-26.54340419097926,150.91010013712008,-68.3799323679379,180.53257236373972,13.427726883404713,-3.3311477337081263,-2.24545304507613,-84.14401249378714,-44.41130515634284,6.613731784455013e-10,1.5882637427466761e-09
1319,-93.57449001534805,-35.979138588155685,-18.82802250725192,4.714137193265971,-20.5037122016959,279.85226075771135,-53.444157050920374,41.386776778613296,5.521692892787446,-5.722773493303518,-3.0489876895964954,-67.07704646859167,-33.296539580142216,9.33397359403898e-10,3.169523310475597e-09
1320,-93.06222798950172,-37.68856129088928,-18.58875918074401,11.078905429333954,-20.298805825107568,279.55719156328774,-53.06151076220926,42.184323608643105,-0.9849891531298456,-6.946681372855413,-2.6381344591669516,-66.67361917067737,-32.877131371438146,2.725073500187136e-10,3.1965274871481597e-09
1321,-109.55948945047004,-44.40663649912403,-21.667427710266605,71.31390857284288,-23.708731479745552,181.2239846737247,-62.150531831705386,140.37159964192375,-5.659409927184455,-8.572857065071476,3.5619035264796053,-80.8006784722143,-39.945633953756904,3.1667468647356145e-10,3.9607961355159205e-09
1322,-114.12194688354894,-35.2320255778888,-20.662054049591724,15.326021083379489,-22.663893501268223,202.35626826886613,-61.15175876853148,43.3254706626206,28.57143161033834,-0.3107632259291327,84.92857470965245,-82.35436041016352,-38.01096386267059,-3.143554749840405e-09,6.410111552668241e-09
1323,-112.83648939306372,-30.733940605952885,-19.71646577820358,-0.03878316339138495,-21.278628711790432,189.80784219152528,-60.86112253732604,9.321425294945328,31.235624193655415,-0.6802550792696811,130.7084047544044,-77.40801391415106,-37.51959719263877,3.559239303285722e-08,6.424826892725832e-09
1324,-115.95095300581521,-35.84263810512735,-21.603805607794694,8.231761065339894,-23.333615871301745,208.64653178123305,-63.388136624439625,66.64942734481423,13.36139627932103,-4.844495537634918,89.7383768873715,-80.35925838726448,-41.3045901693343,1.4293846106738783e-09,3.1674041167661926e-09
1325,-135.41720450123805,-50.12561528659318,-27.044799258132453,70.38101452416132,-29.542563673733067,73.63328137720177,-77.03364100826293,328.4157036106896,-0.8705264838850167,-7.68038811022309,3.533958868464221,-97.81163787756105,-50.43758215168692,8.219558367272839e-10,1.963105233926399e-09
1326,-121.40926259164861,-46.99196789324382,-24.39937906075046,69.06024663813635,-26.629101955620246,151.41585441369367,-69.13980622212169,193.44041539843906,9.617315650841663,-6.191773083203776,1.9310112750116695,-85.97950364296284,-44.724048897536676,8.420784070040099e-10,3.212390353724004e-09
1327,-93.69599442423883,-36.688259664290534,-18.813719601372835,-21.50098356745768,-20.626837475570866,304.4188580925915,-53.65000646401073,26.034710549389985,8.238948528961195,-5.8366669302591,7.496275584856809,-61.68973405017133,-33.68659054797279,-2.2350832296069711e-10,3.210029575484441e-09
1328,-93.05545059241093,-37.046613235593526,-18.619299740945166,-2.1940560014504125,-20.41368878199808,276.5436079160738,-53.16658639979227,42.696008564909484,0.8780312243447175,-6.800694160534887,7.811402012398176,-63.11590998017332,-33.51675080444794,2.3013058125798125e-10,3.166887196925927e-09
1329,-109.15103961430064,-43.3548237656255,-21.651953108773927,71.97104228441391,-23.81065518889847,176.7048667006657,-62.34858637618361,121.33415121959419,-2.324535030075254,-7.798583781548257,13.86934518031079,-73.47611166861674,-39.96311682432462,7.611618002556497e-10,3.990072272586076e-09
1330,-112.85841392855927,-32.51216317129127,-20.197980330157886,0.42979127553685736,-22.957978887916045,198.35305698007994,-62.987845630117185,40.77702256182596,37.48481025074385,0.8938481914146437,92.93154123142311,-80.64852971077637,-38.70715876909314,4.183846158412052e-09,6.3479461687165895e-09
1331,-110.31538296331287,-23.63483499591731,-19.15229393029516,-1.3555039184213649,-21.178888732217544,155.99434272197132,-60.65827638331684,39.08269672876135,34.94053617531557,0.5389693960427379,122.28540378712306,-77.22774456574449,-39.31902326047086,-2.8340650715108495e-08,4.825540855790678e-09
1332,-114.5263190273768,-28.675763725285513,-21.530360002829628,-7.284952840048444,-23.001779777393306,201.492460047278,-63.59744189663911,74.77699402695103,24.092280903937965,-2.326645488816846,82.77464954875119,-80.83605991946007,-41.357061796232095,-5.3672124522563536e-09,3.2103097957758564e-09
1333,-134.01440952031197,-46.72481973019992,-26.996856666761563,69.60412628336776,-29.490724773352632,65.91200736296867,-76.93520854921927,321.78042923982815,8.746513614267245,-6.375517886937167,1.440179243415406,-96.35402690535622,-50.59169168449878,6.803020369261503e-10,2.0317489912713427e-09
1334,-118.6057303570913,-41.369827381590554,-24.14078505314956,70.23625488245474,-26.48242797773415,130.92965519123018,-68.45642728916773,186.39546166300505,20.483343707643296,-5.042477218374112,3.643829613240936,-83.94367948271909,-43.64719026711462,9.391385447088396e-10,3.1540174916244723e-09
1335,-96.22216231431644,-32.66093651362716,-19.384535710973395,-20.714219206854,-21.451736316731626,281.2953609900444,-55.42227189858935,24.759250542363592,25.41822675751158,-2.7891196311031017,14.565025625562782,-64.68538771405171,-32.70749457707088,9.630412023398094e-10,3.1445068771063234e-09
1336,-95.8341005668759,-34.47215300326436,-19.150158066884373,-19.877861335314044,-21.27801050648974,292.2081313448133,-55.213873501979265,18.830680818754143,18.710241146529032,-4.733463217970442,18.796952569302615,-66.38864904513973,-31.597736601713752,1.907665136968717e-10,3.2287204021486104e-09
1337,-114.69868565467264,-41.15842273407831,-22.647187620527802,71.42256506319727,-25.312478729535847,175.91102900324867,-65.89712729979475,122.2195227112598,7.747593008406762,-5.376845395745284,22.569756444471953,-84.86967774612049,-39.91004101608448,7.648566224816022e-10,3.5514062801667023e-09
1338,-121.20386181032615,-26.118548774125205,-22.486776935204585,43.23168992101546,-25.469786853809065,167.89680159501353,-67.57764976663685,40.95596290618372,50.89045120801165,7.907439856267028,83.34992641255593,-92.32717604116552,-39.04847166155365,1.0383018889115192e-09,4.7353978516184725e-09
1339,-117.87088275366625,-15.3203296730104,-21.66098919909764,-7.233945756556232,-24.29670712117011,200.679551297101,-66.33616961830717,0.6932944354991702,55.5754122469578,7.343374259639896,115.91226965209302,-87.4013552,-40.08352250461744,6.022503384883748e-09,6.350219905471022e-09
1340,-121.29602906349847,-22.89467644635023,-23.825533331878,7.699062778044393,-26.241068036375164,174.00794751776138,-69.60618144408195,110.57762760354763,29.23759058110521,-0.6961811640727389,77.03994446507144,-89.5630825082658,-44.43942090243801,1.6493473253831326e-09,4.775001727352901e-09
1341,-132.88591496104812,-39.86274150685372,-27.191230710468883,67.86691454888492,-29.868247052807558,73.62880960944298,-77.69873694314518,307.4676237059053,12.723084209822185,-6.238825573851481,0.6163837753359249,-97.40154431183605,-51.15557476260408,9.198117822961649e-10,3.140998572348508e-09
1342,-118.02768098084248,-34.83570458043202,-24.204492976195688,69.66750067136564,-26.702340539630722,159.3220932928278,-68.84932880823223,158.40147757790658,18.421785170697788,-4.277687497991777,-0.2883900137664042,-84.12002743328473,-44.507203851181636,-3.6848746276518796e-10,3.182504926257934e-09
1343,-94.74623572024859,-26.593195161773775,-19.441152206686233,-20.640982321614842,-21.471805959127263,282.18386854612197,-55.5518669105364,31.132889569093464,20.370476698369476,-3.932303789427877,6.580212953163493,-63.73236988468744,-34.15753577972437,6.421032594516873e-10,3.2186591170102474e-09
1344,-94.33308712604388,-25.924321266460677,-19.12765640318083,-18.57944170436685,-21.2333145701076,291.1362748867617,-55.09230682734832,26.9057194893212,14.719763071719303,-3.30408035685276,6.821263891774804,-67.62766080255253,-34.36115225348114,9.114842214330565e-11,3.2292710727688245e-09
1345,-113.20157832144479,-34.22061224844494,-22.61418522894813,70.89606218091188,-25.284720511518973,167.2924353145628,-65.81401334707533,132.63819517514472,11.402003682563747,-4.483193263618693,10.235909055598189,-85.60939343294521,-41.23690902036195,7.648566224816022e-10,1.9580776999816862e-09
1346,-120.16549257941443,-24.458622582268212,-22.46207852043188,59.085231526817985,-24.88800727957566,153.75287518148025,-66.77821844771015,43.16677704590672,56.434544539998946,4.473290605857034,75.1881112852105,-91.97499866659302,-41.373412039348544,9.532925560051808e-09,6.327461221644626e-09
1347,-117.73368044462876,-17.256619109021667,-21.800829997849306,-3.525229425118518,-23.903629977760676,183.4667533532858,-64.96918527224858,6.874598036636628,68.90985661632011,8.403045500362852,109.91079314993317,-88.75051964417595,-39.62535271770215,2.6756197257782333e-10,6.378641614901426e-09
1348,-122.08919462882362,-25.045918384717712,-23.781575050302497,29.38184024780299,-26.233438208746364,191.50688591444003,-70.27426857779665,65.46267979840677,45.13178377864505,0.6185238184074324,68.67792548908929,-89.97745787944484,-43.3777862641977,1.6330510277384747e-09,4.794102892446972e-09
1349,-133.9119926201033,-41.80468076059147,-26.861010632462648,69.50094750689644,-29.908789184372644,112.27309196791585,-77.86921137657706,260.9716606390176,16.43804130509853,-8.919418096879648,7.737232725969159,-97.51927666406769,-50.12659478266913,1.3183694136387203e-09,3.5400287146103437e-09
1350,-118.75163572067642,-34.11026663879553,-23.966063888539534,69.71452950295969,-26.70235493010416,159.8638222951227,-68.9130323377139,151.62204576564145,16.327630073649015,-7.404481526086094,11.87725076143532,-84.88340164385885,-44.67404167919438,-3.6851588447461836e-10,3.1834641589512103e-09
1351,-96.05544762184036,-28.91637723340535,-19.257884641611152,-14.70485152839658,-21.471751834564234,290.43534855413117,-55.513190314987035,34.417797739231716,10.543515618474272,-4.979828014404427,7.492762314304998,-65.94881316046094,-36.04127984414496,5.424567461886909e-10,3.2185702991682774e-09
1352,-95.11155142606763,-32.9448458656473,-19.0301755101998,-17.218014190219563,-21.27795042377188,294.26405058365043,-55.24701994131679,42.4791582888906,2.0239259247225982,-5.780728111835909,6.551407675227788,-62.94675384477609,-35.761503130270874,9.106315701501444e-11,3.2288411944136897e-09
1353,-113.7862870524545,-40.37748050122054,-22.551775833462663,72.95555720988008,-25.197933812050056,183.28217896777127,-65.77253218912989,134.12568367232865,-4.145366647422352,-7.8756135775826115,11.319334495727954,-79.31426547135543,-42.66149923109308,8.147083008225309e-10,1.9580888022119325e-09
1354,-120.27285118488314,-26.803660063335666,-21.74029076073444,39.69114875183158,-24.582023023036502,188.26160004321045,-65.14456266906294,40.026164035182475,34.637941616138065,1.49837772710943,89.12859214636907,-94.85019270813918,-39.85024384279807,9.183622751152143e-09,6.3764389324205695e-09
1355,-118.38985079161158,-21.06581187403652,-20.840067721247287,-2.5192223744571494,-24.106593439637784,198.96712449001868,-62.91229685328749,-13.22499233904581,51.5371847738804,3.8839301291203747,133.72757605382182,-88.59131102275076,-36.46566896893914,9.388259059051052e-09,6.397982588168816e-09
1356,-121.56958354575471,-28.695196881274867,-23.098097667565046,72.43184363735025,-25.772767178916112,155.64025285630373,-69.38635256860586,74.75788376353668,35.03912773111931,-1.0699679138064617,62.600483942739,-88.77869947198165,-42.09892664631675,3.5433345146884676e-10,4.7703654360020664e-09
1357,-133.6587109456889,-43.627418884793464,-26.827820833456524,69.92471714089467,-29.85224887028962,55.68240687707964,-76.7085083465575,319.44840402011266,14.264336008258159,-4.230648649963794,2.504798549527683,-99.2763488968661,-47.64295713614721,1.4231602563086199e-09,1.962832563151551e-09
1358,-119.37403025714524,-39.28784875874441,-23.936544330005706,69.89926919790055,-26.457428042871936,147.35765659416904,-68.34282651397697,172.82258166121014,13.377461279065697,-3.2718083419683484,7.077154477813433,-87.06437270402661,-42.799264227983116,5.282743131829193e-10,3.180574026373506e-09
1359,-96.2794924461615,-33.00980104235107,-19.202639870023592,-13.724395691934724,-21.32996126867407,284.4665773543097,-55.597048685224294,35.23846662548741,5.950308429151531,-4.564918309850004,19.758923173377834,-67.19424773542306,-34.51177050324019,3.1671731903770706e-10,3.1401228284266836e-09
1360,-95.66138866588177,-35.311239897897046,-19.170888242349275,10.234300089043499,-21.221167356511398,268.5579567353336,-55.35499805018582,41.31088668777616,-1.6035406937654693,-6.566322473493893,18.576764212185477,-69.01164925127458,-34.778713062206535,9.112000043387525e-11,3.2282372330882936e-09
1361,-115.13217858077309,-42.631714833082505,-22.74723669486657,81.02044417942969,-25.35302336781264,164.95595489880705,-65.89349739987601,134.35142950544804,-0.1739118434022781,-6.464656319799053,26.019402524899238,-86.18529145295368,-41.765720587176155,7.649418876098935e-10,3.5520404395583682e-09
1362,-123.39277055750597,-30.78677170513259,-23.090170956897875,41.12050626089595,-26.036358203204074,169.70200702653557,-66.90439961043857,35.71070739296542,42.660804691053784,2.997135834416509,110.77012218946983,-95.088407761436,-37.66240454062943,1.160167073521734e-09,4.7541135472783935e-09
1363,-120.02392158066779,-19.68989500213385,-22.12895126561089,6.293559663966418,-25.632125654011343,182.60685605735887,-66.63150675986745,-7.444102086479724,53.3433832284595,5.064069903872765,139.9839036682991,-89.68788466595772,-36.05338543928486,1.2734062693198211e-09,6.400298957487394e-09
1364,-123.09495436142258,-28.89183342483848,-23.562880934785454,44.232056828339104,-26.889524074657963,186.9337214058428,-70.0338347900814,51.38094249425372,38.78378186557233,0.7398357753694741,80.57793694733442,-89.29926574139206,-40.87598193580867,5.865281593742111e-10,4.803411002285429e-09
1365,-134.56393381906332,-43.77791712058502,-26.74288800592788,72.2130704083494,-29.92815324604556,125.76080589268264,-77.27897762631096,224.79949839967307,22.57159201552195,-4.013770585496279,20.94378217735228,-102.47923730330709,-47.50387115050384,1.318426257057581e-09,3.5440663737063005e-09
1366,-119.55534183923464,-38.45629285081192,-23.79300034099066,70.2778672064951,-26.590460544693514,143.82473353917254,-68.54305531524068,147.01958641059983,25.491755275869785,-3.5350532142506523,25.8577095416706,-90.47367119119865,-41.52477664135821,6.279208264459157e-10,3.1831106639401696e-09
1367,-96.56624049429206,-32.84241047328322,-19.158465053893806,2.5802472362987454,-21.425113318406243,256.19600283518855,-55.593939010551,37.42439942026451,11.711685059365138,-4.222925786719101,25.79577924641454,-69.77978589599743,-34.11923373086325,9.410285883859615e-10,3.219113864361134e-09
1368,-96.07914106354755,-36.01426857473741,-19.026964665653527,10.205971982739403,-21.277950158933162,262.0102536406201,-55.26595267258274,39.57018396913491,-0.3661183489182921,-5.340804620984638,24.485601667154654,-68.22594349623427,-34.67486762688389,9.113421128859045e-11,3.2280595974043536e-09
1369,-115.14852007096455,-43.10586597891007,-22.603209696734822,81.76140860278245,-25.382205708285777,152.26587437266676,-65.80503243632579,143.00475334466063,-2.448909498479719,-5.939329628444792,29.074934295590896,-83.92634150599731,-41.74755605683802,3.1653257792640943e-10,3.950720639522842e-09
1370,-122.0666152664534,-28.978363160936237,-22.884730777581577,24.421460563660993,-26.32712544444124,176.1745052898694,-66.98330381185588,37.81624105796178,40.124628967376154,5.4910165833777365,113.80252978978498,-91.46017838511908,-39.13006534356347,1.2911911539958965e-09,6.348841452563647e-09
1371,-119.56141966855418,-20.8737492299381,-22.066170094823974,9.529220581201198,-25.44381128252,161.18603500595947,-64.45245680172548,-16.623236375247917,70.81607281272602,9.410249578888576,141.953162304012,-87.99814288856071,-35.87575387444988,1.0621761248330586e-09,6.4182330561379786e-09
1372,-123.45962537742956,-28.775284961426628,-22.629664933342085,10.051922921671364,-25.91132606809814,219.32442946472804,-68.61334494448688,35.61582171539215,44.55635094141988,0.21889304218337713,88.73501037085411,-88.37813975356094,-40.73504235899985,2.01058014681621e-09,4.802593878139305e-09
1373,-135.395344281029,-45.872634213932734,-26.284736393271146,73.97580541239843,-29.71399472006849,137.36426195447476,-77.0627465188381,216.8578019175121,14.929572436450849,-6.9543308123031435,26.43286979293033,-101.3079343065589,-46.968590226927994,8.998597422760213e-10,3.5412845988957997e-09
1374,-120.58759875223996,-40.661956976648895,-23.193946215492346,79.6454194337689,-26.473854339735777,164.8889931149127,-68.7124867811394,125.1810557365928,19.343197003933547,-5.546479965274756,30.040969765875243,-91.94731317100047,-41.97599881114557,1.4250929325498873e-09,6.383253037256509e-09
1375,-93.06993069360314,-31.327309767370632,-17.591464843345562,-5.433317836228517,-20.445533524116804,280.4100897927088,-53.240514360924436,1.3263216564366698,12.451449773475268,-4.596878683291794,31.982337685603085,-68.37303292877415,-32.09221623044958,7.205755991890328e-10,3.2055993415269768e-09
1376,-92.45134176932599,-33.76442917168927,-17.508362169313507,0.23004364980786224,-20.380171449730266,269.4611278199765,-53.10213004070502,29.35033388356386,1.1249239662773367,-6.003471187173153,24.572129687351165,-68.1053363373988,-33.42331684414197,2.724789283092832e-10,3.1976092884633545e-09
1377,-108.87442423401963,-43.48320084060853,-20.635857596850418,82.60047485028669,-23.69455748772105,173.4959969763752,-61.98408217909736,114.49663354375441,-8.647400945814546,-8.77025844693959,27.89517859594141,-82.07098922236726,-40.32751297315827,3.1667468647356145e-10,3.960932914992554e-09
1378,-113.77786574152182,-33.18355194117586,-18.577784636364147,8.509036306138094,-21.95531927719225,214.1030399776111,-58.38969762602647,-20.640669099181046,34.53075912136258,1.7309926193186969,126.836341508355,-86.0889070971776,-33.096374043121656,9.39303390623536e-09,6.339831770674209e-09
1379,-110.72563808124971,-20.760815380221132,-16.884862504157287,18.776242740766893,-21.075601981266402,87.21606873313905,-56.79244475634754,-19.96153768650969,61.8002097098161,7.5486809409544,181.63174681557072,-82.91524526489533,-27.856803202160823,1.2943246474605985e-08,9.53792778091156e-09
1380,-113.99637363895711,-25.32601870216508,-19.676372983410772,6.215905122583476,-23.87017421676615,201.64819056134672,-62.79591999095837,-14.48599958965942,48.69894982973131,2.4337650705689966,117.66860633639826,-83.15343835656698,-33.361119359497074,1.4117347291175975e-09,9.544635304337135e-09
1381,-134.77641904261736,-45.170493097547585,-26.02042084422695,76.43002276959196,-29.48747361153506,53.1264170842674,-76.43233340553924,286.5329769886312,16.6877739500477,-4.946164398972972,34.9315290087528,-104.41937873086972,-46.456036625737,1.2703935681201983e-09,3.5594887037859735e-09
1382,-119.4065000617971,-41.86776266284212,-22.880976515165408,80.62272249686082,-26.236757626500857,130.44350711243655,-68.02657131081708,155.16718893081656,16.458015392841883,-5.003048518387556,33.549304193615086,-92.35813646499497,-40.460984915614695,1.4700844985782169e-09,3.2250540016320883e-09
1383,-92.71211596657344,-34.5940971169228,-17.545193941892574,0.4572811645035762,-20.47067409134566,271.604925115875,-53.125463018178,16.661539839572672,4.1628172892143365,-5.213012374557771,31.57401846428835,-68.78501334402743,-32.015011983029055,7.205471774796024e-10,3.205414600415679e-09
1384,-92.31210952868518,-36.051988212103026,-17.602318439886034,7.092877927896128,-20.337094648720154,267.6949620390501,-52.93987752224225,32.921300978321455,-8.754782465018618,-7.757359107905831,28.988421113253686,-67.39214659734793,-33.549885502298544,2.725073500187136e-10,3.1967388736120483e-09
1385,-108.85895604787015,-44.16437229256305,-20.762653388173028,85.52785593280727,-23.767457377862648,170.9006484848991,-62.00104858028977,113.55866224095278,-13.775724055206624,-8.744530772258779,34.31378422527672,-81.65479129099482,-40.571417043321894,3.1661784305470064e-10,3.960696659532914e-09
1386,-114.20064485440399,-40.27652503756217,-19.677608560469736,11.599446753830506,-23.059542709279174,206.58291405560615,-59.899338281764784,14.228463217615102,21.050230528060254,-2.151061722353429,123.53391573811608,-83.5158428466885,-34.2144062068826,-4.758931027026847e-10,6.38280539533298e-09
1387,-111.32211330637882,-29.96612077904418,-18.66878740157988,14.884903223318824,-21.916261986816767,129.5481754858235,-57.699981466446765,-15.066662632157085,51.49255219122315,4.827555870999132,163.44215917160173,-78.89271089921753,-30.66270740001636,-2.3400161808240227e-09,6.343455538626586e-09
1388,-113.99001788621158,-29.440780326150595,-20.278076567115956,1.6300783463049815,-23.246823094725265,200.59765733997023,-61.927886741583066,11.40327635219526,43.74020128935013,1.893135260425713,107.15304469392522,-83.17427075533001,-34.35953784325171,8.266169970738702e-10,4.748514470520604e-09
1389,-134.93238377912655,-47.50951512774166,-26.16951030028041,77.35664998730017,-29.537636421042258,37.89423469643026,-76.56387202358846,318.1597118603326,14.61424658434367,-6.819484523081496,23.121795208688642,-103.03176080992415,-46.58247530796192,1.699504537100438e-09,3.990470176518102e-09
1390,-119.99905676704199,-43.98498716335007,-23.255658058730187,78.45228009175922,-26.25459284854836,135.33536738167965,-68.21992771933779,158.6002422561448,18.6153484784608,-5.675942325012804,27.807880698907574,-90.68165202516636,-40.73930195960246,1.5517116480623372e-09,3.216850785747738e-09
1391,-97.251625641993,-36.042157794582934,-18.72644699417376,5.322582142628317,-21.41131425301403,254.38547593805518,-55.738544213185605,35.7367318541221,15.403628482496513,-5.42377058565103,27.347974426599755,-70.55472341532257,-33.04780991125928,9.409859558218159e-10,3.217955679701845e-09
1392,-95.94138917341768,-38.0163180535287,-18.783679765319,21.044258480265153,-21.277947116027775,252.80119332770258,-55.578638587076966,39.29159392341778,4.800555253407137,-6.737306760168711,22.650732399128525,-70.57997889562247,-33.673074996605465,1.907665136968717e-10,3.228642242447677e-09
1393,-114.53589598565704,-45.089407152611564,-22.545410060158307,81.40502569582222,-25.317225615994207,141.5511084701862,-66.0156020175159,169.8223135701294,-8.91481743159351,-8.732947219065796,29.003876679622053,-88.0711357702725,-42.55988312697549,8.146798791131005e-10,3.951662108647724e-09
1394,-121.2454019393864,-31.20559979011924,-21.948639351333103,58.44209271873258,-25.27054795188993,151.124338571703,-65.66299344263928,41.88940438206855,24.67449843397158,1.3795709567495555,124.57080434899487,-96.0949218938411,-40.65260497927756,1.7444108380004764e-08,6.351996262310422e-09
1395,-119.26443533986004,-23.001087295270285,-21.001161840445782,8.619370986349715,-24.47513196816343,163.1418869386464,-62.97279231903163,-4.301026608245319,48.89737663467575,6.781009564752832,156.58431983020606,-91.66840004318864,-37.33992847389677,1.3586145541921724e-08,6.342219194266363e-09
1396,-122.37290063057759,-29.293261113838383,-23.08803318979671,86.93427096626066,-25.882644791397826,112.81427306013967,-68.52543299951272,59.493624943720654,35.42295651901617,0.15745202707884837,104.18043094853348,-88.32088310560623,-41.51985257749194,2.087688244500896e-09,4.80962825122333e-09
1397,-134.66242752065713,-45.349912028132245,-26.543799944410253,73.22184583889971,-29.750845660670105,33.518025729999806,-76.73759391831815,319.2292359840581,18.14989382059494,-4.2450065068257885,19.398548024360238,-98.69512420314707,-47.532839575470376,8.459437594865449e-10,3.565620687595583e-09
1398,-119.89808371582168,-41.12996698998808,-23.677430149987877,72.7675052908376,-26.574379433314082,134.2484075949256,-68.5628035971061,161.79490014938008,22.909692568430863,-3.038413480559749,25.598582164466855,-92.28239729397839,-42.15561307046005,6.279492481553461e-10,3.183089347658097e-09
1399,-96.79058918309343,-32.1135727181665,-19.087099064010957,-6.694948171327375,-21.399277450885812,266.67984374542397,-55.51056815803955,26.193888029452534,17.39773047613774,-3.3922739300308975,31.676971864801484,-73.09071823951113,-33.869387164131716,3.1673152989242226e-10,3.1403004641106236e-09
1400,-95.43968074310676,-33.52730108871904,-19.055352739880373,19.300668200344397,-21.277950419359357,248.295506846764,-55.35470316960131,38.21338818391688,5.677867426628765,-4.805721268325683,24.056993880422926,-71.83520184334165,-34.24851323038337,1.907949354063021e-10,3.227963674135026e-09
1401,-114.18320646553946,-41.97810921471837,-22.73601606129612,81.16782822305075,-25.271380789808383,138.55132774326526,-65.88172652995097,166.90148056609854,-6.202303480649368,-7.96294028449878,28.530494935170932,-88.65525971624321,-42.28018889255263,8.147083008225309e-10,3.950907156990979e-09
1402,-121.76419046584962,-29.867687524369202,-21.99112190855386,32.017748045791215,-25.11605868908154,169.3194650624527,-65.83013698938908,35.97545542561923,36.78949829290354,2.6070586481585685,124.36059286617427,-96.79015077329105,-39.71047192163812,5.744936970586423e-09,6.4055001303131576e-09
1403,-119.19506477246244,-24.616066224307925,-21.62409511036566,9.088920588998722,-24.770586334723514,162.4714871724011,-65.16200344607418,1.619059596374632,51.56659233672492,5.596484210800491,156.28277483005323,-92.1892381020066,-39.068264679993945,5.846686690347269e-09,6.370001415234583e-09
1404,-123.06650439946715,-31.638935315928407,-22.688495966621456,88.88304414027385,-25.359035725212824,122.4718201266179,-69.11382416191556,70.19690734430397,31.270528897797977,-1.5229735958782653,96.83483968341496,-92.6789824888918,-43.58838848167635,-2.9523334887926467e-09,4.78081041421774e-09
1405,-135.0677877430985,-46.05650397264389,-26.746283513692404,72.80778361684389,-29.70777137949522,53.077095640529215,-77.13060956032979,310.3740258253891,14.856292012430487,-5.079959190240441,16.808992581546406,-99.02927823064378,-49.10599605152366,1.2202576726849657e-09,3.569717910156811e-09
1406,-119.93957718882835,-39.71879831115159,-23.98104326711786,73.5823068394411,-26.61955063227757,119.4325089796912,-68.73378451406373,182.43047242629092,18.66127238446182,-5.125825912671746,23.064882043353656,-90.56209119578506,-42.4907716171083,5.283027348923497e-10,3.182815788704829e-09
1407,-96.92598957737837,-33.5834930197578,-19.317004591904087,2.71573778944641,-21.44493643605107,263.1879827237757,-55.576682236273754,34.28355110667376,8.841432994979357,-5.112157440341617,29.454266935061835,-72.49798677387165,-34.02472144448256,6.798472895752639e-11,3.1685232215750148e-09
1408,-96.64651587336166,-36.66625346171577,-19.207724757412713,19.3369610887189,-21.246537205448455,261.09549474523095,-55.279567691382056,37.38209988021239,-2.2859179786970154,-6.5571395207791365,26.898313553764627,-72.36655803092769,-34.45665471782633,9.114842214330565e-11,3.2288482998410473e-09
1409,-115.72422259611928,-45.404227937223446,-22.78474333422483,80.16663806544842,-25.217462524354747,142.05451484436753,-65.80431760408686,164.12517041896007,-1.748829085749583,-8.510571750268234,29.13517979486839,-88.74997677417635,-41.53715147873515,8.147651442413917e-10,3.950820115505849e-09
1410,-123.76880501295605,-34.18741003746798,-21.81424320869216,38.95269208935833,-24.791676514791288,160.6852959726262,-66.10464279786295,39.43895210263669,43.4472577629861,1.3858365209769625,122.0822656990533,-96.77258237214076,-38.552940139980045,-1.950087380464538e-08,6.327454116217268e-09
1411,-121.18641490838287,-23.79486039562451,-20.942393956817178,7.600792582316966,-25.033008845821147,160.87058932404364,-63.69241886508157,-4.845684026410419,56.03135605015583,6.502196280433115,156.08547988111707,-91.69395834783975,-35.9016747072507,4.1559360397513956e-09,6.360153292916948e-09
1412,-123.87898539282544,-28.73953060481076,-22.686631026790156,29.804175733152306,-26.159773454766366,193.93372378111425,-68.97616890579614,44.794330931462945,31.17705207434034,-0.1982667608055185,102.59104365387417,-91.43411627674581,-40.22685369299974,-4.366427219792968e-09,4.8204142899521685e-09
1413,-135.14255648954534,-43.47103937719612,-26.583959688714206,71.82868117260027,-29.837745671063796,124.41312972913778,-77.45897858866755,233.44075134577608,13.192776290063732,-6.615359787909821,21.705342664311107,-98.37851784169064,-47.09252371706275,8.998881639854517e-10,3.5408298515449133e-09
1414,-120.35261797813486,-40.04289819327949,-23.657890753746702,72.86258996701359,-26.53241339883595,176.42136360953612,-68.62286972605428,115.83592175278454,21.74008985710196,-3.186730506845951,30.121327028982968,-93.10380785559902,-41.482063757324426,1.4251213542593177e-09,6.3598406541132135e-09
1415,-97.24218024908505,-35.435066128209215,-19.048175156775645,14.043057645376713,-21.36394011717083,250.5223891543159,-55.44832497415459,34.74155328341894,8.86906563202039,-4.1519085294357785,32.29458614635013,-73.15121060302752,-34.629846065874396,1.177795638795942e-10,3.167073714394064e-09
1416,-96.86076754777193,-38.9738398559661,-19.010807819641634,42.76725035700516,-21.22076547262523,243.41312594617298,-55.37824072243396,39.01872007980338,-5.561137861869493,-7.255399841708563,26.88359523617139,-72.51416703380563,-35.30756543215385,9.112000043387525e-11,3.229779110824893e-09
1417,-116.334563283792,-48.11705885231407,-22.6329022220811,83.45538899179142,-25.217647508927765,131.01243907473912,-65.863097478008,181.82602509918374,-8.254721170985897,-8.951182531335496,30.855654238212594,-88.98278917395893,-42.79554514461365,1.1928875665034866e-09,3.950589189116727e-09
1418,-125.6553056737517,-42.79393525564808,-21.79449836848414,85.75248257851317,-24.52614766157527,145.86422240694196,-65.11486542855182,43.07328816282857,18.727636792220707,-1.3097328201341543,125.4605302554178,-97.09485671849124,-40.5888182012637,1.4867964637232944e-09,6.4009952893684385e-09
1419,-122.82362476235967,-35.24682709717231,-20.455474098128168,12.219444941981832,-23.686966226982907,188.58436671419133,-61.66242509867396,-1.6329229696996597,24.79918556620894,0.4160081114747569,168.71900294451547,-92.24496748922962,-36.984800470134836,1.3105818652547896e-09,6.333024771265627e-09
1420,-124.93509248318004,-38.94430338602501,-22.551333844192232,36.38465464805288,-25.51037516774023,215.50084347875395,-67.84914943119874,37.81689421134689,16.079746556268855,-3.6053133559335167,111.14884430067153,-93.18643388091232,-40.34898158943375,6.046434464224149e-10,4.817898968667578e-09
1421,-136.29251777093577,-52.55333002212581,-26.589863390937445,72.33281913329807,-29.591750269183123,93.06032805832952,-76.66579680732383,293.24558850392566,-1.7578843085924054,-7.28872629755902,24.921104768800586,-104.90015591752744,-47.919815640185696,9.027303349284921e-10,3.978941620630394e-09
1422,-121.01114954663235,-47.060140148468115,-23.984720064438253,76.85704856909827,-26.500285292318885,147.76853893897496,-68.77372236159269,175.05704411807935,5.626878892551264,-5.526053389036367,25.29703674543889,-93.97034989290631,-43.78012653192188,6.279492481553461e-10,3.182433871984358e-09
1423,-97.73712048319287,-39.129884289646846,-19.21707356408825,44.101314621761524,-21.351230774002808,236.30621070167328,-55.702927969070956,39.420593006162534,0.9169737706629866,-6.262685306534964,27.656685690662265,-73.60938041973915,-35.3914749520778,-2.808064891723916e-10,3.1663027755257644e-09
1424,-97.07026143493653,-39.11360102701383,-19.1549367073427,55.583132505053655,-21.21037915931946,232.59083167104782,-55.38001730455049,41.02331693985321,-5.520676726201795,-7.139819959705482,23.24082127637294,-72.49629875335677,-35.35211128992294,9.112000043387525e-11,3.2285374373941522e-09
1425,-116.0035024643733,-47.51527830987705,-22.76265685191786,80.41337669010342,-25.239678864143652,127.05441433057379,-66.04265812687593,192.46289372008988,-9.129707005551914,-9.039812180404434,27.502185649918008,-88.61203799536189,-43.08753856453198,7.649418876098935e-10,3.5505260953527795e-09
1426,-124.6007261705187,-39.901784001703916,-21.9238046295347,89.36303006358158,-25.01224104478469,139.7160097136533,-66.75455405797851,49.19613270068037,17.60851598616031,-1.7505677746912347,122.02789108733475,-96.61658709173182,-41.351314714386184,-1.412337269357522e-08,6.382308015417948e-09
1427,-121.70222089767962,-32.30737214486252,-20.759213962065164,34.61628261997207,-24.636028349727688,139.08159965633243,-65.47792218989066,40.431655758675866,25.92435778755746,-0.2642061465788888,158.299745842873,-93.1763685368526,-40.03030937126595,5.521087587112561e-09,6.406274621895136e-09
1428,-124.32142203412566,-35.797752841030444,-22.621790832883487,89.537066697115,-25.607125442734667,115.59415808790678,-69.20338103753409,100.86636982476253,13.311325227537292,-4.5705341979269445,100.11458748088039,-93.3227514303128,-43.9787494545473,6.990035217313562e-10,3.1750659879037357e-09
1429,-127.06090260193527,-40.083290751615124,-26.791389543910977,76.80207850932146,-29.633814588030646,24.818779391103273,-76.88390349201083,340.4371444851516,-0.8739729273743838,-6.38654064535905,18.11021323942339,-103.46750622695471,-48.986894816549324,1.5667183106415905e-09,3.596811737338612e-09
1430,-120.9814484151121,-44.08220749811787,-23.74919977026632,73.37059182539333,-26.46032123622115,115.21468997597755,-68.37603573873423,186.39826841639893,16.24342122192026,-3.869849545680592,28.87723964365299,-89.40523381905304,-43.179915023132565,5.282458914734889e-10,3.1824036739180883e-09
1431,-93.39756869792308,-34.98303441927331,-18.11438751100338,-4.42933499847798,-20.427437682572194,262.3504159575914,-53.22341467538957,30.74500446095095,8.791819673782825,-5.175928300921252,28.77453924392121,-68.10384360615984,-32.806829413173034,7.206040208984632e-10,3.205755660928844e-09
1432,-92.8860656090513,-37.239282659547726,-18.311983534575912,7.195926895060144,-20.38019787997521,269.0156781327025,-53.12843107562809,35.82034523786635,-5.282508645591441,-7.367815826015977,24.933052029813854,-68.89448007244839,-33.47423696706207,2.725073500187136e-10,3.197335729510087e-09
1433,-109.06567119095122,-43.06135879620213,-21.301352893387683,79.17919890203669,-23.67451516999207,176.29182827366725,-61.79588868486904,113.6508951243784,-8.988888597157208,-8.500195319386417,30.46787995898859,-83.26321182116025,-39.93871975535403,3.1661784305470064e-10,3.961421413123389e-09
1434,-112.42413144443579,-31.42655592616275,-19.69865117239288,1.4069496472849263,-22.275041859235834,210.7769731071402,-58.40124658485218,-6.97828139215035,35.427508970575886,1.14196979366873,124.11880937753209,-87.81846086384678,-33.84984157368686,1.621333467483055e-08,9.612790563551243e-09
1435,-108.99004377907264,-22.502323558667133,-18.961106094319295,9.572229636450842,-22.40122141727384,139.28997993605407,-56.42333473741733,-21.592371512033015,50.18066102778336,7.514565490503791,160.8960373109163,-85.84765921374436,-30.735413018495997,3.6834535421803594e-10,6.349310410769249e-09
1436,-113.65894968385469,-26.389850630563394,-20.799129454471682,-2.664638871817164,-23.622903000771036,204.81664676038267,-62.31619926083421,17.511792344776964,36.73882333200003,2.419974357951548,105.96799910520085,-82.77511307010883,-35.228451870049796,-1.763737600413151e-09,6.420783904559357e-09
1437,-133.9451373553521,-43.45570832753453,-26.478876380556326,71.57758827573178,-29.434470883708492,41.9499459695858,-75.5351663625126,301.8137806924998,22.78983724277553,-0.34605573821946234,21.267156681496385,-103.18580457295076,-47.017089197217025,1.4778720469621476e-09,3.974136575379816e-09
1438,-119.09529004546641,-37.45460875871201,-23.78344009612531,71.5268846438758,-26.32439498767902,136.17130671351305,-67.73294482088644,147.86366906671336,26.830528996703357,-2.386349091176965,27.50605818397274,-92.81811258836997,-40.30330718110849,5.431388672150206e-10,3.182535124324204e-09
1439,-92.58354913402003,-31.969254538717585,-18.21284301928772,-10.141686683243266,-20.445918406299874,293.78004764671147,-53.135653480715476,-6.244055849753829,10.921132726953184,-4.468349859777827,34.01166013902475,-69.6258215339433,-31.885707969594876,1.1191332305315882e-09,3.205542498108116e-09
1440,-92.44017136829505,-35.40765937772528,-18.22994929429251,-11.929335717192952,-20.380250383852765,298.8344822121651,-53.065696030971544,9.707336986940225,-1.1072173050661371,-6.085767566079261,31.860483635706387,-69.20441459877078,-32.55184116183949,2.7256419343757443e-10,3.1972007263902924e-09
1441,-109.04031631462965,-42.62522782058071,-21.33723015956512,74.64171714660607,-23.671650551679182,196.33144146119173,-61.75307855770285,87.97202923061333,-1.9325356021320639,-7.681542130205123,31.16650134855626,-83.49994930424799,-38.570158708831684,7.325979822780937e-10,3.961019956477685e-09
1442,-112.71317363829397,-28.414545941367564,-20.080881296749997,-2.511605506908049,-22.17269026790678,220.47491983281458,-58.870597681599484,-23.235746261331762,47.63116008355021,4.059317752685592,116.08804778153745,-87.80977691772303,-32.4444278712275,1.9510935089783743e-08,9.612975304662541e-09
1443,-111.50202168217803,-23.778155388389653,-18.72456082124361,6.550299034554842,-21.878050812603234,142.5095813348919,-57.40805833146794,-19.636384224921343,55.796976372254974,6.128496797537544,157.09661660790147,-84.0810485601586,-31.073690260874184,7.286644176929258e-09,6.349310410769249e-09
1444,-115.15053515011412,-30.006000711389433,-20.809015911830613,-5.233868432787197,-24.03349941023007,232.43979059702303,-63.34441262712185,16.136008201219777,31.389818497088545,-0.6386047172257803,101.48584849340277,-85.70791698303478,-36.527611787975474,1.7982983990805224e-09,6.379870853834291e-09
1445,-134.76087282622146,-46.244075947764145,-26.57501931010467,71.36888827101836,-29.566276989069472,67.1020367896297,-76.24805321941425,301.7700035969905,16.727312422256922,-4.217045940618252,11.031521433118222,-102.45078287883669,-47.93763536394092,1.4965166883484926e-09,3.6018343863020164e-09
1446,-119.52856563264154,-41.44836364836169,-23.901599080191886,71.21442412826704,-26.32881634275762,118.88639942719382,-67.97775583568908,187.41940523136884,25.374014124061606,-3.1420681533838026,12.09860183744226,-90.97851524266551,-41.68716078152504,5.73209035792388e-10,3.2251605830424523e-09
1447,-97.22917643405626,-35.43270041666135,-19.294983351113533,2.4573016949120237,-21.385561253449346,263.98422424349826,-55.62346223381735,36.12142833008797,11.607142806644056,-4.7426270406640185,26.73744290739628,-72.94349198563768,-34.25553723566592,2.2043877834221348e-10,3.1442368708667345e-09
1448,-96.74792892179951,-37.00115532880523,-19.142510875532977,27.67023954625409,-21.290786342242857,259.24320462140486,-55.43364436003401,38.69577777993519,-6.469055188608277,-6.78367205688521,25.778935369392524,-72.88272794482819,-35.63667627335048,-2.5488589017186314e-10,3.1965967650648963e-09
1449,-116.05946319846701,-46.645205757634756,-22.87751837916313,73.81469119977945,-25.24775181321845,131.7597243914102,-65.98098043899375,201.28351370615897,-13.21474885575584,-9.59326834727412,25.728039817078187,-89.77626267403672,-43.19076961739546,7.073026608850341e-10,3.947457472008864e-09
1450,-124.038661596501,-39.50183120373536,-22.29411692088701,85.40703211124656,-24.505926844193326,136.97183572615853,-65.40857935074791,51.46287179571254,24.3474584576036,-0.7751445970220957,116.48531246848366,-97.74889016261966,-40.401359818730725,6.420350473490544e-09,6.366576599248219e-09
1451,-121.35374983765351,-30.766409369661925,-20.79133685542315,13.424738344288592,-23.918893458080728,149.74677905878286,-64.44886698325044,30.553413326749364,40.730218489792186,4.4340703539887505,151.79446484463097,-91.2788398517005,-38.1255879978414,1.2641976354643703e-09,6.33165342378561e-09
1452,-124.96270496443414,-33.24571874156684,-22.952952227918278,86.3804452577457,-25.71222030654917,131.24617873074519,-69.14794074852945,71.91317890178786,26.164188445365557,0.8598681564491106,92.35290415432395,-90.26167584708831,-42.63355075598197,2.1722144083469175e-09,4.7840682526612e-09
1453,-120.45059448761317,-27.90920238870741,-26.926466253934848,75.02529878913094,-29.759663458887104,3.856422788834209,-76.52720520280025,339.572127289282,15.538574009277216,-2.1262458130512583,5.236452706635819,-104.59316587125777,-50.936332068831966,8.459437594865449e-10,2.3707933394234715e-09
1454,-120.14095257428143,-38.903309711200855,-24.109345224512378,69.9972650225498,-26.566965763081363,95.38970022240672,-68.24347265598257,208.57413141083168,29.224703594550284,-3.39767918466767,7.869364325463093,-88.525678100084,-41.16776133054564,5.282458914734889e-10,3.182611507668298e-09
1455,-96.88726403134635,-32.472370243048175,-19.506397434119933,4.4826669606997145,-21.378770858317402,260.991831102884,-55.618456416965046,36.83229460913353,12.309290317704244,-4.879726203375497,22.54453754819185,-72.6992575502704,-33.71837777023008,8.180336408258881e-10,3.2174298780773825e-09
1456,-96.65358530555088,-35.097061359003504,-19.419304345900887,2.216996391804928,-21.252866938253025,274.3191876896036,-55.35427216720974,34.896368445882864,1.3708464419887996,-6.303096959365998,28.784537212318686,-73.16745817902319,-34.340290897609904,-2.5482904675300233e-10,3.194372766301967e-09
1457,-116.25226398138034,-44.07607187546457,-22.882443634931217,74.67810831969574,-25.301531317835117,149.69402362833912,-66.06264489307583,159.68806364290705,-0.21740172130669053,-8.298802739409226,30.01217737409108,-89.62438568929977,-41.35682708024281,7.073026608850341e-10,3.946112769881438e-09
1458,-124.81581110131793,-37.98716506213108,-22.29444896881902,56.80144198494354,-25.03340618321172,160.34366365568195,-65.7288825309524,38.57669999234018,31.49672748074829,-1.0386206698027483,125.16357352996097,-97.5886503220079,-37.895121738765816,1.5836576494621113e-09,6.328264134936035e-09
1459,-123.19721462312343,-33.15714255702437,-20.81821776385327,8.006979692137806,-23.646183491858405,180.1071638761998,-63.37067208780643,0.7924996000107757,36.066412053348365,1.0793931798251408,168.01473796306058,-93.88001403903715,-35.99774173613151,1.65391611517407e-09,6.35606056675897e-09
1460,-125.55473367215879,-37.93667023399637,-22.20199137119661,74.0452998711294,-25.14382669839128,164.98930402387157,-68.66157498523974,39.4035490040473,29.931393343153132,-2.274047502185927,106.96497771055883,-94.25083595972008,-39.310843471781915,1.0142571227333974e-09,4.8307775557532295e-09
1461,-136.33068327822022,-49.779997887728435,-26.62930199753295,74.37191785800078,-29.549746481068233,48.978131265076065,-76.83282817483712,316.606924480686,13.160600742510187,-5.980813605591951,23.631218493254988,-104.83960465391787,-46.80581671705988,9.026734915096313e-10,3.579991414426331e-09
1462,-121.13624072883707,-45.744425321516204,-23.78997632698235,76.66667430586759,-26.343789967808632,129.0818188206764,-68.7302874473936,179.51947791055724,10.521450511606014,-6.219456615525555,32.71763760606423,-94.44579933080114,-42.09708338007746,5.282458914734889e-10,3.1831675073590304e-09
1463,-97.71675484365532,-39.071572771260506,-19.065857471917912,16.964048196433055,-21.328860532484903,258.9285027909332,-55.788827639882186,35.86525039773966,4.176346184129439,-7.062978054971192,32.490627113222395,-73.63593895217906,-34.75398438083972,-7.850076144677587e-11,3.143924232063e-09
1464,-96.92289368178676,-39.79556526075542,-19.0558240951987,42.01570024113296,-21.25879880140357,245.9963224628333,-55.53015693052715,38.69356751589072,-5.117405325174532,-7.782206918734018,27.29901442880532,-73.07408152867863,-35.4676720775166,-2.5482904675300233e-10,3.194784881088708e-09
1465,-116.20030621282761,-47.06205202886697,-22.638813009480742,80.90685986786988,-25.260307141503727,133.07591099514588,-66.00017715000659,184.64225841497807,-8.769774801252876,-9.086815220059059,29.217587541391218,-89.5843560785857,-43.24001514072546,7.073026608850341e-10,3.945935134197498e-09
1466,-124.53105585169926,-38.91590273695294,-21.779962853751915,85.72942212318121,-24.68717072812205,144.94738340626955,-65.66170922610209,43.59789201940758,24.28202468554887,-0.429412797504821,115.9606987035693,-97.6782650868701,-40.833941588939545,-6.822972409281647e-09,6.3314189446828095e-09
1467,-121.86483859549631,-32.229417628406104,-20.516932513194465,12.734899676755695,-24.335099578089963,166.40781176318058,-63.9426342787469,22.541728761958367,34.44201965917094,2.6205427832616035,153.4535714019015,-91.50353110769335,-37.80812027544273,-3.9904080040287226e-10,6.394358820216439e-09
1468,-124.56236417052106,-35.67636535949959,-22.103933444002653,90.37151430795991,-25.06425960823508,140.0765874271952,-68.94052527761767,53.11677967747573,19.842603770554373,-3.1727569760376237,108.7551428922118,-90.85617694388132,-41.78624622824496,1.4888428268022835e-09,4.762487293419326e-09
1469,-135.56492824711802,-48.28858038268702,-26.38295598706576,80.03403683221656,-29.309840732110185,25.94045103219801,-76.53549703539272,324.83702737632893,8.988613725838242,-4.429112630830466,32.07639934908311,-102.95803482676097,-48.4075784309994,1.0488747648196295e-09,3.5527083497299827e-09
1470,-120.83293138102462,-43.59148814805124,-23.463618279380952,84.36940165540172,-26.278238347154183,109.31702314715864,-68.41408666991104,184.0853023878687,17.247126916617567,-3.8290412804684806,27.53171631959611,-93.9294692118478,-42.21169706639859,1.425064510840457e-09,3.18251736075581e-09
1471,-97.54310155611712,-38.04675773482804,-19.000577983365307,47.18337053934402,-21.271381256822085,230.407121214595,-55.551159311109465,38.48058954167891,2.255274968914182,-6.233791253321133,28.58698212885032,-74.29803751527237,-34.968531746422855,8.180336408258881e-10,3.2173552710901276e-09
1472,-97.03074325079335,-40.15031331227327,-19.033748520434514,66.42267923784803,-21.22568750277227,229.78151037916547,-55.439324270952255,42.48672597977871,-12.171864578878308,-8.119748097170532,24.319730577523686,-73.42595519743846,-36.41326141312401,-2.5488589017186314e-10,3.1955913470937958e-09
1473,-116.47194728075537,-48.8166613288464,-22.677429165195342,79.74612909064236,-25.2707663730671,124.848533359911,-66.08615407745486,202.52892950808265,-12.979558893402954,-9.788611914094215,27.981263050785607,-89.7595171893623,-43.25420875475511,7.072458174661733e-10,3.945860527210243e-09
1474,-124.8512003701995,-44.23060376220669,-21.747825642039988,90.54073623311481,-25.027378605545547,142.59319300383459,-65.7399776368073,47.13639500929375,18.793604455041383,-2.376454403110699,123.84235552396734,-97.70830408612755,-41.22453965325461,1.713431174721336e-09,6.401194241334451e-09
1475,-122.44469561568711,-33.72291841386665,-20.289332469828377,10.925977519248715,-23.33186584408841,163.39734526488397,-61.89500530794443,15.333354929802786,36.46412676160346,3.465855430084875,165.64886117010843,-95.29397535685557,-38.25772800120493,1.9690560293383896e-09,6.334062163659837e-09
1476,-124.92689141716568,-35.97465075709056,-21.58033792072264,33.77905192781415,-24.475146003955523,194.50271929453874,-66.3953972908563,39.465080030618644,30.5917284351941,0.5706742421015782,110.40775042910376,-94.70338534914463,-41.261195557045255,1.864691512309946e-09,6.3928382587619126e-09
1477,-135.8968668965692,-48.938830662343356,-26.46771055859193,72.91389618116864,-29.308567599850594,63.51008175494567,-76.46681415798945,310.58515275934775,12.443439991883963,-3.7468005546344982,18.356818835249406,-106.90250422758572,-50.08129481995986,1.4899796951794997e-09,3.991477370846042e-09
1478,-120.55475035055444,-41.380102270347756,-23.940270039295058,71.62113986636483,-26.533185499732564,121.27612782492294,-68.41211051186541,186.33969939123324,24.695594987332274,-2.887759216706879,16.98912297879018,-94.98033568598403,-42.233171439922344,5.285869519866537e-10,3.183663110917223e-09
1479,-96.51742166399495,-33.05709263302161,-19.102566676600773,18.905373237206458,-21.4398664612273,245.14020142690046,-55.57929114170753,36.32100121389573,15.804591991888413,-3.934893813033961,22.118505275234643,-74.68133904160878,-33.97720167966716,2.2038193492335267e-10,3.1442937142855953e-09
1480,-95.54674770609073,-32.61362399360586,-19.004480601089362,29.23666960837756,-21.290786264059342,240.92991027039474,-55.34395083040399,37.33609740557436,7.6394945327911845,-5.24761705046147,21.37911633157949,-73.91642762373684,-33.55765404440731,-2.5494273359072395e-10,3.1950619927556545e-09
1481,-115.24212884554727,-42.693471766473465,-22.632791869440744,72.99663881532469,-25.19223512105037,116.76081014987292,-65.88396576631095,199.83516324140783,-1.0549592487172228,-8.358388034295626,23.01599562717613,-90.15044873433314,-41.40021840874887,1.1042970982089173e-09,3.946607485261211e-09
1482,-124.08311011519783,-32.70857489569474,-21.58874867690599,83.7390356803563,-24.027550782246223,117.94669369997698,-64.47227498447592,58.86814339869697,34.97605545897175,1.4394178151456083,107.1232030674255,-97.92808226111845,-39.28420733990473,1.1950760381296277e-09,6.331397628400737e-09
1483,-121.31493405600563,-25.123535780318957,-19.454723598342085,1.2182329442171254,-21.683484571505833,159.26820579069837,-59.66726192708862,9.075762041637086,56.29314968328768,6.278949328582848,146.9056408875023,-94.83323426610683,-36.96276641416048,1.2578311725519598e-09,6.365482363435149e-09
1484,-122.85576513031675,-28.98313579978869,-21.977559068288013,48.06383030125558,-23.764162974604993,160.11054931445761,-64.21393910352505,40.70739541530078,51.73010334371771,4.4724751707719586,93.24716468892392,-95.14655417141796,-41.39040192652433,1.373791747028008e-09,4.766022243529733e-09
1485,-133.16748888858518,-40.66440696281942,-26.484726589586717,74.52079749538977,-29.480468786076894,14.544797336400567,-75.35569820281897,337.6900316075446,34.60896571023458,0.916808071675614,-0.8579183180750053,-107.07685600246181,-49.193836432652574,2.100989604514325e-09,2.0250112697794975e-09
1486,-118.4406942558997,-37.716691063201964,-24.000174164352448,69.80457803557515,-26.57905974385821,113.22843011719233,-68.05011510100006,201.43682351951642,34.445488232967826,-2.147667819003299,-7.977718319321665,-95.14392994597017,-38.859269461598814,5.283595783112105e-10,3.1838105485348933e-09
1487,-92.05799662957261,-30.72590381338029,-18.616297497697616,-20.915009283278483,-20.475152190202582,293.36102402485903,-53.25393981367884,8.966106687492571,26.798486228505723,-2.860121678842904,10.367060820740909,-71.18367361018674,-29.40458321609006,8.231495485233609e-10,3.1833593538976857e-09
1488,-91.80411228043559,-34.185931301632216,-18.423605861918546,-18.22637255422969,-20.393009309670067,287.7637275682615,-53.164021853528496,20.574326472357544,11.729525800403406,-5.892174918715251,23.281522907500587,-70.52970934770067,-30.73016529385143,-7.361222742474638e-11,3.163108885928523e-09
1489,-108.16002701963014,-40.56698972484699,-21.30981818803555,74.73164685219339,-23.66480265047251,171.90551846436165,-61.98768391699996,110.72310239576855,1.7371107914606476,-7.977786451239736,26.94457744387276,-84.47996127368303,-37.89488668545573,1.3691874301002827e-09,4.0265071277190145e-09
1490,-111.83128482734621,-26.49405229893502,-19.552574804973283,-1.6728564415833822,-21.713809318564305,194.9174013567937,-59.11875430416505,-6.4760642101749655,51.41302853517539,5.884940608430075,117.83563809162007,-88.93159083067444,-34.26002148962789,1.6880221664905548e-09,6.37540154002636e-09
1491,-107.88230256337941,-17.35486060362111,-17.257813482575674,7.473444040896918,-19.26795003374833,122.56069475425566,-53.19736261905576,-20.71970424758951,58.16642729628212,8.460667874380938,157.28265777689202,-85.51699465110627,-32.74690347760469,2.1648247638950124e-09,6.3722893628437305e-09
1492,-111.01446610306161,-20.525606378951245,-19.40795984555566,-0.47024596177134753,-21.57517756433983,158.68519524065948,-58.169252145369285,57.77834775886799,30.919490136898883,3.5361398990567348,99.17410155451873,-80.13230950687053,-38.79825702465559,1.6750618669902906e-09,4.794031838173396e-09
1493,-132.17489582430278,-40.58057153432216,-26.261661902014854,70.68465577647578,-29.321585215861433,16.12228359051349,-75.55272165169777,335.8716314425536,18.955084747861353,-1.6652147974723548,9.928014249410179,-96.51627203424215,-49.48874680742357,1.292676188313635e-09,3.625858724376485e-09
1494,-118.17196059267474,-38.980739189481135,-23.583358527134333,69.91528894630503,-26.382092946053167,125.9408342768837,-67.43402959150971,154.0951472084411,36.95233757762773,-0.48157430081266733,19.294160673010744,-90.51502733461314,-40.64898616536976,1.337696176051395e-09,3.1561526725454314e-09
1495,-92.17520430769201,-30.23466746097653,-18.40217156304741,-13.639097228993666,-20.479777429384512,283.2167023552852,-53.15574815526409,-6.995876303113048,29.494080044290005,-2.7027214966081816,27.311836296880674,-71.1498604220258,-31.08749429549795,8.231495485233609e-10,3.1832385616326064e-09
1496,-92.29371827365884,-31.91843835835075,-18.463871165857213,-12.3823657604936,-20.350893506182626,278.4752445525498,-52.74132801833242,15.11824152816814,14.82935507618224,-3.772887823807716,25.830172701761246,-70.63290113414833,-31.696609783809688,-7.361222742474638e-11,3.1635991604161973e-09
1497,-108.65812092613751,-40.28480019073962,-21.222638481080313,77.57350311963413,-23.687170952515864,193.38575305728205,-61.74681161480294,67.3786595153114,12.443821436823233,-4.000651269634901,30.25545665938635,-84.36629868000114,-37.07070163463322,9.706013770482969e-10,4.026851740945858e-09
1498,-112.12953380360258,-26.14884724967236,-19.024667065464744,4.823235095805934,-21.936969469849554,192.60352964449967,-59.5221190066867,-24.15572196162211,52.83985973983942,6.366480339802341,127.6752988635246,-88.45679204822302,-32.93375298984069,2.8328486223472282e-09,9.524143251837813e-09
1499,-108.74659128339363,-15.285241758707366,-17.105873367345865,13.227395714752337,-20.667439825175162,96.7252972421207,-55.487851207912264,-22.57984392564114,69.9647883268441,10.325709763257066,167.8679215081517,-86.3319260308803,-31.90634506864033,4.734829417429864e-09,6.3736962374605355e-09
1500,-112.59190559892325,-23.389512891317196,-19.16798980846602,-0.2684631752998342,-22.14611124650434,221.69124496078126,-59.40327002416006,-22.10282832813899,50.215863616103896,4.094304478727885,107.04519120471983,-88.15397833035765,-35.822544795063145,-5.363517630030401e-09,4.804640241218294e-09
1501,-132.87478314329783,-42.74465435269629,-26.041712791669966,75.05367338767518,-29.29156754533121,18.38764019062196,-75.94948903926979,318.3904092969638,21.5348249404736,-4.083737932144292,33.04307376963604,-106.38586236396083,-49.0378143713907,1.093440005206503e-09,4.007803866556969e-09
1502,-118.27385001976874,-39.705215496843444,-23.21284201822259,81.71154995645921,-26.377015467000046,99.24131220271765,-67.76397796790233,175.35952140668263,30.396807878210687,-2.217627326682662,27.58787853634563,-94.53630639812589,-42.21023524085629,6.428422238968778e-10,3.1818441215136772e-09
1503,-96.67575697901002,-35.223669566574564,-19.043453459190186,39.81985686601848,-21.40210043841433,231.6604894620352,-55.58346385930734,37.364752340231696,14.51645971992058,-5.4109701179179055,19.469395081808393,-75.02613494540917,-34.465404072316936,2.204956217610743e-10,3.1445175352473598e-09
1504,-96.77959620559592,-37.2925120757471,-19.19023535907565,47.89322722471339,-21.246949522537953,237.74314684829864,-55.42381736772829,38.966207532450234,2.5567520329861915,-6.65667672739263,18.41941799249277,-74.31566063714502,-34.67330370444377,-2.5482904675300233e-10,3.1942910538873548e-09
1505,-116.16070448248765,-46.676321671087706,-22.784830180210818,73.90071623950462,-25.183088937804943,122.48516786822873,-65.87733093088539,197.77233246618437,-0.12663498180205213,-7.3726178150392405,22.803738897725896,-90.6359575238841,-42.14446891236779,1.097305357689038e-09,3.944943927081113e-09
1506,-124.08600443868441,-36.451944696902984,-21.755752176999763,59.5367872269689,-23.99557281864426,139.00134829870206,-64.26303973616265,45.30661428547445,45.872238680018064,2.2781450145094237,116.63124951605774,-98.49073763918305,-39.58333145040909,1.0863914212677628e-09,6.419611509045353e-09
1507,-120.79872855896502,-27.256746615368733,-19.850557848190803,4.503950010194958,-22.122231861641144,168.6943095968232,-60.25808644477295,-8.422234519304261,51.819503975251905,7.688203687175417,157.94955431776418,-94.6914250826518,-37.25551058605096,2.01271177502349e-09,6.379053729688167e-09
1508,-122.10024562345228,-28.449475392485024,-22.360218477793406,9.0636588437946,-24.06514356994446,205.37687079023996,-64.32966575688494,36.17923834944864,36.48736161447784,3.0805127955890765,104.14925167276226,-91.87866201044653,-41.15348317307445,1.9302888176753186e-09,6.402899543900276e-09
1509,-132.66187624650374,-38.85046304730096,-26.842216470343793,69.63539899478407,-29.50981633988365,60.001851493047084,-76.36694069797912,291.88867718088517,23.3786502567812,-1.6765648005750307,10.051125222849384,-99.40345079282925,-49.644374711353386,1.2578880159708206e-09,3.977895346451987e-09
1510,-117.57587439421157,-33.84094152396096,-24.265312055446728,70.06490484511544,-26.595862214779288,131.32433632535881,-67.61413110349628,160.2477370865268,35.3133959446082,0.6608249683416472,8.51894221359245,-93.48821747684333,-42.749802578576755,5.282458914734889e-10,3.1813485179554846e-09
1511,-95.7173380511707,-27.53060645654681,-19.590320571193978,-19.1680481245982,-21.465770697658627,299.3523697599698,-55.33141759847517,13.736645595419855,24.11952434380227,-1.9711395385871713,11.400454573952201,-75.17054614030071,-32.66380706463323,5.691731530532707e-10,3.1447697779185546e-09
1512,-96.2804585511085,-30.833313960449498,-19.419279939853674,-19.862994966276027,-21.290764863362227,311.1870126259763,-55.32020287997122,16.383717516076747,17.41360144043274,-4.475900938501326,9.234747348326934,-74.42569295373663,-32.310469845678355,-1.5512569007114507e-10,3.195410158696177e-09
1513,-115.78185181759471,-42.56956216415683,-23.05235309376907,70.89957554373689,-25.221088506672768,180.50186805129727,-65.89237001061001,131.8945577311006,12.533606056173637,-5.6392989784742005,12.921838949267004,-90.75069803394149,-39.84422369377112,6.574509825441055e-10,3.5473384230044758e-09
1514,-122.15741455542879,-28.06684741108413,-22.228518970449954,48.757962825649145,-24.0781046907316,147.3000414855049,-64.69607134033564,42.90417773208899,54.33975365205761,6.350779537073402,95.3590049592252,-94.29891163532707,-39.48585152855751,2.8976046451134607e-08,6.343370273498294e-09
1515,-117.4274033830378,-17.36234375075986,-21.363510966656754,-5.306410804881647,-22.217809900799583,149.4081937643811,-61.769115827503605,4.9849678786340705,73.06411502089904,6.961994626078279,139.74268376382798,-87.82271489378888,-40.892645467102085,1.0722942533902824e-09,6.3343748024635715e-09
1516,-121.58243657928234,-27.755957539656535,-23.71793634556537,-11.273131610290731,-24.82767014579338,141.35674871695488,-68.09671878744125,141.7655559815208,39.961227382449124,-1.484879279401462,89.95268299706285,-88.47414998312658,-45.823334754189354,1.1706049463100499e-09,3.221124700303335e-09
1517,-133.08772655579745,-41.88662819711603,-27.23936087375001,68.89652535842689,-29.736156998910577,37.219173044195685,-76.73290369970142,331.3932457829986,21.779039715934385,-3.4946267988424937,1.3244630019996617,-97.10212945409448,-51.3329142941277,7.962057679833379e-10,1.9707009357716743e-09
1518,-118.85915685261884,-38.00514522244663,-24.355177050131864,69.71120429095325,-26.622519001551222,130.2455867373132,-68.53973339887551,184.49327404148877,26.578211182367397,-4.556619511617307,-1.0518997568730575,-85.54793274961791,-43.490092679337785,5.283027348923497e-10,3.183598717981795e-09
1519,-96.49665084395096,-33.11983056756698,-19.592158086722232,21.13291264434218,-21.437847783975997,256.560008583418,-55.75438397560124,40.36099969057022,19.073429717141284,-5.268865791788768,-0.9196535603677264,-71.21881458624904,-33.319145412893626,4.348521542851813e-11,3.1966322922016843e-09
1520,-96.49714137272429,-37.243617022272545,-19.41929565581767,58.37276846412419,-21.29078065401348,233.6410201353834,-55.45975825884159,43.65261858331416,10.556504668809168,-6.371009112228376,-2.476494343498488,-73.54368538865828,-33.92113002136511,-3.0468072509393096e-10,3.195813391698721e-09
1521,-115.77259338890437,-45.820413152006786,-23.020714920185064,71.64529317005534,-25.247977750160445,117.20793947894656,-66.11001961542746,222.6421480486435,0.9345619502204682,-8.158774082832462,4.654404231644359,-90.75801317024843,-42.19584076725835,7.073026608850341e-10,3.94708443707259e-09
1522,-122.65810988767598,-32.217735119077275,-21.993645382698837,80.48014927388206,-24.324855588310037,120.92495521495326,-65.6867983654074,69.00015924939613,46.31389842116219,4.414284292148251,85.00403215309818,-96.86368927462607,-42.39264492318639,8.014012564672157e-09,6.393001683591137e-09
1523,-118.35465171378176,-23.85038438314837,-20.598014372882407,-1.6491477734242133,-22.616773815038325,145.0480131060548,-63.568194741114254,42.75109772088879,55.0101608205527,3.573651711447589,131.392330530082,-86.1740166767082,-40.96407035612293,9.218865670845844e-09,4.744762804875791e-09
1524,-120.5715363968226,-29.035928088777567,-22.535615561689227,65.20331950442984,-24.597530518335365,109.63507151815045,-67.64270411578507,106.58679482485073,28.867888118337106,-2.8654675312226408,90.68506301952947,-88.5078560483875,-45.22149867241162,7.130438461899757e-10,3.1619453721987156e-09
1525,-131.87907010744937,-40.97254057988296,-27.007362448354176,69.49460983242997,-29.60452185350287,36.56713166844891,-76.35175991783862,325.9418085464015,27.093647072816,-3.458877857499947,-1.3387353635728694,-98.36670557077177,-50.11762338692146,8.459437594865449e-10,1.970708041199032e-09
1526,-118.58655121501084,-36.48917886193468,-24.215898365971565,68.04509763636801,-26.47383887128849,135.2105301222028,-68.08684278198938,172.28673832405343,35.33097091081999,-2.6016926919512984,-8.386678042856515,-84.12004212411642,-41.91261400608408,5.283027348923497e-10,3.1839277880862937e-09
1527,-96.29141737227849,-30.728180725700675,-19.535900906126184,9.303977296174542,-21.31946370902276,259.651317481343,-55.52508096337977,36.89945935430818,30.42635386054976,-2.8713890483338496,-4.6630838395418674,-73.62593881424696,-31.72065258460025,4.4209969018993434e-10,3.19791837455341e-09
1528,-95.35702718421996,-34.72967890426945,-19.41929904964316,12.42253877018714,-21.219509279275783,263.6511336226471,-55.40354028768137,36.55704173318518,22.544825886184693,-4.446259622640261,0.5801177754770233,-73.58501413053382,-31.59532929973554,-2.5480062504357193e-10,3.1930653676681686e-09
1529,-114.6296828400827,-41.16407739893102,-22.78026835819873,70.31796614093777,-25.321453096182104,161.63546781226185,-65.93372345318328,148.43773570087865,8.873540278045132,-6.312591104883777,16.955442695904637,-90.60911718237136,-39.4692391605122,7.072458174661733e-10,3.946553306377609e-09
1530,-120.69877878181913,-27.30908548122318,-22.068441858098414,19.066585295626616,-24.889732611196752,163.0797055695054,-66.109585082075,34.21563536460867,60.156618586938094,7.4954059383689735,112.10042511787692,-97.21102345868292,-37.827728533025656,3.033335360669298e-09,6.340741265375982e-09
1531,-118.18617233921997,-17.85649272209614,-20.999324727534265,-0.23551507617762912,-22.804031754432827,147.02042887318896,-63.133989892106676,4.914309264623912,63.991871113264885,8.711649766413204,145.01422370537344,-88.19607549490901,-38.24088064847092,-6.018126441631466e-09,6.370143523781735e-09
1532,-121.75758800557772,-27.290138135779905,-22.454932647550578,81.60479130819992,-24.674634827746555,113.45555380897206,-67.61633959281815,81.79452098903968,35.059016233751045,-0.4852656463904531,85.15149425696191,-88.51623366435685,-44.270244019831736,2.4277255761262495e-09,4.8133443897313555e-09
1533,-133.01494496957784,-41.83964917510529,-26.622128748405263,70.69907563575123,-29.584736191900028,37.23510405749674,-76.43381474684993,328.5325647615607,17.497068357439066,-4.564288261411404,7.5148828680848645,-99.44176264897385,-49.97737090528668,1.1993392945441883e-09,2.0115535903642012e-09
1534,-119.19333419461121,-39.37053179968334,-24.091423884921742,70.00048926364455,-26.58229741017424,140.05252705446748,-68.43336790552826,178.60406855426186,17.509878807940826,-4.245416910002069,8.41158334924458,-89.55327440849487,-43.10890048469753,5.281890480546281e-10,3.18420489975324e-09
1535,-96.71803078052237,-35.22188066779038,-19.50480349225576,-9.964663560301688,-21.356585652988283,291.47572343049615,-55.6103495336004,30.815185102680264,14.522344833228534,-6.301248772306955,15.605955787651098,-74.58151125167468,-33.16013541512754,2.2046720005164389e-10,3.1429010505235055e-09
1536,-96.09561002578589,-37.56359158242743,-19.329014765125496,0.8864727706491354,-21.213834764209125,281.741202138597,-55.41085476618124,33.52590153144612,10.779594188796699,-6.214977816133594,16.578249218749715,-74.52278203780703,-33.16075406168125,-2.5480062504357193e-10,3.196227282842301e-09
1537,-115.52571430408508,-43.88301330535745,-22.822000771974217,75.75464266260613,-25.276739900498274,127.42684997295738,-65.9330010135065,190.92751806605227,-1.3569006745718297,-6.8323875312627464,19.952093936828096,-90.95131750352633,-41.48002960067495,6.574509825441055e-10,3.94563404171322e-09
1538,-122.54269096946096,-33.246663977673805,-21.921338008348037,83.08266933185449,-24.741006099582382,130.75408392784107,-66.6561473927094,42.57748889595717,47.13439691545967,4.046821733677326,101.61613509154654,-99.70019826673024,-40.403551112087335,-1.6051444617914967e-09,6.34199182059092e-09
1539,-118.75842053330656,-23.40880527537525,-21.3743997189637,3.4365478671842347,-23.650603648407664,183.80966574219843,-64.22061313359589,-7.103087193109046,52.66574773553357,5.224608792015719,144.42627542315955,-91.18849658359576,-39.85841940538632,-5.132051228429191e-09,6.382521178238676e-09
1540,-121.63335177347322,-28.265455892961864,-22.80699763105167,69.93715445716808,-24.803551629347364,149.44718779971666,-67.80245984865606,56.45881432953163,34.101697961218136,-1.4731283987343922,90.75823527216927,-88.35248162497557,-45.56566297543209,1.2487078038248e-09,3.234465140167231e-09
1541,-132.54699164200514,-40.64248654628999,-26.91101738336586,69.73130085003177,-29.598893681981913,67.28227849273554,-76.89718679434705,308.11891500685385,18.65003199188418,-5.660720960686348,1.7858880962038028,-103.78216037790621,-49.528957017915175,7.960352377267554e-10,1.9707128151580378e-09
1542,-118.07626520672964,-31.563163824833236,-24.189972942290456,68.50473646997685,-26.49930359866401,160.3428709134303,-68.20995504378998,145.83519433876123,27.405613821293127,-1.5786475190094473,2.0377487626933,-91.1610100812518,-42.847846057343,5.282458914734889e-10,3.183799890393857e-09
1543,-91.33798316904613,-25.093614523904197,-18.694631348954765,-17.931934814332653,-20.485226447476613,297.38133257559986,-53.078817391963874,-3.0137014583489004,19.621699219089866,-2.952096535882754,14.113940537017134,-67.15716787530937,-31.371798733033003,8.231779702327913e-10,3.1832030344958184e-09
1544,-91.5233144269448,-32.07350799352178,-18.600451884295452,-18.26270393146585,-20.393023819951196,289.72858954088264,-53.03415001553639,22.100424838062118,21.452052280383118,-5.1249281551157155,6.909118726916222,-70.6116563477495,-30.56644878711474,-1.23463905765675e-10,3.1647005016566254e-09
1545,-108.42747347235685,-40.325069408196164,-21.708679285439384,70.511238595702,-23.761631743690813,176.1568719042252,-62.074302186772606,110.09717028779022,19.086099270529093,-5.595781984190917,7.238623314981341,-84.5883601321611,-36.60870512870578,9.706582204671577e-10,4.027006283990886e-09
1546,-110.84706524405865,-23.957122957392432,-20.74128402941772,-7.465664679234484,-22.515540726325778,194.19405881324798,-59.136544238082436,25.265135401733705,58.996489232876506,6.150296129367885,80.57316302850614,-83.70575044884377,-36.8101702193948,-9.244558896170929e-09,6.422666842809122e-09
1547,-107.99311237421635,-15.900730622134295,-19.364274490403456,0.16841018303448718,-20.48065089670563,142.76358629172412,-57.002583391154964,0.6305726059730893,58.348200019304215,6.354188755187254,127.11825760916012,-77.01435842264037,-37.62750520724117,7.165681381593458e-10,6.400227903213818e-09
1548,-112.95700501777982,-23.35827068891914,-21.172388659237104,7.846251466130777,-22.929128246875784,183.5363288619884,-62.89938121517378,67.45786913128362,26.49502227813712,-1.8880254489005535,84.21118072250684,-80.44018222098053,-43.902270911319356,-9.41625444284e-10,3.164059236837602e-09
1549,-132.83014812604327,-40.52272158335322,-27.068842531755053,69.47384139576305,-29.576238934151178,44.29505869565499,-76.42541226735067,322.9808667274378,21.184815990141743,-3.5944960023016037,0.5918354546255812,-97.13820302180233,-51.370355767355605,1.634646196180256e-09,1.9563302089409262e-09
1550,-118.37832013990973,-36.85014996860705,-24.217941648161887,68.4850550313924,-26.413686859629603,158.01951450653195,-68.24566978107593,154.30735342207893,27.450658155923083,-3.9923404709994252,-1.6357412282751944,-85.58322367142824,-42.94550731840282,1.337696176051395e-09,3.1588776039370714e-09
1551,-92.56615711768356,-30.893106527435275,-18.7527906375813,-20.423207554382863,-20.525668963293235,305.0917312830155,-53.391862857767336,18.241242735463008,14.586066618495027,-4.263821737067414,3.008021723521695,-67.60815364296927,-32.50229329365232,4.2462033889023587e-10,3.183068031376024e-09
1552,-92.21799541686762,-35.19356852586594,-18.600445685976485,15.13438607379354,-20.39301759294697,272.54139195857175,-53.06750688761994,36.551449213161895,2.4222333229938444,-6.079708162971818,3.4597446359890074,-71.0561884736169,-33.50077443539088,-7.361222742474638e-11,3.163762585245422e-09
1553,-108.29384684459306,-43.52482659213286,-21.63354166809359,72.01884450209653,-23.702892874129503,155.1032617447858,-61.88370211277128,151.32559180560855,4.684115533357287,-7.705248912595286,7.947495459760375,-85.18632807733803,-39.14892193144128,9.706582204671577e-10,4.0281360469407446e-09
1554,-111.40042736350408,-29.91919329295679,-19.67954135278358,1.5498922135009965,-21.628230146829548,182.3034226628348,-58.26770728228313,30.56135897155913,47.27384290756817,3.040681074287243,100.40980218846836,-87.58810815247278,-36.65579236767998,6.532445695484057e-10,6.383949369137554e-09
1555,-107.23481247789486,-16.090207690654896,-18.474979424610705,4.104082217375475,-19.84035113658285,48.671047969230884,-55.95115685670806,52.61183974973794,69.43156846209833,9.278396054495515,144.8059067615422,-76.26361674536163,-35.047716821707674,1.5629666449967772e-09,4.825643884487363e-09
1556,-111.60483600541248,-21.234127735953983,-20.704299383407818,-5.63682322215825,-22.13611343078776,88.44634246741632,-61.22568917091043,140.28726018179117,42.79603165616695,1.5663470046384143,90.96637113435597,-79.4379684770852,-42.08249496689174,8.319034350279253e-10,3.1675133627118157e-09
1557,-132.41392082228722,-39.56095442386228,-26.8686810617337,69.05390456644528,-29.487178667997508,27.683755534637847,-76.10271429138047,331.1822163182436,26.477660339653458,-2.169461163266255,0.1988662829834117,-96.47975944306572,-51.51373313774763,6.340314939734526e-10,1.9841976950374374e-09
1558,-117.70167297535899,-34.88644558358457,-24.16854062592141,69.51121755110834,-26.449408692316457,108.73751777866242,-67.97639173878481,202.93907447910996,30.112893337524287,-2.499639729351254,-6.244552622082152,-89.59557337442942,-41.77847777617483,6.548361852765083e-10,3.214733368395173e-09
1559,-95.9013800335661,-31.634566416542523,-19.590256315188093,5.91011235722592,-21.478217261004374,273.39055313674464,-55.70437484615485,38.80385551628967,12.336867818865597,-5.344915202241948,3.6440185538395378,-70.7910691615377,-33.640628118444354,2.2043877834221348e-10,3.143121318771591e-09
1560,-95.57185555925813,-36.58480270337533,-19.419297029895404,19.1192605712488,-21.2907820463419,272.63053276986113,-55.48512251410514,36.687952683716865,2.6195817959663596,-6.767791853428053,11.56060646221814,-73.68972398766513,-33.808558562048766,-2.5482904675300233e-10,3.196710451902618e-09
1561,-115.25265884088063,-45.258988717900515,-22.911969454398296,70.98412067751028,-25.249721472909773,147.14835710128784,-65.93174870096087,182.497754074218,0.2429504223018788,-8.429089633341107,13.875912122998328,-91.07683065627296,-40.63808689155652,7.072458174661733e-10,3.946180271441335e-09
1562,-123.08329051447043,-35.34045117230419,-21.713919327100438,73.47061809450423,-24.034287089493603,145.4057899493356,-64.79216319482482,42.03840790528533,48.763227551172626,3.460629873672323,93.82965105340838,-99.20790546747986,-38.796307605729375,1.0863914212677628e-09,6.4211178596451646e-09
1563,-119.31043868284692,-26.053922758820576,-19.53730618274059,0.4877940509374058,-21.8247221381843,159.76461482027946,-61.33723191704463,12.825887355234089,63.54364860649604,3.993516286848068,138.16621936439714,-92.30009942368298,-38.41795931546144,1.8717400962486863e-09,6.368992444549804e-09
1564,-121.33927846114244,-29.826866004212086,-22.471072430626354,84.06812092698321,-24.038705589442863,75.68188274567102,-66.77331618491837,115.04278028633688,31.35160863352953,-1.0297748539344436,92.14956108634546,-87.7777554188655,-45.037184681956525,1.3965859579911921e-09,3.2219176215875223e-09
1565,-133.4893112449062,-42.610946991806145,-26.89095370760606,73.89781387981591,-29.52097966816673,7.779393914688974,-76.09623013433604,355.7811204103338,19.491277760719605,-2.52015282240975,1.0323570003919995,-97.18237872640285,-49.671009631632565,9.519567356619518e-10,2.0252244326002256e-09
1566,-119.09907729280819,-38.36844704599693,-24.201413148444058,69.85736622801936,-26.58306069413641,122.84556899253326,-68.22661761926433,192.8314659502117,28.174755344963085,-3.9460514296346525,-3.999210106571784,-86.38249735315316,-42.902781794272336,5.283027348923497e-10,3.181909846716735e-09
1567,-96.4865399804807,-33.5528093039243,-19.59027268606404,-13.409859115935847,-21.401673661936794,311.21749299340127,-55.72597321730109,26.42266793915106,11.247911087608749,-6.498588657138138,6.330955684464908,-75.09302775361812,-33.46028330073877,2.204956217610743e-10,3.1417641821462894e-09
1568,-96.68621679462198,-39.068168340149505,-19.41930886320434,31.093008423384727,-21.29079389386209,274.06582613131934,-55.61217321136816,36.14069755708175,2.628708495826669,-7.378246859750604,4.01725340711102,-74.93991530043111,-33.55067072723408,-2.5488589017186314e-10,3.1954172641235346e-09
1569,-115.89599473331621,-46.65051281695661,-22.93118959426519,72.5461852605395,-25.228448000747864,112.5402429475973,-66.05069485665072,224.9684379941628,2.5696932196043236,-8.29108128949485,5.268338798516215,-91.30947527754367,-41.53550161855942,7.073595043038949e-10,3.9477257018916134e-09
1570,-123.54598825739325,-36.765686939518,-21.73169835499353,81.14141083118837,-24.022719584755027,103.46684035988848,-64.72173783927576,93.6540277570753,35.960321504856545,1.5662383647494467,94.37831121091126,-98.67648997958406,-40.702829011278006,1.91562321560923e-09,6.3817111595199094e-09
1571,-119.17004798396233,-28.084133152936342,-19.81452417346515,24.770832274870088,-21.843689641895537,128.78632368473677,-59.76410059361719,43.689786042644414,42.33962540857725,5.468893916167787,137.65946796103094,-93.34275750494928,-40.695676177595935,1.2578311725519598e-09,4.773148987169407e-09
1572,-121.12807383787309,-30.30169307779464,-22.36124917257086,87.51247166160942,-24.309721005844057,74.75777647844,-66.68693295551259,117.6569315454065,27.600668070985357,-0.710342267791357,92.24007747015095,-88.12864791742578,-46.14126493909881,8.516281013726257e-10,3.1933167221609438e-09
1573,-120.6011326408854,-28.29798282351534,-27.012202008507483,75.6647767424661,-29.58523176935198,5.9545879020110135,-76.193286285717,341.8418949765922,12.971995707704396,-1.6297259162515196,2.431970504622975,-102.00984183240708,-53.53582252581791,1.5998011804185808e-09,1.941572236319189e-09
1574,-119.06442961025961,-35.591601784379854,-24.355206198456507,71.52468138222514,-26.627356656167024,104.00561637949849,-68.09533191226348,208.34237953558545,26.65703796243906,-2.599604756602419,-5.294427674653049,-84.36011583793233,-44.541640796991956,6.279492481553461e-10,3.1815314827099428e-09
1575,-96.54277243198965,-33.51590973808743,-19.590273460207914,21.86094478013459,-21.42298001280188,246.51854791875218,-55.78752897712134,52.059034940260986,14.802091938963763,-5.484650237987961,-4.88560722106207,-64.03486032509771,-33.976037144667906,6.190248313941993e-10,3.14401304990497e-09
1576,-96.86271396023025,-37.577340827121674,-19.419309361554227,62.20963221203865,-21.290794386426104,229.0654363910062,-55.48668230764439,44.77058305707901,14.238828042114806,-6.08239822878906,-6.92519092355073,-73.45953757632469,-33.180512108385585,-3.0462388167507015e-10,3.19474935395192e-09
1577,-116.05682139688791,-44.372725494002374,-22.999373931448833,71.5647384186039,-25.201444206077387,112.3763533718581,-65.8581609676404,218.6692598350175,14.02458566525894,-6.588234814017755,-3.421074273180788,-90.77414915920652,-41.36295302017181,7.073026608850341e-10,1.95329796781607e-09
1578,-123.00231034692789,-31.59680484057275,-21.795351171746816,81.73739250639277,-24.028229150382984,107.159141117053,-64.59299095964697,93.75020819974117,47.90554265143453,2.410018289446055,72.78499469127259,-99.04412589526818,-41.68748503205127,7.959215508890338e-10,6.326253298993834e-09
1579,-118.9742786974452,-25.17752949531526,-19.636435570463778,20.58762896751115,-21.780005734914358,131.30345499368727,-59.74685641734664,39.97424756054125,54.168252538326534,4.607263478082464,131.20897520001597,-95.34546762619469,-41.18924913939202,7.462404028046876e-10,4.8098343086167006e-09
1580,-121.17877984142001,-28.267201949960565,-21.998872944261766,85.53663130427137,-23.998585926703907,66.22124897285475,-66.47016185241787,129.10908160439052,33.06010060392712,0.2867257348606685,85.80707209619018,-92.02294024412647,-46.08431749949592,6.56427801004611e-10,3.175435026037121e-09
1581,-127.62979807292977,-25.829149589580506,-26.932020014642507,75.09948053665084,-29.597719592455846,12.283402120021897,-75.96936080347507,340.5857063751186,16.764525219306357,-0.909594482335535,-0.7148053828234818,-103.59162600446699,-53.55904027498627,1.0749090506578796e-09,1.9462831346572784e-09
1582,-118.21828643598289,-32.57042745789835,-24.359410859058556,69.52700739166343,-26.569884630708852,78.34401440382547,-67.9499957071146,232.27888367767153,35.727748710076,-0.9932512062792731,-9.558433221403307,-92.53861052201499,-43.11935410816965,1.8942500901175663e-09,3.17218074030734e-09
1583,-96.23269517579466,-29.827540733715836,-19.590270985507424,9.521335768190918,-21.336163906510965,262.92496832376395,-55.45008746243123,36.15219279954325,31.113717854379544,-3.1858993696307327,-7.687059291145167,-74.00352600311733,-32.3989717859532,7.186713446571957e-10,3.14463477479876e-09
1584,-96.26978213593105,-35.57154534702067,-19.419304499237544,20.999141870701777,-21.220230397932625,264.43157646662405,-55.32069695649639,35.90906109021412,22.495735578318715,-4.471979241432704,-5.284496759935773,-74.52213663075763,-31.755343008227694,-2.5482904675300233e-10,3.195424369550892e-09
1585,-115.44237612224636,-43.569738724924036,-22.8094867268623,71.73071000659962,-25.273439619165647,130.02931515051483,-66.04140901104125,191.47531372924192,16.57016736180847,-5.906250644870053,0.5215219952913608,-91.35338457853652,-39.93094278720589,6.573941391252447e-10,3.5482106142126213e-09
1586,-122.53932399139806,-32.578972700621705,-21.722387637533856,76.95267903270137,-24.36298155080318,130.7189931911491,-65.80907444479757,56.10116942515628,54.4867067333364,4.547647098174398,81.86915114165187,-97.00952417749392,-40.65408205939853,9.713403414934874e-10,6.358817472573719e-09
1587,-118.84521806053615,-22.441319917188853,-20.76421457636725,-2.7571908800551506,-22.792188918014478,154.28600260815972,-62.465791105270775,11.46770467394696,64.827285836392,8.144699162728134,140.30818610446119,-89.88083199471964,-39.08712287295731,1.3928911357652396e-09,6.39444408534473e-09
1588,-120.89277174277817,-26.15651880481841,-22.965784512015414,67.46906693224047,-24.604161316943635,122.28953725574044,-66.97620112407739,64.19818213634166,46.292389224709076,1.4173495546887451,91.31643106554722,-87.66280020523384,-43.724718411445856,1.4713918972120155e-09,3.1819178403225123e-09
1589,-133.1487915511593,-40.54778560169281,-26.83620733667469,70.98532563612166,-29.572225755654074,10.36841413280564,-76.15219989926167,341.1822296088238,32.87692618962586,-1.8896525979458032,-0.5692090795557624,-97.10597078922314,-49.590852921581124,1.50055257108761e-09,1.959524098538168e-09
1590,-118.63045222308787,-35.874582976656406,-24.037546490675236,68.70165178910315,-26.5456487127098,131.4892369959094,-68.30430135592239,175.73800716536837,35.4792883036724,-2.942779025079216,-7.578043165209093,-85.69814765985124,-41.79668260947111,7.610196917084977e-10,3.1826141722035572e-09
1591,-95.77743858630762,-30.14279510564636,-19.23982138873421,-13.642168121065769,-21.360513930218257,293.4336352300128,-55.50911392121222,28.159204280010258,27.490970193051783,-3.8002234385869773,-2.515932389370856,-74.59871063344598,-32.497092157349066,4.4207126848050393e-10,3.197584419467603e-09
1592,-95.75444000236398,-32.926769940995555,-19.19192745383905,15.974736426310093,-21.22522700167297,269.95484944181646,-55.32457874986061,35.508325888269354,17.319778039825028,-4.6593416108146215,-2.105260349154576,-74.85113110021105,-32.71901355683066,-2.5482904675300233e-10,3.194948305917933e-09
1593,-115.3033757145104,-44.20059004455328,-22.761567582554996,70.94244368319302,-25.25855385710282,151.8729034889433,-65.9286026555942,174.59588121424184,10.268928172915604,-6.709918543398473,4.711087852938887,-91.40118478229091,-40.82745120013925,7.072742391756037e-10,3.94607724274465e-09
1594,-122.74206431631387,-34.11594477131885,-21.82076087612453,75.87534453209625,-24.892798629025336,159.5642453991514,-66.53225951111601,41.869189487390116,50.88490118678345,3.1649562254221384,80.26946582185334,-99.94084886151317,-41.58342562533579,-6.151765319373226e-09,6.419398346224625e-09
1595,-119.970301422623,-24.31573476961086,-20.471027308698464,13.436164496170734,-23.61404698642003,149.65705263021613,-63.542440036891776,40.65739424771092,52.029569583471755,5.236354246783503,121.68728456603972,-90.03476237243322,-40.755506807105135,-7.950688996061217e-10,6.333422675197653e-09
1596,-122.48537295329886,-30.570704877743026,-22.767842549774215,64.89974523890625,-24.67028723990045,126.2727375781987,-67.5619325294865,98.73701587600435,24.665908861356595,-2.4684427995851332,89.06728306776081,-88.24073380732393,-44.87737381674403,2.1307187125785276e-09,3.21426796290325e-09
1597,-133.6914893624914,-44.29805387064394,-26.761818432446105,69.38011201633816,-29.50366857171979,47.95220492955319,-76.29816805626061,335.2929859378365,9.398304448432233,-5.196385689565677,2.0970260273552794,-97.052120823397,-51.31892852132854,1.3455405678541865e-09,1.9865957767706277e-09
1598,-119.55650652356539,-38.86937826494816,-24.273064471012717,69.26446539161094,-26.523734808053,123.14545228657194,-68.43378690304156,199.77395263485312,22.61351980731099,-3.8549665799904984,-4.980496159333472,-84.16302407337194,-44.142432307180144,5.282458914734889e-10,3.183005581330889e-09
1599,-92.63633282879486,-28.282703533014853,-18.752725057060875,-12.489439335743,-20.477524069274743,275.41833196319067,-53.12634700756849,32.677876216522755,23.01512722885151,-2.852182636323636,-1.6104855212937277,-68.73404949436491,-32.149545894863316,8.231779702327913e-10,3.1841267400523066e-09
1600,-92.4434639850707,-33.2442180033921,-18.600455077266446,-5.462190408183239,-20.36583936249093,284.11105574469923,-53.078761413542864,32.435731755248305,13.6654121476763,-4.445759921808129,0.5676390488492885,-71.65996727818393,-31.479183220788595,-1.23463905765675e-10,3.1638620612284285e-09
1601,-108.40234328108727,-42.12099297204828,-21.62483199026752,71.875913108391,-23.727604212914258,187.73425660061406,-62.016442337301626,113.02922731305472,6.001491650217917,-7.130733111900091,10.31194426525396,-85.58768964512366,-38.34219535278169,9.706297987577273e-10,4.0271856960316654e-09
1602,-110.81746454647971,-27.287685150949976,-19.732391556007062,-3.6893081732405246,-21.92009412316591,212.1698765098127,-59.61629135282606,-11.745735893992062,53.86740578041758,5.335411973029223,108.52482033603313,-89.68690971947028,-35.40163400086403,2.1447931430884637e-08,9.560238822814426e-09
1603,-107.79686100896755,-19.5435574691706,-18.95656264428703,5.193556038872793,-21.061553429442572,123.82288843904962,-59.04282904631618,1.4877929269592292,57.57920044585552,4.311910002828199,149.9567098448915,-79.92850483349626,-36.02218920742509,1.97526333067799e-08,6.343448433199228e-09
1604,-112.97341659118726,-25.20746666537839,-20.505401425230016,-4.954794381590388,-23.18446403795056,177.20293445027048,-63.9129427968849,69.43894448543833,33.94014576429618,-0.6039858272801413,91.18975554028161,-80.16878114110212,-40.26052732005253,-2.540730292821536e-09,3.164002393418741e-09
1605,-133.34891187935565,-42.798951646009144,-26.816256077356524,69.82929946902698,-29.45712256241411,56.34388955159322,-76.70705451291906,308.84963550370475,19.78861682325304,-5.3594990155127995,6.35532787120487,-97.04951164382257,-49.62946184868984,1.6346746178896865e-09,1.956346196152481e-09
1606,-119.26427371766665,-39.1508679837143,-24.069720910111336,68.4463049325798,-26.509703496570744,166.83268212114066,-68.2474953421145,143.29691309499006,29.22434873952473,-2.5586631004389626,3.8735101789825754,-89.25763608387187,-42.6153984044472,9.884502105705906e-10,3.145490978795351e-09
1607,-92.35333064705557,-29.935432699413596,-18.644776225376248,-20.82423706981171,-20.50041820476155,315.2638600881969,-53.03832151359765,-4.140750287871356,17.113622156760126,-4.034242725759724,11.631653093852773,-69.17865313244246,-31.358972801863153,1.2505552149377763e-12,3.219469135729014e-09
1608,-92.10022035872474,-34.75575232459973,-18.515776681903365,-18.342970630618588,-20.35583539222625,303.79622274841614,-52.95695145889288,23.436321501537474,3.8155815777685675,-6.502069747544234,13.591719447929263,-69.62231967789025,-31.48794897441678,-7.361222742474638e-11,3.1619080687050882e-09
1609,-108.69424177156712,-42.7763495164408,-21.495564128617104,71.25735387356323,-23.763329982845317,200.86253260278488,-61.879066610594144,90.86735659555629,6.4127081024330534,-5.784212380339464,17.162316859970975,-84.6197529415187,-37.549750671372124,9.208349638356594e-10,3.629306633001761e-09
1610,-112.42157421197335,-28.438887217783666,-20.472882900640432,-8.60804664835512,-22.78076459599995,224.7277979713757,-60.54588107299561,3.4746786465534183,50.182060545890664,6.063538549232022,92.46724633028364,-88.66112923241893,-34.98615610906278,-3.934843562092283e-10,4.814353360416135e-09
1611,-108.97391909993856,-18.140398307410884,-19.120452968501798,-2.9798358069975435,-21.52355697912643,166.76395358834935,-58.37909117848444,-17.792287872447577,68.66121040910977,10.879527901845812,116.54056492441025,-82.60143629321665,-33.33427825288558,8.009237717487849e-10,6.418687803488865e-09
1612,-113.83232359661821,-25.865940933984078,-21.697012362757366,-8.833859342042647,-23.957917759855246,239.46499254658997,-62.921373206133026,13.270910340112353,47.876027468076195,1.1484903700034161,74.25776453342569,-80.58162542284668,-38.328132579581215,8.019469532882795e-10,4.7609347575416905e-09
1613,-134.34439154377995,-47.008633648750966,-26.572428842358644,69.90304217809862,-29.4840883579867,76.31111232486481,-76.41799936809583,302.34464378505254,15.869958194781029,-5.013796678904302,5.419113593619821,-101.87884118032636,-49.12769042425215,1.0480789569555782e-09,3.6013691195879716e-09
1614,-119.70728666662824,-42.13169185003518,-23.70478684227395,70.3442971954264,-26.302582827075256,143.64453490293891,-67.7497125568463,188.0526629659778,22.199467094646142,-4.056537691466343,-2.3264449588918192,-95.05084780058192,-43.2110709343961,6.548646069859387e-10,3.2170204278259007e-09
1615,-96.78780673320591,-34.93144283853095,-19.341650663090224,4.4109447585062025,-21.293701147330243,287.08969591356197,-55.53388577462229,34.271901019191354,14.02577922273905,-5.810683165803982,2.236183722035068,-75.16157885535495,-33.17375543054365,4.4209969018993434e-10,3.1969520364327764e-09
1616,-96.12157409614103,-37.03879471048931,-19.087275418409437,-2.910381601944887,-21.2212683566871,294.2442381392017,-55.382461223310244,33.38072361178386,6.855618832502999,-6.755736605741084,10.25662292511715,-73.3702489626994,-32.84946250389917,-2.5482904675300233e-10,3.195424369550892e-09
1617,-115.02598238604982,-43.05346636180885,-22.622031814782492,72.88433102225939,-25.276194691071534,183.5116904595244,-65.93392401103624,128.31126860012407,8.067056733923039,-8.548490404430305,18.75752477717951,-90.477808493213,-40.593973396934416,7.073026608850341e-10,3.5477540905048954e-09
1618,-123.9422376767333,-31.063229299239293,-22.044431044873754,54.38007669427243,-24.773816795175858,159.2525969524111,-65.3533364130841,33.626994882054085,49.39012890337524,2.8532308774032065,106.74897955704203,-100.09804593403916,-38.976910631145664,8.217796221288154e-09,9.565397363076045e-09
1619,-119.43333312661396,-21.53954348541347,-21.35471530375524,3.4976767128178015,-24.05501062354753,165.96834435518173,-63.81014050687326,-8.871243613154926,57.74002084154268,7.472040195847659,152.52107238114633,-92.12290203121022,-36.01226572952069,1.640341906750109e-08,6.410360242625757e-09
1620,-121.41871997630602,-26.491880162069695,-23.605343286677265,3.485962174555512,-25.76843911944485,163.47240783057913,-68.86094375863547,102.96595681582828,33.73033687620116,0.9706209766114892,91.52004481982081,-88.74261255799762,-41.25739057885555,1.3368861573326285e-09,3.2270000005496513e-09
1621,-133.60700167595206,-43.07533161282774,-26.976644764609446,68.62196902774814,-29.866898537335203,65.302493244321,-76.38066189393496,300.9962213954248,15.085903909053444,-3.55963351860388,7.932895020924363,-97.2204340958712,-47.25287646376171,8.715801413927693e-10,3.5671954279337115e-09
1622,-118.69693752319564,-38.864209189907164,-23.974082968514804,67.62239057327315,-26.432774577083403,166.97250963797225,-67.93544294728241,135.63122730343756,22.01758077476211,-4.017370658100256,15.994486907706525,-86.80969535926064,-41.5076819403757,5.283311566017801e-10,3.1836293601372745e-09
1623,-95.95162447959721,-32.607627423148614,-19.21791378345604,-21.809495815199377,-21.35243745854385,306.2373748043201,-55.57883607654006,3.7505381591477462,20.079491858504635,-4.575938350049137,22.69870329019844,-68.6837272030364,-32.98850749205433,4.1947600948333275e-10,3.218026733975421e-09
1624,-96.14198784123991,-34.365297982348785,-19.148094423779007,-11.044787887240167,-21.257107378413195,284.0672859619269,-55.3310741121898,31.902996728267176,13.41768697444355,-4.964105518851599,16.20361100930313,-71.11292962775126,-32.226195873239824,-2.5482904675300233e-10,3.195658848653693e-09
1625,-115.78031262408719,-44.52254247385679,-22.80040234279364,73.64645025289683,-25.343476910702382,157.15696700179086,-66.02674633251026,148.9390527601948,11.904549669432187,-6.96040035279471,16.99689608113455,-87.82516809794129,-39.38486659777932,6.574225608346751e-10,3.5479139626204415e-09
1626,-123.02997304971399,-33.12090652850552,-22.16697606673311,59.8782352942076,-25.616874023364524,159.32981242466496,-67.1434309456145,36.17366799554463,45.239449909444055,4.295351186106183,102.8559078545239,-98.12682552820229,-38.56743846439627,1.647094904910773e-09,4.752450877276715e-09
1627,-120.71547753263697,-23.91137600342968,-21.50757593409121,5.308795325158686,-24.949789893890124,166.94081145148354,-65.75381980459986,23.803181759554825,42.74288277601128,4.664930894230006,142.96378685911668,-90.66811503677484,-38.9182347950933,8.188408173737116e-09,6.421508658149833e-09
1628,-123.67131110785141,-29.644425815722744,-23.051138620912624,82.59576022127116,-26.028307857422597,152.81181814167755,-69.15365763772235,62.69360500091183,22.611143913191395,-2.1687935319263283,86.48557118915333,-88.85195448771228,-44.62830935438302,1.8803518742060987e-09,4.807166220643921e-09
1629,-134.6718616019002,-44.18048985402692,-26.58534603848183,69.38140422791386,-29.657360600607866,76.85686506565165,-77.11714285801469,290.9687711775806,10.29103694663676,-4.515536958565063,15.900181877519598,-97.93614100272876,-48.73438034641551,1.0219309842796065e-09,3.619070376714717e-09
1630,-119.21783351868845,-38.92610633071637,-23.59714154411051,69.17645430423232,-26.431009795979175,168.88941831027256,-68.30463122918592,127.99366260865548,24.98790174237097,-4.137447135109092,23.02678382280466,-91.21960771369959,-42.240443487404924,5.282458914734889e-10,3.1825067026147735e-09
1631,-96.3203439370161,-33.706711190045155,-19.25151813822447,-1.9285434880986605,-21.35331432671146,272.7643309849366,-55.526632205629596,31.04155737181122,14.968175389138253,-5.617593166297927,23.755365509091497,-74.9502051470236,-33.87456762126742,6.190248313941993e-10,3.1460487548429228e-09
1632,-96.58646861713407,-37.57140912410795,-19.200334216652866,7.381833543045674,-21.22142110907635,273.8248422304467,-55.379162105549895,33.99867402028835,5.044743977865778,-6.932271316656009,23.18259958198504,-73.25361274143724,-33.28801409174091,1.4372858458955307e-10,3.194074338352948e-09
1633,-116.09456404837994,-45.06979792896431,-22.771618472886498,81.17870064060428,-25.31260990456701,161.40734912053065,-66.03711681458606,140.0745080516897,2.959045782730766,-7.752180877725056,28.80719660991443,-90.69681186798239,-40.692100256300606,7.073310825944645e-10,3.94604882103522e-09
1634,-124.23280270322516,-36.04974608594038,-22.268203093889618,34.42152703351137,-25.605470661408233,175.69362638429942,-66.84387809752066,32.50660614836539,43.93860237675221,2.530607836420584,123.90657321256198,-99.51192449234216,-38.485517793905174,1.4245529200707097e-09,6.365780791384168e-09
1635,-121.96989992323401,-31.44379317116013,-21.56037448462739,7.958996955955436,-24.870518651867673,195.22669703108295,-64.56904184258207,-11.72560740749645,39.25260218800319,3.2029624026317625,161.16084511537292,-92.9802897390149,-37.68257840603642,-1.6093508747871965e-09,6.36032382317353e-09
1636,-124.64510123104242,-35.109380920447116,-22.75251083638945,11.53686473746579,-26.29400894980025,215.24714073277804,-68.94924706018263,67.87957439310917,23.749320323567407,-2.7988035381777827,93.28163840834375,-88.8286084387691,-42.3168775681459,1.045819431055861e-09,4.795310815097764e-09
1637,-135.53137920032233,-47.86943732740334,-26.645538217039405,72.12164822310605,-29.839706839247302,94.63408902377394,-76.95566042195262,281.14754655066605,9.339292043397469,-5.619270266262869,16.34390934731667,-102.96064813032567,-48.16484474733203,1.1028760127373971e-09,3.6307241657596023e-09
1638,-120.03771560802113,-41.94352764503786,-23.666559491774454,69.65030500890732,-26.540962437059225,161.7031900859302,-68.55777003719712,146.2618705247351,19.6683497862832,-4.330535106203549,25.086073770118276,-95.6541666876706,-41.63855212857964,6.279208264459157e-10,3.1829898716750904e-09
1639,-96.16839072817868,-31.30625863845526,-18.839146866833747,-5.756972042533728,-21.34126413942643,273.14332256480543,-55.5930939870063,28.657120308467245,9.924652257702643,-4.647315083408979,30.487511768781456,-74.79015532238522,-33.77001005527133,6.190248313941993e-10,3.14232551090754e-09
1640,-95.50029789206813,-32.56221840185619,-18.768535777873176,8.414109322056262,-21.24752173363599,266.0657723091058,-55.27457498254036,32.07815687358589,4.019409338540535,-4.848266094874942,26.00640651462888,-73.77699549228777,-34.60544394592227,-2.5480062504357193e-10,3.1945681655543012e-09
1641,-114.7080562476048,-40.2177900962546,-22.43795369860772,80.3870151244691,-25.300785778962716,147.68447121443262,-65.88678921798888,161.73602508100683,-6.300665527265725,-7.635710083165047,24.63623896440967,-90.60925100390374,-41.34674869329449,7.072742391756037e-10,3.943831927699648e-09
1642,-121.8294256480557,-32.10156036790871,-21.557062024524186,50.96522384426392,-24.591650779336465,155.5979240255221,-64.55787909892682,38.77010138135279,35.951032529012586,1.9846737765896216,118.70562152020361,-98.77456489690731,-38.56243419293196,3.3710421121213585e-09,6.399417884495051e-09
1643,-120.72716576597583,-30.16579871777257,-21.04218693538671,9.367917618538364,-24.031406639813532,168.39558387780707,-61.63576928244075,-25.056185368746064,61.96811613249336,6.5162207496551545,165.68852201610707,-95.37720838581285,-33.90063922441769,-5.873289410374127e-09,6.395566742867231e-09
1644,-124.63411612488957,-36.23332983854254,-22.620920951708257,-3.3034579157769617,-26.053043585433844,228.18447069412636,-68.14148420083616,20.662532749128008,58.782230820235,1.9130174090241348,97.47014982737315,-88.90760985905045,-37.118438947393294,4.2136889533139765e-09,6.411724484678416e-09
1645,-135.0304461230804,-49.07407351087383,-26.379109033338754,70.8153445698551,-29.696853791189735,88.81369602208946,-76.62088130094756,262.2977837179377,35.10300523868922,-2.8566006644341475,14.44200535571726,-105.92235624471456,-45.891514196909164,1.629643975320505e-09,3.566583473002538e-09
1646,-119.09862805198611,-41.24818021516767,-23.679123382562786,68.10475933789785,-26.502027000833948,183.58198208822867,-68.61165502161879,124.97868278308593,25.124181696177192,-4.560264878343676,17.766489730110315,-96.00432732040154,-39.85188973367618,6.114646566857118e-10,3.1814053613743454e-09
1647,-95.42780123340937,-30.13991881297314,-18.615711867398264,-19.72743572608998,-21.393374947875753,308.6613288805679,-55.51427362341179,2.9748667750012503,11.06475957880014,-3.966726847931675,31.40754915779566,-75.66929022195107,-33.65397107280491,4.3513637137948535e-11,3.196333864252665e-09
1648,-95.47268517799972,-32.14341027729126,-18.81492816882493,-8.702498105958469,-21.239968563793187,285.7328939029105,-55.22971738649927,18.567610687453236,12.028098359245819,-5.064228184597744,28.679238399652725,-74.68848999719891,-33.651915448645006,-2.5485746846243273e-10,3.1958791169017786e-09
1649,-115.17567817603027,-43.325605039621756,-22.617907019395687,81.81125339440857,-25.288520627848936,162.98985621813634,-66.2126834659834,139.44453284033625,0.16776785447994524,-8.873006635809869,29.336718415072216,-91.21603378562556,-41.04069393843554,7.072458174661733e-10,3.545462590182069e-09
1650,-124.64125542523732,-41.69082709075441,-23.022897790010365,89.49821133397445,-25.65357808792125,146.7554739013149,-67.46207114680485,62.247133118511364,12.101098333332631,-5.950627855329436,111.38187982801765,-95.61226612910203,-37.95027293114594,5.183551365917083e-10,4.746624426843482e-09
1651,-121.59564642643171,-33.47240390201313,-21.672417654180105,4.645026955466176,-24.602679720486098,173.14714359839817,-65.14088622703927,17.674280621564414,34.04618634310096,2.0636856281379914,157.71953139555455,-88.0558895760605,-34.75593096955519,4.3596628529485315e-09,6.42714326204441e-09
1652,-124.0222265226187,-36.52951120279079,-23.056085134408203,71.56155663173702,-25.351299473718946,154.08391375258444,-68.91483427039076,48.344124770127394,36.25059125580806,-1.6030469744504696,98.53040796083589,-88.66944587886914,-40.624144860374734,1.7137722352345008e-09,6.407859132195881e-09
1653,-135.4406434523368,-48.7537130700795,-27.135318371630113,72.73316730681762,-29.770301461388957,48.19416366822341,-77.18476737970668,339.67894937030553,6.815148199775654,-7.4423340763786365,7.280156234501429,-100.11421289282917,-48.86029404362899,9.990799298975617e-10,3.553441985104655e-09
1654,-120.41824911187717,-42.59803349090815,-24.204639424666397,69.9638204637988,-26.56547900433069,119.83639307214273,-68.69956792722415,207.67638801290613,10.16512485428297,-4.666317269749317,8.022610549328578,-85.04848236456313,-43.463568328890034,5.283027348923497e-10,3.183245667059964e-09
1655,-92.72292155442959,-32.86505205728503,-18.76593890465163,-6.615390947751454,-20.465233072280352,278.03183799416286,-53.26132369204605,35.27699180944804,6.194439777176586,-4.770493032405433,11.720577546385703,-68.94058492632564,-32.81690890972249,1.8042101146420464e-10,3.190208985870413e-09
1656,-92.4989088199111,-35.50545218364028,-18.600460990436737,23.535915663926477,-20.393032984391514,267.70666275337345,-53.12792703040529,37.83607713996767,-4.096314514973763,-6.239512210591711,6.1280209211232695,-71.29323546125451,-33.45183225833473,-7.358380571531598e-11,3.163937112304893e-09
1657,-108.76607933447146,-42.1641517709679,-21.659252657604984,73.10152674932523,-23.770928559851516,173.1292779900728,-62.095908782069316,139.42003029037662,-8.475346598446864,-7.2109153320321955,14.429841463071044,-85.3185739802846,-40.61951944779341,9.706297987577273e-10,2.4327908576537993e-09
1658,-112.7972914336183,-30.35582463364036,-20.26293679766528,5.194521806892345,-22.57428323477799,196.2486528393596,-62.75023353730401,30.281355549004523,37.872933845920166,0.12394536035692441,104.54314477763522,-88.40902653096994,-37.11495795084432,2.0691004465334117e-11,6.421373655030038e-09
1659,-109.36679113546691,-21.814672142147728,-18.432333615466668,2.1593336385455673,-20.29479628162165,116.0542612007666,-59.660205386388895,41.115453416156754,39.94330434019939,0.3541924175561128,145.08745066226774,-76.28662711117995,-38.8585699469439,-6.733898771926761e-09,4.825654542628399e-09
1660,-113.7951207533202,-27.28259027965431,-20.81030542326057,-6.168488150137435,-22.430522980972707,146.63804215417287,-62.05794299773903,121.59818821890252,14.195637735684127,-2.6234049859362947,93.69922451317575,-79.47697150478099,-41.48574549260238,4.412413545651361e-09,3.1448799120425974e-09
1661,-134.05716315807504,-45.99593121308523,-27.072482230800272,70.89369110098869,-29.604895430300424,28.807026965795167,-76.73785696420394,367.3665990276639,-0.4531839663699811,-6.76329756869241,0.3059136671573001,-96.58821203845464,-50.10020816073564,1.140506356023252e-09,2.023682554863626e-09
1662,-120.28104817321199,-45.85831297009238,-24.333369656827237,69.82989375791756,-26.63788154116982,114.1245694524445,-68.30963547012955,220.26395978341932,18.70778814864743,-4.661521956301957,-5.2415005709459725,-84.02680769706917,-43.57613308039072,5.898641575186048e-10,1.5521539609153479e-09
1663,-93.43092019061896,-37.001277462751176,-18.75272122871289,-19.264950545272427,-20.4808564074308,288.0120564165347,-53.176313357314015,38.361131998123795,15.269603614419776,-6.304431538707336,-0.6893482962889562,-60.16915187129661,-32.37282110749774,3.7479708225873765e-10,3.183338037615613e-09
1664,-93.04708153760942,-37.06015833778383,-18.50689972986374,-7.270668566071719,-20.32217373892089,285.9405832516035,-52.96334735340712,40.386957626592924,0.9861525810731754,-6.394388110154609,3.943598063781558,-63.145004160900555,-32.54756996458605,-1.234354840562446e-10,3.163775019743298e-09
1665,-109.33387025838492,-43.709856502118704,-21.430741973366775,73.41087749337285,-23.76046811091153,174.9732575311652,-62.14135122269848,129.26181546916712,-1.0950813683712466,-7.491092115792546,11.731752250388395,-81.959619942207,-38.45562121852735,4.72397232442745e-10,3.6284495408267503e-09
1666,-113.74016722284837,-34.67460451061356,-19.79631797253912,7.008351416362655,-22.948898356396402,206.92026905316402,-61.69145340002386,27.74952644897414,33.67331118574672,1.7693688145568325,99.43982437407045,-87.59825334274477,-36.11095642705855,1.304840679949848e-09,4.826411270641984e-09
1667,-112.72582680165512,-29.25906726115797,-19.026610129107343,5.1056491350859154,-22.4297505704683,154.14231932292105,-61.40025378963954,9.957776099712529,42.888705017469164,0.9690095598439438,148.321921878269,-79.02123270950557,-37.522639687612276,2.494743966963142e-09,6.3354974599860725e-09
1668,-116.126670567395,-35.368798889431396,-20.97322943712626,-6.126378651946225,-23.513268058028675,166.14288864299073,-64.59350558486673,105.10591533695683,24.234794397118804,-2.1332709297021313,93.64710711385392,-80.63302633400718,-39.662556990957285,-3.831075900961878e-09,3.219833288881091e-09
1669,-135.42349220881644,-51.70079301919586,-26.587570945878436,69.04488303429332,-29.358151628351735,84.02692747037412,-76.86871075425036,307.33768737953636,3.7203471234450896,-8.677770806188857,8.494359021641797,-96.34241271603894,-47.665301917219395,1.0325607036065776e-09,3.611751786536388e-09
1670,-120.30883081518644,-46.131410495912434,-23.893018994319096,71.31540048937637,-26.298967102617357,156.11896573667013,-68.4653740996063,186.83105388193758,3.290413719688141,-7.60897747052355,8.308874277264499,-89.31512930402168,-43.84299979394743,6.548361852765083e-10,3.21660742486074e-09
1671,-97.5479092776972,-38.87248339752834,-19.33332301147207,53.16661200702398,-21.379926473557223,249.62163198282133,-55.77475450844212,41.612665020166,-1.2268246350097938,-7.583751855102353,7.441714935664611,-74.2583676978691,-35.8652830646352,-3.5504399420460686e-10,3.1936941979893163e-09
1672,-96.75329121875407,-39.170574961736264,-19.20467551293958,66.80095325134906,-21.21645720927942,228.41939666819613,-55.516527212378556,54.39862360982607,-3.943601166803211,-7.779314106539316,3.2393663305735783,-73.92016724547331,-35.35373120193724,-2.5482904675300233e-10,3.1959834778660934e-09
1673,-116.14109715615577,-45.811896055358375,-22.75076558713494,72.88929459908111,-25.260142634375214,112.3165214467434,-66.01725372417165,231.1093142873456,-7.429396243682708,-8.593458348157695,9.079685111779437,-90.79909784410995,-42.591707824397204,6.575078259629663e-10,1.95329796781607e-09
1674,-123.56029313392347,-36.977401286398624,-22.168437673125247,84.7694754620041,-25.18623477776418,118.93770707823725,-65.83845739326611,90.3572274294622,24.102177402393625,-0.8802055435449098,96.0488200870278,-98.21081901928066,-41.39355857505767,2.3143797989177983e-09,6.342695257899322e-09
1675,-119.99169397194214,-29.145134167288433,-21.323593075014617,2.358370355839546,-24.735044648352098,176.95847431076595,-62.1670697983967,32.13655799624812,29.451072025288443,2.2688070957255,142.55074476938492,-89.41255156731154,-38.94893926132752,1.2517602954176255e-08,6.417977260753105e-09
1676,-123.03453022357846,-35.77951191542109,-22.544070369599645,69.1997676210797,-25.890755020511843,152.26556466811633,-68.04060346918932,73.98358118903212,15.87728931389494,-2.0624429266141977,97.09030334253269,-88.31032848793157,-42.75426366814997,1.3591261449619196e-09,3.164197792671075e-09
1677,-134.44629507884937,-47.56226598920653,-26.490577228807187,73.7760882104523,-29.658749180211956,61.330218519176476,-76.55928556285107,335.80612250820855,-1.0375286151716938,-6.3794599975678326,4.216454624900935,-103.30487853375445,-49.68984363558634,1.395306981066824e-09,2.385153408113183e-09
1678,-120.53418834065285,-42.83288029259363,-23.77961098670641,70.88392995539292,-26.573652660147758,131.81125427612292,-68.64728424781335,215.93977249699861,9.770902866515794,-4.491406048078186,-1.76442699692753,-95.82078570284654,-43.96162428885407,6.613447567360708e-10,3.182091035114354e-09
1679,-96.70290711964327,-34.529466858948425,-18.851211926397944,34.91881695401219,-21.360697340953422,246.17642572870602,-55.54075344615527,36.83764582455869,12.085250830690383,-4.290695632346899,10.510221729069514,-75.3900479405198,-33.862580767942845,8.180052191164577e-10,3.217405009081631e-09
1680,-95.75310095565553,-35.197736773416345,-18.821041995235777,27.72240524802185,-21.197827019874616,255.40981725682846,-55.26875433751744,36.51853692502356,5.916622647886227,-6.14317831857716,14.401133981111338,-74.46334904484156,-33.1235275816792,-2.5485746846243273e-10,3.19631965339795e-09
1681,-115.2607950872735,-42.010973714902086,-22.54280136040348,75.30316208676774,-25.268299688297322,155.75880535974866,-65.94203742023987,147.89554843194142,7.888062890477622,-6.062927041645279,19.492626504393897,-89.95016655467438,-39.30020436891767,6.574509825441055e-10,3.5465603787088185e-09
1682,-125.39902387327817,-31.988186000899653,-22.15587112274827,39.801715324814516,-25.424900046577722,163.21836260007746,-68.08851202107762,35.47253984489172,48.89305956551825,3.522446652836068,115.7095902177007,-96.78865939480502,-36.77256167679997,2.4109496621349535e-09,6.336151159302972e-09
1683,-120.78816486232535,-21.810377804673973,-20.46491536046271,7.811825567194461,-24.0946525610096,162.9349831349718,-64.75335796969844,-9.64053683952959,44.13917200111736,4.500729177080072,163.55249159920595,-85.98797701069388,-35.3992190033354,3.219611244276166e-09,6.410289188352181e-09
1684,-122.70994796535288,-27.34138084562759,-21.862687735152925,-3.3488726392015185,-25.2216607541855,244.44980123844363,-67.39187656936474,-4.753373429813563,43.569511315309654,2.4373472282580133,107.32804154359718,-87.97319477232325,-37.18170654513589,1.6927685919654323e-09,6.389697659869853e-09
1685,-135.3901497598358,-45.27654763017455,-26.453835419235183,70.32700803631874,-29.44156976049407,149.48644650975558,-76.52235225208044,176.8210798458274,31.99930508209963,-2.308455567188829,28.804743669134314,-97.21289995510644,-44.83277275520678,1.7668355667410651e-09,3.941863724321593e-09
1686,-119.70746138396223,-39.58846638645713,-23.590295831101844,69.4862147616709,-26.29215413632196,188.22747725723673,-68.39273449356128,90.53969014107773,29.59762466557152,-2.69295227822357,26.191559063209642,-84.06434112400412,-39.71416020874541,1.4251213542593177e-09,3.183124874794885e-09
1687,-95.5416186658902,-30.566639988269063,-19.068812651381677,-17.53939683987776,-21.383776114694964,276.3317947935912,-55.25320814589369,25.192337505024163,12.525500469125507,-3.3203354160976777,24.316807762154877,-63.71554109275268,-31.9771115773871,7.186713446571957e-10,3.1440734460375097e-09
1688,-95.29409118968697,-33.47788183751104,-18.806447581567074,-18.694442786282988,-21.290764886917852,284.06163772824664,-54.99225557065839,34.709266446926165,1.474240812592613,-4.564035138715254,23.647827450698617,-64.69911521811382,-32.073938194545384,5.423004267868237e-10,3.197186515535577e-09
1689,-113.88975820695092,-43.67190343109284,-22.503671971092533,70.60231219013129,-25.345775028095826,172.38535991949232,-65.7399311200254,146.47516382610857,-5.293939567940941,-7.759439981450112,23.09736195336606,-88.2423788922782,-40.11339965798171,6.574509825441055e-10,3.547171445461572e-09
1690,-120.12145546425619,-28.625687917558754,-23.203254942391528,38.661863966354765,-26.045062780388747,181.9303355887547,-65.5609596496878,33.392553546375375,52.29083092217341,4.982607739905782,86.71781947286546,-98.34396916298122,-36.075621249103996,2.1442190245579695e-09,6.369234029079962e-09
1691,-117.91700006766129,-14.940454020453302,-22.065450102441115,-8.842776204755868,-25.631323303679277,201.8194402750384,-65.65319967985582,-21.846278539870152,75.58080823034838,11.641418077077759,114.72319142133674,-94.65153697585407,-32.21683903532757,1.5881767012615455e-09,6.401918994924927e-09
1692,-120.4136734570354,-16.95631464917358,-23.544593944913224,11.25346284058278,-27.095465843061994,209.7061878184891,-69.05932906049269,31.339215058303733,58.03260954445534,5.030007551290873,74.51722145532104,-95.44046377910864,-37.36886348252392,2.8270589341738983e-09,4.826851807138155e-09
1693,-133.21916749349512,-35.06898943707368,-26.9817979501054,68.25339627335786,-29.943385727573776,104.2301100403839,-76.59801741940223,245.54253820614352,32.24145807445738,-1.216772476054535,4.93612715130257,-107.3565191998878,-44.81898000700711,1.7668355667410651e-09,3.5415190779986006e-09
1694,-117.70648725037026,-33.29764996316806,-23.956044424693623,67.52444305716641,-26.661427433306518,162.93737888881714,-68.54214370647486,133.3632359565812,32.14062747226916,-2.1853131099889174,3.9666026881207856,-87.93534489479636,-39.647877247115034,5.283027348923497e-10,3.183089347658097e-09
1695,-94.7146741286606,-26.694623115828012,-19.08509425006785,-22.388516096080586,-21.478282540090536,289.63672156059636,-55.347310530247476,9.657054258923454,26.075482718078153,0.2030489145200563,8.551993326715232,-63.988487972203295,-30.42731210959875,7.186002903836197e-10,3.1441302894563705e-09
1696,-94.23550713360743,-29.635225123248063,-18.616925191820194,-19.763108084580345,-21.290769939305992,285.74849937319334,-55.21592370127381,27.351329227258784,14.672567729503832,-1.872413994111207,11.766701584356033,-67.97272130257001,-30.936503405543117,-1.5518253349000588e-10,6.3935701177797455e-09
1697,-113.52417012478793,-38.61889018255044,-22.261189770782998,71.16617284811055,-25.29253091750505,157.53959133257868,-65.80456640428872,146.1945772966964,6.061441115598577,-4.927156403459492,17.996579701418593,-89.22359741015876,-39.30626104040898,7.073026608850341e-10,3.946261983855948e-09
1698,-120.2663148845555,-27.24468547887415,-21.94899211963417,10.837592134910883,-25.554896870040302,176.73504576748638,-65.76458817633969,31.965934169719873,52.27677252292926,8.547867474343612,111.07083148691105,-95.64985064375628,-35.00471531300616,9.780194432096323e-09,6.3680545281386e-09
1699,-118.47156751859852,-19.64862345853593,-21.231575128111206,2.884919286955306,-24.715870286280577,169.1460924828647,-65.93838239674983,-20.7129623821699,58.97833954606381,8.170972706130966,154.96604484773584,-91.08953138509528,-32.33785623802423,3.0838123166176956e-09,9.608967843632854e-09
1700,-122.61981554242585,-26.010016060233873,-23.105488349738675,-1.129646602009108,-26.52542552007192,232.26578375927193,-68.88585185607265,27.150093545520715,41.73152743332679,0.6790524547399295,93.39962740356651,-89.22779077921821,-37.72204982995043,2.0194192984490655e-09,4.8077168912641355e-09
1701,-134.6995424844188,-43.59652428941407,-26.666882476629077,70.09818489067067,-29.854873769940426,78.92071142931289,-77.23344199849917,292.5158481192382,18.227785204324885,-4.50380569218839,7.945464577225965,-104.98655073445164,-46.166372737491194,1.1371810160198947e-09,3.5668747955241997e-09
1702,-120.38477402726922,-42.13064150224676,-23.73926824080668,70.55986821196643,-26.62117600047428,146.6678648567584,-68.73691701904511,175.09097648710713,18.987443519156674,-3.41774660255444,9.667369292727937,-94.76303143476107,-41.179967506125244,6.279208264459157e-10,3.1830076352434844e-09
1703,-97.26500081151534,-36.272848244881956,-18.97597021818739,5.751919709901652,-21.478219953974538,280.05922031793625,-55.69149162350655,34.36591541505865,6.4310321921529825,-5.794979813641387,18.125280123226712,-75.13534614546779,-34.119510913435285,-7.855760486563668e-11,3.1453240012524475e-09
1704,-96.6720753439519,-38.830583768118935,-18.902994542895307,18.32511849672509,-21.29078025812888,277.2587747742731,-55.52012721931934,35.39319476611024,-1.7387052187798782,-7.7255964956905565,18.915471701118484,-74.46206299240475,-34.749633870449244,-2.5488589017186314e-10,3.194521980276477e-09
1705,-115.8607768271763,-47.165901727768805,-22.60432231478245,76.48509849981819,-25.23140023398642,148.81031641370268,-65.89265405025938,175.96201982452345,-6.607981650298105,-8.098488630206155,24.314967919496752,-90.95923131020524,-43.15164588037074,7.072742391756037e-10,3.945201498822826e-09
1706,-125.0863210473282,-40.79744168214986,-22.060754577908135,85.77156995037565,-24.561592791632894,136.18929324648735,-64.95280782258145,49.123106549296175,30.249249605563357,0.02444236002540989,112.50461255573654,-96.47618275991994,-39.92717352178371,-8.895881364878733e-09,6.395758589405887e-09
1707,-119.39524403854801,-25.70685880569566,-21.551126892803687,4.034050186543506,-24.45234918784674,181.75905898303503,-62.54984811273388,-13.427162429468808,38.24012328732594,6.19960810248782,158.82447138440264,-86.13676950971231,-35.83795290090819,1.623106982151512e-08,6.393207740984508e-09
1708,-122.35203919921373,-29.036950488185504,-23.09792248891809,-7.515266929916599,-26.361107656449928,228.25797882785537,-66.33253921137126,29.908301639108608,33.20931857396842,4.443568900510718,106.9841469170695,-88.3816507172977,-39.725838103842186,2.268635057589563e-09,6.401783991805132e-09
1709,-133.91565887696066,-46.61493247704629,-26.60318510560887,68.22373773121413,-29.72495478793357,127.90662538736503,-75.99341057148618,222.27208776148058,16.820314285888983,-2.6547825465211172,22.699829712250423,-97.10797182449839,-45.307698650394485,1.1371525943104643e-09,3.5680542964655615e-09
1710,-119.85010018409096,-44.52826900310711,-23.70974059285062,65.51385235186672,-26.272948545936064,215.59502608627008,-68.10703230126498,89.44423408719621,14.143114050247657,-5.817148706425375,26.4427657540629,-84.08184418368234,-38.77190877994346,4.784510565514211e-10,3.186293895396375e-09
1711,-92.16309172420048,-31.8382553261914,-17.750998405951673,-15.277309799798365,-20.38246151495753,256.3484323558673,-52.946914910047795,20.401739241339286,13.704780275287911,-4.513716364805139,33.44847693082507,-60.13228483032468,-28.89839588661583,1.3214105365477735e-09,3.183245667059964e-09
1712,-92.02632709902103,-32.67262799200472,-18.010655535630875,-9.098177266115481,-20.31698399663145,261.66748793206546,-52.66855304343564,28.813873339039272,0.4843156915127301,-4.521368915668469,29.81913851452515,-59.49266042084891,-31.977461169186558,8.232063919422217e-10,3.1636488984077005e-09
1713,-108.46061374275926,-40.786122877611334,-21.21696444205926,78.48626173683789,-24.026005366016758,194.55430947946485,-61.80799378785925,75.14214987286552,-5.2349357324869015,-7.1106693826189655,31.42740772005247,-73.51886773505747,-37.44795571053758,4.72397232442745e-10,3.6304754758020863e-09
1714,-110.64284564982331,-26.21821310634318,-21.78408007435419,2.534048165155112,-24.232413660257144,208.82922331229787,-60.13909794503329,-13.527856768807258,41.28178844631645,3.5333648939383653,115.77606149188557,-84.07779216863386,-31.332186862355716,4.430582123404747e-09,9.610531037651526e-09
1715,-108.26375812471598,-24.31565476381252,-20.133751989724193,6.365220420345567,-23.143602842936087,146.36483388412458,-59.3335917582061,-16.67761983832596,53.88402666624421,8.094932569757377,147.29591569675839,-80.12360624578038,-30.013343614207095,1.7371917238051537e-09,6.363535476339166e-09
1716,-114.30676766951343,-30.175905446419772,-21.18752658606748,-4.062738894903888,-24.32484440798789,251.59725663574298,-62.30157552897345,-10.75984494870255,44.75516952440444,3.622329231842848,83.30242928033537,-81.0687630195251,-35.089218115581104,2.0368133846204728e-09,4.8276262987201335e-09
1717,-134.68771162442528,-47.905688659363115,-26.857142972931417,70.74340261497593,-29.564624472373772,121.54487016953468,-76.39062152263519,250.34629774794755,14.48476526540043,-4.906464657664821,11.403199797832597,-101.74828551803434,-46.461996131625725,1.7041656974470243e-09,3.6193945618379075e-09
1718,-119.25574921080525,-42.89310734406656,-23.89864485922891,70.70479752458121,-26.3735311871901,143.12024659064562,-68.14793148283577,168.47725203499053,19.179369517607643,-4.126648578305112,16.962101273107127,-92.65241433204984,-41.09573991472119,9.686687008070294e-10,3.190706365785445e-09
1719,-92.32835597504014,-33.06990228450651,-18.428368543661957,-18.77163863249302,-20.513071345212154,287.90057687190176,-53.13156638850218,16.155027328100033,11.810434195616818,-4.127730609911229,23.52299854555005,-68.06037007827197,-30.958033047731636,1.2217213907206315e-09,3.1832385616326064e-09
1720,-91.99645549922334,-35.977336763693714,-18.173448026755963,-12.887432503818134,-20.393089054441738,289.89560039182436,-52.99876106179199,20.436888736745683,0.43395805270938176,-6.524252189835438,25.828841769772218,-65.77075097617453,-31.87376284448696,3.24945403917809e-10,3.163549422424694e-09
1721,-108.68304426212944,-44.23943629904115,-21.147337159892057,80.82907339332708,-23.840582281709754,190.0661228798028,-62.207676185810286,86.85216282318277,-3.87487502952761,-8.141266031187852,32.56596292376452,-78.83397004750192,-39.34513469066496,9.208633855450898e-10,4.0263117284666805e-09
1722,-113.13037812411238,-32.59849798640718,-20.546031871365322,6.379597843889743,-23.602152027613357,226.2361172642985,-60.35372267410745,-19.301297562804095,36.91986684616616,3.4839843606270997,115.58350775530486,-85.48943550742739,-33.58155824882304,6.709655053782626e-10,6.367102400872682e-09
1723,-111.00594221413394,-26.40508017922757,-19.170291882598246,10.026693361420946,-22.76699012683875,144.01476156429436,-59.085055899229346,-3.2925494335013563,46.62507026334594,4.591412478966992,147.15066322935488,-76.7654214444522,-33.91726965030438,3.6620804166886955e-09,6.418659381779435e-09
1724,-115.41337166744974,-32.08747600760481,-20.797911399032362,-1.444320153217513,-24.070988250777877,201.9136289616745,-63.30971536260949,34.155603590445864,33.289193808852275,1.8864228634149482,102.47979767143772,-80.61756459706021,-35.98329940269259,1.603552846063394e-09,4.752322979584278e-09
1725,-135.55372833589163,-49.658108523734896,-26.33637329331783,73.70800799056111,-29.51939056170022,132.5763699067735,-76.27814771674682,210.22272765772732,18.994765552876572,-4.501872818627226,28.14573531174946,-96.13580166722964,-45.664183463312504,1.6542571756872348e-09,3.6176999174131197e-09
1726,-120.60931498837012,-46.08018491463739,-23.44989256353477,76.56965128484194,-26.18983170903849,150.87496750825528,-68.23676134180033,142.19659837451331,21.691254436536784,-5.301012028439081,25.03422205489908,-85.6635576548672,-40.83613842051673,1.4400143300008494e-09,3.180826269044701e-09
1727,-97.40933209765512,-37.61176124799662,-19.034062118386338,10.749279900069256,-21.403027396969605,254.01780577307903,-55.68504924820155,40.3847946050956,8.197742546213856,-5.474794927410157,25.962680990432933,-68.39994602764777,-34.29433071755361,2.2041035663278308e-10,3.1435476444130472e-09
1728,-96.74842629374169,-38.93667699771533,-18.92508672707191,33.16250067199222,-21.29078054868003,247.57569946590715,-55.44326295474667,41.160029406386855,-2.5312136021819915,-7.098641401999426,23.661157341754574,-69.6724648120093,-34.912833513427664,-2.5482904675300233e-10,3.193875386386935e-09
1729,-115.98609354231642,-46.82617036102957,-22.631519136694084,82.16507492318861,-25.35614535558674,138.03675597649936,-66.20052219640907,178.758577319959,-9.599309497596877,-9.052482399333169,28.00558322341165,-88.47412993002217,-42.839618991184324,7.072742391756037e-10,3.9484451264115705e-09
1730,-124.17537996325076,-35.303977351786166,-22.422125858675116,72.89880429490833,-26.059520209110214,161.1409900943039,-67.78217801868963,38.58342043435628,23.942400484554707,0.02726180142576111,115.03233495897462,-95.29208176413684,-40.589948835421744,1.9267645257059485e-09,6.366619231812365e-09
1731,-121.14601124395925,-25.825647526276693,-21.502068111239588,2.9578421168720492,-25.336885177349178,189.7407948295974,-67.23374370908579,12.654567049375334,39.9985642221798,3.5202769420720297,137.5229475805799,-87.25632290331805,-38.09431400152893,1.6460717233712785e-09,6.4019047840702115e-09
1732,-124.64025808805246,-31.03916707574392,-22.576413643143045,18.41279819477691,-25.95236173927853,217.31200917744928,-69.85395590624327,48.599963852355074,24.986383029840628,-1.9491920384798043,96.784602084332,-88.86681827583229,-41.21758951896904,2.1832704533153446e-09,4.827327870771114e-09
1733,-136.2104946550334,-47.35094838527692,-26.730398105067255,73.63887283045142,-29.744159253371887,111.16676135403105,-77.38621742733277,247.1233104025598,8.099751386296935,-4.919024683228127,28.49441309137324,-97.3053079422399,-48.87655857563014,1.7169838884001365e-09,3.5413592058830545e-09
1734,-121.40540969640175,-45.422861409751235,-23.55197782147357,80.05259204511408,-26.432821943089007,137.9787811514562,-68.42193169525426,153.80269221640035,15.47033724207192,-3.673810268306869,28.70081240474672,-84.08718118584602,-43.00922099647398,6.279208264459157e-10,3.1831177693675272e-09
1735,-97.77722479292476,-38.62667370275398,-18.98949330489936,10.58564179689293,-21.374033203297316,262.8720317966017,-55.69021894604022,39.840248320060056,2.5161022765624477,-6.343692567137813,25.109211712590735,-68.11264149773486,-34.00925785365415,2.2042456748749828e-10,3.1436719893918053e-09
1736,-97.30041786117398,-39.32928331983634,-19.030117684119386,34.21679543700748,-21.29078367737763,258.67369796776114,-55.355090944995354,39.13358009266625,-5.8465495195050865,-6.833309508939052,20.539360518328547,-72.02489083458717,-35.55299063494843,-1.5518253349000588e-10,3.1954758838992348e-09
1737,-116.33454901460908,-46.623548916924065,-22.75851390145035,82.5868521140478,-25.367519732826857,149.92722318455648,-66.07270659751613,166.67775581816414,-7.006855031960744,-8.622665004889882,26.807498881759887,-89.83071277310904,-43.38225899743817,6.574225608346751e-10,2.351859595961514e-09
1738,-124.4826924618611,-37.66369503505551,-22.37273406056561,83.69075102661607,-25.90369166070444,164.44638746168727,-67.33166270919082,38.32771546329735,25.429511355973744,-1.6852528518083092,107.64263756146,-97.2396660713112,-42.85760795742483,9.625011898606317e-10,6.342659730762534e-09
1739,-123.33933694219286,-29.34642375526479,-21.491874450788913,6.394503963782868,-25.22400245033476,214.9419213095971,-66.35567164871188,-13.426068737285798,41.665157145251804,1.1643266687284997,143.039641195043,-89.93144570234219,-38.09072652676053,1.2341843103058636e-09,6.401990049198503e-09
1740,-125.54363762735383,-36.062305691082706,-23.799968192751468,73.50264290539607,-26.41186035467129,187.89274939403984,-70.10133811215653,51.71931668251497,26.049847168899316,-3.9992589940758365,79.60240840101193,-90.36140402461378,-42.48719149525315,7.326448780986539e-09,4.826461008633487e-09
1741,-136.585100654254,-50.41302242621694,-26.957243771665993,71.59456567914992,-29.780436371575277,77.34548646191918,-77.4378821488219,309.38054809581826,6.194568829889771,-7.544475984413461,11.03819588368157,-97.99978953078704,-48.83541403036969,1.7169838884001365e-09,3.5394069897165537e-09
1742,-121.36861289455156,-44.81584299265378,-23.696619413679628,71.98854040412118,-26.400454517339316,147.46348985751098,-68.74422883722929,173.6914587712399,11.875276966053,-5.861235788733339,19.59554895408584,-90.0510913593881,-43.67622911440304,5.283027348923497e-10,3.183014740670842e-09
1743,-97.4928451211479,-37.20382068590802,-18.920017059857592,-1.258785976671852,-21.319580249939037,285.43647127439823,-55.645498868735736,32.71689704431056,5.745477948792963,-6.358519909557281,22.57442237738199,-73.49512073082686,-34.77908000697435,-7.851497230149107e-11,3.1455940074920363e-09
1744,-96.98011031239486,-39.08695503573497,-18.86748369298063,34.8394567141381,-21.221538480342605,255.59595622286423,-55.448510339929115,38.124396185088386,-2.277129653239435,-7.025243768387817,19.647768081777215,-72.95414219698556,-34.34646368940634,-2.5481483589828713e-10,3.195037123759903e-09
1745,-116.37249932857735,-47.0903660853881,-22.59343040311864,82.30106460903781,-25.38984305494523,134.7730429471588,-66.18869943629319,186.85673567224322,-11.085588654900642,-9.458590704756574,26.57019242947218,-89.21312957524562,-43.10888838529031,6.574509825441055e-10,3.546084315075859e-09
1746,-124.55705552989173,-37.59781091605735,-22.08653694359321,80.94049646205728,-25.87855761658926,145.16134780000226,-66.18384252069276,42.49948762450148,19.074490098107933,-2.289399015993876,124.51668345489604,-92.3506214428749,-41.24868138698957,1.31061028696422e-09,6.366867921769881e-09
1747,-121.87294547809867,-30.539275050118754,-21.90833392134696,8.898624741814096,-25.28420438453495,179.68970673816455,-62.269485595441026,-10.609107975396926,39.40380985164777,3.503924130729777,163.5978244683086,-86.46491817509855,-36.14561928318689,6.1032778830849566e-09,6.410289188352181e-09
1748,-124.79113634761573,-34.60893685953144,-23.314935315724455,-0.15631519151615966,-26.442714661847862,232.53477115571667,-68.66136940172771,44.56765482563047,30.85930693952158,-0.25526112950894303,99.05266580391026,-88.650561733537,-40.13316802547905,2.419952238597034e-09,6.404007990568061e-09
1749,-136.12250807059138,-47.368680872578345,-26.630199504701817,71.50954465739011,-29.787398199227706,114.21205644445949,-76.57165041375588,245.3406129336695,20.713996355599512,-3.72984477496435,18.381996351292653,-102.88691421342769,-47.06101065706897,8.528218131687026e-10,3.5821265953472903e-09
1750,-121.25077553136967,-43.76400066172237,-23.97592453208403,70.69133735442824,-26.383163283571637,158.2822531515978,-68.37529597348518,144.86068644444353,28.136903143232527,-2.205948141493321,19.016374384941198,-94.36778260676944,-40.66466370653954,6.279208264459157e-10,3.1830964530854544e-09
1751,-97.40897794290534,-37.92726272317056,-18.857005474214283,-11.554181224536753,-21.26161035975106,290.4447109088079,-55.4992465573395,11.4394863201133,17.847006003936382,-4.7601610900874665,30.499277840701637,-71.08828842091583,-31.873747241389324,7.186429229477653e-10,6.332925295282621e-09
1752,-96.8720218655276,-39.34800607984726,-18.758199285265608,-5.333532129974068,-21.23933111225007,290.13211163993105,-55.420601777179414,24.751508311384764,-3.150265466071285,-7.629325410625591,31.01179550673237,-64.51998574817343,-33.624146546550506,-1.5521095519943628e-10,3.2016558293435082e-09
1753,-116.55314318129095,-47.272707110368806,-22.614108077206023,86.62797603076342,-25.37087683836816,164.1546894442162,-66.4547214965838,138.88995252606463,-11.31684655298926,-9.497031122695192,34.27721300589376,-82.72149199145717,-42.14890460299257,6.574509825441055e-10,3.5487630611896748e-09
1754,-126.32585482270964,-41.588429261267265,-23.441082796784688,65.90367693938508,-26.208514193258125,172.42362902820895,-68.96915101601803,33.02342859745954,25.971763744617068,-1.9841036754176578,127.37700805894644,-96.88437706166474,-39.29799347461887,1.8977175386680756e-09,6.366434490701067e-09
1755,-123.88239314108418,-35.9773191097594,-21.769496667911497,17.22476607200671,-24.465855615935105,179.31419036529113,-65.64777028607531,-10.723770763217527,33.110526127608516,-0.971681140447022,178.00306644936595,-88.55171287533008,-35.662549343790516,2.0965671865269542e-08,6.4137992694668355e-09
1756,-125.12362338382076,-38.37723938723289,-22.884793219383145,22.171292113026865,-26.142178024204586,219.56475168826972,-68.64254475008097,38.788432990592916,20.25068672214554,-3.567015258697432,113.92805288029041,-89.77594734779602,-40.18987496008553,2.3189556941360934e-09,4.815603915631073e-09
1757,-136.21919597858275,-47.98883217071608,-26.72907689669788,78.13592622141555,-29.33018372267188,97.17936544318438,-76.73708081737443,255.70373777611775,9.648147763316905,-5.852355170769556,33.874475153319345,-105.65816945908804,-46.02675810418414,1.4497345546260476e-09,3.5395970598983695e-09
1758,-121.34275227405101,-43.96038241186881,-23.354454970951664,83.19262841178075,-26.09715147563618,143.63272539011106,-68.55407881942581,140.2165808409483,20.470595087880714,-4.886756187568365,34.043176186397105,-92.34642724450931,-41.01370248671729,6.279208264459157e-10,3.1830751368033816e-09
1759,-97.95252670930235,-37.847035480703454,-18.8424352233176,-1.886446334781194,-21.296157342106703,270.9447915150895,-55.49649694155695,21.531918942936688,18.158833119343363,-5.289635978211559,32.664880993743544,-71.67698984672926,-33.01270067515746,7.186145012383349e-10,3.1445779313798994e-09
1760,-97.33845033468039,-39.40985508723323,-18.85478305375298,3.2436370922986395,-21.197269012974584,270.3527292498309,-55.290580388794616,33.592299671051045,6.298609191953953,-6.1820537142108964,28.002706664439543,-69.76647312985166,-33.450517113007244,6.419327291951049e-10,3.1959217494659242e-09
1761,-116.46619015269522,-46.42538618649753,-22.602328991991374,81.40977255286785,-25.32284977885543,156.10253259310338,-65.98150493923538,144.00021866068116,-1.3301656602622727,-7.622979442709185,32.241967946772284,-86.88351919489152,-41.119567370608095,1.1058602922275895e-09,3.946269089283305e-09
1762,-124.32799553708388,-36.74964008538582,-22.304381415245622,38.56543254267186,-25.555406085618497,166.11941519834357,-66.0826522095558,36.25483554936452,36.34440235675095,2.383234397130568,131.95113761772268,-97.1915657043346,-39.40681655722895,-1.703523366813897e-08,6.342688152471965e-09
1763,-122.20250327393586,-28.653872455497286,-21.00800127986462,14.134636213728538,-24.64909278813908,167.20061121590777,-64.9040850775858,-21.556336504525646,52.09015059593194,3.9489697822851313,173.16895652966255,-89.83922154055789,-37.73021134749924,-8.678739504830446e-09,6.360735937960271e-09
1764,-124.47246353295525,-34.71697344578199,-22.505802559645897,0.09292261468690606,-26.155461305596116,234.14185404723725,-69.5682228540773,22.675575168839423,35.77079804882472,-2.2897194241063143,116.58970905470844,-88.07695264783922,-41.4852631036106,1.8067964902002132e-09,4.795118968559109e-09
1765,-136.51304007915272,-50.74521094567348,-26.377715893496532,72.11997292353104,-29.789018644768305,171.7386323919058,-77.27416717970938,176.0839882642254,14.986176385896302,-6.247168215771244,38.732288194589316,-100.55401908821653,-46.160718073390775,7.043468031042721e-10,3.6301699424257095e-09
1766,-121.5357900480902,-46.83798800977493,-23.628270133302145,81.8263167904253,-26.43137005843597,171.18471705757543,-68.69063181125708,118.82703391670675,19.078774962138244,-5.604312194349558,34.051662862650005,-90.59776698920334,-41.64237630188096,1.425064510840457e-09,6.367351090830198e-09
1767,-93.6867676623969,-36.648555617413024,-17.73899492879252,1.3463445937282352,-20.39895496702179,280.26932912200454,-53.233827405180634,5.053683116847322,9.107453479585315,-5.258378865528587,33.11611362058678,-69.39893965863607,-32.52850478576311,1.321438958257204e-09,3.1832030344958184e-09
1768,-93.08033477950354,-37.27047052807947,-18.016235176377492,9.382188988003195,-20.353494826157256,269.69857717737204,-53.162856811592995,32.856646316742605,-4.220244199820958,-6.781523627943949,24.24808715976644,-69.90008863979492,-33.400251021387966,-7.358380571531598e-11,3.1632367836209596e-09
1769,-109.52799839685545,-44.566466669316675,-21.207816079504706,83.49394105970745,-23.685581882711396,163.34170819193784,-61.97042098216706,130.4643218585783,-10.481777397520998,-8.148589498117518,27.221218310663755,-84.26794454502506,-40.66459393038176,9.706297987577273e-10,4.027281619300993e-09
1770,-114.2034021400829,-37.36459349283491,-19.216887284131797,12.108867969992822,-22.287340982782013,198.95071648167593,-59.5217400042388,15.991800247563598,19.16374381652859,-0.1523777181066242,130.8064266350516,-87.50659792235939,-36.76861553921478,1.8042101146420464e-09,6.3384888449036225e-09
1771,-111.73259721022465,-30.574998174881042,-17.42393682626756,17.493739391584658,-21.176874968315744,141.38936552179166,-56.36094239157686,-15.560870017132236,32.20742700742909,4.069254030507418,170.15971035362446,-79.33104889619439,-33.158227755910474,-2.0340394257800654e-08,6.33109209502436e-09
1772,-114.70915054275068,-31.629044214453803,-19.63571904252045,1.7814285975498998,-23.03688260292775,234.0559497721332,-61.94825865358863,-14.163909713217183,32.96977520165323,2.1346845065763858,111.21055723422862,-80.77972000586665,-36.24971047176256,1.5252226148732007e-09,6.3526286453452485e-09
1773,-135.08663126191223,-47.0138831818658,-26.362760351469646,72.59847481401611,-29.365821191594893,77.48062141895916,-75.85913578447402,278.1325467352604,18.67955211179008,-2.2681164351740586,21.36013530520258,-105.37609268863395,-46.91888944556961,1.0822986951097846e-09,3.946038162894183e-09
1774,-121.11537709403541,-44.81491441620499,-23.352412175993614,72.75323985582699,-26.117602070513474,155.72274054129903,-68.24961144750108,135.43979535696508,27.462860549310186,-1.7484796813793886,28.44116398842737,-93.97891741566373,-40.442485939623154,2.0253310140105896e-09,6.358312987231329e-09
1775,-92.99193843873034,-35.20915471190974,-17.694268764864585,-5.472061478782961,-20.37108725058316,300.03884774859125,-53.15168314829668,-12.695399784501337,11.26684919047848,-4.872906762143158,33.710994019322506,-70.76348523682718,-31.79470534211925,5.977085493213963e-10,3.2050380127657263e-09
1776,-92.53354624128134,-34.53224766425712,-17.97278064773736,-3.613313182400971,-20.323634745650384,289.79081278577564,-52.92673751964468,12.586074576150548,-0.4809123443444148,-6.170782527356146,28.436775999131857,-70.15814487831183,-32.10156357387327,2.603428583825007e-11,3.1636631092624157e-09
1777,-109.22754582150523,-42.17477588719981,-20.962981963603852,81.8952581252269,-23.72004196528926,194.17544890069138,-61.9331233505793,82.50210124804047,-3.176584165239709,-7.431011268096806,32.62426541705621,-83.7629916168185,-38.80801761698384,9.706013770482969e-10,4.026723843253421e-09
1778,-112.9904742906817,-30.683631810157223,-19.324760244507154,6.287256891860852,-22.969398266431316,212.51367791860122,-59.34915432349476,-21.6527445652663,35.41618552589386,2.662629269607781,131.63717360483002,-87.59255530641242,-33.95420433439561,3.4611957744346e-09,6.378542138918419e-09
1779,-109.66007147079772,-23.979619674897233,-17.914967156393708,13.80346930807714,-21.516341562005294,141.73672911412774,-57.71672199701308,-18.80954476217608,34.956046528977296,1.8635194836067588,173.2144587887632,-80.48763312934675,-35.489323404176055,8.928282113629393e-09,6.3354974599860725e-09
1780,-113.7687564746949,-30.343181840017056,-20.986134068869678,0.29893982787861845,-23.372180379797115,207.54622212118605,-62.995111898161696,31.58600615333032,22.210699695986747,-1.545218685069669,111.67775716718802,-80.763689704524,-39.54535186428609,7.373159860435408e-10,3.1750673201713653e-09
1781,-134.07931278005623,-45.321339645469564,-26.38603768230768,71.0050584265062,-29.41720573456159,98.72053784428763,-76.20818210662567,254.1762836616317,9.74004517997468,-5.022663633127091,28.571207004695957,-97.6237802316068,-48.15461026313567,1.7226966519956477e-09,3.944821358459194e-09
1782,-118.9347793694374,-39.28721445888799,-23.831952127008993,73.67415845385538,-26.09213962746013,156.8740038131193,-67.49908837162502,127.05196067896802,23.765644066456236,-2.667648930472634,29.74654044040697,-90.00257390485342,-42.79691062556419,5.73209035792388e-10,3.225004263640585e-09
1783,-96.59301707882808,-32.588787702895154,-19.34122737946266,-0.5441971204751711,-21.228536025983637,268.45183372498656,-55.478461203131275,30.809900809539748,9.0248389978193,-4.478044388655829,28.088346065775376,-71.48894399541433,-34.63370466741736,6.190248313941993e-10,3.143924232063e-09
1784,-96.47911314746851,-35.61648629716033,-19.162015894963716,10.528492580356108,-21.258786766491614,270.86044470827215,-55.312652255163826,36.21254041542276,-0.8424563442087487,-6.169955549507056,24.04382357982423,-71.77602114901617,-35.02781385260324,-2.5480062504357193e-10,3.196227282842301e-09
1785,-116.06035064659892,-45.03248518063615,-22.8614825969185,74.1111748730876,-25.284667192381704,158.4318465216487,-65.8053536053646,146.58262449449396,8.249337392759518,-5.584963881116098,23.354592209822954,-89.58697899145066,-40.51329336445908,7.073026608850341e-10,3.945636706248479e-09
1786,-124.94942944157803,-36.59584030719061,-22.42748563929715,27.479570797844325,-25.233887227080494,174.89255297059321,-66.40141144099765,37.23054710660084,45.27352902246157,2.935137758323528,119.69699310385369,-94.73940852922685,-37.16086810823331,5.468905328598339e-09,6.366136062752048e-09
1787,-122.57907417195206,-30.034825208089938,-21.714010027682626,4.167256333231035,-24.381755396511583,164.70018183254382,-63.11903573604892,5.392542343703282,44.126515331909516,2.406326921211706,163.4923999675033,-86.24587369717797,-36.21064842988263,3.351033228682354e-09,6.365027616084262e-09
1788,-125.23808448552721,-36.41011830390154,-22.952941481792575,87.41550300197282,-25.749373384248404,109.56883179202278,-69.12515540309965,105.01798512788443,21.47031409262505,-4.449603587938916,91.64895294807067,-88.14403808253631,-43.05227219079543,1.6231638255703729e-09,3.180567809124568e-09
1789,-135.88752915718499,-47.86513867553992,-26.994236804717094,73.18867049816758,-29.784079130504697,54.14035616838705,-77.21588394194217,333.03377191642505,3.2696878963009754,-5.575179847870847,8.127439973986453,-99.87240029187286,-48.5654785685605,8.217284630518407e-10,1.9728738642754706e-09
1790,-120.99274236614514,-43.799181361865905,-24.131606598142127,69.981046660258,-26.543985977185198,126.64695560590074,-68.61936007348936,187.99889735440715,14.757280197604867,-4.767144404029937,20.176933543132304,-87.35157053473239,-43.355522015068786,5.283027348923497e-10,3.1846774106725206e-09
1791,-97.77500548886267,-37.4593702722858,-19.380724317978117,-3.1325852591154093,-21.339021801029933,280.87513981131997,-55.71858581132922,33.456253273650645,5.498616476865114,-7.168506627168517,28.69109809368011,-72.37101199268047,-34.17629605352956,-3.5507241591403726e-10,3.1960993851498642e-09
1792,-97.139786547275,-40.235427219448724,-19.340912128088252,33.544446942216915,-21.195185501075677,265.055540000352,-55.5121895245302,37.16830701791693,-5.72423645197656,-8.254826305274744,21.142501664397507,-73.71748288076759,-35.79074904115007,-2.5482904675300233e-10,3.1952964718584553e-09
1793,-116.5726260801831,-48.54712986029943,-22.850777941635215,72.96233206601667,-25.18072998598145,140.3478525055666,-65.95911439384281,195.59789418727658,-7.538916639935969,-9.094128557725943,20.465625987573244,-90.18957064696438,-43.440710608572694,7.073026608850341e-10,2.3518649250320323e-09
1794,-125.1861795022952,-41.668258153280185,-21.713303699114256,86.51769963742704,-24.16243277777615,127.9455254638255,-65.29132062705537,69.98256879480772,20.72410564889454,-1.4544185308317241,112.3478502459675,-96.2743635295085,-41.76747290599018,1.5838850231375545e-09,6.328804147415212e-09
1795,-122.67123760454555,-36.53525245769394,-20.050613505757095,9.58804100143324,-22.502342415829794,164.9071363610242,-62.240378634845506,34.220698181620264,25.30566801732461,0.0940165039168585,155.82658617735305,-86.46489451738117,-39.477427050739315,1.7219008441315964e-09,4.780147833116644e-09
1796,-124.48265022026408,-39.465500446615955,-22.645509506010235,65.9764846201936,-24.209947386576918,177.4187961549647,-66.91678223969795,68.61688852347403,8.17536831164541,-2.873823000426413,93.58543596678393,-89.69253127450166,-43.486229447992336,1.4183569874148816e-09,4.815703391614079e-09
1797,-135.58410565275304,-47.61098125324636,-27.137300692301963,70.2053488898472,-29.523821264238094,48.1460218629557,-75.84748559556422,329.0660691489391,14.547912069301093,-3.4843323319248687,3.604483701799206,-96.895597951742,-49.48621089235277,1.4305783224699553e-09,2.359264783535764e-09
1798,-121.5770020713619,-44.6133274472524,-24.355192164476748,71.33587392628303,-26.48561892924415,133.25762887383513,-68.7655195694916,189.39287163749287,25.205558177373774,-4.230281122996387,-1.4568373356088469,-84.12004763311337,-43.588106306208026,1.425064510840457e-09,3.182837104986902e-09
1799,-98.30854533362717,-38.3816946896927,-19.590265086216327,35.24606560946992,-21.41405996303984,255.11533020402265,-55.861034184493086,41.18789738469331,13.367880303739192,-6.626936972656165,0.30371321024854653,-70.69019332796952,-34.34815712778689,-1.780904312909115e-10,3.144656091080833e-09
1800,-97.52656695048054,-40.889099067094044,-19.419303448119294,58.50266466855296,-21.29078848260012,255.21755704618414,-55.612167775296044,43.09389229550199,-3.0225242917207265,-8.511880262439409,-1.9088395460143346,-73.11946952063975,-35.513474641132014,-1.5518253349000588e-10,3.1952609447216673e-09
1801,-117.06025494048241,-50.636745175187805,-22.993741115751625,72.10110860721146,-25.258900201152006,126.32224523406272,-66.0526578357331,223.58624609427736,-2.356784359862385,-9.71311824970765,5.066433486754202,-89.9366421288229,-43.06718938630647,7.073595043038949e-10,2.35187158637018e-09
1802,-125.27085820210401,-44.21933148114418,-21.80259466549183,86.20410945016194,-24.049360189115003,118.35523139552197,-65.65641002415762,90.76061147763407,19.851327222967743,-1.937904995321167,105.59928201691753,-95.54605073529228,-42.28805122089074,1.0770691005745903e-09,4.7710848605220235e-09
1803,-121.75001968992534,-36.951168652832195,-20.17870823803635,5.632902307173891,-22.021673888587927,140.85329275192043,-62.00410959116044,70.10178161404623,24.202401754540933,1.281392034306371,147.3337373947444,-85.83124758785003,-40.66858015302443,1.5747900761198252e-09,4.812427789602225e-09
1804,-124.13780535632065,-40.82576160560097,-22.486684585444156,-7.924432406650018,-24.46364553202934,121.74854114814326,-67.0766429394037,199.0135772276355,4.358586632931116,-4.72535959183758,99.52754391552446,-87.80573035698681,-45.202186499596245,2.013962330238428e-09,3.943249282656325e-09
1805,-134.94306559632534,-47.16186562243136,-27.203376154905467,67.34412448812601,-29.581096497351286,33.15213385072866,-76.515267849882,362.510232000631,-0.7274759437387056,-5.307737989049496,6.476262876741134,-97.19076866668074,-50.852098862697844,2.4351720639970154e-10,2.000959398174018e-09
1806,-121.3727558032644,-45.093280164888434,-24.312928418032836,69.75842313623426,-26.405138978460467,119.4660519000599,-68.35052719672257,211.2196619363802,15.627866710010805,-4.545492046356016,3.637759740016855,-84.7682673831737,-44.861373401761504,1.095770585379796e-09,3.1666314015410535e-09
1807,-98.38290159102993,-39.806330103598114,-19.54695994863018,38.713034403387326,-21.265083344880487,252.51193954616278,-55.83999329735207,39.7946786933666,14.247049862249376,-6.324772850963288,3.9148724935522665,-72.65310202149878,-35.36243181565982,5.692868398909923e-10,3.2352680534586398e-09
1808,-97.79204423136454,-41.92644472252907,-19.419294855848293,47.91593625974704,-21.264571385017685,262.5721447959503,-55.61215919020695,39.684301677137896,1.7365241648226257,-8.134232430243378,0.9523198636529955,-73.50176052012908,-35.21071940615326,-3.0468072509393096e-10,3.194372766301967e-09
1809,-117.08503636271695,-49.74697593942488,-23.037362358321886,71.67338453454504,-25.20515980363132,133.8025024195058,-65.97318853867755,218.43878560821062,-4.81199777377386,-10.02085214246468,5.013224265183395,-90.22330510420703,-42.824018778115956,1.1002612154698e-09,2.3518849090464755e-09
1810,-125.51623046836295,-44.5006194675194,-22.010007735360123,83.16590204503323,-24.32347276853218,119.00791653848381,-66.25056879589691,99.28764110787266,21.41439788805331,-3.745012284458485,101.86948723543624,-95.87961645414566,-42.51981678884688,4.6497916628140956e-10,4.761801619679318e-09
1811,-122.69699032028528,-39.28977724078841,-20.71749616681202,0.8078867515050945,-22.628182514824914,125.15447856389594,-64.17745293715231,94.26678181879065,29.410595821078743,-0.121510062766813,145.24207257581736,-85.40672858081632,-39.84367765543718,1.3924363884143531e-09,4.800146058414612e-09
1812,-125.61174731565009,-42.52963251121362,-23.20900060519381,-7.36348545051084,-24.66458123532229,171.22677901406806,-68.11514943501975,156.8303328829546,10.769637850252384,-4.729548092728605,92.17554364860347,-88.55521411343852,-46.22393459163171,1.488388079451397e-09,2.3698625284396257e-09
1813,-135.21107502440393,-48.42657162051364,-27.194601857582878,69.75452654504505,-29.650397025012527,96.20602156521953,-76.70695837172255,298.6286515064562,4.56515281497628,-3.3872639324022904,1.7664691287636807,-97.04165661393868,-53.30229708214407,1.0488747648196295e-09,1.960678730483778e-09
1814,-121.05508112033262,-43.49748320620713,-24.355176018521078,71.21491088119578,-26.532880471157295,141.25750149442095,-68.51432647194667,179.43987319476201,26.833478558038472,-3.5245453232750776,-3.157327733790227,-84.12003146652779,-43.988912279836555,6.278924047364853e-10,3.1834108682460283e-09
1815,-98.01352033714114,-37.60770182884058,-19.623995111523232,49.16594203928252,-21.374266421571622,240.30703661845405,-55.731799718919206,45.84172558977593,11.75473389562479,-6.546371551514296,-5.635558809747405,-68.28449932744937,-34.2517250115118,5.149445314600598e-10,3.1694664670567363e-09
1816,-97.17509194563635,-38.62183216076141,-19.41929240691036,57.1778513406354,-21.249985486045716,243.61393908102468,-55.61215674628861,45.00715467824645,3.4802644377146157,-7.328183064974667,-4.963705775743055,-70.83408442998773,-34.07487749717001,-2.5482904675300233e-10,3.198084463917894e-09
1817,-116.41306165580446,-46.000426449739315,-22.95630007951536,71.6956791394393,-25.241429396713116,140.4793897432345,-65.9762552447754,192.61362700425835,6.290079807769241,-7.593627207881014,5.184903276454532,-90.12041534662072,-41.96216356280073,7.073026608850341e-10,2.3518822445112164e-09
1818,-124.5679930080286,-40.192237485257785,-21.72823549271483,81.2252091922939,-24.147024970799617,135.098385708284,-64.54809019518234,63.5829707033447,32.9997995739866,0.3670729760294998,96.37563438673106,-93.56486598085321,-40.900625345363544,2.0152128854533657e-09,6.380467709732329e-09
1819,-120.77020065825202,-29.948142116673036,-20.746176624203787,1.0666619337117382,-22.870233595464047,152.34714256025498,-62.14678579944267,51.431907470206454,27.315339035750632,1.6936825579824142,148.16608722835753,-85.30179993383562,-40.23748200265456,1.2039436114719138e-09,4.74393502258863e-09
1820,-123.64392605239648,-34.30093320615293,-22.637193079831917,-7.860983006125061,-24.58655834396345,122.43138405142724,-66.95199041523607,182.7069160016718,10.094261709014605,-2.0564206887754235,100.05905868490358,-87.89707254914453,-45.356543052303735,1.0366534297645558e-09,3.1645104314748096e-09
1821,-134.3774000227174,-43.88753824927453,-27.084791837650886,68.87108904202762,-29.498113827995287,53.08781385639669,-75.18522155720191,316.4091623863755,13.918479191339914,0.2906403645827553,3.4566629882377025,-96.84435071779033,-49.15643157752792,1.6295871319016442e-09,2.3728716769255698e-09
1822,-120.78543942323351,-42.07754944616302,-24.360763744335163,69.40510351775805,-26.327156022210197,166.5945434363399,-68.23476803245931,140.6658320883773,34.42852547043366,-2.910613293392317,-2.5980444411178443,-84.1439825087961,-39.65568756182955,1.5580781109747477e-09,3.182615060381977e-09
1823,-93.96025000991395,-36.32862904272149,-18.716257577375917,-19.03618027821888,-20.43402724187826,313.304681626078,-53.40175332381879,9.287832592426563,17.34770711570196,-5.397367161741993,0.9206937439147553,-62.92585287478715,-30.660597538847362,8.856204658513889e-10,3.2125342386279954e-09
1824,-93.21281300714942,-37.9759310191696,-18.48544522307235,-17.07704355927706,-20.339328366894524,312.2590994786788,-53.12683849731565,26.99023201060261,4.722357327812775,-6.555258948181701,2.8640678345299784,-68.35559584555186,-31.7075021581685,-7.366907084360719e-11,3.162835326975255e-09
1825,-109.35218640956587,-43.65605644590304,-21.61003137197687,71.00233263965065,-23.76683195093863,190.45855235512641,-61.97806786318555,117.59124112951913,-1.692135769438983,-7.908055255938584,12.348276744288476,-83.4646494641106,-37.97238830621009,9.706582204671577e-10,4.027068456480265e-09
1826,-113.75888183983159,-32.84687331930142,-20.60870327395307,-3.425190769446549,-22.572853926884793,211.26384458117775,-59.55553581660636,27.726269510770837,31.526129282189245,1.387817375495173,102.78624079055102,-84.8962436701626,-37.02601885931428,1.2685177352977917e-09,6.425935339393618e-09
1827,-110.41119206776008,-29.490958148191496,-18.301618813432242,0.9381181947761765,-20.297722741122833,136.84169549857305,-55.735217900856405,18.24875876712361,39.18491076916792,3.894477630440239,147.80062881249597,-77.02363804452935,-35.64824189646533,1.6806325220386498e-09,4.783217377735127e-09
1828,-113.90084215379295,-32.20793664770498,-20.702548049675137,-5.577890318475043,-22.381388094612923,195.58467545507594,-60.839464777408764,57.43484995503197,24.594979117206528,0.411558141002754,98.40345467779599,-79.86819641060157,-40.9512508417618,1.1391421139705926e-09,4.8100181615495785e-09
1829,-134.26032635889433,-44.34438682368277,-26.947109127196434,68.60721336577117,-29.461103884207237,109.65527332591093,-75.2560224689755,248.19473053060642,31.175177599862828,0.22104414641639517,0.9224015881679991,-98.78821870031497,-49.71867315649907,1.082469225366367e-09,2.352688710516304e-09
1830,-121.63634478711724,-45.834334101957836,-24.46476744704239,69.9126476801139,-26.511211498579474,178.5141641209994,-68.32589893743292,137.15019922520398,32.802259406329696,-2.0772934329109596,-4.304642307882025,-84.58860289838317,-40.63617498016476,2.168803803215269e-09,3.186432451229848e-09
1831,-93.6457317488083,-38.08282230510768,-18.757866023600158,-18.979610221720197,-20.397576879247357,300.3556075063335,-53.34958304740942,26.745522108540182,13.81280072316706,-5.706929693037441,0.44833899077818185,-61.29385803966298,-31.148291341754398,5.97481175645953e-10,3.204974063919508e-09
1832,-92.98619170753952,-37.94497217652457,-18.600442648492916,0.6008176339022011,-20.367175910361013,291.9929710911915,-53.15938034744835,36.04507439499345,1.1251310099897034,-5.586568359581878,0.1850079126249528,-69.11515511656685,-32.1891157536288,-1.234070623468142e-10,3.1638265340916405e-09
1833,-109.18441054318744,-42.809556993493985,-21.672364842598043,71.74978210912889,-23.647079233467124,175.0293528091538,-61.672110069799665,133.70922131920275,-1.1844492349545719,-6.855978770102555,9.801702334268867,-84.04340924477776,-39.220699604865665,1.3739622772845905e-09,4.027568500930556e-09
1834,-112.46338134019953,-30.079483651978972,-20.71396714668534,-7.537276266644588,-21.64533627482236,200.51865768283386,-57.70585408025024,20.388832989518548,40.143118078492115,4.002574334283533,104.50090129299008,-83.36648410717261,-36.04230144787556,1.38447830977384e-09,6.394934359832405e-09
1835,-108.54198483727127,-20.000513662179294,-18.274998783314487,1.5862306712339491,-19.908875319482256,125.3803871479261,-54.98022241863342,-8.297820792376411,59.334846716451594,9.958483589134898,146.96497146181915,-79.0436384245643,-34.17686529195641,9.981704351957887e-10,4.808811127077206e-09
1836,-112.96378656117851,-27.09146688716703,-20.50109072027486,-6.564030122709715,-21.934577829832737,76.8123958535175,-61.00208136248995,141.27396491705048,46.39341279654109,5.537670238115878,97.49390857296947,-79.2995905763538,-38.15472825752857,2.0830839275731705e-09,4.780979168117483e-09
1837,-133.65871986245588,-42.98321024319052,-26.980335669062786,68.24845720443932,-29.427131835556008,71.07103448698471,-75.42897447081104,279.4923624163416,34.04509898493712,1.0776302476994466,0.632217557310002,-96.60830180728505,-49.480126971242235,1.877765498647932e-09,2.384087594009543e-09
1838,-121.13253225289152,-42.186908619674696,-24.487267543400026,70.20549957538289,-26.698961688380763,177.26640144789602,-68.41796345454833,140.57550456565568,26.3744951159043,-3.514760042640697,-1.8328259020707305,-84.68472701257438,-41.46595415068677,1.9425101527303923e-09,3.1428690761003963e-09
1839,-98.04888627383428,-39.447629138995445,-19.625899573462352,33.63199234755596,-21.313363459706302,267.13336617959254,-55.92336534602372,46.81355083375172,-2.6972511215936095,-7.696026802270887,-0.6128108552053082,-66.96152274288227,-35.25215401717502,1.4377405932464171e-09,3.221281019705202e-09
1840,-97.28968054754522,-40.809673816442235,-19.419295971626987,61.484744127529936,-21.209344603494756,252.4017264665609,-55.612160298715985,46.25175725262925,-8.688782058685394,-8.916952736430252,-0.8957623779282037,-72.00436068794265,-35.292214725399994,-2.5482904675300233e-10,3.195108178033479e-09
1841,-116.43106967061003,-48.694486087613065,-22.776633637492264,71.68669395250971,-25.17035322032887,143.91737562708673,-65.8238840511558,201.2053741699756,-6.445162923766638,-10.118376743246856,10.168572719857101,-89.16071309334487,-42.357337011376636,1.11504050437361e-09,3.946414750544136e-09
1842,-124.32869348965558,-41.575877609775375,-21.393597495494976,76.67681578887733,-24.141844692274663,152.33514194266513,-64.46679295309019,55.301467943295144,23.265116185877318,-0.3273390315219387,104.060438374349,-94.40169941503416,-41.00313548229749,3.095237843808718e-09,6.3949769923965505e-09
1843,-121.40701973039481,-32.89611915735536,-20.10126088499527,0.09785671513435991,-23.639759552554622,182.95381837910756,-62.80080824542998,25.7085609771959,24.30648082897708,2.005321078097408,151.2725951261294,-86.10943128699336,-39.390234183833655,-2.4742803361732513e-09,6.339170965929952e-09
1844,-124.1753666023241,-37.695262362077905,-22.155687247493795,27.847567687882865,-24.90145344284114,184.87916930655982,-66.99346842988972,94.095632010163,10.736503365573768,-3.4880418708283427,93.321013291297,-88.2561502325377,-43.21445542178235,-3.908837697963463e-09,3.1579170389761657e-09
1845,-135.87133894555703,-50.34539309678001,-26.40183934779625,69.00319825664971,-29.317852685187002,79.89312711369885,-76.38952385253737,307.8841790276398,2.2452006760131735,-5.106933456755377,9.762438880733809,-97.02626077126581,-48.32900176053639,1.0489316082384903e-09,3.555935546017963e-09
1846,-121.47979041143958,-48.22687007145315,-23.269429099013365,70.04320096120807,-26.156998365180367,128.4883912717071,-68.18428690558272,196.71060173446554,19.182264339249596,-4.3976902565896445,9.380571952367118,-88.76610681273506,-43.32385830236924,5.282458914734889e-10,3.1840698966334458e-09
1847,-98.06315766720255,-40.15222435079959,-18.587337908567193,26.468847301630102,-21.17038680374415,262.6997136372398,-55.62950845412919,38.22518725958357,3.6044543920298677,-7.3717415261974635,17.7088368446897,-73.24175157782906,-34.49093111416656,9.319478522229474e-10,3.1676883338604966e-09
1848,-97.30200674975411,-40.04682831555277,-18.75342093119961,33.546001975408636,-21.168789198237786,267.722290779387,-55.29246823905475,39.91398757359821,-7.722747754931166,-7.992683208567633,13.649803474834995,-71.5498279480599,-35.003311427970594,4.910134521196596e-10,3.1990836646400567e-09
1849,-116.69461920762204,-47.716491454676046,-22.288353471824067,70.99094929431985,-25.19841586149929,158.66624168447203,-65.86997010838634,175.4129891139096,-9.027869760453308,-8.725951630538823,18.287507856523924,-85.66207236715842,-42.173944054278294,2.9189095585024916e-10,3.970932027641538e-09
1850,-125.7555569895,-41.63495397287909,-21.58047731843209,71.03058535223526,-24.5416292701146,181.70822531632137,-65.96050018647368,48.806247052486626,26.12685402298272,-0.6693211406418909,84.92771548507882,-93.05716708135122,-39.40002120776372,6.601339919143356e-09,6.343896075122757e-09
1851,-121.50818124078984,-32.823638259367314,-20.374052082926646,-1.314533405988651,-23.01522142845282,227.02642711358794,-62.32337181563229,15.340579454955895,35.553163593095064,2.6550430762446613,105.76229546934236,-86.00445022961821,-38.97406018063288,-2.3709503693680745e-08,6.3979683773141005e-09
1852,-122.87400916669579,-32.12610617366067,-22.200347543460897,42.57705681137941,-25.24265444715408,193.65908146573128,-66.95781609628311,52.02659666052769,24.512280098962698,0.5373876756519391,87.73160743363789,-88.44275718486396,-43.20031948284707,1.2326495379966218e-09,3.156234384960044e-09
1853,-135.21186379520756,-44.80564816374314,-26.544527353807883,72.20175755913134,-29.596980375476768,42.11688162448776,-76.59942669585641,333.76806139779546,9.853326252040578,-4.11188866137546,7.573458217235448,-99.06026416181896,-49.58288580621296,1.472983512940118e-09,1.962858320325722e-09
1854,-119.30773802782804,-39.647320936393506,-23.916026948107977,70.78711214154251,-26.382923275692747,107.10608438636861,-67.50350913549929,201.60906230104902,30.352540586470287,-0.5816101249089322,-0.41390820713364695,-89.80022340300073,-42.3015393200257,6.279492481553461e-10,3.1829430202634512e-09
1855,-95.60994384248582,-29.209292324304077,-19.061021574892074,-13.186867151129368,-21.245994270837635,275.6548443341861,-55.08973256213637,32.87368840529203,22.37784102413151,-2.601651044595426,7.556740419572643,-70.47318598364187,-31.98542539742168,8.179767974070273e-10,3.217387245513237e-09
1856,-95.18560110245676,-31.332254266356518,-18.85977475815156,-16.539694657320307,-21.29078946620995,289.90693781383817,-55.09739343578891,27.523880963832056,14.936246954574433,-4.124129682090286,13.251620670773002,-71.80970064360649,-31.379348362448326,-3.0462388167507015e-10,3.193612485574704e-09
1857,-115.19073702645846,-41.10786946466019,-22.446554331336333,72.90659916031409,-25.20628498049099,175.34166939069482,-65.63056414423357,115.9113654307212,12.2227674131213,-6.064362595072136,26.52385484221873,-88.69174082782379,-38.56814282414468,1.099351720768027e-09,3.945601179111691e-09
1858,-122.39890911395906,-28.22594303543061,-21.24328981455958,1.7473815030311741,-24.689199516272936,193.99435595257205,-64.42831837019025,11.272173701734967,53.566625852697904,4.7737486172284855,128.2866786243607,-96.76667356970304,-35.88863076448012,-1.717012310109567e-08,6.417039344341902e-09
1859,-119.5572705265907,-22.49543047029527,-20.54510421589255,8.265613940604505,-23.695197678153754,138.08958730274978,-62.103908106154805,-10.191481547873625,57.81704053219672,8.732046209903082,167.35601513342425,-87.61768788531032,-34.05422262335194,-3.378318069735542e-09,6.385803885677888e-09
1860,-121.09694073889935,-25.40418172313291,-22.791661903896305,-1.2023794837620418,-25.975776818128804,206.38603479065705,-67.75663093537287,56.24259055905271,33.701933609410695,0.29926215176892046,96.6039937748703,-88.23739844010733,-40.76884478520154,1.6875674191396683e-09,4.829297850506009e-09
1861,-132.90980261871061,-38.70894698551519,-26.488227901160666,69.75873047979896,-29.642850770029074,141.8384383196198,-75.71149319776875,212.29835734534217,24.320779559685324,-1.830523297604515,8.026140572465073,-105.25558832370996,-45.6950131428149,1.6295302884827834e-09,3.5685729926626664e-09
1862,-119.08497389117969,-35.562995073059625,-23.45231529178317,67.28976529101163,-26.360391095451003,200.65197276609337,-67.58095421759727,81.44116822450744,35.45219202060468,1.2356318912721143,18.29761095259158,-92.3173599468466,-40.00935158218079,1.4251213542593177e-09,6.391374540726247e-09
1863,-96.37021992164203,-32.643062001258045,-18.28399858018451,-21.90750691391457,-21.14054859814971,300.11404406803274,-55.01415169883943,-19.64098625121002,35.57734141138776,-0.682404329834947,29.75108986349145,-70.43127531369373,-29.328321698061384,8.180052191164577e-10,3.2179485742744873e-09
1864,-96.02240323399631,-36.72119024395907,-18.354489979469452,-17.77764016633409,-21.175038939736613,296.1766871238373,-55.13277378394035,6.256282434956856,15.249748747784055,-4.331180561986061,28.392561264880175,-67.06037712267448,-29.50018550091348,1.4372858458955307e-10,3.1953248935678857e-09
1865,-115.60929791501765,-44.05424787163393,-22.121229139977547,73.54401267888207,-25.28203841220502,197.05820932583435,-65.69695436890447,89.05432513905313,11.361189893412076,-5.997368695307973,30.034721499795836,-84.80277912136089,-37.488542970118914,7.072742391756037e-10,3.946929894027562e-09
1866,-125.65553767624884,-36.17549336017079,-21.555026759149527,17.69840867376934,-25.23056531798826,193.4456580450102,-67.62721130095044,34.196997814592834,46.74548655845283,1.462369722119213,112.13140730846845,-94.0593998447873,-35.37709379033212,8.853021427057683e-09,9.529813382869179e-09
1867,-121.41286426996606,-27.67174093154031,-21.098743970459353,0.09315403612523708,-25.009189560180253,193.13750768910126,-65.35225235545452,-15.425844473005741,59.44761413337568,5.504551197925926,139.24378047944518,-86.72619712056579,-34.729774789574634,7.376797839242499e-09,6.337941726997087e-09
1868,-123.3929753050071,-32.42187757748237,-22.81008119387817,3.101316469591278,-26.448211948456322,231.80861077799707,-68.90113045168839,37.29988977582479,46.3625886954049,0.5436460940825187,82.91691932311784,-88.72249885429726,-39.3361957499954,1.5690915233790292e-09,4.75406380928689e-09
1869,-135.2637489634337,-45.20674287833501,-26.482329977533478,67.95592571918121,-29.64773853318385,127.69388746295007,-76.67804189193596,229.85493578675027,22.24094402821462,-4.097894753862639,13.703640196802366,-97.58807573637624,-46.484760424278164,8.499796422256622e-10,3.5410181453698897e-09
1870,-120.38318712320128,-41.8907454874298,-23.470788306717992,68.01108476611002,-26.273238120198357,185.71252368061366,-67.89616448194532,121.61274739011517,20.06507050350213,-2.750151578253791,13.593469840442177,-85.50145094783247,-40.829170098975126,5.283027348923497e-10,3.1823788049223367e-09
1871,-96.69834540891313,-33.333991715204036,-18.657691340409325,-20.299153463606434,-21.28379435994852,302.85996238562956,-55.09104561421076,-2.972652894663788,19.239934849248527,-2.0284349319638504,23.567325116579497,-63.879736648222924,-31.422375935066395,1.515815029051737e-09,3.14427950343088e-09
1872,-96.14360029769992,-34.57251745888097,-18.858106796648983,-18.095955759662985,-21.274724578671023,289.5433059537511,-55.121412250399615,25.34223550246668,7.093071456593221,-4.669166949771507,22.0307948870026,-63.00141339781909,-32.27251027778428,1.4375700629898347e-10,3.1952183121575217e-09
1873,-115.32301643417348,-42.351156810861816,-22.38429864181349,77.48473670562672,-25.30218323571751,162.80408843867113,-65.58204848433982,128.59910579587233,4.086273666025093,-5.211829319249046,27.399528217767212,-84.24685825332396,-39.97234160282984,7.072458174661733e-10,3.947185689412436e-09
1874,-123.752219744162,-32.86025902845442,-21.976519420930476,12.415841844806367,-25.350409043982523,186.71509136481308,-64.92185907790385,30.600787913514147,42.44771057554014,3.93231712768448,123.2419301248542,-93.70323692138498,-36.78917564033286,-8.803056061879033e-09,6.366832394633093e-09
1875,-120.8310171372477,-27.129196332439545,-20.734511851044584,9.130234471690562,-24.688422456503815,162.77962715604065,-64.11742415366552,-19.147065115676494,50.35548025153666,5.417503305549027,171.6810077477236,-87.48826266400175,-35.22795315412038,1.910336777655175e-08,6.410303399206896e-09
1876,-122.78820127330347,-30.258838032752788,-21.84155920827202,-1.6466188133958977,-26.05487288034198,232.8172428821007,-68.08569752450975,14.143762884333777,39.07825351498878,0.9415083947630356,114.18029110588408,-91.23898460846983,-39.246286382819406,1.7507488792034565e-09,4.763968775023386e-09
1877,-135.6045746921266,-46.6928176864988,-25.923030959280403,70.30713764602544,-29.479127508834168,112.6533891651072,-76.41870122647894,230.90553435421478,17.48907103662079,-3.3271826251108894,36.90057871545221,-104.78038561670091,-46.02989055762274,9.026166480907705e-10,3.5793945585282927e-09
1878,-120.78513402660256,-42.39614096864902,-23.008192124006666,75.32032515076936,-26.133388196825532,177.68613338010985,-67.85274247548018,106.36928836837039,24.630549345553447,-2.4112508345890755,31.194751601933113,-92.17169423219251,-40.44250492405966,1.6243575373664498e-09,6.356117410177831e-09
1879,-93.3291884364919,-34.061254831939436,-16.967599919338106,-1.1877590531251858,-20.21257406798997,280.8209188201779,-52.721849017360974,-10.20230236268667,13.840324385204987,-3.1707199905822456,33.88333956530538,-66.31707812698265,-30.37425691818464,2.118497377523454e-09,6.371848826347559e-09
1880,-92.90390121361372,-36.627466335350285,-17.13695229192345,-4.155999143880791,-20.26373055131652,302.27602989086233,-52.82170484788359,-11.21571253810078,-1.5198540472223043,-5.555256954316059,31.803165837081558,-61.089159099321854,-30.789458662429194,1.6203216546273325e-09,3.1636488984077005e-09
1881,-109.19188548616006,-43.04202786446842,-20.133833780618573,81.33837600372654,-23.56996222793716,216.2799509839348,-61.62240561754893,56.956261458716405,-8.093894697203076,-7.520213492171945,36.27190251585552,-79.65642979253393,-38.01583795712764,1.7677734831522685e-09,4.027047140198192e-09
1882,-113.16475680546411,-32.09097441325329,-18.366211259271804,15.711241226732593,-21.599327926158654,190.32361976127146,-57.23132223095036,-22.06571428048253,33.05638099572984,1.9018148922032447,142.47725678701124,-86.56758786490452,-32.384418806312866,2.7916939870920032e-09,9.601734518582816e-09
1883,-110.85256929152204,-24.605476022707897,-16.589802380617495,18.70679104918067,-19.449731880146615,102.20753623656162,-54.98111399665135,-21.4660336751149,49.464108844390495,5.114321296107141,186.9051722733518,-85.00002956128824,-29.453172824201747,2.7087025955552235e-09,6.399915264410083e-09
1884,-113.8934945434066,-26.173065497835168,-19.08717838064859,3.192296285176611,-21.61651835275905,212.5735547788062,-60.8409790916735,-21.983577510386908,44.112649793691716,1.6731455050513333,122.78503184072768,-87.1130259172072,-33.628838840485564,2.557499101385474e-09,6.424755838452256e-09
1885,-135.4378194372656,-45.12347198556275,-25.978900555676855,72.04633958035404,-28.854160968580135,67.60204177971694,-75.74554054456067,271.3370624974126,24.519015936546854,-2.5639135056565148,29.800120185572318,-106.12195038567408,-45.47882254919027,1.6689227777533233e-09,3.956582617092863e-09
1886,-120.3684542631524,-40.90484321566902,-22.98701517341971,70.48575085996971,-25.961984371455976,166.25500772573722,-67.47159285284157,108.10069823359173,36.454452354976866,-0.802743082684182,29.601586481004855,-93.00304274017964,-39.39781990607985,1.4399006431631278e-09,3.1806592915017973e-09
1887,-93.33835669103193,-31.16261899535418,-17.898905548541908,-11.432591065949426,-20.431613697440064,280.4537819711275,-52.891346194151595,-5.123537112319544,20.581152596710357,-2.2980120182275487,33.99391134858653,-69.96256968150279,-30.48929487068174,1.3213821148383431e-09,3.183231456205249e-09
1888,-92.48103641294131,-33.89712935077458,-18.21004787579292,-11.494812601685412,-20.393084391997732,315.9928720513144,-53.026429127318515,-12.372172999175925,2.474549752307009,-5.678270145379358,30.532475022291543,-69.24388311487513,-32.20303077056265,2.603428583825007e-11,3.1636631092624157e-09
1889,-107.9715441088946,-41.7270048817738,-21.12530322194644,70.46038901551154,-23.640700343970988,227.14688906984816,-61.73942535815635,45.548499230081845,7.821412766128062,-7.362585600069107,33.1144693052384,-83.12063983188567,-37.40445600002651,1.3692442735191435e-09,4.027548072826903e-09
1890,-110.51467671057442,-27.902872719648563,-18.557528934906074,5.96059752552607,-21.832944112392806,166.78155751997144,-57.16241596037786,-22.462265461485774,55.55804964558028,4.209393577968738,143.27549662028952,-86.73341300723591,-30.61897791446389,1.3355929695535451e-09,6.378527928063704e-09
1891,-108.5477207068654,-16.90118818257712,-17.153241335501757,12.74565613031302,-20.750765668667334,71.00368506924667,-54.25329523398301,-18.72689272849046,71.22784401532827,10.708100126155633,181.47087127649104,-82.94884991225489,-27.874202768077122,1.71019109984627e-09,1.2782948033418506e-08
1892,-113.07469695284787,-20.026147029395865,-20.365061333442288,-0.7542894164671604,-22.571971652017307,180.694398214464,-59.97569816593779,-14.781847649101644,59.63008412885041,5.629780709451909,117.65548333438866,-79.40492338478967,-32.655110740276946,1.7105890037782956e-09,6.4047185333038215e-09
1893,-134.18365696347618,-41.23946542325979,-26.11680689671264,69.51725680068671,-29.38598515285115,113.48355068243154,-75.0793350937547,210.18187859799795,39.741012841638614,0.8471401410951118,20.079187366720753,-103.40225305481424,-44.44252379922885,1.5588170754199382e-09,4.012761678495735e-09
1894,-118.01937696642872,-35.39845482492785,-23.6579133037398,65.617518708152,-26.187315220611296,209.43434890472514,-66.9947050207172,63.783454867818854,40.26772603684494,0.11218580553920547,22.442052119691535,-93.1138081464295,-38.28571291664246,1.4700844985782169e-09,3.2252458481707436e-09
1895,-96.29366782333874,-30.865082525377836,-18.48375358688735,-14.04883319597269,-21.171615169726977,293.4548729196596,-55.03654380494796,-14.776364718113403,29.026033773300338,-1.7149369132714007,32.36674284379538,-73.21200073643097,-29.244851019456334,7.186713446571957e-10,6.332882662718475e-09
1896,-96.46372565796099,-35.32679441246098,-18.47914742687497,-6.245623748247352,-21.26416433774768,305.6548698239766,-54.93767131351878,-8.690996825154583,12.043006472065244,-4.5800774215753135,31.070176878363732,-72.34953621918336,-30.43031577164296,-2.5488589017186314e-10,3.195211206730164e-09
1897,-115.87028309499195,-45.722481289630615,-21.859528355807775,83.01020054799164,-25.119920436541793,195.2964718815725,-65.46110378510845,93.27489983484287,0.6117717327598876,-7.780571784947195,36.58756917223001,-88.95967062149133,-38.00735375324621,1.1098109098384157e-09,3.944727211546706e-09
1898,-123.79020822258788,-35.699347371783915,-20.56133160367306,9.230897904621136,-23.884010167271576,215.0559502549125,-62.75779500950482,-22.611406741202487,47.53748557429989,1.5189025548289397,146.19106021677453,-95.965174172332,-34.265023144684086,1.632315616006963e-09,6.356074777613685e-09
1899,-120.24046325863688,-26.163710493037808,-18.99908227589357,13.743934646519502,-22.539297482168852,118.94092409884904,-58.382862786199155,-22.76193583745806,67.74340863183049,8.84765498969316,185.23082914744472,-93.64053287428833,-31.778866438754243,1.7898855730891228e-09,6.375955763360253e-09
1900,-122.46027841037595,-30.539825951858578,-21.640926139703417,28.618919890600345,-23.916179354511872,158.32351292564456,-63.58437514266174,47.105728627843504,43.03720240315984,2.730579794491933,115.51672067785768,-94.31894058740777,-38.87213866775023,1.9306298781884834e-09,6.358604309752991e-09
1901,-135.02671841883327,-46.65349070912765,-26.376952915206026,71.81542241653803,-29.515071148273943,59.06030242167421,-75.93523796823061,307.15509888840626,17.101093601123907,-2.7685468630528094,15.162706114420565,-105.57890958328639,-48.43969579274027,1.610658273420995e-09,3.958391392444582e-09
1902,-119.8005633509838,-39.99747933290364,-23.83316724004881,69.28420024038537,-26.49008625778629,143.6372111666947,-67.74752680490177,150.43871091111055,31.63411186278252,-1.773366454536035,18.84145248226272,-93.9922627392707,-40.2012344433884,5.281322046357673e-10,3.1838567338127177e-09
1903,-96.27695636925175,-29.699455895280053,-19.04191692356047,-16.414281111336464,-21.323539032059728,285.734271416263,-55.26216239521928,3.309326366623781,26.966632117172786,-2.5212907342969886,29.954570166837282,-73.66468169648277,-31.760515874348062,6.190248313941993e-10,3.1440805514648673e-09
1904,-96.04326999343893,-33.16384945093386,-18.912862758622467,-11.835666808572853,-21.261336193512403,295.61715796967997,-55.237209967036364,15.277469568993656,7.258399740717323,-5.303288837132277,29.79938435973586,-72.95746289911868,-33.23746469628299,-2.5488589017186314e-10,3.1950833090377273e-09
1905,-115.54821202647436,-42.867211146285996,-22.473771832057253,76.5050068483599,-25.122412729614464,179.33501598050213,-65.50678781415753,118.98610710076593,0.8936884873620303,-6.785179972607071,32.34131700406543,-89.15411943484756,-40.60344042535215,1.1060024007747415e-09,3.947626225908607e-09
1906,-122.63791864345244,-29.466991395207593,-20.96319951932616,1.7964238151661442,-23.806141873244922,198.01440704493024,-63.617382061381875,11.044274593069154,42.9930033030318,3.8876767404824437,137.05347017611928,-96.77742424701702,-37.52019787103137,1.445187081117183e-09,6.339689662127057e-09
1907,-119.72720299529952,-24.030825272724673,-19.8370082874637,9.241125158715443,-22.881171749748063,152.99566939160195,-61.16161684742101,-20.63402191494256,53.77554863557066,4.3567065963714935,173.89197175227238,-89.8738719640682,-36.11530243990561,8.567440090700984e-10,6.356117410177831e-09
1908,-122.32225148394363,-28.842244481083885,-22.685426251909952,30.624681644164387,-24.777277183399853,155.26967306883594,-66.00547301320871,63.13451841398773,37.15637619532261,-0.5900378564371567,108.49352733161051,-87.7043159532081,-41.75175036879003,4.2450665205251426e-10,4.789482588307692e-09
1909,-134.38907555333518,-42.54237211129968,-26.831535075178326,69.43648287710087,-29.62461351323728,107.5621393409917,-75.58680783166758,235.54379030134845,29.37861277467164,0.20422130816226972,10.320554025400472,-97.01381406250573,-46.45758244008795,1.4994725461292546e-09,3.5389371433325323e-09
1910,-120.0764320154244,-38.63489653639217,-24.107198768831648,66.68957412476574,-26.335427328423624,174.74050334506774,-67.5868552039709,109.23357319829255,38.899234886841406,-0.8794192346360121,17.333682235695033,-90.53141924057402,-38.744919422993064,5.283027348923497e-10,3.1806521860744397e-09
1911,-96.88571856011859,-31.172224127588773,-19.271909952552885,-18.006215737295207,-21.189594998613398,305.6062714779881,-55.255077523478555,-14.020612648951687,24.058856580687937,-3.384264152311082,32.974736922396495,-73.07156171368663,-30.382685530618698,6.190248313941993e-10,3.143995286336576e-09
1912,-96.81724774426189,-36.19024526361536,-18.99985857495423,-12.309694116197312,-21.214435948582008,301.9640147655581,-55.35302500558296,12.896375633398085,4.045691880675814,-6.4924337628788145,31.15276680946233,-71.23478164623666,-31.447126993118125,-2.5488589017186314e-10,3.195353315277316e-09
1913,-116.22750401595931,-45.368215034625564,-22.377965731790425,81.06744522532736,-25.129423989251386,186.32897155888247,-65.82874636208452,108.68918865205005,-0.4385458689566724,-8.590178002516723,35.80750080428219,-88.57155858784974,-39.36096860425444,7.073595043038949e-10,3.9457646039409155e-09
1914,-124.23419988644747,-35.27045134959687,-21.102399618502886,8.113069763341008,-24.334231092021778,208.86695113973417,-64.55538337397263,-8.753058316275707,48.06973409259512,0.5103304648886509,144.71641890440674,-96.78514974885891,-35.24163090881656,1.184753273264505e-08,6.3661644844614784e-09
1915,-121.43065499567716,-27.996167017724385,-20.795514897012886,14.140600263305695,-24.521021121653092,144.50808270782593,-63.90140941079989,-22.121459306747962,58.19172408328886,5.034722561361553,184.98603551630117,-91.23591682893773,-34.8590214835338,2.0075958673260175e-09,6.3980394315876765e-09
1916,-123.53992123307414,-32.64080156429085,-22.855753316626245,47.31458867802552,-26.04203107036344,165.798802220146,-68.24772593873591,47.20867854516592,31.25868988357848,-0.7614461425396252,110.47111330307627,-88.01796304361635,-39.94623025683031,1.3776002560916822e-09,6.401862151506066e-09
1917,-136.01134157119182,-47.8855219070176,-26.58588464768043,71.64104433406158,-29.737295523361883,116.8979528931804,-76.64794049549705,243.27726081665625,12.215668018094977,-4.145960259028528,26.04670813517422,-102.34295829295466,-46.721731462396086,8.578808774473146e-10,3.595648223608805e-09
1918,-121.044996244062,-44.223538312234766,-23.53604371411727,74.33933004329738,-26.301005324330358,183.06315307054084,-68.04195452891689,109.27897899156608,21.570235226269585,-2.8632016043468584,33.275559871935485,-93.72491253852697,-41.79160488669629,1.4251213542593177e-09,6.368829019720579e-09
1919,-97.41172803473331,-36.37427617733498,-18.765798951388305,-2.5519504882979103,-21.127418725700558,285.8796264987375,-55.43731715699949,18.32084788561435,8.31724415974697,-5.408011444965547,31.890655183352553,-73.46759961345187,-33.86427309373533,1.5158434507611673e-09,3.1442866088582377e-09
1920,-96.60371463437109,-36.77038383947306,-18.935894015009303,8.489701517513693,-21.18546046180926,280.3793707386742,-55.334620778558175,34.10068068902749,-5.2486526553060555,-7.2090159469251365,26.23541912756093,-72.59229665277866,-35.32513305507518,-1.552393769088667e-10,3.1952893664310977e-09
1921,-115.73175218332115,-44.42448112205935,-22.474433428383033,77.899915706432,-25.121622649919907,169.9379102915186,-65.70923985574126,135.29301063817024,-2.20546392231266,-8.319524944415585,30.936780459762062,-88.60375955412258,-41.47733939474829,7.073026608850341e-10,3.9455869682569755e-09
1922,-123.46650872347111,-35.94523236491405,-21.193277041351347,9.087898243018135,-24.4839847111322,195.85032375457644,-64.97512788592874,19.301466391572024,38.57672068396946,-0.05394602739284376,140.55993801672687,-96.03993645929897,-37.21833380727423,6.85486156726256e-09,6.346056125039468e-09
1923,-121.56833609166412,-28.495355419034308,-20.355327369464952,12.00191564185117,-24.168411270293273,170.56503870170866,-64.86062041336058,-22.999069640038417,47.73184840809919,3.5010543323160164,178.522005301139,-91.70693938098584,-38.16780273345078,5.90512172493618e-09,6.420343368063186e-09
1924,-124.42689714340341,-33.484293288040796,-22.231933104705227,53.89237888207475,-26.10023072236229,174.40898474128156,-69.1266435951387,43.7852490629679,25.048136677882486,-2.785222225112741,112.13800780938806,-89.27087386410427,-41.84666317641333,7.55062501411885e-09,3.2147973172413913e-09
1925,-136.1004199686131,-47.95168778015186,-26.709870770985024,73.80956415592102,-29.665043606110576,56.827408626561365,-77.35085695450586,311.2217705387056,9.110960659293628,-7.283321906607692,25.24686515841369,-103.38682935351241,-47.76853876304803,1.4205170373315923e-09,3.6189291563459847e-09
1926,-120.96300104151027,-43.97227375934905,-23.847474165061733,73.43103581418144,-26.421538533411496,134.50223898426594,-68.58407869794729,164.87063423342144,19.392344845025992,-4.437021801139676,31.395972607561653,-92.47644685442309,-42.89039159399053,6.279492481553461e-10,3.1832740887693944e-09
1927,-97.28821403948233,-36.21893192635542,-19.139734925529247,-1.1647669607612499,-21.358692190604195,271.17241214745377,-55.452263241020965,28.3881125976147,15.133839921430964,-4.650430168689017,28.554317775009153,-73.37968516378612,-34.59596378696691,4.4218495531822555e-10,3.1960034618805366e-09
1928,-96.45722909991153,-37.62683785549977,-19.158016527935864,12.134801083286586,-21.223916783858616,276.2320830863939,-55.29624984246705,35.48760462506223,-1.9527380946357786,-7.090215459759785,23.020812889874833,-72.96274816951609,-35.10734981895901,-2.5482904675300233e-10,3.1956872703631234e-09
1929,-115.73685899013817,-46.03600147473644,-22.7174312199342,74.47012022701296,-25.103869759541183,169.66429530638348,-65.76104639494909,142.77523547584335,-1.1687467298933962,-8.057857899392651,28.382607403936504,-89.11228390428656,-41.59816200223695,1.118621639761841e-09,3.946322379988487e-09
1930,-124.28360071935202,-38.59160455011594,-21.91475785111118,21.009404061417985,-24.34925036945792,185.54697450779219,-64.79029702502775,34.07692891731975,32.77396775716076,0.15620026686015498,134.46450287548473,-95.82747622247336,-38.27099158334804,1.0961684893118218e-08,6.4216720829790574e-09
1931,-122.33371185165848,-33.469092531298706,-20.6396847924882,9.883125330996698,-23.853303585857933,165.92679590355363,-65.35986231573759,14.220079331200813,31.223997290292168,0.69451874301511,170.48610636050347,-88.16656407744566,-38.61240373741354,2.892193151637912e-09,6.339035962810158e-09
1932,-125.17228888233898,-37.73270607286773,-22.609927984935013,65.33502359153424,-26.013423265064137,187.26532666561673,-69.73789237739507,44.33127361728104,14.514928399499075,-5.5894695528898115,105.83590793188266,-87.82517030003225,-42.60158172081947,-3.132527126581408e-09,3.1619435958418762e-09
1933,-136.34738809689347,-52.19204232591575,-26.768878075394706,72.08253473413723,-29.530121971749594,68.7962556154007,-77.427809824078,320.6333800403102,-3.4674947805098464,-9.286787110588936,19.554960265588864,-97.3032511403403,-48.74335729379734,1.2701093510258943e-09,3.566595019321994e-09
1934,-121.51124990326605,-46.98722681880817,-23.876561039473643,71.37737275456048,-26.3894421227361,135.53931893475794,-68.87010892194253,191.58313027450967,3.9323897966997414,-6.598305218043354,27.92111300777685,-90.69150987742894,-45.42892083356543,5.283027348923497e-10,3.183441066312298e-09
1935,-93.83147993038844,-37.32275126377197,-18.486226063472905,2.7063007195017184,-20.361359820845948,274.55675005912224,-53.342295172984606,33.77729733833995,-1.9566554283599944,-7.285466728617542,27.01362971488451,-70.00284398137073,-35.464899414758094,-1.9946355678257532e-10,3.2041818087691354e-09
1936,-93.41698159464575,-39.074183658611226,-18.37819956853217,17.881731540750973,-20.320859480182108,269.6743316613178,-53.26720941661364,37.66963207261999,-7.580823219791629,-8.099599332801468,19.378083386246153,-69.39079955558343,-35.07512280892386,-7.361222742474638e-11,3.163957984497756e-09
1937,-110.08641015990845,-45.864082071296075,-21.420789589857726,73.92097537189134,-23.58461010351339,174.25024190441957,-61.75981963629796,123.67014847035226,0.843672987383342,-8.2372142469117,22.171375145737198,-83.47971450542533,-40.42377353305833,8.018901098694187e-10,3.95889918070047e-09
1938,-115.44693376972667,-38.20961557764428,-19.603771131831525,0.45007602174416617,-21.366357074627587,209.1380525255919,-57.76522463544999,10.31972558503218,28.054627512381444,-0.8394930004773594,129.81942186158136,-87.93182014944438,-36.61868810476939,2.002707333303988e-09,6.413571895791392e-09
1939,-112.59188645651174,-34.1068517843717,-17.830751958494684,10.350199848642683,-19.277568960648313,92.32923435035721,-53.86502521119913,51.373580289567826,28.087570452528084,0.7661292449137793,167.20977613770904,-77.19330864062199,-35.25109725616923,1.2926193448947743e-09,4.787793272953422e-09
1940,-115.2163435649548,-39.41480289065384,-20.011150228034186,-1.653525222014461,-21.639923492519433,123.18028627441379,-60.46172058148633,155.06411116628567,-2.7475201619418765,-5.312619121117842,108.5908622966137,-79.63288638777078,-40.74476803427566,1.3869794202037156e-09,4.032095546335768e-09
1941,-135.1726943634092,-49.34283811388537,-26.8886759361191,69.91002698973494,-29.50098982937485,69.55552842852757,-76.05362860302915,336.5215826084427,-9.777708770982922,-7.346565349326013,7.509724503120246,-96.68117130461405,-52.73259022197272,1.0977032616210636e-09,2.375983854108199e-09
1942,-120.94088049420407,-45.29967342225083,-24.217944881571082,70.32892530315056,-26.324567123888563,128.03824755526847,-68.24791786636055,205.6412238533042,10.633970222587328,-4.827230622469671,4.240064738101704,-84.08543134439319,-44.938785885845206,1.3377530194702558e-09,1.5622809712567687e-09
1943,-94.7691199935742,-37.00757664128513,-18.920732922755715,27.63371024266237,-20.598758382521968,246.78128709377015,-53.8411081112437,40.3154473570748,12.581822566506142,-5.5820035073744885,6.658257269498396,-69.49957875070612,-33.751646193951984,3.339550858072471e-10,1.6042118744508116e-09
1944,-94.44794675550833,-38.469213743152416,-18.73885493316483,26.15434664471695,-20.636213550190092,263.62322517292444,-53.90241663940726,38.45318438966863,3.8332860177621164,-6.651660741337987,4.811382321460625,-70.49721083000776,-33.53190733151379,1.963940121640917e-10,3.2312552633584346e-09
1945,-111.75409429675922,-45.45524606112791,-21.935741912362115,72.74238956870614,-24.086975253903947,164.42902405215094,-62.93223909226639,145.4553897189364,2.12737049802641,-8.292529929120722,15.46682443834346,-84.83357893332942,-40.930592765728306,1.2724967746180482e-09,2.426913670028341e-09
1946,-117.16764042669574,-36.46637750225805,-21.463857089748156,11.43563524841304,-22.91651741937458,183.33814284052127,-60.7591117844395,41.35321360946191,25.881995573947172,-1.4305239644516978,125.28124188139503,-88.33919891337844,-38.74700199787044,1.1550582712516189e-09,6.417472775410715e-09
1947,-111.98256400082772,-28.267422002567475,-19.363786213338614,6.645717438369133,-20.929571782046796,33.11831455168304,-55.29160756951441,107.27855658729621,36.947072282186504,3.458663721253737,164.37795400979692,-79.05002712737263,-36.94129983930373,1.5371597328339703e-09,4.751683491122094e-09
1948,-115.26090639334276,-29.315656792200503,-21.793228182214364,-4.649191965889533,-23.479676134728688,58.72572941178136,-60.94195308710906,188.7940459459053,26.283242078181384,0.12681887990380483,106.39153221237642,-83.11426357395293,-41.766492343181774,8.429310582869221e-10,4.793356822574424e-09
1949,-138.59859517341474,-45.375959652864324,-27.928351247698124,68.4100652484416,-30.53279007869289,23.890154338174554,-78.77050167207163,371.874518474743,9.894440082714269,-4.68999476778482,5.178450185637855,-100.74011904412373,-52.61131665685142,1.3491785466612782e-09,2.3954207506449166e-09
1950,-116.4072737318021,-39.62624189794652,-23.377112987093902,71.10032734159383,-25.5529322070356,134.10976947380996,-65.46718022448256,164.30152626052723,30.001901228207625,-0.8861342814426271,3.29542559681758,-90.31468453595568,-41.1773900014469,2.494857653800864e-10,3.2336480160211067e-09
1951,-97.02333694291443,-35.243180561228385,-19.624362647588367,8.256552039199889,-21.266250547473604,262.1290332674058,-55.61891325124749,35.722700002123275,23.770756338113067,-2.8728717885938573,8.45226159345411,-74.00044073430246,-32.681946734240626,3.998366082669236e-10,3.215905763909177e-09
1952,-96.57462753008082,-36.06256673797714,-19.46690158024419,2.5872473649479133,-21.293015275223752,282.75535941142084,-55.42610150543908,35.2730972741193,7.654897084833552,-5.03559444785981,11.426795615807753,-72.83311460334954,-33.00547504125656,-1.502939994679764e-10,3.1694398217041453e-09
1953,-115.8708021821998,-44.12834614076572,-22.782555350112176,71.19345350784661,-25.151921271364696,197.04205963611298,-65.57457437991269,106.26216435474667,9.366959888860304,-5.366933204478312,24.273132129433186,-89.39913954649852,-39.863497402154486,7.731841833447106e-10,3.973468665208202e-09
1954,-123.55175759159097,-36.12645859525997,-21.26958307953059,11.466668508362181,-23.709212789020782,188.17701717411825,-64.13640911455761,41.93154057223655,37.35068113288086,0.4499233631936178,120.2273152704221,-94.07470415016644,-36.73502063535325,2.1864252630621195e-09,6.416172482204274e-09
1955,-120.69178272689719,-30.604627230407832,-19.520598420854565,-1.4186001369261465,-22.315058473758963,175.6066736665779,-62.85458476659679,-3.6351472824616162,42.82190462086738,3.447859242634614,163.57803757508242,-87.25955982169633,-37.154516181113095,1.4708803064422682e-09,6.39056452200748e-09
1956,-123.47946499522226,-32.302735705371724,-21.697804435619787,-6.265429721674302,-24.90202048411282,206.71975352597485,-67.43199329637267,56.040801807081515,34.35541135208794,0.9351673704924988,106.41653333568316,-87.59966554755239,-40.78855314379783,1.8092691789206583e-09,4.7846917539118294e-09
1957,-136.36082799451194,-47.65904610385452,-26.82695483980289,73.73335920768265,-29.533859318732837,126.17622007924238,-76.63764261152102,240.63206643356543,16.045474366309755,-3.5347871788010092,9.507082325261639,-97.36284051493374,-48.17824381016104,1.9089156921836548e-09,3.9817864561086935e-09
1958,-121.75896843027903,-46.696850960732675,-23.944751096013523,71.9334342637292,-26.131779491822456,152.9863758678511,-68.23370986156237,167.03356717504968,24.433317407015192,-3.423255510811751,8.124228605433636,-92.52843672736608,-41.79317120331532,1.0947474038403016e-09,3.203318499345187e-09
1959,-98.23941309944375,-38.88683358483342,-19.189577871085255,23.756357238005275,-21.234012300299167,268.50085988496346,-55.73089127924678,37.74649634203908,9.441988263415478,-6.075960954630476,7.076445624800422,-73.75134348372555,-33.41411475123894,3.998366082669236e-10,3.2148292916645005e-09
1960,-97.68784818747903,-40.45903085975281,-19.17556198754314,40.128304341303654,-21.31013497343954,266.0428907423853,-55.66225792785226,39.31760833182944,-5.105416175031132,-7.599863586533195,9.39031855592954,-73.02371915965563,-34.85528909323302,-1.5023715604911558e-10,3.1695073232640425e-09
1961,-117.15104319164399,-48.588802731219026,-22.64611053980946,72.64763396390464,-25.19135287608979,143.712188620153,-65.98248404385063,196.22856780470835,-10.9312045121206,-9.635437597505717,20.151029228884,-89.34761904477011,-43.265365049102314,7.706262294959743e-10,3.972399076346278e-09
1962,-124.95481890987968,-42.451056702792485,-21.61642408973106,81.51524901191868,-24.590788076749476,150.94976256682094,-65.22403596922125,53.049386353024566,15.134190684467523,-2.744511997339289,118.03980321243237,-95.50666540126664,-41.600090622156856,1.3337739801499993e-09,6.336264846140693e-09
1963,-120.19535125857456,-33.23604177229651,-20.06146650743074,2.724303699319941,-22.531774864509604,203.95914421945574,-60.26467328014458,-9.753149881277889,35.01751516803334,3.3361446580450447,146.24049569528165,-86.37488096156343,-38.860264853497505,1.3901626516599208e-09,6.330303392587666e-09
1964,-122.57466104317446,-34.544656026602354,-21.679255890771724,20.16120058044799,-24.487723236530183,202.3907157298639,-65.21153439077413,56.13219673154296,23.77774102430908,-0.3437796176305584,96.5722853123018,-87.50734560088846,-42.68518351143982,1.255102688446641e-09,4.753232474286051e-09
1965,-135.94532084201614,-48.21276351782271,-27.081082864604348,68.33843755824273,-29.733800882100116,85.8930882486501,-76.07979773212676,291.8212827982093,15.242391446536885,-2.2028048712852253,5.064650158222645,-97.17721807571209,-49.92706138482614,1.628450263524428e-09,2.3881412403170543e-09
1966,-121.57760854301908,-44.206722589198044,-24.402248911566012,68.9493615495536,-26.443598273358205,125.90308159772646,-67.50185711482995,194.97342431416857,31.82627046630487,-1.7423542600527828,0.5266319137522297,-93.84940807907044,-42.45497202307188,2.1908022063144017e-09,3.201629628080127e-09
1967,-98.05729890213223,-37.28165750273287,-19.53111512364851,21.146323849590186,-21.209283411733313,267.46996491504785,-55.652108317640774,37.46756286095705,13.353609496575963,-6.076689444635262,5.990195296325047,-73.92080951334074,-33.69869417456838,5.767901711806189e-10,3.1637767961001373e-09
1968,-97.4010509853571,-38.99242765534739,-19.29111317716065,37.36563181004555,-21.34298135665177,264.40555074907036,-55.621853559125746,38.469735956210684,-2.0663864027806267,-8.166855985360598,11.069512216488347,-73.7229122525618,-34.704849332954666,-1.5023715604911558e-10,3.1712836801034427e-09
1969,-116.17821754987617,-46.73105488042915,-22.680568586184886,72.65227711528956,-25.0928895775376,148.22834044506249,-65.6670427995647,182.55938860354757,-7.094038677971142,-9.394980017452921,21.781328199601003,-89.79607086854416,-42.586471373604525,7.714220373600256e-10,3.971567963390044e-09
1970,-123.34005190990653,-37.446755867897,-21.138264584447786,20.951670487535843,-23.454578182555938,170.1683062378213,-63.12545071171527,45.469165224799355,36.603163989306715,0.6205991557166967,128.47349812166703,-95.63976734958226,-38.14153454620487,1.656871972954832e-09,6.42080522084143e-09
1971,-118.58737065251502,-25.89028764765744,-19.60918494069234,5.039663784723496,-21.39479164949677,133.7248320475894,-58.376499332497076,-10.774020171702873,58.89625771299045,9.101340449578528,167.7684485430854,-84.96330083051814,-34.93508724748956,2.112301444867626e-09,6.375302064043353e-09
1972,-120.80994142506202,-29.4802891565335,-21.824916622478195,2.082154127692099,-24.079134965984263,175.4629128623301,-64.51251777751177,49.94442057243248,46.72976750092202,5.469791540636922,108.238921705553,-87.50266217328269,-39.718506125195326,2.3204620447359048e-09,6.415945108528831e-09
1973,-135.567559855997,-45.3257119689749,-26.765642522167525,69.24469426369674,-29.647668262317666,40.19255604939411,-75.73900994863607,313.42843085175394,30.309011195925354,1.0357338201268245,7.016255661394278,-100.73469675177363,-47.4463924900809,1.2972236618224997e-09,3.988232410989667e-09
1974,-121.34583836766521,-41.59871220452012,-24.12587719419329,68.60963023620118,-26.52277239222852,150.50347680137298,-67.68549494786431,148.56865692505085,35.54062378648558,-1.3994298209928686,13.788372088479887,-94.3491052625694,-39.98352961335957,4.3075942812720314e-10,3.1928379939927254e-09
1975,-97.4867507217099,-36.53698458758206,-19.273982204291457,-15.229434017331387,-21.231643461008066,299.32287698957975,-55.81808040720212,26.280771635704536,6.438144949014295,-6.385671291628511,27.14560488847804,-74.3656042283692,-32.859247512142936,3.998934516857844e-10,3.217493826923601e-09
1976,-96.83304563920828,-39.20926971188206,-19.051835261016077,16.95091278362681,-21.302669952316112,282.30422241837124,-55.748500604209134,35.87312301686783,-11.190681768449377,-8.621308114854449,25.638483047574333,-73.70620974948959,-35.10322044049948,-1.503508428868372e-10,3.170228524140839e-09
1977,-115.61997864737896,-47.61549791145272,-22.48216420188229,72.72100809453723,-25.085747655760123,154.49712282655997,-65.67560527067648,177.87047376089572,-13.642086058842116,-9.591335736058065,27.61006934015688,-89.79366116155882,-43.19259734381388,7.332232598855626e-10,3.971367235067191e-09
1978,-122.42402447540678,-38.47725853452498,-20.7605141619262,25.57844123375352,-23.336945268036363,173.45859823249296,-62.81418078829031,46.92458433496467,32.29141795444011,1.9244236141737376,122.12760106138703,-96.16607121864885,-38.326071917643105,1.3631051842821762e-09,6.33882279998943e-09
1979,-118.87309188395669,-27.61938961679185,-19.275304746812928,3.77551344112998,-21.88420589631644,149.74553861113623,-60.20752221688694,-11.621029056234644,54.4758331468729,6.912421767663414,163.84767545913306,-84.81612529397054,-34.46031365273276,1.3915268937125802e-09,6.379451633620192e-09
1980,-121.9512620164828,-29.696325100645478,-23.000908667299363,-7.420420648481058,-25.371565641395836,195.38077325086633,-67.53313693431635,54.4819668610667,44.87463646466678,2.7579180073074454,104.6172050860493,-87.46658243883687,-39.67229816331909,2.1329071842046687e-09,6.4207270611404965e-09
1981,-135.0555591944934,-45.57316899960584,-26.837901701259543,68.45896821362875,-29.778293731469816,61.83112843625484,-75.81008413595461,305.71785649997037,19.369068212036414,-0.7654485482502947,7.742470176105946,-100.53369055880019,-48.76534462510915,1.4653664948127698e-09,4.031368128210033e-09
1982,-119.82014243680041,-42.006532972208085,-24.04083325128539,69.83930266769586,-26.12382344206159,148.9624921934844,-67.92204779297832,158.58376099587454,28.926930425980583,-1.7173155355137089,11.355642020381662,-94.6464559083874,-41.39097692583673,5.637730282614939e-10,3.1916691511924e-09
1983,-96.83724421372577,-35.714949883732345,-19.38910780259204,2.35771760923362,-21.240912717967326,281.47529388402484,-55.67943589304677,34.19749164365359,9.285204927218954,-5.249253687654401,14.30297533355237,-74.34269126488931,-33.165087902259735,7.75742137193447e-10,3.2386893167313247e-09
1984,-96.95738352949901,-37.56724672100706,-19.185976709386065,24.184148884360123,-21.307229221638366,275.1723847143787,-55.58269580890538,37.2284559043191,-2.969800514178454,-6.983519514090349,12.13493295195181,-73.65170807986794,-34.514362330327664,-1.502939994679764e-10,3.169354556575854e-09
1985,-116.02886154774475,-45.09034130120492,-22.601588446740756,71.64795692590234,-25.163851608395433,150.85495847045425,-65.78562737969331,174.8920489915795,-1.862939555989055,-7.291083366609507,18.06645227620825,-89.78266252104802,-41.85446090667437,7.347011887759436e-10,3.972271400698446e-09
1986,-123.15382874428924,-35.91796126627299,-21.209217158400566,25.520381470444924,-24.00946693632698,171.44111374847716,-64.52571654286582,49.397799833827406,31.26169771151994,0.72073773752966,123.45821619862839,-94.770021256227,-38.213734729095535,2.2172343960846774e-09,6.377746331054368e-09
1987,-119.0121401489984,-28.65222012769283,-19.91024241632018,5.561527746411697,-22.788952435698036,157.55792841071803,-61.447366175955125,4.6387556080085615,36.36275021754138,4.714636918459397,165.73692557086935,-85.55587020479418,-37.205732899207135,1.2011014405288734e-09,6.422887111057207e-09
1988,-123.33166362351125,-32.69470633945905,-22.169923143717764,-4.343352276343452,-24.871574855147497,116.11984634154281,-67.94485751052562,161.76506817925272,19.09230931503739,-1.614222548136349,109.39179370471315,-87.78992958702428,-41.60878759839754,1.8707737581280526e-09,3.23760751541613e-09
1989,-135.12266778507723,-46.74683612638305,-26.82634515880363,67.75148969456298,-29.524163345166716,116.20277997336119,-76.0031543789358,257.29189915724453,8.945615649328676,-3.619134562036293,13.006727832379251,-97.20862581463493,-48.14758509896443,1.5673435882490594e-09,3.610656218455688e-09
1990,-120.07649183752383,-42.95462171246394,-24.006681468833154,66.34157448470421,-25.948996134219183,191.9575935574917,-68.05548820684803,107.93855853029015,22.742771746480877,-2.811961414256541,21.835276501778285,-84.30530500205286,-42.65622900657729,1.0946905604214408e-09,3.2027358543018636e-09
1991,-93.5379113008835,-34.871726457195095,-18.469936239712165,-18.016827929849875,-20.24308941956148,295.2928392903185,-53.65618941067959,12.2905698521363,5.479724785254388,-5.386638816046858,27.295962673047597,-63.31442522573023,-32.862351763438646,7.323706086026505e-10,3.198579179297667e-09
1992,-93.80990301289768,-36.57149035817392,-18.036446331202626,-13.880104296460587,-20.52601318188218,295.02663640189036,-53.6278316682167,22.813155764554732,-2.1501790538312915,-6.899072726852078,24.56462647034646,-63.465348642121235,-33.438029332127826,1.9622348190750927e-10,3.2307454489455267e-09
1993,-111.41339560872004,-43.32990569902832,-21.161491866315917,79.27870834804799,-24.08632623984718,190.6192345233049,-63.06220368789969,85.5907953725015,7.227592668074483,-6.816185485720581,30.19726527707052,-84.62822773159513,-38.41585982874291,1.2570922081067692e-09,4.020904498247546e-09
1994,-116.558172380872,-35.074435246250815,-19.28163252403253,12.294085572454168,-23.07437951645669,198.1542048496446,-60.418031357524036,-24.45067840641247,42.814339278473696,1.9360450172836756,146.9559224764434,-90.63092708666841,-32.66634060322994,1.8121681932825595e-09,6.402316898856952e-09
1995,-114.2655362708596,-28.419010822925145,-18.669471018573603,18.90115135497499,-22.12171948828469,114.9169073894281,-56.90040877443102,-15.37941091473963,42.000169279541055,3.292677081528269,190.9401904540153,-81.4798120629706,-32.81572613486676,2.7785063139162958e-09,6.3899534552547266e-09
1996,-119.61687652607262,-33.01973875909853,-20.797236187994795,3.5771391001245463,-24.74104199844648,234.47775990698727,-65.50146598120048,-1.6868227295936897,27.158574778012056,-1.3180059894661522,121.88189112652232,-82.41436388881334,-37.99981278324678,3.981313057010993e-09,4.770036809986777e-09
1997,-140.9836169360051,-52.26815499107509,-27.41313858868218,71.99111678608675,-30.423677869634485,77.17431490647229,-79.47183479421389,299.9833245127,6.612504191206995,-7.30297449701388,35.525976809124536,-103.88147780286464,-49.54236168700537,1.6979697647911962e-09,3.5923175545349295e-09
1998,-117.91978886444853,-45.08094138094523,-22.933494003995317,79.61769430442185,-25.43741385866757,163.221708651576,-66.41106159385366,109.7116743799622,25.556530818392467,-4.187833315079679,33.73643702715129,-87.94575900574992,-41.92775310727601,1.544947281217901e-09,3.2309408481978608e-09
1999,-94.56176677752502,-37.4374739809254,-18.35801030707041,-6.87340718267304,-20.61482735820402,282.1524996907819,-53.81041247752709,16.952919094281505,13.989994624280103,-6.139454451312166,28.773402499747068,-70.56118587701935,-33.512277462312746,3.3378455555066466e-10,3.198742604126892e-09
2000,-94.19522311100916,-38.659808433615545,-18.448987237189606,0.8680521622628609,-20.590474484934433,283.13529157712463,-53.902387745120706,33.700641677382315,-0.7028769433327096,-7.970623293837687,21.020289178439878,-70.11307511982484,-34.140818198913266,1.9622348190750927e-10,3.2314062536897836e-09
2001,-111.72831317182647,-45.53850499660076,-21.60545186811129,76.78864126258986,-24.037894771719376,173.61367940370235,-62.927775715671594,129.87255837748165,-4.539128362529811,-8.820167147701737,24.825068588151556,-85.17536765821323,-40.7273439051981,1.269597760256147e-09,4.0211549645619016e-09
2002,-117.4317874319364,-37.17355018002978,-19.934380929699874,3.843540951936963,-22.403875884543886,209.10799390298297,-59.34845367695537,12.508815607072842,24.84216258758135,-0.38467063528202455,133.80284071473486,-90.35571015002822,-37.0729248071496,2.0640982256736606e-09,6.406565944416798e-09
2003,-114.87284018018879,-30.064517081760894,-18.926974228704882,15.085997485364896,-21.496737332422214,146.33030478172554,-57.94718981127643,-17.415498555024165,35.42768688202699,1.9386787169689308,179.74588497161818,-82.39260392387268,-35.41219166142544,2.004753696382977e-09,6.396646767825587e-09
2004,-119.11743573878304,-33.74701470223102,-20.507708944333714,36.16239962849411,-23.446704976166718,167.66991233597028,-64.83182058282082,49.920115924101886,20.71679072054067,-1.9048105590654354,111.61328964536354,-82.75678198228354,-39.77023070453399,1.2724399311991874e-09,6.417149478465944e-09
2005,-135.4182424836792,-47.12834228701753,-27.55552803386863,75.9434899487356,-30.381202657549153,32.03036013892018,-78.66389753995081,338.5905735650051,10.087946079040988,-4.9733261997449905,25.268902033322615,-108.03750372825552,-49.763228795219426,8.419647201662883e-10,4.037936207623716e-09
2006,-117.37443660650698,-43.54288014140664,-22.98897126695899,72.65444156704078,-25.294692998303624,169.020602826738,-66.15613014073284,106.3957086544829,27.594993242218127,-3.817540452073968,34.42413070992154,-89.99100022775106,-40.924225118366536,1.5448335943801794e-09,3.2316407327925845e-09
2007,-97.77692405319729,-36.949258226027055,-18.930623080065857,-0.8620860415680467,-21.332607318883813,267.34582101478924,-55.69063314481635,31.519239973086613,15.523640784091958,-6.096108298182531,30.487187282493288,-72.87645650780692,-34.36119234921218,1.2505552149377763e-12,3.2172380315387272e-09
2008,-97.36039827712223,-38.9267746620691,-19.079607254663088,15.061765306854861,-21.30801099835483,275.3848005788624,-55.62259825347178,36.42676471996734,-3.7519004290573554,-7.055150978196389,24.193573378083183,-72.98824549638947,-34.97421760753531,-1.502939994679764e-10,3.1684947998655844e-09
2009,-116.41863547235481,-46.90795978749063,-22.57223114995017,73.99718360953177,-25.16371278715668,171.47935901633787,-65.78693087532673,140.1900817671773,-3.152947020012448,-8.21639586382566,32.348849496674745,-89.14341661966989,-40.653244277613574,7.667608770134393e-10,3.97160704324051e-09
2010,-124.10342531789725,-39.187513623045554,-21.30498998155692,13.793143400330477,-24.36529427116584,186.84770543942994,-65.42955739079345,30.928549718315782,33.05838704132949,-0.708926153363711,143.2729716919538,-95.94220696955674,-36.858843517500574,8.134293238981627e-10,6.411795538951992e-09
2011,-121.60013708444907,-33.51869681662884,-20.527664608918894,8.993318880283278,-23.092844841924226,170.97710148357692,-64.90560569739918,-7.78858336941218,43.38859794910394,0.7980760237875945,172.00639756967098,-87.5350416689417,-37.19491775422826,8.59245119499974e-10,6.360451720865967e-09
2012,-124.14794838402996,-35.22159206058867,-22.211617590408206,85.79101891120683,-24.52360477156727,126.07298565177923,-67.14024966250483,54.89929113461113,25.533084645861223,-1.3035748323102139,112.72982035774317,-88.84989621448248,-41.62771711862271,2.7371243049856275e-09,6.368438221215911e-09
2013,-136.64555608567042,-48.184349457069864,-26.79800917678794,77.3687670272895,-29.347752895399374,31.9244793224503,-76.76633570590411,338.6896314877438,7.889094066737451,-5.278316443237268,21.311032768127166,-104.75871818024474,-49.40396668321679,1.6331114238710143e-09,3.963355421632286e-09
2014,-121.78200336521137,-45.19222801667602,-23.633211984595235,75.10071472814104,-26.163273317563622,114.64912239424653,-68.48818544763151,183.26092231082558,24.662408473960436,-3.272369515925926,25.401422210752365,-91.62914239588042,-42.914176038061264,1.0946905604214408e-09,3.2034055408303175e-09
2015,-98.07027515665288,-38.89897085002101,-18.919262579323135,29.79927287055502,-21.358619475303037,244.04694114200393,-55.8894613190847,38.69769418452552,6.488180099005911,-6.384772288618401,27.21332356356133,-72.42519189182678,-34.298858264919275,1.3073986337985843e-12,3.216047872456329e-09
2016,-97.143019465484,-40.158452774296585,-19.045142474113845,64.31578333885811,-21.342981183588265,236.80929277079326,-55.748503660382575,42.682829909137766,-14.148487254721813,-8.5564521092899,22.38916877841446,-73.42420901170794,-36.62982683830599,-1.503508428868372e-10,3.1692106716718627e-09
2017,-115.93183347700054,-47.25818353657985,-22.49928030487395,76.3320609543627,-25.19114244278504,122.1317061334289,-65.6994261955401,211.7328319591201,-17.00406022304989,-9.819886095056312,28.01758503848585,-89.76570868839997,-45.04466308818231,7.635208021383733e-10,2.377262831032567e-09
2018,-123.51708691620559,-40.66619667810207,-21.290937710496202,76.76736795342626,-24.334016350446337,134.07966577018445,-63.64309525579975,49.39486712083679,14.793715976685688,-0.27089886158381865,137.61396525165887,-96.63979410425047,-42.287556133244045,2.0659172150772065e-09,6.347924852434517e-09
2019,-119.52954731385626,-32.453845092811775,-20.170877423937164,11.320238685319572,-23.1079098810282,154.47125127972012,-59.531718742292995,11.988551019598331,27.392861168984002,3.7631834800220045,173.70800269664406,-89.06215801735485,-38.78803179838782,2.191541170759592e-09,4.781988138802262e-09
2020,-121.65790682999625,-34.06043934630042,-21.817537139665884,43.7145962640059,-24.60769946248782,186.44900317064412,-65.53438595623165,45.66210852129885,12.944219289456775,-1.8160543516183814,113.11316901331216,-89.14902810545816,-43.24004500753017,1.6552803572267294e-09,4.7481485410116875e-09
2021,-131.70666107944274,-42.96775270032033,-26.857701354830468,75.51459046465588,-29.67747348873448,34.955357111658046,-76.04169410784824,340.4833042479144,3.8251985627486587,-3.5991631557316834,10.992034295678389,-104.45639084937132,-50.463647903834904,1.4237571122066583e-09,3.9933496509547695e-09
2022,-119.54075749197219,-40.48301702637321,-24.073708354267286,69.15035020184396,-26.362444569937857,98.2026732035026,-68.13883657014372,217.68738928711,25.516699889442606,-2.0467995165339086,7.549654971284501,-94.7614328958759,-42.6997710904456,2.1245796233415604e-09,3.2022589024904846e-09
2023,-96.77955005728178,-36.19205703616019,-19.016764120241035,30.987488910288313,-21.289281175989483,235.27568199046266,-55.56777578877442,38.03233962057415,18.58635177704026,-3.8471986665768085,18.687368188631766,-74.43040429676402,-34.44619931170125,1.2505552149377763e-12,3.2157121410136824e-09
2024,-97.12217647240112,-38.77569922351426,-18.99327418480831,28.931754155103967,-21.277670265411217,249.1759806088295,-55.563008689646274,37.68880456808351,6.924266905675171,-6.278768388917988,23.30600043957973,-73.74373734234136,-34.27247207814362,-1.502939994679764e-10,3.1690774449089076e-09
2025,-116.64665451351244,-46.75736025441762,-22.468576138201037,73.53770598224116,-25.1623662566906,152.68739746933326,-66.15295380679207,161.55445813401914,-0.1750329154498887,-8.405432581036028,29.164762806960237,-89.67321828664085,-41.50272960227297,1.2084910849807784e-09,3.973109841126643e-09
2026,-126.84117647205376,-41.71655341025504,-20.672458472844923,43.68448009994355,-23.77934923140349,164.3109617765593,-64.84875985880291,45.58930656402272,18.584621751200526,-1.2814614717876198,142.92969400320302,-96.76160770593543,-39.19769750539979,1.1687006917782128e-09,6.348457759486337e-09
2027,-123.157746936688,-36.52267139397293,-18.968745683972948,10.426131933231684,-21.895252739540766,172.77805764525786,-60.209770592084524,11.14388288284297,25.454755890540472,1.3840587105090012,170.68468030358446,-93.28469294623685,-37.83268701609217,1.6625563148409128e-09,6.4094365370692685e-09
2028,-124.1920128398039,-38.984360848919906,-20.953105602684563,71.63429402811714,-23.824423699982013,133.56676438213387,-64.70263479727411,49.26797515584647,33.31494684568955,1.5479523901172698,115.94455234206235,-92.85171881836392,-39.76822847214077,1.4538272807840258e-09,6.3968101926548115e-09
2029,-136.75364016762393,-51.677528734105714,-26.43031794924929,72.85841525809819,-28.863673929528268,41.607894443780225,-75.95472166262266,308.4751786020451,31.609125677066302,-3.6149988101429553,19.208434024396453,-104.9145847087545,-45.54958199578556,2.676586063898867e-09,3.9612935154309525e-09
2030,-121.69874383770276,-45.41097400530005,-23.099249238262797,70.40704684935584,-25.81215094741145,163.67210081932896,-68.51340441848049,133.18694436755735,24.208317957301624,-4.524645927065919,28.44021727836532,-91.11754618474511,-39.737912654631934,1.3274643606564496e-09,6.383956474564911e-09
2031,-97.94517018065865,-37.41457395150758,-18.408006305094737,-12.223517770181447,-21.31493188743139,294.44167863531965,-55.55094579541695,14.511981260102335,8.861999410131782,-5.288311062370122,35.80445316896098,-72.98428228623375,-32.490373189442565,5.21708898304496e-10,6.330552082545182e-09
2032,-97.46420677593505,-39.32951855768517,-18.625675483387955,3.687404692251061,-21.2605908476658,282.250734813294,-55.39429404721278,34.3371223289601,-5.811703095059189,-7.439103426709438,31.385976422899947,-71.69187165541227,-34.64427433166462,7.4641093306127e-10,3.169638773670158e-09
2033,-116.62177783424063,-46.921481666690205,-22.094457418527046,80.29772129686471,-25.215655955906822,160.7178191644544,-65.79309392876644,143.90681619045165,-7.683491020335082,-7.586270583923941,35.37128447923267,-86.65145525230781,-41.725957429575466,1.6025296645238996e-09,3.973966045123234e-09
2034,-124.73305065776175,-38.46057513003645,-21.006573346888775,28.551948241488244,-24.485289466066305,166.9359697053125,-65.91419483901723,41.43093402975251,29.25707454883269,-0.3868780951925799,139.71651627755486,-92.240865992709,-38.66501520072465,2.987462721648626e-09,6.415433517759084e-09
2035,-121.57049672240446,-32.687652961188455,-19.80944794091258,13.093296254618428,-22.415689301407514,162.92440106947515,-60.504345645630295,-4.09855321763371,38.0056332305769,2.74092056229348,171.95245297994475,-90.75306620385683,-36.87745203973098,2.0609149942174554e-09,6.40952180219756e-09
2036,-122.93406489499856,-33.51209145014889,-21.28433155500173,38.13611947563953,-23.851288166296765,148.00298363575502,-63.880660956606654,47.57499139857912,38.80119199580686,2.6788874068507336,121.25663439371976,-92.36172338671754,-38.62664782956095,1.9667822925839573e-09,6.388518158928491e-09
2037,-136.04546149920938,-44.86301865997725,-26.399688675684594,72.42359112419592,-29.161832534712975,44.35517264993663,-76.14364367583798,295.66517300185177,24.97371577039665,-2.259050737069659,29.776592986990238,-105.68719032181126,-46.63435937962736,1.3623093764181249e-09,3.939000237096479e-09
2038,-121.94160077006595,-44.61618910306381,-23.034199713958333,75.0773183013921,-26.298801257454638,134.69278916901322,-68.54539132718979,150.14444782422802,29.026881780311985,-3.6871046473365894,32.33716970923248,-92.78046432781782,-40.37485557309689,2.113779373758007e-09,6.381988271186856e-09
2039,-98.59034953299995,-39.75715645047427,-18.47932407229875,12.47421636046051,-21.36233790667119,267.5452985962187,-56.02504555200435,34.146272653651,2.6270388295338507,-7.297318958850386,32.55868828274742,-74.21506455713984,-33.624917654599976,1.243563474417897e-09,3.181533259066782e-09
2040,-97.98845858465668,-42.09306741926059,-18.6802874780584,42.09565557370095,-21.309213234367466,257.6974892690637,-55.74850463241555,38.191009393505325,-11.533092506602964,-8.853482646839375,27.768162382181742,-73.88838572021666,-35.65782437032358,-1.5023715604911558e-10,3.169553508541867e-09
2041,-117.03181053233922,-50.47889143990804,-22.37579498150619,80.64728058739904,-25.05059663071787,134.67985676694735,-65.51567863767548,187.07667262359055,-12.719991590861461,-9.935919403569622,34.46427592155717,-89.96256762279069,-43.7968350265914,1.3453131941787433e-09,3.995602071427129e-09
2042,-124.45806999222214,-43.294339841869444,-20.520552361112816,54.24948818906141,-23.333693836622338,146.84583746790256,-62.738709756584164,52.89672302652451,18.590905812469757,-1.717112313598457,139.7400353116421,-96.10299606615747,-40.15751557932014,2.2989752324065194e-09,6.4008176536844985e-09
2043,-121.31224038830426,-35.868309931254295,-18.89168845675734,11.648438795147692,-21.296854462641598,165.31199416640806,-57.645585855663725,-10.507114810837248,32.07655853722005,3.588840628135267,179.7408175384158,-91.21281814974503,-35.632037544496185,2.158458300982602e-09,6.366548177538789e-09
2044,-124.09657694504862,-36.33759734595247,-21.133518091618384,66.28539657922815,-23.15224525102178,135.20628168111833,-62.604580108925134,52.65661495530731,23.07895495457221,1.5307301222285854,123.26565494608133,-96.21762927738817,-38.481486151341095,2.0738752937177196e-09,6.347271153117617e-09
2045,-135.35651546173543,-47.50968621480506,-26.154477482588895,77.14434487921243,-28.762290452465013,28.145819957182987,-75.87675141919486,336.4916891263216,6.299084674836172,-4.772429958888254,26.95649556339449,-107.86040546816105,-48.74487768959387,1.5127170627238229e-09,3.966297512647543e-09
2046,-121.93247196986681,-46.92415047278505,-22.8354872688716,71.98876971128865,-26.040259222865856,108.45928814114336,-68.6994075373831,198.10228308524634,22.485907032592454,-4.3243726649232155,27.845491733906954,-95.08697758998748,-43.03861292181198,1.460591647628462e-09,3.1913707232433808e-09
2047,-94.72565006661661,-37.76274533004756,-18.057930114391677,14.811211550312057,-20.612829867093968,254.2556726529992,-54.01722487501233,36.56521556591522,8.796788092896868,-6.945994613327166,23.060318562591057,-71.73375562078067,-33.63307590774804,8.947154128691182e-11,3.20609316872833e-09
2048,-94.51992403659185,-39.42529735263893,-18.479554887573006,48.26222572123879,-20.636226345295867,240.19465256850907,-53.90242944351438,40.87108545231309,-3.541548058408582,-8.065801076821872,15.6122503831324,-71.3184489899121,-35.05098390899865,1.9628032532637008e-10,3.2313913767012536e-09
2049,-111.90100342561168,-45.07257421940105,-21.615094402394003,73.95961381759128,-23.960465373650504,149.86399392203157,-63.09703527273091,159.83280190314184,-5.9004897853745755,-8.24233859694663,23.40684208215484,-85.93562793483493,-41.338622681610715,1.272411509489757e-09,4.020128258064304e-09
2050,-117.84497140657228,-36.755403405457955,-19.399256879209958,15.600191083535366,-21.80618530429491,175.49329933416394,-59.968561830563395,35.187667862480474,19.726621547363482,-0.9006851659013546,140.85336972378303,-91.41704576488054,-38.76903973174462,2.157548806280829e-09,6.408264141555264e-09
2051,-113.66271737291812,-31.026178227956393,-17.59811091026405,13.160747354413441,-19.74898063918459,154.01791646014593,-54.59327710193561,-20.573367468264202,26.670239329304042,2.9598335489823504,183.23742594827544,-86.98500498182902,-35.8585258771192,2.2379254005500115e-09,6.415632469725097e-09
2052,-117.73477730024509,-33.537252392316724,-20.308879214392814,36.30853179369374,-22.787517809395528,156.6209576560741,-60.389229780724705,52.196408284105935,16.05529516930891,0.39482898927156623,123.21380802207344,-90.36840216433326,-39.66377119222247,2.003616828005761e-09,6.397279150860413e-09
2053,-131.71134912006002,-31.06400055364514,-27.48588190171092,76.13510515406648,-30.47935215200615,37.207148512870894,-78.57532228954416,335.27136600941196,1.7062562591937278,-5.307207113041148,17.32595932938202,-111.3157535872418,-51.70696850176056,1.4937882042431738e-09,3.976143858608339e-09
2054,-117.4565327386133,-42.3993204723498,-23.377787781980658,71.07377323710922,-25.466500780651177,125.5977281094317,-66.1262634065256,166.66015893817857,28.440048562117127,-2.6691726901180566,18.752936053555263,-91.98113883806332,-41.047928154508305,9.356426744489e-10,3.1806113298671335e-09
2055,-94.3228417259532,-36.91776923544645,-18.60605004467394,1.4316584845236933,-20.557114352558262,262.1190783304829,-53.82646746973758,34.024393734468624,13.45847083503532,-5.19936599810502,23.454600920830515,-71.85628363512592,-33.20230981225587,7.096332410583273e-10,3.221767741479198e-09
2056,-94.19482059043669,-38.77465311181723,-18.725660005504842,29.60318754208098,-20.63622612965635,254.8158329257683,-53.90242923837704,38.55149641380979,-3.784361571700353,-7.204363040691425,20.30236976272649,-71.43374122343981,-34.616631708520686,1.9628032532637008e-10,3.2315874420874025e-09
2057,-111.4739592487551,-45.64140014711331,-21.747121493533292,73.40725495870738,-23.980191874606383,153.6743039696195,-62.71214640808822,150.47467734428272,-3.8460426080982764,-8.479056931511344,27.340891975982064,-86.10151812345637,-40.91569138010443,4.326068392401794e-10,3.937591586122835e-09
2058,-117.28221459683954,-37.586015563895806,-19.767637402846226,12.614372539259415,-21.86012511364711,176.37995406252526,-59.172247097817625,36.00940936938099,22.849101454131517,0.1625450338062654,136.32114651186586,-91.255917936375,-37.412371197116606,1.977241481654346e-09,6.427356424865138e-09
2059,-115.55298486727791,-33.560859889003105,-18.0334794675999,9.297547162649009,-19.976188374419827,169.51993972166477,-55.24519211418438,-14.60325961739846,29.371754884783705,3.667214474294097,168.9836002727402,-86.99561813146913,-36.87247399680257,1.5093064575921744e-09,4.830518207654677e-09
2060,-119.2996904731551,-34.103446978554885,-20.50755501459043,76.07515632839109,-22.567532369264057,131.22726452979197,-60.85189663780361,51.8025271161958,19.544266854954312,0.7489362063514187,110.51415208664135,-91.08643886936781,-41.49574272530106,6.066329660825431e-10,4.7553072590744705e-09
2061,-138.54275460768994,-10.064441788782503,-27.426858731532764,74.44601640491084,-30.386941409126116,27.902679951809432,-78.45363440252781,335.7690314995492,6.020774176687603,-3.0378507406052844,7.029892572194091,-111.13806816126811,-52.11784471859375,1.259536475117784e-09,3.992216335291232e-09
2062,-117.73673163783106,-41.591112733180275,-23.401892692010705,70.2029207386617,-25.233519878962515,112.95733772411322,-65.62483660797729,178.08688120660705,35.26139985269928,-1.1277209441198137,10.191039265504102,-92.19686951372178,-39.786894741806734,1.341845745628234e-09,3.2254288129252018e-09
2063,-97.6695218367211,-36.57036848615518,-19.268497956339964,14.827864854784043,-21.277795830633615,249.87313199455008,-55.69071034121479,36.11365367460521,20.311773845473414,-4.413519705927126,21.320278840443066,-75.07540350615945,-32.48088551061772,7.474909580196254e-10,3.2373179692513077e-09
2064,-97.30774789976505,-38.66253977104109,-19.153126647331543,25.179400402890533,-21.290742706020982,256.52228624232737,-55.541541013384,37.36414617100893,5.382743581775267,-6.47851993410586,21.92324505122359,-74.27299536882516,-33.66460808104803,-1.4989609553595074e-10,3.1673010880695074e-09
2065,-116.14624314653925,-45.842921754309565,-22.663669193037727,72.33543266742032,-25.12681731099235,153.59560739341694,-65.778017405927,159.66307738229548,-0.1464322441263034,-7.6055229348626625,29.642096967534528,-90.30990474211791,-41.61668564083666,1.3686758393305354e-09,3.994230723947112e-09
2066,-124.27370381576291,-36.496982381278606,-20.912765330686135,30.64168121127158,-23.448500094462045,154.4605119518897,-64.9683297517404,42.03847453585666,36.41973580319754,1.4200627361129852,140.01908641912746,-95.63050471051731,-39.2687665061371,1.3124008546583354e-09,6.344023972815194e-09
2067,-122.51403522673814,-31.475150039494295,-19.1675312649201,11.638088210792,-21.198060805973157,137.22471422884033,-60.22356022797461,26.85937561124987,33.047375495338954,1.5069566297062922,172.89651462001464,-89.88142249407241,-38.713264675032924,1.5143086784519255e-09,4.7910830858199915e-09
2068,-124.50508612370754,-36.53327430492806,-21.344315671350476,87.60907284780835,-23.839627192258003,110.35280593416903,-63.99220609175491,83.25475495996187,15.094692373211386,-1.55677352639871,111.071831811165,-93.54890150082504,-42.06297345503501,2.3762822820572183e-09,4.796009811514068e-09
2069,-127.47618421372702,-29.820950569094794,-26.425510307316326,75.32521583649994,-29.409895922633947,21.981338945129036,-76.08707896428416,337.2453268193086,6.615083689124569,-3.8541661525526525,9.627463354758662,-107.40559010260584,-50.31505236926055,2.0593233784893528e-09,2.394592968357756e-09
2070,-121.14989529945878,-43.97930892134406,-24.292001405315865,70.34842579898955,-26.065041533041864,96.4421324051365,-67.62539774721371,220.40488209163996,23.75511333575693,-2.291093577843194,13.076839947850885,-95.01625336644162,-43.60840169115459,1.0671783456928097e-09,3.2181617370952154e-09
2071,-97.87471306024726,-38.52796794113288,-19.661972563759047,43.97762489725994,-21.228308892233827,234.4173672208691,-55.718273073639324,39.23421640033839,11.82210947117133,-7.162171563579718,19.67836864821473,-75.19084402336408,-33.76543548998249,8.897700354282279e-10,3.18595283488321e-09
2072,-97.45730737630325,-40.790477862768284,-19.466917986646912,61.096027792181154,-21.199961589965405,232.21198419692212,-55.5458806332941,45.96212273141067,-3.756236974936436,-7.757985277178142,16.31523334723031,-74.29374690807711,-35.31685343485683,2.482920535840094e-10,3.1697862112878283e-09
2073,-116.68738411085062,-47.906908419804836,-22.633020089494877,73.05845845196141,-25.07800461450783,133.75943258616903,-65.81506681517709,187.19311083487943,-3.933690074122881,-7.823164036896724,28.810543878629453,-90.23766932107698,-42.706638234978236,1.7585648492968176e-09,3.9933141238179815e-09
2074,-124.64742513347134,-39.571079329059714,-21.100761434706794,51.26089784082898,-24.37066091252128,149.17660987075584,-66.04649780845065,43.692168947241086,33.15730328760199,0.6548443596750516,135.31205800721054,-96.89253488733368,-40.62492273999236,1.8565060599939898e-09,6.423405807254312e-09
2075,-120.52501224113918,-29.794426082665574,-19.729737861640242,12.135734935488285,-22.691781227014996,145.20657939240095,-64.69411465404555,32.284483971306855,33.6332946279341,-0.1564058924614028,165.37018695801942,-89.22559972148728,-41.813202143105,1.908802005345933e-09,4.831893107848373e-09
2076,-122.4168268037973,-31.858633862011732,-21.76250953803166,84.20116126419623,-24.230139544525642,147.55866184938134,-67.44575227755354,61.65261259837185,7.875928295144526,-5.159760160507299,104.30627148040365,-87.66593296139297,-45.05508029102931,1.5767227523610927e-09,3.146604754533655e-09
2077,-134.47405379295682,-42.67101696583857,-26.629000751877545,70.8286709338485,-29.50914841608697,82.10261242591795,-76.40140007428765,296.772120434361,-0.013384117625293021,-4.790418305063204,15.195921584195947,-100.42649569385384,-49.98440722432552,8.178062671504449e-10,3.5540242693254953e-09
2078,-120.41435107381223,-41.729806385326704,-24.336173332411565,71.037314863164,-26.061099451374673,108.0817799623043,-67.07260985556213,197.9470776876839,25.565545692115506,-1.385794825627176,9.697348438709614,-86.33298887453694,-44.99624281013977,1.0946905604214408e-09,3.2035858410495166e-09
2079,-97.74923214261457,-37.30464490894016,-19.570133765257097,26.172944181944327,-21.141191610056563,245.96885264560484,-55.66245051242229,45.61979016858244,17.3840285648657,-6.167999299136299,2.1685531406665945,-67.53745994363842,-32.181056490835324,6.912159733474255e-10,3.1659297405894904e-09
2080,-96.87189976446027,-37.774786891436726,-19.319185136964553,42.51466542038688,-21.26010334210467,245.99373313323068,-55.51436792762647,47.68232445119675,4.663670838047065,-6.640100467834858,-1.8509782552087473,-68.24039629298329,-33.38257573853205,-1.50265577758546e-10,3.1694655788783166e-09
2081,-115.76230099648858,-44.21288709266742,-22.80354145403751,69.65741954774019,-25.105862769356875,143.76145015241642,-65.41900079688101,169.63674185540887,5.608320896090857,-7.005126981433837,12.534733496977495,-79.54607222410775,-41.3438735985333,3.6783376344828866e-10,2.377275265530443e-09
2082,-123.23343611360262,-34.46861009619357,-21.782042177983318,67.17125966836365,-23.967821000777693,132.60505024367416,-63.37293735921709,53.795398816021965,32.02201940196347,1.0811166136729708,109.85324238853697,-89.98120541317903,-39.722034911568635,6.380560080287978e-09,6.4161866930589895e-09
2083,-121.31688134236164,-27.836461078750936,-21.90747908507692,2.698642601587187,-24.078895028944657,183.8034415161917,-62.382207991897424,2.217821860026162,35.28937027208327,3.9538616574969576,155.00029400242212,-86.30642390839984,-39.13508341030093,8.727965905563906e-09,6.364842874972965e-09
2084,-123.61344526182314,-33.090507529409706,-24.063859649716964,41.54421825716977,-26.73160410506311,186.6541961216286,-69.3471795597177,86.1836558833988,10.608932347875458,-3.0745807387116186,88.22686957151389,-88.86210360297899,-44.43459168280803,1.1791794207738349e-09,3.2353851819877377e-09
2085,-136.46880460105612,-48.58059453524805,-27.398529913842886,68.3713466099419,-30.08592441431162,101.06639469051864,-76.72008879143308,281.7135348917742,7.954918085853153,-3.9717180211849286,13.268301185398906,-99.80045287029148,-49.34838228467735,8.635652193333954e-10,1.9992469901808363e-09
2086,-121.11840191360128,-44.36865652779222,-24.40224894351985,69.79398741622636,-26.587932938254102,150.77002706176086,-68.56596210969072,165.48736977911963,27.920228140582886,-3.6968367088383824,4.522776567139391,-87.00512722239519,-42.749222571533686,1.0946905604214408e-09,3.2032607677479064e-09
2087,-97.77416493819484,-37.22711841879252,-19.641165686805188,32.378323340385485,-21.427027339403416,242.73483335924467,-55.73259695775965,41.57501477677555,15.885354779748175,-5.427385775877934,10.050358068828682,-72.33510992830541,-33.05931524807727,9.166285508399596e-10,3.1641604891774477e-09
2088,-97.30300901906215,-38.76817071973706,-19.46690887725812,36.32271312629207,-21.294218340103768,246.17327408092703,-55.45266815913241,47.98291887704379,-1.0945138092303424,-6.7825075501410375,11.391756645806797,-68.2217322500896,-33.486933980003144,2.483204752934398e-10,3.1703315528375242e-09
2089,-116.21468875251674,-46.34716751445548,-22.78537861629929,75.81855895882906,-25.101427450304545,138.86380126074155,-65.67825319607145,161.6784422107881,-0.2294848188854311,-7.345348454473845,27.885658730450743,-79.47675904792189,-41.06795327235916,1.344659494861844e-09,3.994429675913125e-09
2090,-124.83280410641733,-38.13803899620035,-22.09608539964598,33.738057153549406,-25.24889185395286,158.9450154581735,-65.38019058460809,45.11797274863529,29.6185517957787,0.9377375242460312,140.42232328194575,-94.08274620590754,-39.00090074918301,-2.285105438204482e-09,6.389626605596277e-09
2091,-122.9374496167056,-32.880438342692536,-20.55151661876271,10.613636769610842,-25.126002509092654,125.18057767889623,-66.63018567213612,48.56571063649232,34.38141273877096,0.29527754932249484,174.90750251624544,-86.26799810134247,-39.55052696970585,-9.549125934427138e-10,6.3396115024261235e-09
2092,-125.13092925371072,-38.70954448026828,-23.55217656859446,0.15641929427110865,-25.750285693986076,206.22594811039252,-68.84028675765906,83.54260979717913,9.201715303748484,-4.216949027767371,118.7513403423162,-88.74174383925055,-42.93611716340261,4.638252448785352e-09,6.377195660434154e-09
2093,-136.459278577367,-52.502667924665936,-27.061565439180843,70.65653437850487,-29.445087487451406,105.56234309553959,-76.91623583934789,273.99271507857577,-4.416686580229202,-8.799293693935718,33.442870358390444,-99.73679313695374,-48.31685419689561,1.2295799933781382e-09,3.584485597230014e-09
2094,-121.87347938023666,-48.77421902191404,-24.21261810513353,77.17127208392881,-26.25476649555515,158.72522594078163,-68.96709495541977,167.12687097724634,0.7559442051062046,-7.456254595935218,30.51409946954535,-92.09364333815687,-44.661336749472106,1.0946905604214408e-09,3.2024374263528443e-09
2095,-98.4458314337788,-40.65347487957935,-19.43866129185603,54.90124593169105,-21.441982175183007,230.17137033474344,-55.964307319083794,41.19234763762269,2.1612575341289224,-7.298484939302248,25.380930930272687,-73.74170021828407,-36.82271008106452,1.1667111721180845e-10,3.189494890420974e-09
2096,-97.82077426296527,-41.01361510009306,-19.331093546068743,72.55006004978706,-21.34923528509302,221.86622075252703,-55.68228852981668,49.083357754655985,-7.944606528156402,-7.945307812284085,17.630207996518084,-73.37115877386908,-36.671766690158606,3.19175796903437e-10,3.2269493743797284e-09
2097,-116.72628369474033,-47.7943711063416,-22.941532875988898,76.09760557279573,-25.312298427620043,106.19487669578133,-65.94609506173336,231.28996469953628,-13.461492244291197,-8.919425297664896,21.71363132968741,-89.87150826135496,-44.32307129694229,5.787228474218864e-10,2.431921330980913e-09
2098,-124.38941513166424,-40.96352313757495,-22.36403286234734,93.73982122809994,-26.230768119678753,107.15448652369446,-66.05304176835534,76.79846583347994,15.09283545110108,-1.437597463830483,129.8733025132573,-97.83210619922887,-43.388426809354854,1.629715029594081e-09,6.423029219604359e-09
2099,-122.07135968475508,-35.642085603556524,-20.951514049554543,8.139546055279702,-24.499163012326175,151.59926724867358,-65.33212881390459,58.03115051898795,17.071286012918765,-0.13728065703943274,162.25049718224813,-85.55198900530995,-42.906226135379164,1.368789526168257e-09,3.971706519223517e-09
2100,-124.75186539578162,-37.6802666170715,-23.736117038653273,-4.822996096915331,-26.01364286658393,124.24916010992985,-69.20010337618487,189.72134893175337,2.408565792392495,-1.941222714410601,105.80294016048045,-88.38851414743777,-45.647286698289776,1.3315684554981999e-08,2.368253149143129e-09
2101,-136.25356405736503,-49.64110999269431,-27.324867113166434,68.24438245402715,-29.777477630329475,20.201148662915283,-76.79178920981094,364.4946465344209,10.13998435764743,-2.9030769588990673,5.319406444321073,-97.32455679157228,-48.38312666733216,1.2478267308324575e-09,2.0418973178948363e-09
2102,-121.61697271319382,-45.38658600735487,-24.407845754505782,69.02516577558065,-26.608050487316714,108.8233151592201,-68.86111480558671,221.71269665952664,20.76463675960062,-4.944897173547405,2.80602765343883,-88.9998761531175,-42.306498879893766,1.327350673818728e-09,3.202423215498129e-09
2103,-94.5303078747528,-36.477877676004546,-18.890841279274266,-1.4489495471139962,-20.703810783183226,264.220483361555,-53.98285405103468,37.8006998635026,15.587581056534082,-6.21652406918271,16.509786886264106,-69.33531182052043,-32.53207404046506,5.9867488744203e-10,3.18032533641599e-09
2104,-94.01776191055436,-37.15453603762507,-18.691924746112935,33.74394159920292,-20.63621777317694,242.46082938345654,-53.90242086730255,41.58487099331351,4.336811737951432,-7.114350647363206,14.043692775767077,-70.3400204615541,-34.312914022558736,1.9630874703580048e-10,3.2304523500670257e-09
2105,-111.36653216191559,-42.875526607518935,-21.906740382747703,75.21231917235653,-24.128895531336802,138.26526875567558,-62.801460929191386,163.9589153366458,0.35237621761407184,-7.979974186567401,20.309636800002565,-86.44334318712038,-40.59604326145828,8.55379767017439e-10,3.940847648209456e-09
2106,-117.32057661125116,-37.0060526166211,-20.73492647910712,11.821625871107438,-23.073334598874627,169.8618931454056,-59.7156099753947,33.310960143581326,37.43564853038974,1.5526504170625417,130.81756826578385,-90.53370245333777,-36.41614357035699,1.778289515641518e-09,6.366548177538789e-09
2107,-114.80234561947351,-28.956901261328436,-18.85508720633526,9.130868283547963,-21.472390163224176,156.51800718072639,-56.33583841295349,-15.383939535828297,37.137653737320704,3.255009096186981,167.98824886076505,-82.46201820891231,-35.76126668878706,1.7905676941154525e-09,4.8147157372113725e-09
2108,-118.92313674900994,-29.595740667666764,-21.153414805046232,17.421812104795507,-23.659905453724264,183.54945972522543,-63.95694144112479,49.26885677263366,22.539990918714185,0.4077726622222113,110.1806758391317,-84.89635818390235,-41.18307066008104,1.8480363905837294e-09,4.802554798288838e-09
2109,-140.63024447504625,-48.4397530204479,-27.95239641832361,70.74986916987696,-30.481879125850845,9.09090765933123,-77.85626068406837,369.81451041315415,20.700992579320225,-2.371647400907771,8.079116487051751,-100.79276240335058,-49.910452741717705,1.000785232463386e-09,3.940725079587537e-09
2110,-118.54954576743678,-46.00896309897925,-23.38127346493381,68.16505703419129,-25.685269758684584,145.92226321278258,-66.4094853026738,150.10289460455724,33.66471842734258,-2.401316761299299,12.285393654647397,-89.03714055791045,-38.66733218072445,1.600596988282632e-09,3.1743496720082476e-09
2111,-95.36057477458057,-38.85865342075564,-18.6387629564548,-16.510023457077853,-20.74731199410884,278.9245044704154,-54.34713305646617,28.008410826261496,15.290390001395098,-6.466658792153341,27.478993079816725,-67.17210201222221,-31.601077879654998,1.1845031622215174e-09,3.139525972528645e-09
2112,-93.68047828000233,-35.89138635270177,-18.504777328384236,10.071002718220482,-20.6193809982978,265.3456478234763,-53.85710667142321,37.54468562133805,-2.386254314892368,-7.72935411221561,24.189219159269168,-70.44304096101848,-34.03877627522819,-3.5913672036258504e-10,3.1596556482327287e-09
2113,-111.14646236492673,-41.7362074638786,-21.592463095849983,75.41186152742875,-24.08043580314234,174.0537022534932,-63.16344277785159,112.90385717307757,-1.303280143746689,-7.465495819603692,33.52849113590128,-85.30336549478346,-40.106759090087074,1.2540226634882856e-09,3.9416860886376526e-09
2114,-117.29893262782795,-32.493527019874485,-19.87572235801896,4.407535138847949,-23.542878495721176,184.05118268166592,-63.31691589327274,17.480972920430627,35.51598497344659,0.9133634084853812,140.5711129642384,-90.2788024976666,-36.133373125462036,2.6935822461382486e-09,6.423277909561875e-09
2115,-113.84956941586336,-26.20029769307989,-18.306954786545365,10.369520643518342,-21.668402958214273,122.52079789276237,-60.38437315458181,7.651657038881167,42.484602895897254,2.996307397153785,171.2454189498077,-81.46936064557053,-35.38934609790601,2.7705482352757826e-09,6.3675713590782834e-09
2116,-116.7594475748666,-28.170436821879612,-20.514869718253095,-1.360475777651368,-24.28201931286765,209.38085931730205,-63.80871901793334,24.341647946716794,33.077891384990835,1.4566200087422339,107.46601109735093,-82.37097310882675,-38.456088358610685,2.9911007004557177e-09,6.381796424648201e-09
2117,-139.78103754959128,-46.501494501864855,-27.66519635770255,72.23724574905967,-30.413879893562363,76.23496642199721,-78.69213016526888,283.9283304226357,15.768660739583105,-3.259078644217665,29.29172998118516,-100.86833762355356,-50.279778538253126,8.746496860112529e-10,3.5828247035851746e-09
2118,-117.36623129558346,-43.87818926706591,-23.294466546141486,74.14771395351596,-25.622014366329324,181.03923353500107,-66.35467201287128,85.39488131866975,28.10786901870598,-3.413322650936973,31.470792157199615,-80.97396265946213,-39.257631146327256,6.847358235972933e-10,3.1673508260610106e-09
2119,-98.04241495088513,-37.82656157836793,-19.223101590935308,-4.081966134878757,-21.42396873836136,263.27789595082317,-55.80378122679199,28.29869710664831,15.966817910532988,-4.711539476640105,29.9822095398096,-64.06389249040187,-32.34839428125909,1.365208390780026e-09,3.2081857170851436e-09
2120,-96.96408490237803,-37.24640022475739,-18.87597320376602,3.5542186147643275,-21.342957453008434,254.15649000935002,-55.35767191926266,42.34517436010957,7.594037258938242,-5.399033697937254,25.350804264855586,-64.40893572201455,-33.40566735041342,2.482920535840094e-10,3.169816409354098e-09
2121,-115.48560960024786,-43.347866050433296,-22.428348562274348,83.02520348625283,-25.24478462093947,138.5374431368864,-65.42041346658054,147.5556732723124,0.6362543336642835,-6.254090169506261,35.40534701685799,-86.64093651201067,-40.33787221846416,1.2071552646375494e-09,3.97323773881908e-09
2122,-123.21320275318861,-34.98059290816255,-22.70121124088868,36.52049910218229,-25.253006096874724,149.87859240517625,-63.96161887715297,41.89236151729501,30.75038863010906,3.1848408882366166,141.62388164903257,-97.25709031328938,-36.48384193056326,2.7134205993206706e-09,6.412733455363195e-09
2123,-120.4871934029879,-30.447203932079887,-20.77377942708355,10.025332779445266,-23.056707337230925,164.62209033771344,-61.057479416347064,-17.009898924026647,36.30242807380928,3.5917454871002574,182.0674503794846,-88.8926687741972,-34.88411577672465,-9.329369277111255e-09,6.337302238534903e-09
2124,-122.71923344414164,-34.649802553898574,-22.107395478635752,-3.9996229445844818,-25.163923384349612,230.07602267804083,-67.73077960944755,38.17804259955958,20.670787793463546,-3.1456822428002678,117.25713929578473,-87.48616149749462,-39.17939114497042,-4.4207126848050393e-10,6.350326486881386e-09
2125,-135.22607136468739,-47.05331323868077,-26.860457954012258,69.89540887679247,-29.50902597417237,155.3075889410294,-76.29506586157947,206.26418588473413,3.972470407666117,-5.364946142327885,28.987715457968765,-97.39040549465375,-46.72808349859151,1.3085355021758005e-09,3.6008067638704233e-09
2126,-120.81530929916997,-41.821268781620674,-23.470262067054264,73.32235173807341,-26.185458439298365,188.2864875442232,-68.33545753576087,106.98393280759349,16.16842258378585,-3.8374641716371527,32.01664831703967,-88.75396841713899,-43.55865423422651,2.1245227799226996e-09,3.202778486866009e-09
2127,-97.69606790792585,-36.810748377114415,-18.80908436585366,13.029389648615245,-21.318642039425114,251.48246540305962,-55.843522801341805,36.36364057963042,13.200619258101137,-5.29165844202146,28.97952911460004,-72.60256662439052,-34.683353407329626,6.414779818442184e-10,3.230383072150289e-09
2128,-97.07263071937243,-38.88288433158788,-18.91126817706261,26.309532898374528,-21.27949244557121,250.23238644755853,-55.495057111729864,42.02351500140243,2.465438597044597,-6.620548674672808,21.553454265447062,-69.34044491084126,-34.982000808970525,4.960156729794107e-10,3.1755398310906457e-09
2129,-115.90905096446346,-45.925464982567895,-22.381848885884825,79.54879317355224,-25.227266002965617,143.02262081307583,-66.02586310120991,152.03331258053308,4.591611187742391,-6.868294067480288,30.244434859064302,-86.43701180006165,-40.66597277251294,3.1798208510736004e-10,3.973486428776596e-09
2130,-124.4531042932507,-36.48535056627238,-22.68397391398191,45.15888037670341,-25.94244871709728,145.3489974575008,-69.23638192126363,40.88618373170667,35.82273286619839,1.9026966214816226,142.81304771183326,-96.66555940410504,-36.465719886266314,2.077680250067715e-09,6.399119456546032e-09
2131,-121.53294959035054,-30.74254211571701,-21.989171535676636,10.784876273496128,-25.121666822731438,171.53599419679827,-67.5332803810809,1.968944084064463,31.28952206473269,1.5160360381316411,175.70004466675573,-88.09635509590632,-37.77945172329612,1.2831264939450193e-09,4.780282836236438e-09
2132,-124.51895756422985,-35.0644740419462,-23.09210274942884,2.895283365498268,-26.603761058113452,208.61257298259437,-71.10069963238792,78.58057342184281,12.07383040352391,-3.381174408697272,112.61143874029258,-88.73683599197115,-42.27569341541849,1.7062617985175166e-10,3.231182432728019e-09
2133,-136.7634818402242,-49.48477180254197,-26.99797975761835,70.19787218020045,-29.720363791923234,139.8552416361321,-77.69542513282462,243.64558119511526,-2.703133712574099,-7.518561538070819,25.640098981285814,-99.12017021086474,-49.33490617224957,8.32443447507103e-10,3.569761375388225e-09
2134,-121.88782990328559,-48.25954827235093,-24.189472055361826,70.77859771750119,-26.401574079646547,173.36853394054978,-68.70266859258211,150.13817704923335,8.583020656600215,-5.481670164660506,27.880271140071667,-91.51843608783732,-44.30740131478291,1.227732582265162e-09,3.2017624107538722e-09
2135,-98.66728286423046,-40.69154690449947,-19.365296339593552,35.27395408810059,-21.349643957672036,246.77223492898386,-55.88660069018644,41.90070088493255,3.6547715763857935,-6.84074674299177,22.145555127362503,-72.06055124885476,-34.88554782780954,8.973302101367153e-10,3.141154891750375e-09
2136,-97.94864844017235,-41.28009737364949,-19.282126441802017,70.65700390076151,-21.286197424467364,221.44306520510847,-55.690677263053665,57.95109112019857,-9.404025966900164,-7.749059709437157,13.328457858823814,-74.46597214921546,-36.27281329125863,4.461924163479125e-10,1.5796075558682787e-09
2137,-116.68294269923518,-48.229914020331655,-22.85903916421965,75.44115065087318,-25.093073640388724,116.42754865190295,-65.36172141031183,215.69200741329863,-10.686969113611744,-8.822959831613979,24.961530883767946,-90.81140993515659,-43.97420775261177,1.106315039578476e-09,2.3798232273719577e-09
2138,-125.02973055387923,-42.525845034475736,-21.658192622685434,86.39823136830438,-23.825504833951296,127.80762868489509,-63.61321957330335,53.71192145002102,12.690947594958166,-2.433615033284076,137.0475981774218,-97.04630345271313,-41.52391611151615,2.217348082922399e-09,6.37649577583943e-09
2139,-123.2308052864182,-39.929011488742,-20.227756136425278,27.71067093052375,-22.532408953406758,140.74201874036072,-64.33806811663918,58.27036043859596,9.605192777956146,-4.24773972859025,164.69966074285415,-84.8733574475914,-41.648756423063276,1.1773408914450556e-09,4.82950213154254e-09
2140,-125.93167851587076,-44.18625697863438,-23.323474837982673,85.06031273655819,-25.263739932164277,167.61941095190656,-69.08871014163913,80.9524712668075,-8.091554737198138,-8.190189902536522,102.78354186901856,-87.64206224019838,-44.69806948925895,8.798224371275865e-10,3.1645575049310537e-09
2141,-136.98780232601266,-52.984305307135855,-27.54101520209923,72.24685403782266,-29.89288008015795,81.5421394784848,-77.46064309408135,339.08435554543684,-16.882022307288242,-9.847249599550231,7.611799282082396,-97.50591531575544,-51.383315083547544,8.66634763951879e-10,1.963181617270493e-09
2142,-122.23741359659684,-48.17256066876927,-24.383396710881964,71.08288837242766,-26.599708285209136,131.40650749852168,-69.21699385952854,227.20095771262353,-2.974292794343768,-7.906975621771225,9.296793085530794,-90.96701185253632,-46.5287932538821,8.368488124688156e-10,3.184931263167101e-09
2143,-99.22027015544472,-41.01787956090789,-19.71424880898837,69.56034309487845,-21.614158420557615,212.9848394530111,-56.36393553368666,66.30122312555291,-2.3032352287852405,-8.414250363592737,13.017340286246824,-75.64773256224116,-37.56803530249477,-2.0384050003485754e-10,1.58865209876069e-09
2144,-98.18770899448279,-42.2014519408482,-19.475796713849647,72.84608943456043,-21.352726088129767,203.2578353440423,-55.7739497316785,87.84134187782627,-9.345895829233989,-9.04273923387503,3.0141298180275387,-74.6208567560581,-36.95827116633928,-1.2806822269340046e-10,1.6013235182299468e-09
2145,-117.19568812554233,-50.109316922846226,-23.11606950224751,73.79202865715352,-25.353889714887647,92.97407680475015,-66.09878843067169,256.97137127478726,-7.90289523365693,-9.393171390018615,9.958657698840794,-90.72713668908575,-43.79917839778284,5.985043571854476e-10,2.365389661918016e-09
2146,-126.27917867012569,-43.23370654773036,-22.911556815687067,87.21521723305773,-25.13361480981256,94.3415278571614,-66.86152745109777,113.83823824933529,13.253865165458471,-2.6858108247014854,115.15810880206769,-93.75404359474271,-42.947518540522296,5.854872142663226e-10,4.801199438020376e-09
2147,-125.34797968780454,-37.13524565526736,-21.069404829351996,12.437846964551783,-23.304067141216574,163.63882718273405,-63.17047432285996,44.21000308850191,19.79315374116866,0.43129065768481534,159.05486944378646,-88.14465313877021,-41.39416625167306,1.5763816918479279e-09,3.980451523943884e-09
2148,-127.20414396993533,-39.66355224295598,-22.8190120368481,12.54322075107665,-25.01487923714768,149.9290021690625,-66.34002128568962,150.57484090263878,2.7481947818999126,-3.746269216716016,101.71132351737185,-87.46978125844645,-45.24892282092097,8.020606401260011e-10,3.999126363396499e-09
2149,-136.96229534815737,-47.03687899399527,-27.249599219418105,71.5330888776906,-29.869274118462013,41.60425123810096,-77.51425720178037,371.03266546397685,-8.889617986556258,-6.626015621419844,0.564671307428608,-97.70213051831867,-52.88460785006634,7.71876784710912e-10,2.4363586703657347e-09
2150,-122.12104383770928,-46.907778885432386,-24.366878818958785,70.57522651331021,-26.71517381494982,86.29607738563647,-68.96591296995777,257.6288474945628,19.145926492946195,-4.585012591592802,-5.2106560399836335,-89.64809657707433,-45.12552432306665,1.74395609064959e-10,1.5792913643508655e-09
2151,-99.01240192887539,-39.949701457341966,-19.68152391922417,69.21572139699143,-21.578280139333096,211.72983330073484,-56.21327118783157,68.5621899204791,7.769406057888122,-7.850492458582059,-3.0064761765201915,-74.33086209179052,-35.654141292219094,-2.390834197285585e-10,1.5948167231272237e-09
2152,-97.97901251425594,-41.54862030026807,-19.46690557222626,69.85150321419312,-21.342978775163296,215.24476817113649,-55.74850125574555,84.76082222542678,-8.161820428485578,-9.126690729401501,-5.494684266358094,-74.37571285916651,-36.612166893141804,-1.502939994679764e-10,1.575374497519988e-09
2153,-117.07893380185536,-48.838497602473616,-22.9309265651889,71.89952295601621,-25.215269952109924,101.1340716957433,-65.62241719587229,257.7282438415228,-11.456161095837631,-9.559514868425774,4.552536300047151,-90.3931867585484,-44.219466925491695,7.834444204490865e-10,2.426435941060845e-09
2154,-123.63744217752739,-41.16509964586149,-21.60809152951424,85.88522051620123,-24.6670619995952,107.0107959317851,-63.97995078515951,99.12917602881856,13.311667220093874,-2.092208430733088,109.02212663335827,-94.61664198925745,-42.59248971954185,1.672560756560415e-09,4.746773640817992e-09
2155,-121.1052858357393,-32.46960299482107,-20.176222018267165,3.048745786609573,-22.626161061455754,127.1854931343207,-60.31101143206044,73.21425350694079,22.337869339083912,1.9867503792001056,155.3892084485515,-85.36758163388521,-41.10645556336069,1.198259269585833e-09,3.9897862791349326e-09
2156,-123.4782040799028,-31.605950038978023,-21.975958895989184,-6.520068864441786,-24.688218850106438,112.5811640569487,-65.87251089455117,186.8584006792212,7.421456094944012,-1.0502868973242672,101.16181736246344,-88.01293676021919,-44.818702858208226,4.4087755668442696e-10,3.978207097077302e-09
2157,-135.658854679631,-45.11286438806934,-27.104262643668548,65.73643741692086,-29.934015828827633,56.17361840414713,-77.12184294663778,349.3838828370506,-2.6590352646115796,-3.481888601070647,0.16499819925892692,-97.44862044685905,-52.937552023181304,1.5102727957128081e-09,2.438241608615499e-09
2158,-121.66501343130746,-46.53396011135445,-24.328434645842034,65.68960591589288,-26.551989254592314,134.062909728538,-68.53267562819208,197.38234251300423,27.062334535530987,-3.943494675089637,-3.5131453961993095,-84.70385154084781,-44.424627981209184,1.1731913218682166e-09,1.562113993713865e-09
2159,-95.86743629897451,-38.5595594368726,-19.031329049439318,12.067531056000638,-20.804721221595464,269.683081953677,-54.474512618033316,39.48795254892832,16.135364420535577,-5.9892123917734095,1.4567163897399238,-71.08066640278557,-33.02320892403094,4.611138137988746e-10,3.184599250971587e-09
2160,-94.61145776569435,-39.50617898119814,-18.64475414209709,20.15588773084814,-20.58254107472609,275.9299463125698,-53.9364431204172,40.06847571062655,-1.8608176390629259,-7.763305652619054,5.244194086066859,-70.38867399704867,-34.10433144548659,-3.5919356378144585e-10,3.1614568740678806e-09
2161,-112.00635764552237,-45.997306262482894,-21.52731700858724,72.11826228825988,-24.095898419841554,172.16247987416227,-63.1318211302001,136.91751396142453,-1.1151259595645273,-8.05125304287408,20.616061612489297,-84.80457979524721,-41.08465844146368,1.2040572983096354e-09,2.3471078414161184e-09
2162,-118.34067198437937,-38.37742994301834,-19.384430897715358,8.008093177712166,-22.228108759285814,186.72620887392804,-61.97198049400002,33.8229909715455,22.09388687393628,-0.1911422532265108,135.73174900971892,-87.30746512704314,-38.58169939019099,1.7455477063776925e-09,6.4166130187004455e-09
2163,-114.81492211335194,-32.114432640306234,-18.407667018026977,9.492221521688844,-20.783758561009623,164.08431828819664,-57.14799838335717,-11.336970138647084,26.052611801553102,2.4399819520998234,170.26398539138077,-79.78464732335362,-37.94272271623344,2.684600985958241e-09,4.794095787019614e-09
2164,-117.7135248795308,-33.05033269444079,-20.957245997036072,31.445897223779333,-23.207352165307594,153.0161166330321,-62.33358859228685,78.40672893928453,10.991089360061988,-0.8965415972192393,109.59289524780317,-82.96873515102526,-42.32540626255096,3.2799221116874833e-09,4.750294380073683e-09
2165,-136.89288729423097,-30.11453876512038,-27.645496070359847,74.10072230792214,-30.29386144454096,48.439406449495465,-78.69310665795469,337.7229842134698,-5.332049105359391,-5.105208922032103,15.25240078930433,-108.64924088136077,-52.78912457304893,1.6619878806523047e-09,2.3657200642901444e-09
2166,-119.03386642420013,-46.23234921264132,-23.222045740152574,70.87747269729164,-25.5318041655716,145.07003355173683,-66.66032779971123,165.51164156442357,20.330205642827654,-4.0171667663555946,15.744798760146498,-90.10677369731067,-42.729818369543864,1.37532651933725e-09,3.1979856540687024e-09
2167,-95.78121410729737,-39.81146264430359,-18.495596057971806,-9.73955133018474,-20.724832084145696,292.7653449925582,-54.35496889741991,32.6540914817794,11.703926145804681,-6.818293070738043,13.127823931512957,-70.27259052465645,-34.252677807751546,2.970637069665827e-10,3.184359442798268e-09
2168,-94.89297474851419,-40.489666378544364,-18.663067404510514,21.384723856930542,-20.636226316984395,278.0435978891951,-53.9024294132349,41.62631071585882,-5.850870709771581,-7.958363361262091,5.533941217079027,-69.24761589659671,-34.947359426397306,2.958699951705057e-10,3.231084733101852e-09
2169,-112.69381275292048,-46.36733851301353,-22.074810714015527,73.43138257876187,-24.176743002550484,172.1020487542546,-63.17410692318689,158.93351954840307,-9.077946672840739,-8.520474061586404,8.525595184727269,-84.5548756434303,-42.35243775249458,1.156337248175987e-09,2.417233524454332e-09
2170,-117.74234212765855,-38.83991133366883,-19.96947425297321,49.89662201782755,-22.041865941666625,161.83799299622913,-59.702061978179906,58.4115222646625,16.986532825721405,-1.5620761362898987,102.44071965853452,-89.2552048498552,-40.4604530885036,1.6889316611923277e-09,4.788564211821722e-09
2171,-114.74437310709543,-33.653732981676605,-18.596040326163955,4.53924941139427,-20.44620780422097,195.9158762254821,-56.07806048434377,-1.424498540942483,20.66086625436213,1.5218382398426615,145.70774193791448,-85.22177799065092,-38.180880779113906,2.306478563696146e-09,4.033395839542209e-09
2172,-117.96012324060267,-36.19662506031297,-21.02624374861406,54.618688840646655,-23.32482577325846,177.32379065235995,-61.04961480702387,55.35317708532687,3.380888025881395,-3.02783922492529,100.00117418264009,-85.99295785775634,-42.099489016234095,2.8070417101844214e-09,3.951521998502017e-09
2173,-136.44353586781574,18.977535922046304,-28.034652041284144,74.46233646865616,-30.49549405700593,29.427627996212564,-78.73238875251518,336.77554753545326,-15.77335709546019,-7.9489085929222485,1.5350924250580902,-109.53892664298868,-54.21087725865,1.3035901247349102e-09,2.3884894062575768e-09
2174,-118.87310359693736,-45.49142552435194,-23.766711867059968,72.47502385066147,-25.500495368912798,97.87147833593544,-66.45263410702576,239.52104184163153,14.084205168052893,-3.840997349147749,-5.652962564218561,-90.01497660032994,-44.35844218735959,7.048583938740194e-10,1.6369305910757248e-09
2175,-98.62127976940336,-40.13061593178148,-19.693529177390158,66.30910560631087,-21.391085909477923,219.77357728684055,-56.12787335460079,57.912872942131216,10.740158130029164,-6.356780921753386,-3.3284400730538857,-72.74751255059948,-36.338596253085754,8.585629984736443e-10,1.6142145398134744e-09
2176,-97.56230225811281,-40.762309818672954,-19.47072318056301,55.04639005804618,-21.347163068471183,257.70665141008726,-55.759409845191435,46.29001552064927,-5.616606796836789,-7.6591987012181155,-2.9374238018394347,-71.7777764710846,-36.15014301896555,5.956053428235464e-10,3.175127716303905e-09
2177,-116.43124299356954,-47.730532406279856,-22.899686176854377,74.03854814709197,-25.01694700794168,150.6509838703873,-65.52896606268492,187.73214953391303,-6.052462942957127,-8.361216567535136,10.894632199759176,-88.07822249823091,-43.21703706535275,1.021334128381568e-09,3.9410119612171e-09
2178,-122.97433215844515,-41.4398120496856,-20.86280273262161,76.15364380313282,-23.08768601634415,135.8002798501841,-62.33439878957936,61.29587032130139,13.918856870621513,-1.4266869733200105,119.11077576224775,-92.89539970564134,-41.25830812401474,2.0982042769901454e-09,4.8122217322088545e-09
2179,-120.52717146410129,-37.266654147385985,-19.33254267022793,10.052637571757174,-21.30010505338391,153.99076721314574,-58.289648316161596,35.04315012978302,20.940158893791295,1.8608613859868224,162.27648148565214,-88.01410115168123,-39.43383382027594,2.5213466869900003e-09,4.826354427223123e-09
2180,-121.971604892434,-36.51986709934691,-21.046950760395703,64.53331239428809,-23.853609608793988,157.74665100898346,-63.28719143772543,60.08739502701347,10.482743355873241,-0.5368849089919162,106.13140757175763,-89.52551265074649,-42.23988794282607,1.7594175005797297e-09,4.814599385838392e-09
2181,-123.34779610783974,-35.49473973034835,-27.0230955171517,74.82200096168216,-29.407702917415158,38.80602521358637,-75.81406597407954,338.5951957609643,-4.699544914683916,-4.168021797216906,4.691236895569926,-105.98202917610828,-50.97746265439182,1.7488446246716194e-09,2.350788008698146e-09
2182,-120.46896344030891,-43.15758205124796,-24.20129311076366,71.04072338911581,-25.906589785970855,91.01685865227965,-67.52465775035107,243.57616290463872,15.323421582565638,-3.365775375028107,-0.7356444299663293,-91.66498649522869,-43.931674052188,1.3777139429294039e-09,1.5966854505222727e-09
2183,-97.84401345818753,-35.72784821228667,-19.41751086590477,44.895356680336064,-21.28279719581883,241.42790066208838,-55.68220098263062,44.705917883269095,12.744782061559384,-4.736583293633156,-2.0893366458312332,-72.52519844560308,-34.46846815923604,7.712515071034431e-10,1.6386141332702664e-09
2184,-95.45508575194489,-37.008293054948176,-18.823833435789176,25.585648068479273,-20.909212557693625,271.4033925027602,-54.2798703490616,43.12405492073267,0.04040144269155066,-5.346344185928335,-3.4925626278959974,-70.16294062952488,-34.67535431874713,-2.6415136744617485e-10,3.2358791202113935e-09
2185,-113.65260905931889,-44.93689402297012,-22.020726131610477,71.88353640290848,-24.515936639053187,167.59738365062222,-64.32101880814604,153.07062155438575,-1.9516126343628235,-7.649843614431079,12.418200520917345,-84.75360247866975,-41.16749870745564,9.384280019730795e-10,4.018147148343587e-09
2186,-122.98312195397251,-38.44041017174139,-20.804025613076117,33.4557851070492,-23.684383574466924,159.66832965852836,-64.10616088211684,55.57206215761165,20.32020141658654,-1.551913916687127,129.30122248744175,-87.55406518662808,-39.19351946241881,2.0206698536640033e-09,6.371301708441024e-09
2187,-119.5232631948536,-32.57180072760815,-19.25583864249481,6.740950419991415,-22.256701347216108,179.37570362785104,-59.473222892444134,13.696081882400783,21.87847580281272,1.3560080362572813,151.75527698921033,-83.3277303984452,-38.39393949221808,2.9406237445073202e-09,6.3903300429046794e-09
2188,-120.30480032211175,-32.80999218594103,-21.284442396152667,-2.7031800446882603,-24.21140783345905,199.15556717461126,-63.848337878367175,72.3353172714301,19.521763980721417,1.2944607081171533,100.64133824737807,-85.68038086945784,-42.10590578997663,1.92545712707215e-09,4.772772399519454e-09
2189,-134.6917191238048,-47.662086098358955,-26.581633265505314,68.59781535345707,-28.99517725841025,128.0864917968759,-75.4835319716807,237.1672864824928,13.054547698964367,-4.101443350641564,15.024867274869726,-96.54849270435079,-47.86692478808493,1.0853113963094074e-09,3.965036299291569e-09
2190,-119.16647505577171,-44.15809808115501,-23.288021606860912,66.07655652921304,-25.72135492728064,179.45511245460355,-67.0655399966968,133.25472221274833,12.943155334104087,-4.680794778428588,16.412674701124747,-82.42357411132328,-41.63836263442874,1.754585809976561e-09,3.1468374572796165e-09
2191,-96.8427741600452,-35.40116441737958,-19.102479509118776,-18.84789887610089,-21.27502566507109,210.61525977072145,-55.3328383217539,106.09044613384987,9.544063714892348,-6.046589008508856,24.06464864698413,-63.40466924116063,-34.06097903268974,5.61954038857948e-10,3.1943869771566824e-09
2192,-94.97155570732987,-33.44377049793693,-18.82680377375045,-17.079160021664073,-20.957093764467366,272.9902975052778,-54.57368850237783,44.96250924372451,-1.196074846430413,-6.7090852772347835,25.6134589573116,-61.87124843147063,-33.93778484957996,7.195808393589687e-10,3.2099123359330406e-09
2193,-113.42394359652471,-42.823178424217055,-21.935890805209198,76.80242718133748,-24.60567000711143,180.0286960959599,-63.91248000851898,92.01300139944644,3.7351390626027396,-5.076864334838472,39.73991444660709,-80.27391531762316,-40.267235650743814,9.984546522900928e-10,4.003542386499248e-09
2194,-123.21557090203436,-36.60053685982739,-21.266383561985275,7.478411922006164,-24.226169415447597,185.8780088923013,-63.04274746648051,17.16144771185454,35.5198227153741,3.5964721582034116,145.06577624732014,-89.00365960747506,-37.3448717569069,3.040213414351456e-09,6.33745855793677e-09
2195,-119.37571043099476,-30.678361922140173,-19.549731771720435,11.73512375400212,-22.74187310698418,166.14195288115206,-60.457952013531006,-15.35543507171152,31.81182719435663,2.862479539015779,176.85430329901058,-84.59768818957444,-36.64893409198721,2.943352228612639e-09,6.3777747527637985e-09
2196,-121.48027380590251,-31.85980181063974,-21.140550235572753,-2.908810221908469,-24.139727004720267,237.7356384576836,-65.53265127587844,9.959446905991575,25.86595387301154,1.1102383559794218,117.52211740446847,-86.22830738783611,-38.90327318390019,2.9737066142843105e-09,6.363066518133564e-09
2197,-134.26545001343678,-45.963691496301436,-26.178262602988482,69.38363699548711,-28.76898945220013,158.54870482021536,-75.30658731135435,187.88311795160627,10.00692342770805,-3.5914158211655907,30.746586348023563,-95.9509470689555,-46.54362573082634,1.4545662452292163e-09,3.962696837334079e-09
2198,-118.70860496995756,-46.08918569809769,-22.790689148809825,69.19709776214306,-25.32258126950836,199.26428158495287,-66.91926921444202,92.78197420872152,17.282775454478603,-4.010976841804005,27.6134491012514,-82.43321047578723,-39.86506045090009,1.7544152797199786e-09,3.1468232464249013e-09
2199,-96.5775799297771,-37.57399186308686,-18.570452550932306,-16.464699427254743,-21.033124552390397,294.0459657833721,-55.09268179872485,18.55132983725114,6.887843295259983,-6.599588070452686,28.497819639977962,-63.252588566324185,-32.81825176061898,8.747065294301137e-10,3.17081827461152e-09
2200,-95.68688845777751,-37.19760798998199,-18.335561414534013,-15.299710714359762,-20.85395507718262,282.074756855061,-54.5068119316519,47.61476687743947,-8.131161628798397,-6.772567004958131,23.14580823930419,-61.86110962656141,-34.189958090735495,6.501181815110613e-10,3.1630555952233408e-09
2201,-113.46931627442164,-44.66603890431752,-21.231882049106897,78.68733206013144,-24.459933234055956,175.7018802541431,-63.682970465976354,114.36139086155806,-5.627766489583243,-6.038176623353589,34.46431084410309,-83.18880065550384,-40.8500292820934,1.04608943729545e-09,3.9559502340580366e-09
2202,-122.20657474551331,-38.63577521981671,-19.582430514031056,13.613141274657874,-23.103665513428947,193.68725599176997,-62.40838392872352,20.907821880916394,21.674320879540986,1.0809860694695221,145.11175647559878,-93.56615536547578,-36.57229719623923,4.036792233819142e-09,6.347192993416684e-09
2203,-119.23213350801032,-32.51026316196446,-18.354136133411192,12.732795674997446,-21.987969599351423,179.20072711659762,-61.97049494736452,-23.641943066303476,25.36599170429665,2.2259180523623714,185.35740951072196,-91.37891130161557,-35.80699026629753,2.946649146906566e-09,6.4229368490487104e-09
2204,-121.83859628459243,-35.65839098899823,-20.471286006182876,30.71982367862756,-23.981258981591147,182.97610373801135,-65.71274678843942,45.72424223659341,14.99321134153284,-1.1687508807748304,125.45179933199867,-91.6562662450611,-39.37788407602554,3.625189037848031e-09,6.415959319383546e-09
2205,-134.6245349510368,-48.870061283472786,-25.393958747169133,72.47982500798079,-28.407990164177882,70.98559254150815,-75.90851673138204,293.8337561143577,-2.3578039428751736,-6.945429331089382,36.72854243211334,-103.68955892509946,-47.82986197314985,9.445670912100468e-10,3.553276783918591e-09
2206,-119.26151282272093,-44.2439230700351,-22.761609305976904,78.06436540893279,-25.48882748705692,156.26582099263862,-67.53526890501311,134.02675598173082,14.490670898602167,-5.477042571808699,35.124910209810515,-90.02451019069429,-43.179829089231035,1.8877130969485734e-09,3.1463081029414752e-09
2207,-97.0265427748239,-36.78179754621095,-18.639285320026406,-3.267401973156536,-21.139805099919485,278.15860484160606,-55.19531931203038,25.884179115001853,9.871871629089195,-5.619855077848441,29.670527948956245,-71.84685565141294,-34.06832073824062,9.100062925426755e-10,3.15129966566019e-09
2208,-95.50929485684586,-37.37611696780207,-18.405140186350167,-1.9438214762295996,-20.930716613754004,281.115451582688,-54.494365793356735,34.66711809134872,1.3250726205851766,-6.229501682834594,22.281368458914724,-70.67269648240944,-33.827356660883595,-2.467004378559068e-10,3.1627926944111096e-09
2209,-113.07514966327058,-42.924727259282406,-21.5701326736272,74.67081205705566,-24.35045783556907,184.4549609734142,-63.625008099678396,103.68049649447605,1.6504962036555262,-6.605706670689129,33.86721055930824,-85.62740465608744,-40.54538939127045,9.962377589545213e-10,3.957254079978156e-09
2210,-121.07235831922004,-36.6808398197216,-19.60945302641125,10.858362972938176,-22.72817233848136,187.93059577789634,-61.3250325231176,7.130141311000125,31.716582433283847,0.1565349814552223,154.7234730641168,-93.25187864812784,-37.847955792309946,2.355022843403276e-09,6.348116698973172e-09
2211,-117.91942952380086,-29.9444199600546,-17.94860603086594,16.494283418848713,-20.41190505376204,152.1463556969088,-59.02895864160632,-20.682131127822714,31.134513752365393,1.9339536077250272,188.22755387267964,-88.81404302526812,-35.18716691529815,2.8451268008211628e-09,6.381554840118042e-09
2212,-119.96299004174753,-30.724150097079644,-20.23700176573343,14.469051776774164,-23.1571248033198,184.67251058147463,-64.32247617581857,40.71000775693375,26.18446232897942,0.5376517347383151,124.09038306044135,-93.31033132659131,-38.94999295457576,3.485183697193861e-09,6.4229368490487104e-09
2213,-133.45111935458212,-43.599945856832846,-25.873033669050567,72.46814985635699,-28.683528605453475,77.88858418118028,-75.1157890605819,260.4811128541445,17.904488766431225,-2.943046192479884,31.124370334712314,-105.38991523948945,-44.81032796353365,9.741825124365278e-10,4.023874566883023e-09
2214,-117.37198323250719,-40.70205505709688,-22.127682443603987,73.4292719736068,-25.1978287055068,182.54908788361064,-66.53071971344049,87.57739278602146,24.298341856518697,-2.4186721026081512,36.27905768276632,-91.19451029515996,-38.589700563575214,2.4226665118476376e-09,6.428372500977275e-09
2215,-94.76862387166405,-33.485768701603355,-18.017299877307728,-4.90158232953252,-20.81241408306799,289.252419084025,-54.58803524337371,-10.89945044345004,18.905507722139482,-3.3574992620064674,35.4072272644976,-71.32858819080285,-31.405892010924397,1.7602701518626418e-09,6.419995202122664e-09
2216,-93.468203427669,-32.75652667884551,-18.071561827528416,-5.25312288169676,-20.773210479121687,285.01392044548226,-54.10259274536704,6.719851488174643,8.852476267116218,-3.9139951670237045,29.586738413845836,-70.08055867065319,-31.753214695827637,3.3571723179193214e-10,3.2213876011155662e-09
2217,-110.9364995352362,-38.701183235477934,-21.23270034810515,73.29415001599698,-24.228953852767663,209.73045089655125,-63.161698754027,49.605105899283096,10.846663193181449,-4.379701917336473,41.69092505405907,-84.7985765673103,-37.727980800487146,7.636913323949557e-10,4.004490961051488e-09
2218,-116.47512493926473,-31.3880511368502,-18.912685786146096,18.824330207483868,-22.822766983104056,172.2086496456989,-60.10379774020902,-23.396859357390653,44.39395408879393,5.300125685284965,156.27950932203623,-91.00451197394527,-32.90277095757841,2.6066118152812123e-09,6.373738870024681e-09
2219,-114.65149473479671,-28.97916471724076,-16.764305256927305,21.92608599804117,-20.327992239436238,97.82599190404919,-55.82307236304804,-22.08446760731025,46.24261411013519,6.451368464590312,205.74727021796735,-88.89341477235135,-30.66941892005253,3.5699940781341866e-09,9.536691436551337e-09
2220,-119.62313910886066,-33.82273209549947,-19.437346197791147,6.417746248137529,-23.311670684183046,186.6043777990359,-63.452316252495486,7.802653193291211,40.1534090508117,1.5628179792112928,146.44567690035478,-92.46368845328112,-36.875788295766846,3.4775666790665127e-09,9.526829103378986e-09
2221,-140.87129663908235,-51.97517466807995,-26.75349587769855,78.52374529385187,-29.64648262884454,69.27683312876309,-78.19346422508755,281.13418678465064,14.698376803223367,-3.760840309642837,44.33450039443091,-110.61050840156776,-46.156379606590704,1.6395915736211464e-09,3.5618228366729454e-09
2222,-119.28528209394864,-44.70242443625215,-22.061916344361094,84.7227373631507,-25.126461701368942,189.08580315743416,-66.91730356800203,92.24875163398376,6.3465346734203685,-3.881395416692504,39.07974556124308,-90.94092339068872,-38.567865369897035,2.238095930806594e-09,6.386940754055104e-09
2223,-96.22954559774949,-35.89485327397015,-18.081583295449825,1.2377740438049107,-20.986625142007952,289.22267852335494,-55.00594474165203,14.281891153561963,-3.6106990058220325,-5.8517187414548975,36.542804740187925,-71.35431543173031,-34.2698631781412,1.8225136955152266e-09,3.2382061476710078e-09
2224,-94.25425942373465,-35.67286204705307,-17.80831497517712,2.8503765738355957,-20.831662190530224,274.62653822870215,-54.12467234348927,32.13896613525706,-5.937616425025069,-5.594019474291719,27.698020827062724,-69.51974721827271,-33.570747628789434,3.354898581164889e-10,3.221497735239609e-09
2225,-111.93161404316706,-41.34745781752237,-20.963847894924385,79.95740553867373,-24.178494949332187,174.77053275236102,-63.464331331208946,107.9118181701694,-4.466000735949854,-7.290148790121581,34.828523662764134,-84.63474082476596,-39.19164369052667,8.094787062873365e-10,3.984094831821494e-09
2226,-120.37540649180256,-36.93035019384723,-19.06265982809037,7.4229914455758905,-22.92459365001918,194.7714051610983,-61.09320900081091,16.53282249326364,19.4013638699042,-1.2495092222761148,148.96751479984005,-89.8408932898552,-35.61947602299363,1.4908891898812726e-09,6.3565295249645715e-09
2227,-117.1291609732963,-32.159425947884685,-17.701167699827867,11.410896599044337,-21.605439936336918,153.69574407230118,-58.57308286915373,-17.187439649788377,35.37365624018944,3.9397902897158574,176.2768009418076,-84.0379702351238,-32.303200762999644,3.682316673803143e-09,6.421217335628171e-09
2228,-120.69952899379558,-36.19198476963898,-20.524203862193865,-2.491753520128433,-23.982737910706053,232.83664765577464,-64.26793158746045,13.52406150408127,31.357526103986498,3.4495600744652863,108.0309883884807,-84.81335611239211,-36.2272869042434,1.8251284927828237e-09,6.3363643221237e-09
2229,-141.6843987697078,-53.219040340482785,-27.49279069390242,73.33464913254008,-30.151168793910987,36.755118389884124,-78.98864626950807,344.77613718885783,11.067386594322498,-5.494370796251827,21.95079170858405,-104.05238195452299,-46.801285354043976,1.5462546798516996e-09,3.5776928086761473e-09
2230,-120.04458165531943,-46.41662603329232,-22.39257134159983,69.4639098399269,-25.280247033585166,159.59311644036762,-67.41659628628469,146.51988303486894,10.759305653093886,-5.786777306652976,29.237637507511213,-87.42008988432819,-40.816362892369696,1.350997536064824e-09,3.2359466217712907e-09
2231,-97.67572437466458,-39.20180900177559,-18.38598709442747,4.949935078435083,-21.204964589722994,265.6048889745711,-55.59044153944341,40.73029171132441,-0.9055360140692568,-7.300719491695698,31.790254176592164,-68.41798219672533,-34.39220560180239,5.038032213633414e-10,3.1961135960045794e-09
2232,-95.80076482601362,-38.42777830766487,-18.657444233521215,21.25442253448675,-20.99715368128018,257.4655980838043,-54.845197646991544,45.12220878570033,-8.166103377774167,-7.3782141319439605,22.584857557153725,-67.8331835465439,-34.32124717654016,-1.4711076801177114e-10,3.1628584196141674e-09
2233,-113.44286820629924,-45.36327702249939,-21.935313846593083,74.23135218678543,-24.539879119401146,160.6259678605781,-63.92732843042771,140.3055237116211,-4.539215865627131,-7.5682100376247154,32.15335412871843,-84.93769054105057,-41.06241478056048,1.1919780718017137e-09,3.9779273208750965e-09
2234,-122.32718462449839,-39.31872427849597,-20.811151390209186,15.966509313478081,-23.68131159395493,175.56696937915865,-62.45266924126392,44.712554612548914,30.07364538901481,0.5150824516056204,130.0734951031804,-91.10490179969659,-37.21231325189797,2.339675120310858e-09,6.3596274912924855e-09
2235,-118.69702409737096,-32.457190960271966,-19.921771404699978,4.561180648148737,-22.34626879867341,166.2006010840924,-59.05554798201526,-7.51116864420071,40.41564430732812,3.1785011265903456,165.19543001148799,-83.61723880373164,-35.945146422006886,2.6172983780270442e-09,6.40004316210252e-09
2236,-121.16443249710488,-34.137210486985666,-22.359967625995303,1.0253568951307754,-25.070955063017475,200.35927027618743,-64.99891340585982,50.314840177633435,36.67854988897983,2.1393926088093727,102.5111125784084,-86.70021471266455,-38.59682856681768,3.299049922134145e-09,6.422332887723314e-09
2237,-134.30372370896833,-44.680253685998764,-26.417617823182717,67.9477877374706,-29.277575426126106,98.1104125532765,-74.66928031340555,263.68855751965356,18.833765762930582,-2.572349138442913,9.967243536024158,-100.70316538513318,-45.92380158942558,1.3533281162381172e-09,3.558474404030676e-09
2238,-119.41860980328786,-43.59561318525749,-23.213955653079722,66.99548856637314,-25.624545545416037,181.18046303862576,-66.67270610088684,135.49200280008827,12.810342394647192,-4.366094292309611,12.153064403472776,-86.03543146673978,-39.70440511845078,1.1237375474593136e-09,3.1464324479202332e-09
2239,-97.3877181872295,-38.86754079376136,-18.592165240497543,-18.25063288689599,-21.03183979079132,299.82934036759457,-55.31297416844079,30.715777179904627,4.277109684136479,-6.509772958206476,20.952028084578597,-66.93567114466586,-32.88594011462913,1.0301732800144237e-09,3.1515767773271364e-09
2240,-96.02230115256123,-39.60498746822596,-18.614584389307268,3.519161004868616,-20.934568394741298,284.35876196929786,-54.69976096154557,39.734639110925116,-6.217313569131526,-7.768192477563175,20.562308089531466,-70.40452913149184,-33.9086326009711,-2.467572812747676e-10,3.1630591479370196e-09
2241,-113.73342695947116,-45.524620378171825,-21.784037298718804,75.96651006293446,-24.318915584084365,171.27548582354999,-63.86966928921089,133.83048789727883,-7.395178658840022,-7.514196023957593,30.366033784359487,-86.55242837431814,-40.74604496500672,8.607798918092158e-10,3.956756700063124e-09
2242,-122.32051209148167,-37.93270952468618,-20.330358124879755,18.085643045805963,-23.36304019594584,177.35712963379487,-62.12896951140444,43.42006361948235,21.988485778191517,0.663384252947618,135.03994910634142,-94.15209828223037,-36.32696763603579,1.2867076293332502e-09,6.406324359886639e-09
2243,-118.97749078444478,-30.405080479975954,-19.30171741493731,9.78487359544937,-22.935978727116343,174.73119965312378,-61.086784685745954,-19.38744121641046,28.81744594204934,2.686613281109889,179.22802111734885,-87.03435878284776,-36.11930143025494,2.17028173210565e-09,6.4258927068294724e-09
2244,-121.86367124828632,-34.39618868184736,-21.63574934546695,-4.0709950485474256,-25.220616138268998,226.6011578239912,-67.76864867525423,49.85278533459058,19.43521078400299,-1.680382778258638,108.07714475407687,-86.7499432257597,-40.58010349104443,1.998898824240314e-09,6.363407578646729e-09
2245,-134.52187506856393,-48.162154207722295,-26.222017751316788,70.30136044075569,-28.992659538361064,103.1163038939563,-75.45586958474419,259.13124728958894,5.949480505282343,-5.216740078666032,26.166955515411292,-98.25730209249173,-47.83672928293765,1.3017142919125035e-09,3.5795704178553933e-09
2246,-119.43814370820708,-45.577414116743036,-22.75321114033968,70.89330560118901,-25.3924938887295,149.65482021961478,-66.78773688579145,144.23694780853117,20.828394853897812,-3.7755438966681534,27.758989998955226,-88.35734392739727,-41.29057087550953,1.887542566691991e-09,3.146112703689141e-09
2247,-97.73219828538608,-40.01444173457324,-18.500543666922585,5.82761132702299,-21.046020285326623,269.2085338519106,-55.44145342649278,37.643790675791465,3.989961357260437,-6.850819637008316,27.280954217773953,-69.73281081816111,-34.63256353999922,4.44117631559493e-10,3.2025724294726388e-09
2248,-96.12276185196662,-40.28266347245902,-18.394494519944484,10.716065134547925,-20.909947185776804,277.00838829429216,-54.68835701373818,38.35606227833233,-9.238485031174381,-7.804655558856701,26.747988426135635,-70.34650715007022,-35.04063231922149,-1.5916157281026244e-11,3.1908200526231667e-09
2249,-113.56751430345533,-46.731479811464936,-21.591323921712874,81.93275473212991,-24.431608257164964,174.4029385734873,-63.85255709798019,119.84853020786129,-9.306819120051642,-9.077770784026884,40.32051427631113,-86.28126469074118,-41.66439976435161,1.0813892004080117e-09,3.936253989422767e-09
2250,-121.83157513949982,-40.189340223078545,-20.596679181113082,22.15927791660415,-23.76545569350796,173.02276667606895,-62.01670167430552,34.60195533313656,21.314538252479664,-1.096888803783397,149.69860748572287,-92.4644396945636,-38.83606518817279,1.35071331897052e-09,6.393236162693938e-09
2251,-119.24748636411084,-33.6734736676134,-19.1930681812177,16.220610062098345,-22.18301950916971,168.21930571573415,-60.39972553317524,-16.300328202853695,25.85895724871331,1.6833482433178135,181.5302926557155,-85.27577282882554,-37.23963956623704,2.153456080122851e-09,9.552771018661588e-09
2252,-122.30671315906636,-35.24322241585164,-21.837388103092984,5.176932789386711,-24.70719594034241,216.76261379430767,-67.21789622373012,53.36067976954612,11.67110120453235,-2.2736236305178092,114.23411472853576,-86.79558014402468,-40.82382260652104,1.5264731700881384e-09,4.783981211176069e-09
2253,-135.0989174409231,-48.028857894282254,-26.691774515595785,68.94768348700494,-29.192710645253154,114.52493037221893,-75.51904254089261,244.8028598328075,14.973889816344649,-1.1777066119750463,20.598256896809836,-100.8944043484261,-47.244206369741846,1.3006342669541482e-09,3.6321714524945037e-09
2254,-119.6120429273918,-46.893272960147044,-23.132073818637352,67.34816190079978,-25.339957766935647,209.2438116641532,-66.73070721481223,96.15319356878148,17.712939895501457,-4.011115263371714,23.048858839895864,-86.55102062350925,-41.23677525201477,2.224112449766835e-09,3.2361420210236247e-09
2255,-98.03275004110304,-41.10060411381023,-18.656476740019368,20.69954365185948,-20.908568270667672,257.730298459759,-55.60212399459424,47.84919928980417,-0.492535382911634,-8.194726471204133,19.788093287755395,-68.09715560751954,-34.982194031543166,1.1291945156699512e-09,3.1393589949857414e-09
2256,-96.38182079983082,-41.10852809227108,-18.38116040011181,50.13239784309741,-20.896652693891884,238.65536458650695,-54.845201312339334,51.35123829544114,-9.387376418443516,-8.636523568013393,15.148092177074163,-70.18193343031052,-35.467896164201456,-2.4721202862565406e-10,1.5688237375854897e-09
2257,-113.9479701910719,-47.17000261894474,-21.767645954493865,73.73259912432914,-24.413845030841237,138.94451308868418,-63.840623683710746,178.2554300398078,-8.884386814429172,-9.243774299677954,27.35897794772286,-86.70670809752615,-42.31656347864327,6.942286745470483e-10,2.3688233596885766e-09
2258,-121.70895923352168,-40.43346058647715,-20.37363922930837,45.60691933140016,-22.97830007064845,140.64079198409675,-61.59214441631536,62.54147819139534,11.78093231077442,-2.0300882513471357,142.72775679221843,-94.32222401536184,-39.8590627468018,1.464741217205301e-09,4.821103516405856e-09
2259,-117.56235628000299,-31.909871405361077,-19.27640574571891,9.875783607854732,-21.64949086791347,184.14260724080106,-57.05532361308214,-18.19437195289394,20.142738212444527,2.2086709591122418,174.05903834238325,-87.80921558855374,-36.97180284348395,3.027707862202078e-09,4.735568381875055e-09
2260,-120.15310794616505,-30.2204340720681,-21.624820244911575,26.119504583771032,-24.066512377930987,182.61023323754011,-62.92730304604017,52.390817597577545,10.8388902109917,0.6187321676616813,114.25708118605002,-87.78427752612423,-40.058803696141396,3.167201612086501e-09,6.365070248648408e-09
2261,-133.3843332774734,-44.65705413138652,-26.49985093366754,70.29219743857934,-28.961235644799103,66.34118127282667,-74.43129440911565,290.5495600807583,12.9607124872474,-1.5428820237675718,21.3649241285153,-103.11181922935494,-48.920105718393,1.7025740817189217e-09,1.9641994697394694e-09
2262,-118.65129583759818,-44.64953677751384,-23.5811386050867,71.33318435415131,-25.487237705594673,137.09936153351157,-66.71155607149319,167.1556276928088,13.933344970902477,-4.646971258587138,22.478611416017934,-87.90535818127842,-40.36703548947092,2.0205561668262817e-09,3.1453950555260235e-09
2263,-97.3409440335334,-39.55534790479281,-18.90932689907564,29.656645907201025,-21.05187893140163,249.96563205624653,-55.46700788536711,47.02208052255359,-0.1581934272455911,-7.17318421345638,18.17947077582282,-71.01271262777762,-34.15523330562297,4.3070258470834233e-10,3.1740476913455495e-09
2264,-96.02893933534172,-40.39311394043755,-18.561007316332947,34.40547939465811,-20.935055159323817,245.45037198719066,-54.73239042949478,46.94958008542792,-6.4950432051059135,-7.901708091102429,24.92830637158704,-71.33350120889065,-35.352979125343104,-2.4641622076160274e-10,3.1624693974663387e-09
2265,-114.20238952573312,-46.44620428189176,-21.58410790570843,81.00187974216223,-24.31888412959389,156.1333694950612,-64.13143537508624,137.18689797372838,-6.993166408365216,-8.275356821458635,40.56977028796008,-86.95076357315256,-41.98960944006143,9.320046956418082e-10,3.970434647726506e-09
2266,-123.49709251522113,-41.77642198131684,-18.95677738835018,40.40505769421233,-22.625082205420263,152.66226682643747,-63.19743855633488,46.111117087385296,14.082338971181118,-2.8058655239258865,149.23863558970083,-90.7125909502355,-38.92814697625641,2.986553226946853e-09,6.4225957885355456e-09
2267,-119.70957733844244,-37.199430690830184,-17.333172569261684,27.869823088223722,-20.867025163927043,154.13070185161982,-58.05648089836831,-17.229237535094946,18.352355012121567,-0.11956211864849267,191.95892605635098,-85.89728813228052,-35.90003146150333,3.1379840947920457e-09,9.51725098730094e-09
2268,-122.59482353987647,-37.23510250381223,-19.934728284249985,46.10890992867541,-23.705534481803642,159.11332448608016,-63.98506357465178,53.930146853679396,4.561126630429351,-2.5336448995645497,132.45580889176682,-85.48567855099144,-40.69474086480258,3.3068658922275063e-09,6.378584771482565e-09
2269,-135.91883507532646,-50.015416194139355,-25.279864496502867,87.56979464678162,-28.605048557943476,29.37790550292003,-75.70639382005129,314.5912639843023,-1.0406882660462242,-5.333232840177008,40.00052536640121,-99.9195880687963,-49.72042213201897,1.1955307854805142e-09,3.5677374388143335e-09
2270,-119.76574448720694,-47.54779881977635,-22.236484989869112,90.02481229789409,-25.328404633557373,118.00369256379497,-67.05266804108388,169.9876271066426,6.103064489046818,-4.991073433376469,28.87560711988593,-83.10906950182051,-42.96355961063279,2.086835593217984e-09,3.1465798855379035e-09
2271,-96.81082582244495,-39.712691271985456,-18.311323757284203,-4.3634091890653925,-20.80116202543539,256.03002829387407,-54.46672368531379,53.61078286887652,0.8379298555030487,-6.548658969239475,28.998740680526968,-62.60529113330196,-35.85739580650929,7.637481758138165e-10,3.2316762599293725e-09
2272,-95.4668944910917,-39.796984925972055,-17.960956014076167,24.144267762167722,-20.52073450438101,238.48187567796688,-53.9836117166212,55.63450661108945,-10.037292091990151,-8.010667866167262,25.085604221483322,-61.84722118872821,-35.72189144096475,1.0332428246329073e-09,1.627100287837635e-09
2273,-112.97463594075516,-46.929716860039164,-20.409820430710695,89.55443381512057,-24.15031114082894,146.59016965798926,-63.50023070027119,141.8783870390603,-14.527194693507626,-9.239162847939587,34.07810398390344,-78.58791945553791,-41.78210238425359,8.637357495899778e-10,3.94196097985855e-09
2274,-119.56912082402602,-41.7683163881102,-18.290744216798412,44.752422939693965,-22.008013340816294,157.4731102334364,-60.993033662161054,46.957640200344294,8.378448208519373,-2.667319144021565,137.90680352597767,-90.79699488831666,-39.37488257585446,2.65708877122961e-09,6.377874228746805e-09
2275,-116.85100907490796,-35.70047655573037,-16.331341344387067,26.5565081088273,-20.095863894210183,163.73968569765876,-58.07210549306814,-21.131282207165416,14.132110179137628,0.05398051382783501,191.5090562801666,-90.31278697289662,-37.49647516494491,3.311697582830675e-09,6.357254278555047e-09
2276,-119.67113925862591,-39.572451623209,-18.898939221742012,61.87773805493714,-22.83273722575915,165.6323182128067,-63.79276091253213,45.983193735458016,-0.6127951975778749,-3.9856018367577626,130.9087677080551,-93.51067297546595,-41.52491937393684,3.1300828595703933e-09,6.332545154918989e-09
2277,-139.10587315017457,-4.848770651309879,-26.802857641474912,83.63073473542447,-30.079847964098505,28.515756378307056,-80.24694697721074,334.3936763023346,-19.57678856667529,-10.688734471828491,30.938135943588527,-111.89327724098423,-54.235206651474186,8.761276149016339e-10,2.025700496233185e-09
2278,-120.84053154678506,-47.920785444269015,-22.883163657876516,78.75848755265496,-25.897937009824176,73.98786224142094,-68.26753706965022,263.1966169707651,0.09827008294177113,-7.136239092705287,15.645383197602253,-93.40424319638404,-45.336182983751605,1.9293793229735456e-09,3.2029490171225916e-09
2279,-97.39955034633641,-39.910465159301,-18.735532652864322,55.55037272224285,-21.099583779259266,219.4269001878447,-54.99488278105801,53.78251205430638,5.357565225025764,-6.807640425572365,13.240145973948358,-73.11215667385525,-35.2976843137814,9.754330676514655e-11,1.6122871926427251e-09
2280,-95.52987295127097,-40.31539139407304,-18.703047398703223,58.198594951146525,-20.755236762699695,224.78167874952314,-54.20628391837388,60.65582663998907,-4.761431979990105,-8.078177557765512,5.114613388376653,-71.26746341366972,-35.13380832894148,2.360138751100749e-10,1.6270949032559656e-09
2281,-113.04376993400629,-47.53289070748978,-21.70349700433612,73.19237327503629,-24.162081816146614,127.06371822641486,-63.28701423674785,194.14162612265386,-6.598772840847206,-8.720982353527479,19.03782166193379,-86.16217071974143,-42.224359642825284,4.006324161309749e-10,2.3486173006403988e-09
2282,-120.50154237873721,-42.43559903798735,-19.901220344501255,56.45125662449668,-22.290640711979112,138.36388695936938,-61.007248743643665,61.675418667784996,10.09496762700647,-3.036997349381135,130.91805266478968,-88.24714566372849,-40.08318825629471,1.7410002328688279e-09,4.8145913922326145e-09
2283,-117.87738333909121,-36.24394775038602,-18.438498168428683,15.066384032050893,-20.863362766063023,148.35673373719197,-57.87692078034446,37.34585384302508,13.896607284084517,0.18167537305444026,159.72736329186625,-84.4868828162297,-38.78762188321838,2.0836523617617786e-09,3.99311161913829e-09
2284,-121.4312167687221,-39.218328006810516,-20.8133830680696,79.8019725255006,-23.937344025654873,154.99638070804326,-64.49192084835603,72.76977179246505,0.35303742705579577,-3.2529715797584724,95.73786446731334,-87.71429413095046,-42.79956843087197,1.31905153466505e-09,3.983881224911556e-09
2285,-138.20338609812745,30.543533184309364,-27.473164675279296,74.07916130156485,-30.352869794127727,16.12815814301281,-79.93450896802517,335.9550429660326,-11.036877726742068,-8.114628247320002,3.215708475893465,-110.8428086805188,-53.96335984747906,8.175788934750017e-10,2.0122072896811005e-09
2286,-120.04445211194795,-46.635403365618735,-23.094605883473395,69.19840262383428,-25.753894290000584,83.38971155500919,-67.83053932068948,264.26278440832715,7.066913966459739,-6.32807613144125,1.0758215532555528,-91.43060777177547,-43.876055195227075,1.1192469173693098e-09,1.5482015669476823e-09
2287,-98.27980239455754,-40.67380081117233,-19.119335987740612,61.48685602659885,-21.26510598804869,210.97274726744044,-55.800722583502605,72.60826660940819,2.14532531719666,-7.614663566144819,4.341277563043888,-72.59317806294176,-36.20786336449362,9.73500391410198e-10,1.5679422205039373e-09
2288,-96.40014810437869,-40.38398028824678,-18.974885859319674,58.52035101821429,-21.02302731095604,223.22976627631053,-54.91275514213001,63.95159614022548,-2.586341649247811,-8.217344536140374,5.0659856844165185,-72.20404627634532,-36.0651699286906,-1.482476363889873e-10,1.5654206819704086e-09
2289,-115.06940358720233,-46.738933271300866,-22.387651690119498,71.64389451712704,-24.641562651565334,133.98808657293603,-64.90324119989552,187.31838500005162,-1.9532720388362717,-8.179285262881763,21.776287791775403,-88.51305980450422,-42.34024434453814,1.0571739039733075e-09,4.0020926572736926e-09
2290,-121.75269536531059,-41.03920483762945,-20.628703542694343,59.82333257437401,-23.321547316272493,137.72325094425284,-63.056997340790524,63.84061848579693,8.882583841511016,-3.6668551928078554,136.41847857391866,-91.86854041802007,-41.35372034848638,1.0937810657196678e-09,6.353886305987544e-09
2291,-117.96918564235891,-34.986545902668624,-19.24807568899289,12.035247376470787,-21.613823024395398,145.1109608167629,-57.86498674493778,46.41025337575434,14.056742359572178,-1.552984972349433,158.9912621760016,-83.33974646712812,-40.029117600486074,2.1070718503324315e-09,4.7411319314960565e-09
2292,-119.32548673376336,-34.08390274538866,-20.984871609430787,54.255422241642414,-23.898683740045843,127.64810275216297,-62.42534264876138,104.96704213649723,2.3707188591968547,-3.0440048495642706,103.92759239478688,-85.83255665377861,-43.57402933883549,3.0314595278468914e-09,4.7576529382808985e-09
2293,-134.62197598157144,-43.98849784094667,-26.561564441188832,76.77089194091482,-29.15633266329594,23.04700650871384,-75.46543847297028,356.67187866824156,-5.089482164437946,-4.41071391002764,10.710052590408406,-96.75551917839385,-51.150305016677606,1.4557599570252933e-09,2.0026931224492728e-09
2294,-119.87260492762631,-43.95330033033862,-23.268646045384244,69.91105621963378,-25.68737637907099,98.74618607225807,-67.15790743083734,212.03260190883827,23.005567088846053,-2.993922020890215,12.732868845269966,-90.41946417800503,-43.0750587776591,2.0208403839205857e-09,3.2033256047725445e-09
2295,-97.98844323902831,-39.73196602143949,-18.935450427973265,32.75716529174815,-21.26842949205677,235.3886149040472,-55.69920528549464,49.23347781652006,13.703962334767311,-6.208480698563044,16.931791330280106,-74.26236473405527,-33.92067174483558,1.243279257323593e-09,3.171830798009978e-09
2296,-95.74337275631548,-40.022366505350945,-18.446510341895216,24.192499379988135,-20.89935095643729,250.9201150516082,-54.65336386309187,47.807017106622276,0.08370316800758901,-7.001391817562684,20.252907865159568,-72.61814482886626,-33.87174146929032,3.3782043828978203e-10,3.186737984606225e-09
2297,-113.11697773568866,-44.768448924695946,-21.608380525007288,71.71680968375304,-24.30157407358928,158.8828861280319,-63.69807875641134,128.5800487700274,4.354029737059208,-7.502840457365379,40.04303584880428,-87.90097164669503,-40.67953800916847,9.315783700003522e-10,3.971504014543825e-09
2298,-121.35288083077451,-38.0118976696015,-19.64414384504091,24.662933177330864,-22.528934998673634,152.17967124790965,-60.99837043548315,44.29349598313523,23.43808566560931,-0.10871110787271104,150.7935269943353,-94.27551879025589,-38.44725532307973,1.5738805814180523e-09,6.4177712033597345e-09
2299,-117.21586156550367,-32.88540883110417,-17.38313036909685,15.835160421327295,-20.45589705232563,148.41765489972295,-56.483916632957126,-0.9485961576197713,24.161761942975254,2.6539453650640956,178.23809874573828,-87.51118422623097,-36.422626460156486,3.353761712787673e-09,6.3969878283387516e-09
2300,-119.42959106657001,-32.92269357494404,-19.617508897394423,54.749057354599444,-22.748749574752747,133.59968013431038,-61.57510373583279,65.22674194120954,14.207753572055903,-0.4009827895108527,118.95554023352996,-90.33630955640156,-39.707833949952345,3.58500074071344e-09,6.423242382425087e-09
2301,-133.51811028479574,-41.883693616187394,-25.882139711271588,80.45331550585728,-28.732361761444977,11.767248374721543,-75.59058008408677,336.79634822614145,8.612116624346468,-4.528400389461309,29.138919358744474,-107.58006711104373,-49.05259508722527,1.6424337445641868e-09,1.96638971772245e-09
2302,-118.04058518313856,-40.35580813085966,-22.353852265531014,77.12408586660518,-25.59453391725384,116.26777518627644,-67.01050294389353,168.99040937742797,22.680056777143307,-2.927337303198328,26.100218268802877,-93.55477437624268,-41.325151296753035,1.507657998445211e-09,3.156358729938802e-09
2303,-96.74547356435235,-36.120236627037556,-18.445136355505177,4.885809051434975,-21.060172486410732,259.46073095017573,-55.41120577274674,34.984168554408406,15.06203673372961,-5.986172815153154,26.877099789345987,-74.62662116826749,-32.874826237369035,1.7869865587272216e-09,6.418886755454878e-09
2304,-95.83979135159797,-38.33978779756766,-18.46541072392655,11.72783109982258,-20.90942282455262,262.4312398247783,-54.593033587045234,40.86565803581776,0.41391719875423744,-7.227439909204697,26.28184589938017,-72.7611927261715,-33.58441310402396,-1.4711076801177114e-10,3.1635991604161973e-09
2305,-113.98229287586132,-44.69367086118833,-21.51907491955871,83.5767484547025,-24.312835748744007,157.44139480653837,-63.82218065489065,119.32456776443635,3.152020664137813,-7.116387419818765,39.97058544055577,-87.99320905255802,-40.02566555587303,4.2581405068631284e-10,3.940368031862818e-09
2306,-122.03452193341835,-36.60982845003407,-19.333814988687216,28.02825657845818,-22.68655702354577,147.290707588869,-61.96096931111743,35.265314485617935,28.248115369589453,2.095492224121779,155.05225099340498,-95.54204481256,-37.81240064885182,2.328420123376418e-09,6.357602444495569e-09
2307,-117.9817212793159,-32.57901994285652,-17.815407084229488,20.045050238054387,-20.592329636536345,150.06381705409046,-56.75138785916724,-13.325929576903246,27.27672047587061,4.317632163387021,184.32620784442526,-91.00026487380141,-35.98336744817168,2.1416326489998028e-09,6.32863361715863e-09
2308,-120.74370151054694,-36.472107391679735,-20.286474159602108,77.78732577383288,-22.895298986671115,118.39543210029166,-61.96253566471036,69.42222086974182,8.72257038865129,-1.2711477957841182,124.76565115266096,-94.99603480391251,-40.465899903567454,2.1375399228418246e-09,6.416815523380137e-09
2309,-128.64658778580932,-39.662925020568004,-26.314216029328946,82.33649975304336,-29.1378139465679,12.50277183205858,-75.6029953573154,336.26469331147445,-1.5611428822062137,-3.894466072159774,31.518635281243075,-107.79199644828003,-50.01045659817926,9.396785571880173e-10,2.039540092368952e-09
2310,-119.98522576210583,-44.86989370640096,-23.046224047547085,81.28486470353573,-25.626413264363855,94.12589464558269,-66.6905992478132,202.0315646690947,17.93445175310616,-3.1101525286809735,24.070560794278858,-93.67183770507354,-42.44699025801797,1.443709152226802e-09,3.1834197500302253e-09
2311,-98.15787871017818,-39.425942672297666,-18.59708808913371,43.19057466295127,-21.075104291337542,223.7717963073253,-55.443000499430454,50.65922414996913,9.91216247412941,-6.616833071189668,20.132262384347825,-74.5932699356989,-33.756902671412895,9.230234354618005e-10,3.2222997603525982e-09
2312,-96.3489654650521,-39.72399182208209,-18.570092910669914,40.853799564826545,-20.926581186766445,232.006278981924,-54.72460037267921,53.36828838573158,-2.413071753340386,-7.2964252235375,20.90011032060755,-72.98679363703931,-34.13795485283974,-2.467572812747676e-10,3.1633051733592765e-09
2313,-114.04518834582181,-45.58014877600462,-21.599211588220175,73.05189189809657,-24.25670390147263,143.88484772418946,-63.56765390433657,161.03129227274752,-5.671805166072503,-7.819044351650456,33.12851146210267,-88.06719606592074,-40.489591225931754,5.501021860254696e-10,4.003563702781321e-09
2314,-122.3334062341907,-38.51893774469965,-19.826908848206187,21.62887389700504,-22.518353808361674,154.25694664144066,-60.877120930846615,45.89779125943198,28.710730265625045,1.7178957748525439,143.9231931093234,-95.53954242412404,-36.52116089269298,2.484966898919083e-09,6.352649961627321e-09
2315,-118.87345943177138,-29.96483134237703,-18.64811928734754,11.28252674472728,-20.666900698898765,153.79689627304742,-56.975429877217664,-18.21603791995992,42.92007990870813,5.695668303407121,172.93512508517554,-87.58549549983755,-35.700022192373325,1.344233169220388e-09,6.32863361715863e-09
2316,-121.2340641984852,-34.545262281241605,-21.605567600828156,65.50495258384824,-24.17464679142453,127.68356347756132,-62.45102339868003,73.32129680026289,22.14566659388006,0.7120986629761498,102.67472353839794,-87.60063192149748,-40.431105400193815,1.864691512309946e-09,4.809873388467167e-09
2317,-134.33891178822765,-45.28107421014476,-26.773216406385114,75.36929555082232,-29.566667265884362,37.29256936289698,-76.29081342610394,344.44237765062906,-1.1781148784654414,-5.4980165841164395,11.381272034959801,-100.41688516343982,-49.141814842089794,1.7328716239717323e-09,1.9507400139673337e-09
2318,-119.75355944266072,-46.4678181204692,-23.977211623879,68.97852422603587,-25.62335437496361,98.36536995835367,-66.81561037949628,218.27565708035567,17.90170531336452,-3.986030721502065,17.758052121002397,-92.23957960786137,-42.416144392698115,4.736193659482524e-10,3.2156775575664653e-09
2319,-97.90701149774016,-39.58869815183476,-19.194408015989687,32.45813714929148,-21.063641368619486,230.5714133310094,-55.41034590262771,51.49362180733986,16.648287950336172,-6.980778678094484,18.124503529193333,-74.64227116757012,-34.50880895281651,1.2511236491263844e-09,3.23298721127685e-09
2320,-96.33770193694806,-40.740981040488634,-18.67738217816229,47.311239026790275,-20.969464522764472,226.74084238072265,-54.845212416525456,59.0461927595173,6.479678828172415,-8.645525087252164,7.591544273355871,-73.15961427175729,-33.79361579145405,-2.965521161968354e-10,1.5688002008573676e-09
2321,-114.4420120771444,-48.07964981431015,-21.89875540575282,72.53370324932604,-24.29545769547057,122.37638692489465,-64.03754770018544,198.25828457869196,-0.6980873233991922,-8.67336150077369,17.949694178013974,-88.25090605677806,-40.742291322818346,7.441371963068377e-10,2.368834017829613e-09
2322,-123.15726596151804,-40.94548973530607,-20.312012917742926,46.030486590335364,-22.734137638827885,130.65552452310595,-62.17351346058935,70.57420891336265,25.798748548461834,-0.2735723300955734,125.96110062655058,-89.7644500930806,-39.6596270059527,1.885155143099837e-09,4.825572830213787e-09
2323,-119.10485289853041,-33.094922252936925,-19.593870432889624,11.7963771009423,-22.27908773729729,143.8189432100238,-58.516045247698024,24.705064468403787,30.08069864381158,3.071073008137291,161.8552407085697,-83.58912660208857,-39.14949190695383,1.4713350537931547e-09,4.79748507586919e-09
2324,-120.97764887979656,-33.78678029167883,-21.883600511649824,85.341189379691,-24.028347064639245,93.60160118447898,-64.59094202980303,109.1256818638798,7.88939441324764,-1.3775211160214242,100.19144368215115,-85.71639799169073,-43.788072582215555,1.2518057701527141e-09,4.74029215880023e-09
2325,-134.21409153042305,-43.927727444219755,-26.657833985408644,77.65863547500682,-29.582387614723316,30.267164890720103,-75.32072382959521,352.4001735357493,-5.91879340347684,-3.302609647758345,9.219183122751357,-99.25868254966342,-51.36230698527629,1.5024284039100166e-09,1.9992754118902667e-09
2326,-120.49942742321763,-47.918263541400904,-23.70263254727549,70.52416588273451,-25.518749329378423,83.5469041223933,-67.21100569866447,226.828575169355,20.52547418859727,-3.643996374785623,16.689359247844354,-86.8665349698901,-42.75386868929479,8.116103344946168e-10,3.2208511413500673e-09
2327,-97.9160629084972,-40.62872103155862,-19.103025117747404,36.14160695169039,-20.994421321403287,231.273182829043,-55.58080309556398,55.26983916123321,8.018057226567164,-7.633730497729544,16.986491121393215,-71.26557389928429,-34.56683938630601,9.817426871450152e-10,3.1619400431281974e-09
2328,-95.37555829041935,-40.85176791991987,-18.575991910729865,37.04953018958256,-20.77537347530681,241.48455794697537,-54.313217634902166,54.566544115015,-3.2144292214463586,-8.147604466126158,14.252241286517043,-71.88000342351982,-34.21892716938084,2.362980922043789e-10,3.2224125590119e-09
2329,-113.24798393585898,-46.98471839194276,-21.60037479195766,71.36450823584262,-24.181206948844455,148.5608305952243,-63.37215858882944,151.18459402388586,0.39689440800867587,-8.349812445907574,30.91412565145063,-84.59906940317089,-40.08562837230428,9.051461802300764e-10,3.968981587831877e-09
2330,-119.54754190141851,-39.796290495808485,-19.765723259360755,17.718007943038565,-22.647626694126604,163.6149688119773,-61.13727645310521,46.26626783859305,22.27177365586028,-0.5749577848062773,137.4908298223358,-85.76248268453548,-38.129948742532065,4.4019543565809727e-10,6.396888352355745e-09
2331,-117.05645386731754,-33.310705717097555,-19.3364649564675,15.955584226965549,-21.71580991151349,149.67215350386417,-57.1934246161145,19.76099766855811,23.369737185844418,1.8666848962224687,159.6512522617577,-83.22067534500627,-38.44287526960028,1.9729213818209246e-09,4.775209561103111e-09
2332,-118.93448982299043,-34.16700938488814,-21.144597164829907,30.167202874881145,-23.563183972775803,166.94592952841995,-61.608312745072126,78.20653303838895,6.817442374158071,-1.9875949603354026,107.19187604673976,-85.38465711577356,-42.53913862739991,3.218758592993254e-09,4.755957405677691e-09
2333,-135.8400713895214,-34.388914996507225,-27.900319919000907,78.05759316288724,-30.41154399820834,39.9671052037485,-79.4778605070066,340.9077445468585,-4.7596671319706445,-6.791866748158356,22.862748983158333,-108.83245510561741,-53.392492064691425,1.4476881915470585e-09,1.9532464534677274e-09
2334,-121.05237758066818,-47.302518113112235,-23.456737709205992,77.17878365123356,-25.993757947550254,92.19677228217228,-67.62406691091026,213.32107213007833,20.798014214173012,-3.3205946677835394,23.58367784781539,-94.63425760913586,-43.69400954395921,2.1419737095129676e-09,3.1533213817880323e-09
2335,-98.12118230455526,-40.973190927561575,-18.118621047197173,31.80181333952819,-21.082491987924126,236.15985274388782,-55.38643635313794,48.411504579701706,9.75357273671614,-6.248125149800821,22.422947231405804,-74.92146839258247,-33.69817443069691,6.127152119006496e-10,3.2076563627470023e-09
2336,-95.58263239408191,-41.275363120096614,-18.004329508726514,24.61842315149675,-20.75568035449537,255.29568959053762,-54.26748180314497,47.2202209272665,-6.69643046940283,-8.299004940858115,25.0843904117189,-72.76922992069636,-34.568571541586536,2.360707185289357e-10,3.2210643041707954e-09
2337,-113.49272090037655,-47.74471939505354,-21.285683825936633,78.91009800328932,-24.081005431145513,156.88073586271906,-63.18384886008735,141.34489745670945,-10.378524941704457,-8.887980214141118,41.248745234856074,-87.99883708981534,-41.33115586225918,1.1136762623209506e-09,3.953314120508367e-09
2338,-119.62353981099204,-40.79218529272316,-19.18518252972917,37.58843599527214,-21.815155908518175,143.23640752049067,-59.41675258925584,49.4735305808643,9.305069019111064,-1.6736065300649647,153.36639493559238,-91.76934467630916,-38.69407065085973,2.2755557438358665e-09,6.41165343040484e-09
2339,-117.75787602582807,-36.30673462817168,-18.47810420246797,18.411500986023007,-20.248922326498885,140.38087224234027,-56.17461811939982,19.46272436127221,15.088030217061894,0.8487949598257136,176.12010404525097,-83.30501716108765,-38.04075428442496,2.3862867237767205e-09,4.742652492950583e-09
2340,-121.02983175897646,-38.27358326710269,-21.153120454407073,80.7013373449997,-23.188179605981123,124.60286506945891,-62.18161463598182,79.17891447262214,0.6745777773107696,-2.6998232153875263,115.20386873154621,-89.70383184559286,-42.131578544821465,3.760760591831058e-09,4.7536161673633615e-09
2341,-139.89603860206068,6.999279323230908,-27.625597802487974,78.88092125928154,-30.273367890658097,15.869667683544268,-79.44904595281943,334.47357640984137,-8.806069776608602,-6.73423478720364,22.422099416925562,-112.29707766419618,-53.56411157993059,1.158298346126685e-09,2.0019363944356883e-09
2342,-121.02406964234821,-47.289768869626506,-23.13129935495885,75.22282053258131,-25.529424376778785,90.68725670207924,-67.00106336327042,221.68795890214238,13.977017669183862,-3.8249205139492934,25.168302802158017,-95.27245856395582,-43.67035186755606,1.9149410945829004e-09,3.176856555597851e-09
2343,-99.04959932726031,-40.66731570232884,-18.807939731717287,61.791578641777335,-21.1364678461501,208.92737843780026,-56.048887934070365,65.5840852622247,-1.4066580240415612,-7.686577033040475,20.834968062976362,-76.02846637848232,-36.30609838640475,1.3806698007101659e-09,3.20520499030863e-09
2344,-96.41869496805367,-41.37686939841844,-18.44369037505786,60.409149146365806,-20.90156692902466,217.66588288965977,-54.84521210127989,64.70537916966349,-11.998871072579849,-8.31038067845158,19.53382175093696,-73.59766470262467,-36.421282705641005,-2.467572812747676e-10,1.56882284940707e-09
2345,-114.26184160729133,-48.18099304681955,-21.652558463705823,80.84312064396343,-24.25895173576784,128.6967963708932,-63.6172644441054,172.0936611054416,-8.096583919908351,-8.822997272697824,38.056364825522294,-88.69250928113715,-42.106243137403816,6.995719559199642e-10,4.003451792300439e-09
2346,-122.59275761142865,-42.61666875288727,-20.1115455236557,63.85368751596048,-22.840074867398776,121.36415024866193,-61.8505432901662,67.65065128311876,6.5647419162819105,-2.802411276968136,148.66852252697043,-94.5471231780888,-40.740628930383075,8.774350135354325e-10,6.3860738919174764e-09
2347,-119.04619216507783,-34.57222311572063,-19.24851516460263,22.044747267542817,-21.391585256201225,142.16479077830047,-58.0585739987166,29.21834036322364,16.676906472645,0.9150535695370612,168.1692438001758,-87.61118710383195,-39.260805387048606,1.2128111848141998e-09,4.76845940511339e-09
2348,-120.69797941796378,-35.90500024796978,-21.52843469950363,91.83607978527117,-23.70882869897498,93.52848277825386,-62.91060221441262,110.19119086190527,1.1074911371449085,-3.5620462002239384,103.48436694974744,-88.3297645628749,-43.50495541429036,1.2515783964772709e-09,4.771948169945972e-09
2349,-124.90396813002074,-28.700101896337472,-26.795280648553504,80.56089822660466,-29.517738304224135,18.433615853454235,-76.15435082593767,337.8764762716476,-8.617422248676363,-4.950580259805268,20.737048611339254,-106.03134523784439,-51.93725137821801,1.4786678548261989e-09,1.99879224282995e-09
2350,-120.21885537559257,-48.089985731214185,-23.75414997609059,75.10517286785452,-25.956270685578808,79.2108078131634,-66.93030607484172,228.21128581166533,18.748257140355026,-3.794771909484124,23.249767052322323,-91.46370620669718,-44.31724468202824,1.8261516743223183e-09,3.2055940124564586e-09
2351,-99.17334043444173,-41.77472514029812,-19.18149957763318,63.72637361048638,-21.165915296814312,204.54563912618286,-56.14537363440313,68.81284976915029,-0.520699385259372,-7.537994729829186,19.6469351409428,-75.3865963871521,-35.8456530254679,6.505729288619477e-10,3.2167385421999484e-09
2352,-96.56228018754693,-42.20889909909667,-18.720283902755423,62.41054668603763,-20.898930530397827,216.237767757819,-54.85064994529397,71.91023942611511,-15.851113477035803,-8.722827194818803,17.131552085206216,-73.40566740548866,-36.4694541889386,3.3782043828978203e-10,1.5922245744093289e-09
2353,-114.30416532862364,-48.78817938093804,-21.890543789632016,75.93017516498757,-24.396847888942034,121.58891440924945,-63.817592583174786,195.81699360635,-16.960121712500957,-9.332799784608365,38.624845628820026,-89.07674295154449,-43.39393535917499,1.3277201560413232e-09,2.438750534849987e-09
2354,-122.9342822815481,-43.44572874093745,-20.382861374434004,68.75136074967382,-22.972959675921295,115.25603142775304,-61.90700680006926,82.6679284214526,3.2626474680936344,-2.337894350617662,141.16761122770382,-94.9571624525415,-42.1676835631222,9.163159120362252e-10,4.805485787073849e-09
2355,-119.10389367668297,-38.34556444515984,-19.04355121629633,11.710096857937282,-21.893386662720147,121.50180971624937,-58.13353527194684,69.48322406520849,11.01723798175998,0.3208639986983961,165.35553896612808,-82.73785288388459,-40.130987376391296,1.419721229467541e-09,4.816623544456888e-09
2356,-120.65776523805226,-37.906784045481594,-21.504209674084645,-3.064820961311361,-24.483030024838577,124.44415801263581,-63.383224237659675,186.16109448066538,-2.3474098243350374,-3.3680182909296517,96.390553227926,-85.980987089052,-44.299556275045056,2.2332642402034253e-09,4.806928188827442e-09
2357,-135.1170114300784,-46.12709038075488,-26.998145347689764,71.3910717320953,-29.461344519347982,5.160272950994127,-76.55225719522136,401.02852426425204,-17.534359723177996,-8.224147984077058,11.556399589430965,-96.88681365498778,-52.23509827079127,1.5207888282020576e-09,1.955001494025055e-09
2358,-120.44988162254302,-47.4556998890835,-23.94195863666417,71.71544651506902,-25.928864103171577,64.01160827919868,-67.2470075470956,276.4961047263024,1.0025554003250654,-6.336316228212692,10.37192607307111,-86.07367216223336,-46.16424077306607,7.54710072214948e-10,1.6351258125268942e-09
2359,-99.64972723253528,-42.41211679002399,-19.60586158007798,65.9137032889798,-21.29497034986302,184.0064020709081,-56.207528357980706,100.71951244192573,0.8713636671866731,-7.82645840813973,8.96830490919964,-76.15399184215565,-37.328631789191896,1.1869474292325322e-09,1.5899601635283034e-09
2360,-96.58146110153601,-42.68674940224236,-18.932304274485585,65.08430944729103,-20.913446888662907,196.83119849368143,-54.8615451491579,105.25620855315935,-14.707081304049805,-8.879235107860321,0.9794173509468825,-73.83818391271552,-36.75112668613139,-6.52562448522076e-11,1.5964616295605083e-09
2361,-114.51460347778105,-49.32101530001109,-22.032505450923335,70.90711081917146,-24.33523631505496,96.98452549704925,-64.13675376812454,259.7123096854058,-18.52309031415429,-9.918540361951482,8.025996680956197,-89.12012911173184,-43.72806855971411,1.0052474408439593e-09,2.438316215602754e-09
2362,-123.69773665831025,-45.31278008957882,-20.408107466482136,87.34770548084312,-23.14759087087881,94.19385148388142,-63.79476264850915,116.6411282781114,-0.0962207082039125,-6.0998991199554,122.70331033764495,-94.75284539304543,-43.57605257519446,8.001279638847336e-10,4.797550801072248e-09
2363,-120.27233231453643,-38.158698115667754,-18.78476432165506,25.663950588351927,-21.317065286819957,141.96280234630458,-58.92683122543074,52.89670903828811,5.029156826890724,-2.7282394938555385,163.09016918250003,-87.6357024696029,-40.819154702677196,1.759303813742008e-09,4.7926143054155546e-09
2364,-121.37471711914267,-38.317532419956784,-20.32681182024825,81.7614248570447,-23.323911224150457,119.41334097119102,-62.686359065350594,100.60214367740717,-0.617597632895985,-3.816149929675151,98.90740085146317,-87.36641675491472,-42.85481432940135,2.0345396478660405e-09,4.789859175957645e-09
2365,-127.82372611984685,-32.377613257106816,-26.11420336991809,77.92805537752818,-28.84995131214776,5.7935011784498975,-75.96019701486584,362.24311512710284,-12.513480257670329,-7.4956620758869175,15.851857882602662,-99.09385084044014,-51.58784528029451,8.932374839787371e-10,1.9581811727675813e-09
2366,-120.57882943892238,-47.37475658355676,-22.941217015926945,71.85623848495541,-25.438842794604163,78.6626127693626,-66.84340208397467,244.79854142390425,12.81265717531224,-4.078675462518272,14.690948767333563,-89.91665112111133,-45.64862408254434,1.3291696632222738e-09,3.1717029003175412e-09
2367,-99.36180209705293,-42.566706853452985,-18.974989896940862,45.25836976786757,-21.16057001878864,210.52468008590193,-55.824883004276906,67.50065974893553,4.596863143132806,-7.137801225636863,22.051398776294374,-69.66365878626651,-35.241559606666016,5.380229595175479e-10,1.5904399177854578e-09
2368,-96.43348682201575,-42.18041531318198,-18.601395667290713,55.4741377969931,-20.89295084231846,210.18408031048074,-54.66483541887758,81.77868011033745,-13.801575443841095,-8.6077781945308,12.658800699969118,-69.07407486062127,-35.83918633247444,7.087237463565543e-10,1.618175815565337e-09
2369,-114.17270374156766,-47.483343356302825,-21.62119414843801,70.39141740769125,-24.459598059337292,106.01533479509376,-64.19723936209907,223.65076306231805,-15.52078349491174,-9.21340497378654,23.453690313322596,-83.62511690018249,-43.21782151284871,7.447056304954458e-10,1.9851356114486407e-09
2370,-123.47137255202283,-42.872307337907145,-20.70781839410269,89.25471541778047,-23.886155686596418,89.10739942997577,-64.12029868926417,109.36097886947155,6.20397689678902,-3.1162508673298683,120.83562478119946,-93.94152171162402,-42.64697009431355,2.593935732875252e-09,6.417094411403923e-09
2371,-119.16116388737976,-34.26700865789009,-18.831704520745483,38.318015329190395,-21.515177672940947,116.05631599424893,-59.475793649695376,60.6942985012312,14.477970087672073,-0.6696468988124124,155.10787494870104,-90.22224379753733,-40.5117357136224,2.9576767701655626e-09,4.759939997711626e-09
2372,-119.14720972732616,-31.473189339158843,-21.042182920145283,72.58891379416268,-23.910502102875903,126.28085657424054,-63.30134881227048,77.8452867498069,11.511165096022426,-1.5669271987417954,104.44047676080812,-89.66898092966585,-42.556357876225796,3.3062406146200374e-09,4.780614126786986e-09
2373,-133.98731137401717,-44.316453434541835,-26.33991508647484,72.53196145500561,-29.436139911528905,32.38718924182355,-75.36416668024017,332.38770162035655,9.427749678019357,-2.418628570717965,18.962720487504257,-104.36562412784677,-49.46908325511821,1.7100205695896875e-09,2.0122996602367493e-09
2374,-118.64149872360422,-44.128889294416254,-23.413212697841832,69.1904591385042,-25.44840241233051,110.11442294535814,-66.80117312598884,209.1350990715697,11.549544024829576,-3.8469348403896686,16.48061234022813,-93.64686107584043,-40.54316531006578,1.820581019273959e-09,3.1950087020504725e-09
2375,-97.49854279325166,-40.00035461706422,-18.743182392976752,54.09502413398766,-21.011317585844505,205.79923574108682,-55.37010649343161,77.49263312534013,-0.5700388194070797,-6.769089897444604,9.483680744238745,-72.82329501866988,-34.08464609601306,1.0340386324969586e-09,3.1854923143725955e-09
2376,-95.97211425306418,-40.52117418214239,-18.69775539018682,53.58682121351125,-20.997162974099933,212.37212324260932,-54.776100386661035,74.61632792235315,-14.368290632793755,-8.445485207640965,21.353874341365184,-72.4480196988207,-35.703043973215685,-2.966089596156962e-10,1.5688117471768237e-09
2377,-113.41590230651445,-46.6067493069266,-21.91534083622428,79.9905749302045,-24.56593241040495,109.08567842145227,-63.75852478934138,197.4032594843248,-13.290796830381696,-8.867392794858723,36.646456218481106,-88.03814135196448,-42.66718839142223,1.2069563126715366e-09,2.3837181117869477e-09
2378,-121.77501071748878,-40.293934411764695,-20.781520800726888,73.79297008754715,-23.622340489169527,104.48054976334932,-62.45913863173239,70.45184408426735,14.978966984300971,0.5687905314167423,141.8522956088778,-96.30782524855564,-40.885646696772035,1.9927028915844858e-09,4.739121095553855e-09
2379,-118.96988641283535,-36.13239217764142,-19.632833701713324,24.261067900210865,-21.78947089259955,126.43141549965502,-59.32847148333294,40.006986112104315,18.06432115497214,2.358451064526628,175.85661448740396,-91.59008091819074,-39.53572057142843,2.1022970031481236e-09,4.816811838281865e-09
2380,-121.64434817804482,-41.767774910646494,-21.365873769033893,85.90089077650724,-23.828614725224913,105.46365483878878,-64.37968445019132,117.87067801981745,-9.434909629136689,-3.601580169455494,106.8045487356699,-86.24479184772014,-43.77219463559745,1.682622041698778e-09,4.760682070781286e-09
2381,-134.8911428834836,-14.039456012279123,-26.65897666290691,75.39470708234262,-29.49970170884984,30.563373312288554,-76.25984676717633,341.4528027446444,-17.26068344665416,-7.372031153063472,13.108220845814264,-102.12138441124051,-52.41588090582756,1.3316139302332886e-09,1.9565433717616543e-09
2382,-119.30401565078523,-43.00607322576605,-23.715185739818843,68.73686510450314,-25.95763945997261,56.78456520462479,-66.85605498438983,287.09046117055,5.120897557441871,-3.3028674608042077,3.0120236629118082,-93.72213914206232,-44.88083700546454,1.2212808542244602e-09,1.5724523905191745e-09
2383,-96.71818163204235,-35.630489658782274,-18.87968924126791,57.46000499742754,-20.770342345233434,190.9149733925252,-54.93530633171765,82.48374567017551,6.963070084181212,-5.9586983577838595,4.279724929944539,-75.05684295929018,-34.15196851889466,1.0469989319972228e-09,1.5838494960007665e-09
2384,-94.60232262214046,-37.33499731521796,-18.39369390415018,57.25706423650027,-20.74378864721164,200.35578442225165,-54.33137107883904,83.49491126765666,-3.342938139904926,-7.185094983442173,2.0087039624289513,-73.48350998887284,-33.698747184612756,1.8621904018800706e-10,1.6270895741854474e-09
2385,-112.20688206096202,-42.08458434729155,-21.433849314755435,71.49884754120748,-23.951689857514875,113.36563860174935,-62.79296234526728,201.47224116706985,-6.268602299209289,-7.390488397174488,18.439604178955467,-88.12540586358872,-40.52186696792844,7.821938652341487e-10,2.3898429901691998e-09
2386,-120.26725340673498,-36.323653683634305,-19.417983360510142,29.635548838416362,-21.865819912993153,141.3642414368195,-59.39658239513411,58.81926939725359,19.23964423168564,0.950337164364275,139.36758199899003,-94.29460693774081,-37.810723312117574,1.6473222785862163e-09,4.771770534262032e-09
2387,-117.62350391252455,-33.92123082553254,-18.317050980561696,17.32991152272702,-20.18911933638413,138.42066634757867,-56.696870640569976,34.76539740845782,20.868267140547616,2.251059430876576,158.21878536166244,-88.12350070687467,-36.98281074642154,1.9697381503647193e-09,4.807084508229309e-09
2388,-121.52516629495855,-36.60404239457336,-21.8687257078421,76.90560465710887,-24.1129624151928,145.53093762511367,-63.91084952414573,81.85326954882014,-0.007989507666146218,-2.965911067897772,98.18720040736834,-88.07531435922468,-43.40605090880663,1.2857981346314773e-09,3.2269493743797284e-09
2389,-139.02557405469852,-3.906078577938142,-27.619679200105814,75.46524914451751,-30.597586294054008,27.735656102616236,-78.84936826666707,339.43456576186367,-12.243044033653902,-5.708053318456469,16.612490734988995,-108.02946377171239,-53.26911418982845,9.51047240960179e-10,1.5964971566972963e-09
2390,-120.37670788774594,-48.56270092704888,-23.21547764988193,70.86214938984571,-25.462238726509206,79.73123599025716,-66.89853157201908,238.1201455639198,12.125290032467346,-2.882769332629722,21.027757191414675,-92.02313899581952,-42.445013038042,7.759126674500294e-10,3.2337350575062374e-09
2391,-97.71411932855443,-40.825780853600484,-18.80879525857753,52.750224480735184,-20.94916192437298,208.52417019886707,-55.29369404420557,68.97622649464414,3.195693195855855,-7.667586589524955,15.258584758084192,-73.19705236523338,-34.248708731358036,6.323830348264892e-10,3.155982586378059e-09
2392,-95.70296553570296,-41.202401291272665,-18.774713531123567,57.335173748119146,-20.85774124403393,208.84115609267494,-54.48103241700074,76.75013293624457,-8.94469907771283,-9.10623703314936,14.028414641514173,-73.09803408744075,-34.787053177544344,1.2516920833149925e-10,1.5872885228418454e-09
2393,-112.72533417314084,-46.28535420473086,-21.666426612752204,72.35478878909109,-24.070162215527667,119.86102962810024,-63.1701636375995,193.72794150288212,-7.04834658932559,-8.283048504613122,27.227981599751825,-88.28133706329074,-41.641568485297675,5.502158728631912e-10,3.9952956498723324e-09
2394,-119.80783490945345,-39.236537174554684,-19.701164090740473,65.3773695511831,-22.239734068844793,125.49159607220548,-60.926895804991474,77.00568437562916,12.970281543281724,-1.9079190562658044,115.26265615956427,-93.10135929050502,-39.18614324484087,1.7171259969472885e-09,6.394969886969193e-09
2395,-117.19354027118524,-33.16184158547145,-18.691781705209955,11.797619282367444,-20.969015260627632,164.95841622327032,-57.70602286330039,14.317929154427459,23.02220076690009,1.9549974997250819,152.83129614060866,-83.68995507159252,-37.470302251496136,2.1159394236747175e-09,4.785661644746142e-09
2396,-119.75550255306126,-34.864333465714346,-20.842002136938255,54.213917799027314,-23.646307720839186,168.30042624824742,-62.96808472489175,65.83987722591885,7.445346702789722,-0.4131641808221702,98.65518532343873,-89.4128835215181,-42.552474930494014,2.517253960832022e-09,4.791544938598236e-09
2397,-121.1850525773482,0.8849035440283595,-27.489272230755407,74.33786124011107,-30.62927564846414,-5.917787213159965,-79.90877248761694,353.53425067031253,-8.321484917099237,-7.421195534620005,10.60481316497197,-104.06465190813071,-54.42433606740119,1.0322196430934127e-09,1.9667965034386725e-09
2398,-119.99396272244967,-46.55897538837618,-23.086793965616117,68.40216153624641,-25.725046498268483,71.42372209789988,-67.34137901237833,260.91764577169874,4.835982696074074,-5.537688489262924,15.023507332181678,-87.75567571785965,-44.603497601273396,5.250626600172836e-10,3.2194407140195835e-09
2399,-98.4423052942366,-41.618727125349274,-19.38052057366376,59.38755298252784,-21.304671930430676,196.88132367143854,-55.89252697678196,82.87113156384945,0.19148877076489565,-7.51293130124645,13.306008332624726,-72.50773609507911,-35.97808599592393,4.4707348934025504e-10,3.2202374100620546e-09
2400,-96.45260850783328,-42.01856104026088,-19.160366342794436,62.433978815007244,-21.006897287157585,203.08035856379558,-54.87064075033262,87.24799031998289,-10.691104648211137,-8.698808282978897,10.041827558022426,-73.35238194850645,-36.552786427110476,2.9825741876265965e-10,1.6373586930740203e-09
2401,-114.11337909070441,-47.81021177210382,-22.032105946048997,75.25318356167985,-24.417689541084414,111.26293611626795,-63.8409458677433,211.40412898774272,-11.841384201824349,-8.983321333448295,27.66143100134528,-89.40488898844211,-43.13775289302999,8.238316695496906e-10,2.349652916677769e-09
2402,-121.85454586650216,-40.60283127683526,-20.325248636406375,66.83768188165396,-23.350830379918147,106.6757171152491,-62.454239612197185,87.59888044345686,10.770897503649623,-1.6670456579076847,137.1208195289032,-96.33518441878371,-42.41407056638943,2.1648247638950124e-09,4.799431962965173e-09
2403,-117.85456593561774,-33.1179034773123,-18.714511812034996,9.980826124283013,-21.50108621839355,156.18651574680044,-58.17277779642673,21.14059011850891,18.216438166434934,1.886016726817027,166.3205012588127,-84.74704240289803,-39.62300044007175,1.9886101654265076e-09,4.74192063393275e-09
2404,-120.22588572859415,-30.926944675760694,-21.161440897411982,-3.3040357156500977,-24.11241882939821,118.93678514693778,-63.13261508443672,171.32825452676508,2.9458527464734368,-0.4889882656167835,99.91439543153037,-85.9357360612421,-43.83722253252963,1.986109054996632e-09,4.81368722660136e-09
2405,-134.75044030128777,-42.43789689844104,-26.2400927764585,67.40212131435989,-29.068357108658386,-23.194415462696828,-75.13772403753133,400.5474414792764,1.3397166946131815,-1.6263432385112686,11.064822074086559,-96.75459579124275,-51.14423590789674,1.4424017535930034e-09,1.996330212250541e-09
2406,-120.17004869088053,-44.75537334600593,-23.193964896862852,61.64165400716552,-25.32808512965158,97.2004403207782,-66.81259741623761,205.79684864486427,31.269018952596248,-2.8252881322628074,14.114792508076617,-84.58838568757136,-42.349011096420575,6.548930286953691e-10,3.1862033011975655e-09
2407,-98.48887470714706,-40.34324057628106,-19.00083878363113,35.29319819307042,-21.075974645243523,224.01399265917968,-55.74578810133514,62.277017760426915,12.428981347907497,-5.7681784404700425,15.035767636351682,-74.57846640369445,-34.04759590716149,1.1160636859131046e-09,3.1972717806638684e-09
2408,-96.55269418792983,-40.128678704349255,-18.673694970666958,39.76088364684726,-20.921687200968886,231.7853407119144,-54.72315939243576,63.988778202038574,-2.0595581294047074,-7.131379155536015,13.659087639478146,-74.2489614155942,-34.75427701949105,-2.468141246936284e-10,3.1644873388358974e-09
2409,-113.99972665185817,-45.498274112226525,-21.834040694445687,71.37029645709055,-24.248610037267788,139.33536117438808,-63.57872686882478,165.3091870793525,-3.911207500637412,-7.359971833968319,35.619913013175044,-89.57889407016162,-41.62530592370903,5.500737643160392e-10,4.002414399906229e-09
2410,-121.65734403959992,-40.07916176465992,-20.19757728289635,44.51583256032002,-22.571610186716853,118.25978583457126,-60.973810288254626,77.25297362605646,18.372107535744167,-0.7634748510179782,142.3798298028011,-93.13247507622575,-41.40507580724182,2.1151436158106662e-09,6.37015773463645e-09
2411,-118.16979217612511,-34.696248781314125,-19.28553351823789,12.82036581204698,-20.928531628818565,134.51397881784558,-57.218387787415296,38.502354216882715,19.916159649368254,1.3343741972726193,168.53964082511368,-85.62916991220555,-39.6992096584281,1.3026237866142765e-09,4.82473438978559e-09
2412,-120.48621051899983,-36.81220125544454,-21.527395483492707,-3.0947353473545567,-23.40424539144233,145.17692860095917,-62.42361958060964,156.47656148083178,0.8277593322208626,-2.7482601798709223,97.67722282894479,-85.94146293874181,-43.72034148426913,2.3072175281413365e-09,4.782307883033354e-09
2413,-134.12385141784932,-43.740191093679236,-26.75389734103188,74.29617042943377,-29.227525391054883,19.23517397269051,-76.15077303581617,376.57351170637844,-14.320968166605773,-6.980608513189306,12.428456049167488,-100.09852018407679,-51.13697698056124,8.565166353946552e-10,1.9909300874587643e-09
2414,-120.07119190121139,-44.23255783851734,-23.62385844638826,68.56495673379092,-25.69686165061146,72.64120649769198,-66.90831130570366,252.51230089204523,16.41757261214575,-3.3930451360915708,14.226449158647542,-95.56773300261011,-44.868926576074465,1.4288161764852703e-09,1.5768328864851355e-09
2415,-98.60558633121887,-39.031770538960885,-19.452307199271175,56.360751453189,-21.12811629837899,192.72784838073432,-55.665878925368055,82.64120153132528,9.618649359179123,-5.978971277689208,10.1701588433684,-76.66962998039725,-34.9863489849689,1.1095266927441116e-09,1.6261827440189336e-09
2416,-96.28265216412066,-40.012029321007596,-19.027693088574175,54.545328184939095,-20.89555926830363,213.62814683896858,-54.761711159008186,82.85038447464466,-5.5279456960456,-7.528851796747688,2.0164132175646086,-74.5215442258878,-34.48228597600537,-2.965521161968354e-10,1.5688130794444533e-09
2417,-113.9853607444278,-46.55676654386141,-22.050774097083927,69.69598358698114,-24.194242607562078,131.8323768536222,-63.57956314680614,184.28045096457464,-3.5080615022106234,-8.190211672551078,27.076845071903758,-89.64810050207751,-41.17257562889845,5.999254426569678e-10,4.003492648507745e-09
2418,-122.51709149124181,-41.39320579269337,-20.250490866339344,46.05871713936628,-22.588403746617576,126.55506358753307,-61.20336516741337,71.99468089594653,14.028909884520347,-1.562099979435381,145.9483017870542,-94.5689825270837,-40.50203366225914,2.032606971624773e-09,6.40108055449673e-09
2419,-119.11480004952696,-37.1915291290604,-18.502460136509104,18.056474057173673,-20.905270483173766,145.66756442201523,-57.64930494706251,27.32899453661159,11.191754358056738,-1.1473159872969696,179.67389331039917,-88.18482553603752,-39.223174359326265,1.4454144547926262e-09,4.772353179305355e-09
2420,-122.51975221198548,-42.85186468552748,-20.916660041803013,78.4904004476673,-23.960879923548713,135.34788563422202,-63.971147796731984,90.74549481710692,-7.232412656954086,-5.752084253625512,113.26334154625268,-87.0552886048181,-43.58703221041262,1.272269400942605e-09,3.170035789423764e-09
2421,-131.6022038146711,-39.261901049896814,-26.3218490564151,77.79402036049932,-29.339434696218856,47.574714062957,-76.29856772102545,339.7719009244397,-22.86527500322011,-9.308220292188258,26.215535877774737,-103.85092887225322,-52.50779068347547,1.2134933058405295e-09,1.9873311885021394e-09
2422,-120.01252199964352,-46.787638143433874,-23.675976001393362,75.22156912822143,-25.64366001471097,65.80525523732385,-66.8631069014478,266.54092714106423,-3.0331190058157866,-5.045212982297836,24.436645718719586,-94.54832211496809,-46.39484002063293,2.0129391486989334e-09,3.226343636697493e-09
2423,-98.60559576992578,-40.26548436572053,-19.50627057939036,68.86215384874616,-21.095921016779734,176.53261340314236,-55.7624623014528,91.70139708577223,3.1124937744341343,-7.2247766109182425,15.484680131689597,-75.41740508514285,-37.81542248233692,4.925482244289014e-10,1.5955166077219474e-09
2424,-96.56228873109015,-41.85429883546706,-18.903467648231608,62.983468875511136,-20.87853684479307,197.53774004539062,-54.77632766754295,93.98027691936294,-11.124494910151945,-8.852891430527329,9.207983105543109,-74.2872904432671,-36.46987241322175,2.87798229692271e-10,1.5922143603575023e-09
2425,-114.22857506888887,-49.586975035842,-21.891973291288082,71.31279709803859,-24.22867540115042,112.56969248199559,-64.13553033866918,222.03160013090343,-16.768787775211873,-10.21496259533197,27.19823573618168,-88.92259464038733,-43.1342512711814,1.0460610155860195e-09,2.362824602641922e-09
2426,-122.76538548999467,-44.49032528523067,-20.31122392989955,82.13251906390553,-23.30699075806485,104.55293545512563,-63.157507946326604,82.94613352117263,2.4721947285101376,-5.251812400036528,146.9590284396859,-96.19577565891102,-43.58378968576191,1.4711076801177114e-09,4.831505862057384e-09
2427,-119.36626034929489,-39.51440002337022,-19.08563488178117,43.24637725124949,-21.855404181612975,108.63794601392853,-60.26301854538635,70.0484448340174,7.426504558200938,-1.3158133640931846,164.1608753993008,-91.19745409453368,-40.92216256635123,1.4456418284680694e-09,4.7735255748193595e-09
2428,-121.35579883567682,-42.07385639095844,-21.32487758875769,85.31075751518874,-23.62568488445448,98.78095006324482,-63.78927794546148,141.00799121703088,-8.760751830883713,-5.764004309189487,95.30074713649294,-89.22511962461506,-44.4810744688471,1.6170815797522664e-09,4.7476080844433e-09
2429,-131.36686417796432,-20.95196125738143,-26.083165272436233,77.26207452396947,-29.13353671458277,30.329610831769884,-76.7313866693023,343.2858403711386,-14.865536994480987,-10.759454918799351,12.091746255434607,-100.04584242395755,-53.03152352307258,1.1112888387287967e-09,2.0370016784454492e-09
2430,-120.00288787202524,-46.457018411819845,-23.592179171864483,70.55008987045203,-25.4907640634041,76.54429500958663,-66.9641649938047,258.18404839079665,5.738776822297716,-4.832654408296091,16.133687036977086,-93.24104101832472,-46.57018714326945,1.5033947420306504e-09,3.2153888440689116e-09
2431,-100.49372470558895,-42.47636346545331,-19.732279327687518,66.46853174399392,-21.39518322963688,184.21325691474038,-56.44383577290964,102.07972757213588,-5.369425184728332,-7.855449939684779,15.981225780163063,-77.51833473720592,-37.458145615441,2.2359358808898833e-09,3.1564937330585963e-09
2432,-98.09349686270603,-43.86648322103991,-19.01791497802655,68.8017802423889,-21.147604612496984,186.33951237643385,-55.720436382341596,105.41656481111696,-14.892663683524457,-9.310282893562569,13.506985113299256,-74.14264162009823,-37.873318265835316,1.1003749023075216e-09,1.5748877757459923e-09
2433,-116.2393580577232,-50.46584341083866,-22.064062395110913,75.53947828472946,-24.651868030659273,84.689799718165,-65.59478151162371,251.43989341389835,-19.501256299744995,-11.07281774595456,33.345342661181576,-89.27478013533049,-46.14974646065243,1.265163973585004e-09,2.413557353975193e-09
2434,-125.03162374683049,-47.40628872756867,-20.39067055757436,99.14034545721053,-23.317325353042467,70.01234936393725,-65.0289453322541,135.6437039989374,-7.957551387302167,-8.171136094109306,135.90579610538046,-95.65153291234039,-47.747120757322634,3.264062797825318e-09,3.1892426477497793e-09
2435,-122.582532961734,-44.68672998005495,-19.006573818066435,64.48377801155841,-21.89197393123529,98.36772297631092,-60.17146976234064,75.39323590908818,-6.16298750514009,-5.564928491512975,176.88835858046806,-91.63963751413921,-43.42626145123319,3.4633558243513107e-09,4.788070384620369e-09
2436,-124.2646507660475,-45.267649399080064,-21.185829321452328,91.13113221523314,-23.96219074332351,74.00210453344992,-65.52937934698492,161.59729085393116,-11.839445266157977,-6.618207063209277,113.78534005533875,-95.91939769086925,-45.929117996329154,3.3998048820649274e-09,4.782910068001911e-09
2437,-134.5184090489639,-0.7628701392306636,-26.0256324841779,83.12728744200156,-29.09635557587033,20.59320659973557,-77.15810079240421,333.83878988678447,-22.72744671841258,-9.633864222866649,25.359240494638183,-109.81745208276276,-53.17839332138346,1.5504042494285386e-09,1.975230645712145e-09
2438,-122.10293491326382,-48.67934819211699,-23.314911703935852,80.51309961635489,-25.918151688231923,39.11688225876422,-68.85891120914245,325.5628541492532,-19.19361250781973,-9.260006860341024,14.162666344392607,-94.95555592812322,-47.07206931711292,1.4453007679549046e-09,1.609002708846674e-09
2439,-96.25271858007441,-41.13397309453655,-18.312161608760206,57.780370375410975,-20.487017634824948,192.70987603822059,-54.16390925760004,91.26881884226128,-12.534608805703764,-8.567450050641696,10.62344296459497,-63.34089960928979,-37.58976954877396,1.1826273293991107e-09,1.6318821849381493e-09
2440,-95.23751688340256,-42.58931572695067,-18.175021077647465,60.14306278081566,-20.57787016032594,195.80366017876634,-53.82661082077084,91.39587368773513,-19.52884714249242,-9.548987189794646,15.20271722037237,-65.65125348487565,-37.409891358013965,5.453557605505921e-10,1.6149499515449861e-09
2441,-112.6346920528261,-48.60963309431857,-21.12311753764519,83.2861630494113,-24.164206327082265,94.1762934408538,-63.336182629793676,227.862027152256,-24.128535753829837,-11.07551570204273,27.03478518576512,-82.54666494721971,-44.74072075133933,4.0733993955655023e-10,1.9718555677172844e-09
2442,-120.61708284509496,-43.58963867233647,-19.644823863622467,103.31011084568294,-23.181503468060203,77.53235443184924,-62.596739391500044,126.35933137350511,-6.884035310863421,-6.65646183949337,110.3733030997274,-87.49777303962769,-46.90704127185889,1.1935981092392467e-09,3.232580425560627e-09
2443,-117.94999355922734,-38.759945720454446,-17.899525220522417,35.1292766096742,-21.08696248782797,124.76215855143535,-58.67268131463986,53.84496992878034,4.169258882108786,-1.9871009010579495,163.3658936261358,-82.84295949186696,-42.07238884457343,1.4783836377318949e-09,4.817188425931818e-09
2444,-121.49843765344337,-43.066881645897766,-20.342899046979127,85.2603144584553,-23.444630890239736,116.26149824044542,-63.922918375004045,105.13934928208559,-12.83536455011241,-5.946545274932468,115.70760837490516,-86.63131014669231,-44.67978271265227,1.351054379483685e-09,3.184379870901921e-09
2445,-114.13542193396367,28.27244088115418,-26.861965633814133,85.94151314360131,-30.447342844376816,-1.3370348320146874,-80.69351871094774,332.3098238131418,-30.16177351561337,-12.21483559272774,20.402629007893538,-114.20854153687335,-56.865972208550005,1.5518253349000588e-09,1.9936194917136163e-09
2446,-119.66537165545118,-48.99100637114809,-22.4069308920271,77.20985438883791,-25.42312820509204,52.913989260171604,-67.28783481383863,312.26501732162893,-15.928110031056416,-9.03635176626802,7.713503357556279,-93.69094234359713,-47.672688216565724,6.010054676153231e-10,1.5869972003201838e-09
2447,-96.09403677200396,-41.29296300018304,-18.35005604889344,66.91000444144892,-20.61904746586595,181.5412596692109,-54.23113452678635,110.74212230955028,-14.616608302961085,-8.513715395412492,4.707299202440006,-71.78703528023806,-38.396088807410386,1.175465058622649e-09,1.6045049733293126e-09
2448,-95.2375186631021,-42.58931756382752,-18.31990398397303,65.52781862572654,-20.642907373506553,183.8134576907963,-54.09814427189407,112.9642382163554,-19.51661230472422,-9.381692664468327,2.206460163965774,-66.67202762113094,-38.053850229993465,5.452989171317313e-10,1.6149783732544165e-09
2449,-112.4954102409093,-48.51897562143205,-21.218301962050482,77.83037542174846,-24.055696947973903,88.46750741609421,-63.48835009410704,242.97527253734577,-22.625566713609324,-10.96368123292513,19.494336310303343,-80.68886642558994,-44.7126424186932,4.0733993955655023e-10,1.5732695146652986e-09
2450,-120.01188511553514,-43.339111570565215,-19.658774214709965,102.75087760551301,-23.276688251185302,84.22544091252504,-64.52927819734121,119.00451231518328,-8.930387265209768,-5.795771292594835,110.9212669244207,-84.90796314051828,-46.45223865672235,-4.667185748985503e-09,4.745063009181649e-09
2451,-117.23133401902845,-38.49871028943824,-18.221428538761256,27.827646930687514,-21.7745131637692,119.88748546918363,-59.03339122531289,89.74628553515466,2.867513405201254,-1.6291175621616307,142.59725176679675,-82.57969116868055,-43.95799708499695,3.2075604394776747e-09,4.814211251868983e-09
2452,-120.5800354218913,-42.26461794472808,-20.309237148752842,71.53646482640968,-23.1407056455931,109.96899514656491,-64.1246387448139,119.23750801407738,-10.16419827423721,-5.741324583127205,116.22495560706884,-85.36907240779813,-45.2740933656098,2.367414708714932e-09,4.806779863031352e-09
2453,-131.7841459060334,29.081245508680453,-27.24863714376909,90.97822606069441,-30.264164934236057,-8.307073135439857,-79.77648978666947,339.6710313335811,-26.154033593585275,-12.374297619337488,22.632492860039843,-109.4438106451456,-57.010342961589004,1.4316015040094499e-09,1.9701786868608906e-09
2454,-119.28658714661528,-47.91105761851934,-22.49106576382502,80.13668756234935,-25.275458687710024,59.66085817166538,-66.87106646544485,286.4225129888773,-11.411975442703996,-8.10882387105452,13.813066312651454,-91.52942962787179,-47.14766037332837,7.636913323949557e-10,1.55120005729259e-09
2455,-99.06856226452433,-41.76114516357623,-18.60968704220045,66.41865761697446,-21.107908377501495,180.90833296087214,-55.62081565784632,107.1395404914336,-13.434802104859946,-8.206254921926083,7.789291817581125,-65.88957583133637,-38.55707149440957,1.2973941920790821e-09,1.5552164001064739e-09
2456,-98.07431589887135,-43.32809463731664,-18.406623640284714,62.194437579231895,-21.118805665825956,188.3010826888576,-55.192408190090624,103.33387735185936,-19.950600219628228,-9.191399735604554,12.90352840043877,-63.151555914297674,-38.319122094373334,4.043840817757882e-10,1.5706422828998257e-09
2457,-116.19268511355583,-50.04410537461443,-21.614740557970492,87.75984777261354,-24.945904802089526,79.4283877558308,-65.07403159409435,243.41081818879167,-23.873907555738786,-11.324520897028258,28.290680522823376,-80.16958106046746,-45.65025725005593,8.739107215660624e-10,2.0111698972868908e-09
2458,-124.9338210414475,-45.04645151542662,-19.63734521638931,107.52258941760883,-23.694914734644023,46.22796746259355,-64.0266292947273,172.7018171008501,-5.801516262588866,-6.547267836196227,103.32795041702799,-91.05443359597328,-49.037944842971896,1.0281837603542954e-09,3.217165200908312e-09
2459,-121.22965885509416,-39.133442096464414,-18.326405901863485,48.617646492966145,-21.567048417170827,99.74021294100268,-59.80821837615495,90.77077445054232,4.466030946823639,-2.533491869038077,148.5773689617154,-85.63136052582804,-43.94240769208694,1.5861587598919868e-09,4.792900298866698e-09
2460,-123.366283484641,-41.87131757163127,-20.33032083525614,80.52625887025148,-23.939659765861894,151.33832302447772,-65.1649074549994,85.08965026151733,-12.704381746180193,-6.286446451805391,110.35932513849977,-87.74660423214638,-45.90363569124259,1.669604898779653e-09,3.222140776415472e-09
2461,-135.2551060287245,-19.546448159750646,-25.8579133630308,91.6463453429254,-29.179633424989735,35.43861373576921,-76.86668272012857,336.2381848884718,-28.932938823571277,-10.445076714343264,24.588104227895684,-107.19998482420446,-54.62746409860665,9.38598532229662e-10,2.0135431100243295e-09
2462,-121.77914724035654,-49.54134089045325,-23.077363880146542,86.70414239245996,-25.977576546451257,34.79893301291167,-68.96802724763538,329.7566902778557,-19.408744404045315,-9.666914161544154,11.494602954883181,-95.31837577619505,-49.01687845759263,1.044895725499373e-09,1.6084271692307084e-09
2463,-98.39257700055438,-41.3370985112766,-18.732870270155164,69.81143762664213,-21.27186158426641,173.9896349739233,-55.89621259544417,110.53351733880311,-15.368036809580955,-8.31093403841021,10.75818101993331,-66.64646876785754,-39.13671135306476,1.0491589819139335e-09,1.5986465484729706e-09
2464,-97.47448702784617,-41.591584106067266,-18.84797046720985,68.39691028331572,-21.207504908386404,175.44720476926344,-55.44942184505339,112.13929998379562,-21.13816004465405,-8.938562648723764,10.926610649093465,-63.68493965524462,-38.57739495549913,4.5412207327899523e-10,1.5706511646840227e-09
2465,-115.96577310793192,-48.87983546768258,-22.195213132402703,80.69477895983583,-24.883231151582905,63.64966008546714,-65.05174186495208,277.1412412840363,-23.795903923764822,-10.197371266293949,17.010364780753317,-81.65361093876416,-45.87336421948794,1.62788182933582e-09,1.6076739939308027e-09
2466,-125.07052714812164,-44.32329308059746,-20.712962808403272,99.34144403350922,-23.869739669232203,49.83267724122115,-64.02139428621962,180.23772459886106,-5.652744865048666,-4.241276847196028,94.62456504394213,-89.69045981185849,-46.45401234178385,1.6614194464636967e-09,3.2048594889033666e-09
2467,-122.35170475291302,-38.9917563981217,-18.650288999581047,54.497420362189935,-22.15297241828053,113.23934653725706,-61.566983666532614,73.7643818695979,1.7853781576964867,-2.680264777277824,152.104244387258,-86.19448441932924,-42.80231581833853,2.1343566913856193e-09,4.818144105911415e-09
2468,-124.37378846781522,-43.444036803860904,-21.014590119516917,85.98536206963149,-24.401205716778236,121.02982109961738,-66.28028523646712,115.15060088783179,-10.79168662687484,-6.607755003736525,107.95162240736636,-87.42616118736754,-45.77789724267701,1.8690116121433675e-09,4.790353891337418e-09
2469,-133.88932989432135,-15.12410273872024,-26.185503983486,86.22901019858007,-29.18891440642543,32.58700252345106,-77.06874804268931,342.66554815629223,-28.736604139768065,-11.164755820944706,17.01498694061395,-103.04316562064733,-54.09542313929348,8.582219379604794e-10,1.245432201812946e-09
2470,-122.26077634425685,-50.56405883884331,-23.398888589995504,79.79806453868653,-26.13877557647153,31.86500241428407,-69.04506146379121,337.09997346121776,-23.241710946058948,-10.397620008589394,12.154060977361173,-87.54077857467043,-48.329431012035506,1.3274075172375888e-09,1.6079582110251067e-09
2471,-99.11516681824006,-42.49463672856795,-18.882924923389854,62.93522796191927,-21.446283133808116,162.36817092481797,-55.79823217471608,136.38471136602445,-17.211010838951964,-9.175565713144817,5.659733238973053,-64.02601836658552,-39.19800476970261,3.0593128030886874e-10,7.575025051664852e-10
2472,-97.9007139258362,-43.354760783306496,-19.148732855632936,61.930199430170575,-21.227593212575247,161.72909755188618,-55.43119728269415,144.43239155199768,-18.407991785939906,-9.906291032204042,-0.6820610833811763,-63.18041700497687,-38.85192955057836,6.519940143334679e-10,7.777174459988601e-10
2473,-116.71172999516732,-50.57938907677827,-22.56080126690451,72.76871974491044,-25.036591368205798,57.60767246224145,-65.55039486305697,295.94621406724315,-21.797723998605676,-11.008867764276157,11.822959722725214,-79.12681100389874,-45.77325663446809,7.541984814452007e-10,1.6208616671065101e-09
2474,-129.3999553101102,-50.340457115457795,-21.70720857442211,91.81955647404376,-24.909456716143417,53.193256130303546,-67.9142602062396,182.52519864912372,-9.83281670805294,-8.228772355551621,120.01536238460858,-88.22810620138537,-46.992340401022496,-2.2360779894370353e-09,3.974150564189927e-09
2475,-126.85475355953331,-42.79938527505676,-19.753556035183056,12.83276198006774,-23.665412125307352,132.70038404691317,-65.73332350421106,118.84121633830827,-5.249795130038341,-5.48321383564329,156.1356594133435,-86.41565101733201,-44.554931240716854,8.350070856977254e-09,4.734939551553907e-09
2476,-128.02390651804066,-42.14317967161444,-21.468107121979084,44.24082842917918,-24.93119401246768,130.4603257279885,-66.92705043167119,157.72637707677518,-12.158886170617382,-5.752946317588242,103.83272962697207,-88.08659857011568,-46.76839198348923,-4.017010724055581e-09,4.806254949585309e-09
2477,-136.21136653298794,-6.277399300070118,-26.650983151201203,84.86894491324459,-29.566563866669732,32.001575513316645,-77.37361865887823,343.8909666767186,-31.60347549171187,-11.462071892794414,12.157682029447818,-99.68370570619712,-54.08998450523978,1.3826593203702942e-09,1.9790462602031766e-09
2478,-122.74195105609805,-52.08139768222648,-23.990689521119688,77.59775577200685,-26.564282658124412,57.050241388696016,-69.43146664671974,320.4019204257796,-28.755493968243144,-10.813760325104893,11.667076553241909,-84.33728161583166,-48.00067064023998,1.0946905604214408e-09,1.6084271692307084e-09
2479,-99.00380221169586,-43.057381519497575,-19.401420102027824,59.237421468225236,-21.53614642832611,198.7018109205271,-56.36003767990964,105.11967524961577,-23.683675858770243,-9.288135237007758,12.696267686724022,-64.13522904806652,-39.289347217397776,1.4847501006443053e-10,1.576182739881915e-09
2480,-97.84721107544509,-43.41332321827801,-19.25001153458403,65.73546027920253,-21.328068241443358,171.70318021115236,-55.709538208196065,134.00453321861562,-25.525410281863056,-9.840512589857765,3.8223956048348326,-63.16415415561357,-39.18733999239979,-3.929585545847658e-10,7.734897167210875e-10
2481,-116.21789865636912,-50.32822863936222,-22.555143780870182,74.3902386327391,-24.847308493018893,53.68949921705009,-64.92144051007685,306.15449160792036,-29.06793756508139,-11.161965376619388,10.496293109326903,-79.05482031564988,-46.57577920670375,5.039453299104935e-10,1.214019107464992e-09
2482,-126.96964245472807,-50.10034576113205,-22.05968757373331,97.32131188965602,-24.481987288373784,25.640616029778467,-64.63578590775184,234.6324351705558,-21.57517718129813,-7.214659501634521,99.71802750945577,-89.55166569956779,-50.72343918345352,-5.961283022770658e-09,2.3903439227979106e-09
2483,-125.19458892247846,-41.32650726280926,-20.481877063893027,34.930105514967714,-22.554903888906015,114.39668400878169,-61.533270902337804,147.57435800212428,-15.918774556425653,-4.889982203932328,132.29421403840084,-87.57764014000965,-49.71781657240053,1.053194864653051e-09,4.818456744715149e-09
2484,-126.19268612955113,-43.94571823530032,-23.103560759036522,54.505441036219324,-25.63695242063366,115.69933790556367,-68.15732187071863,197.03221444659357,-19.98016075027247,-9.349411956737582,88.95015266852656,-89.73963695355643,-50.08169693612792,1.902094481920358e-09,3.1960460944446822e-09
2485,-137.37278208349233,-57.00717181760286,-27.373681204356593,81.84796347978651,-29.785502261008272,20.174749514894025,-78.11294567955287,421.08628674390883,-35.05406569037231,-14.84406921599454,9.196028328146788,-97.56956342920147,-55.18524666688142,4.07112565881107e-10,8.189360301003035e-10
2486,-122.7196814931641,-53.147797834519245,-24.402253076130524,73.54502851832713,-26.574287273419085,50.13331758252028,-69.72072327268067,351.99023104377324,-32.01910941107174,-13.17136182354189,-0.43546972502794146,-84.32123810612198,-49.15665511050032,1.0947474038403016e-09,8.112834848361672e-10
2487,-99.16924432724015,-44.3475442860903,-19.67048658222025,63.37167625849816,-21.515299328094457,152.64553719358258,-56.331494925024096,165.2250949109509,-24.530825939975227,-10.617343228070059,-1.3426095721798175,-64.09262308614844,-39.62483707325233,1.3170051715860609e-09,7.761258302707574e-10
2488,-98.08390168152305,-43.862190012175304,-19.455206866246517,51.30136617026889,-21.330151926447044,161.44333988132666,-55.71498401015214,165.92825513263588,-24.037604773565686,-10.501144208141604,-3.3243233701789663,-63.17228447714757,-39.19116984635499,4.800995156983845e-10,4.27021973337105e-10
2489,-116.39568375087399,-51.104833866171376,-22.73226246738717,70.53637278272925,-24.889443358362662,54.10417921171768,-65.22903588345459,314.09638225343656,-28.215487109262405,-12.147633527533328,7.29529316814088,-78.9161177454445,-46.40172968815908,8.711253940418828e-10,1.2325855891504034e-09
2490,-125.30635378233414,-49.24039968504863,-21.536651836977644,87.74112335595103,-24.5167490948823,29.174826180877414,-66.44886789553048,250.85115686785954,-19.239617693160724,-10.354798131379319,86.96360358870947,-88.55245880854386,-49.53481302338191,1.0723169907578267e-08,4.016396104589148e-09
2491,-123.90236872146448,-46.77284672636178,-21.563141743940168,62.530228618072385,-23.97059558717156,88.80609804704994,-62.97081628347361,151.58353171758048,-11.149314193254492,-9.692782469161042,133.5939085704964,-87.65496500316604,-48.83693618279527,-7.437051863234956e-09,4.018955723772422e-09
2492,-126.57727830468227,-50.02062265298266,-23.647806686192528,79.10463257923227,-26.037766588149935,125.76155886308368,-69.63894709603015,160.39793660766864,-20.25038121347298,-11.310190225295182,99.89412437298185,-88.66928398038684,-49.00597563213465,1.7589343315194128e-09,4.005752174407462e-09
2493,-137.3612138098513,-7.291222207272073,-27.307487028130417,77.29574821369897,-29.797569279588103,40.35055964273136,-78.22429217082666,355.11144860546784,-34.964465598502954,-14.851027108663502,10.708229117323961,-98.43464851662607,-55.234059841067406,1.0355734048062004e-09,1.1691909662658873e-09
2494,-123.02458023429753,-55.0154319304606,-24.402268480033822,76.01648731259812,-26.604711309549366,62.46972517805896,-69.88214134416322,336.2993649020464,-32.019124837097195,-13.171377242233516,2.811982149526215,-84.32125348227444,-49.1566706660684,1.0947474038403016e-09,1.6084271692307084e-09
2495,-95.9283989880329,-42.89827225717404,-19.027660862872462,65.2745898655259,-20.861401821064185,184.20952813918888,-54.490587447220975,117.30243563446773,-23.41726766081319,-10.270374114969602,4.678768731914528,-66.24145593933504,-38.3299032640051,3.5720404412131757e-10,7.47320427763043e-10
2496,-95.2974053241747,-42.616095440875526,-18.902498041121284,65.89242191590273,-20.72417714451848,183.58290090973912,-54.132159684541634,122.38822442912407,-22.23879893076899,-9.806435767912129,0.019615570551248625,-70.08781655025648,-38.077775925201294,-1.0118128557223827e-11,7.479243890884391e-10
2497,-112.68694300690812,-48.92004552181312,-22.18957917814065,72.09756048513322,-24.41385216379977,92.35686814441642,-63.77084887732058,262.7458106382372,-22.16194123315244,-10.873128017902491,4.5899542726793925,-82.1492691984688,-44.624586320637334,3.576019480533432e-10,1.1747047778953856e-09
2498,-121.2933654262079,-44.440504319170614,-21.83010140810918,79.81341129308767,-24.233460776174695,76.6911500522043,-65.11490844833321,176.42735753755184,-7.281994460936703,-6.999840989237242,90.5697224963022,-87.37790306522052,-44.92956245213148,6.22662810201291e-10,3.5618228366729454e-09
2499,-118.25762008126688,-41.21477990743821,-20.04697847330808,-0.13704038413725309,-22.7172724801704,175.65614422356876,-60.204090744349614,74.90563437960377,-1.0048736615497609,-2.6219636430059654,141.48841794948737,-83.13883190084218,-42.706745229763584,6.814389053033665e-10,3.6176674989008006e-09
2500,-121.73173437160499,-45.52003594984409,-22.81708683502992,47.041495429786764,-24.649928279785616,166.91692195783077,-65.37075407403638,125.06400199923618,-14.165104447901482,-5.878702859082049,91.48990013320208,-85.03598227102813,-45.342990395377285,9.181349014397711e-10,1.9919390581435437e-09
2501,-121.02747756670409,-25.72619338868073,-28.431480665996883,72.78695122783327,-31.323513001098437,-32.429326536098884,-81.16509963102853,452.2887898309503,-33.011960828127854,-13.762197778310412,1.021037593704392,-101.92939895518246,-57.29013028214594,-1.693933882052079e-11,1.1825420642708195e-09
2502,-119.81378936149916,-51.49100958668501,-23.794754118205866,69.39753912367581,-26.087910798132647,44.48680523297483,-68.14237358697251,345.2160926048728,-24.211531612329743,-11.78833463212197,-4.113755083061273,-81.72409996334301,-47.93287820481419,-2.32716956816148e-10,7.540492674706911e-10
2503,-95.98828731657282,-42.557503032227764,-19.03953694489415,37.34094726243493,-20.874422778929564,185.59242468391227,-54.524604431987555,140.68358428996777,-18.302099813219456,-9.920563297774956,-3.1181052222589196,-61.395265185407034,-37.896568199720335,-2.48121523327427e-10,7.774190180498408e-10
2504,-95.2375083089311,-42.58930707684005,-18.755635070521922,64.52747640905004,-20.711147387681127,177.36851306106576,-54.09813390287033,131.61698207603382,-21.407460522635432,-10.196396917159934,-5.09885325432269,-67.75239951764894,-37.66612957209509,5.453557605505921e-10,8.178204780051601e-10
2505,-113.28794027240866,-49.16221442208786,-21.985417314453915,71.71467567490514,-24.66991383560344,68.02263792220192,-64.05248566348087,296.5839409978119,-25.756941555389353,-11.267653904126421,4.95897857696941,-85.86233454704696,-45.23533163852112,9.063683137355838e-10,8.106226800919103e-10
2506,-121.09346117157992,-46.12935453554703,-20.996225248396076,85.24332040783032,-25.875821001480393,49.02281264885478,-65.8589553481059,197.71399070135772,-8.433213111371813,-7.139884647302038,99.69497382214564,-89.8560969190905,-46.292085560361194,1.0033431863121223e-09,2.0247448162535875e-09
2507,-116.36822539387902,-40.26155275835982,-19.07598570145682,0.822690166640896,-23.078808541858727,156.19195846615384,-60.45342380883468,94.22739374165087,-4.342745986302629,-3.2193567550989086,138.52089323042767,-81.27974626123718,-41.683090356121525,1.1746124073397368e-09,3.617124821886364e-09
2508,-119.84329493965943,-43.8960339525915,-21.845015080648288,-8.0020040381037,-24.65267014949379,181.86712925179336,-65.40945143922212,176.31746164121716,-12.038728060948259,-6.527856275578069,75.15337461071267,-85.53088353046537,-45.59202800100199,-2.0995969407522352e-08,2.010221322734651e-09
2509,-129.6276991094274,-38.7162592363271,-28.374961875477222,72.0842686129512,-31.04147993021392,65.30714388062802,-80.64924448843371,372.25202504181937,-27.363225094944813,-11.96565684070839,-3.349449428466185,-102.10874474046564,-56.44671676847454,2.1594814825220965e-10,1.240785252321075e-09
2510,-118.9211483854818,-49.037034710323624,-23.794698852508926,66.41712151173289,-25.92657281193374,112.72869018398093,-67.3860190224098,267.55037054118424,-16.938281691752145,-10.432375331353429,-5.30991176827921,-81.724044923087,-47.22609471863385,2.6545876607997343e-10,7.540421620433335e-10
2511,-99.07451171495025,-43.22590002902819,-19.58743485671108,-22.507588041354072,-21.4839161907491,172.48902122014735,-56.15175176029736,225.32791284366525,-19.088907065484896,-9.637947402103054,-3.624454977755418,-64.19823556637026,-39.236286440194846,9.544010026729666e-11,7.675353685954178e-10
2512,-98.05284805034462,-43.41484856993055,-19.25724214564467,-22.250121892578715,-21.314841575626655,168.0234897639467,-55.62459573242491,228.36189494429559,-21.405136171697084,-9.428828212858765,-3.848147730450428,-63.24786633044617,-38.54090827862787,-1.71723968378501e-10,7.734684004390147e-10
2513,-116.11764571871917,-49.20023985789096,-22.605325393837887,58.396384533368796,-25.118216092529146,51.646001976453874,-65.92212491390663,322.7410565620362,-22.078993298269776,-10.319652380663861,3.6633861227760556,-79.36939045555091,-45.71524105830404,3.2247271519736387e-10,1.156337248175987e-09
2514,-124.58383707110156,-45.03144097786618,-22.238045593290813,77.00803491073844,-24.553550605610315,48.37379091407103,-65.98425313373984,212.4175017313657,-1.9714216923761692,-4.6528118286465086,87.80672436800819,-88.89901582498176,-47.691675148651655,7.496794296457665e-10,2.4077095872598875e-09
2515,-122.3986907685179,-42.05498514981302,-20.3882557600295,22.30357411589009,-22.777729048193127,130.14032290560175,-61.17505381375471,117.53341427677057,0.627232046534327,-1.7323496784029055,131.2404637172743,-86.69992449829745,-44.61801829960541,-7.86712917033583e-09,3.5452032420835167e-09
2516,-124.5258104786438,-45.60009680149971,-22.630210533111207,16.858922681087794,-24.647535906160726,151.46083752994267,-65.34571205166907,183.51145676376626,-9.817116809661128,-5.498713349792374,81.35763188335282,-88.00206386313467,-47.12158901744095,5.4324118536897e-09,3.953246618948469e-09
2517,-134.19892964213602,-52.17979758022782,-27.30625580197408,73.58325641588127,-29.802157084600495,72.18330946124112,-77.23751489777842,369.95779042906383,-29.529554528412145,-11.354173393578245,-2.0115778247135507,-97.36241799272919,-54.74197753712977,7.023572834441438e-10,1.1588809911700082e-09
2518,-122.58591684623339,-50.74290686307161,-24.413479250563757,66.05001946395727,-26.44434801913791,124.81232184259846,-69.03062357548932,274.29235271179755,-22.936078434052472,-10.072212116841351,-5.86207041412363,-84.36919113681071,-48.697867339486784,1.360774604108883e-09,8.103100412881759e-10
2519,-99.285493908348,-42.99281933151847,-19.638369573055613,36.70733227509739,-21.30113882354129,248.545505301982,-56.0877511621623,87.95694809759644,-18.302299125976226,-9.39301193823905,-3.0367532239623554,-64.19120003656126,-38.98094853268058,9.467271411267575e-10,8.236114013016049e-10
2520,-98.09348828851415,-43.866474712509124,-19.24740488225419,48.17213392562042,-21.246743991896523,230.77588375189862,-55.72042779761491,95.86374085010304,-19.796977530194287,-9.93514270234493,-4.156675835289876,-64.43362490335049,-38.31479786762066,3.0314595278468914e-10,7.777316568535753e-10
2521,-116.57472504369352,-49.878875698859964,-22.371149020965497,69.03281835442246,-24.85681418132308,109.98493739364457,-65.32413978166777,258.3824037103044,-17.29127009502121,-10.441588264323563,4.438555457543736,-90.2103045692171,-44.88984823827143,5.501874511537608e-10,1.2048744224557595e-09
2522,-125.26396933689517,-44.482592135019175,-20.959862052870438,84.03466285679391,-23.586330334094892,86.91280585288852,-63.24167797834341,143.08444953807566,2.4241772360935863,-3.8533541491232195,103.59683143768855,-94.87236577382603,-43.79277511070693,1.4886154531268403e-09,3.9402259233156656e-09
2523,-122.5479826551518,-39.79915510354052,-20.275655649139274,3.762889413338334,-21.884640581261788,134.80994703587658,-60.17389245262763,101.70246283535782,7.698019442933624,-1.1458457140140506,145.2488729422676,-85.82442265722986,-41.570596806478044,1.5534169506281614e-09,3.940259674095614e-09
2524,-124.95762143052468,-44.80568066086985,-21.990699932649587,-8.169448699597263,-24.160410570572164,146.4835778778056,-65.27273276467514,206.74237857430322,-4.842570301186557,-4.802875042729875,79.62499451492485,-88.0364008790183,-45.81251063268471,2.0478410078794695e-09,3.950248128603562e-09
2525,-137.58543825673075,-57.141283951842446,-27.012476780597886,64.73439777058852,-29.645281781496777,27.670680255794018,-77.74864125268427,426.3403753365892,-25.604623715356908,-11.704715816309232,-0.7217342028129232,-97.56239289545981,-54.0188646858654,1.2652208170038648e-09,1.1660148402370396e-09
2526,-122.68818252883086,-51.93799309537317,-24.11786839643269,66.75202465201059,-26.57464621252375,111.14033632880847,-69.5684950241997,284.6868602254097,-17.538169610826568,-10.825830489302533,-4.676510424575685,-86.34228206191597,-48.3092433382711,1.2326495379966218e-09,7.740723617644107e-10
2527,-99.2534322778049,-42.748116620318,-19.29221042722873,50.17574945148274,-21.501563592072397,241.46672657223712,-56.37931366129704,89.100670532258,-16.294584546501166,-9.121263351502918,-3.831067238397765,-73.60815233316056,-38.71344248998718,8.58335624798201e-11,7.54781126488524e-10
2528,-98.28357422880052,-42.90401141747821,-19.2930139542066,55.672942196606584,-21.373571542374094,230.73116602385267,-55.8284032341576,97.81866797602304,-21.37574227227954,-9.568867941622187,-3.871705928352367,-73.23365426741759,-38.4902313934238,2.8626345738302916e-10,7.66071650559752e-10
2529,-116.5534875538772,-50.6081273488442,-22.36725556380651,69.83157659111399,-24.974000204665682,127.87908045841112,-65.31783311793089,239.5718464922978,-21.540646753396135,-10.67207841509965,10.807263080469276,-90.51193401281697,-45.54440362609404,3.950049176637549e-10,1.6155254911609518e-09
2530,-124.08202870764528,-44.64327638980941,-20.793114886076015,75.38980823139744,-23.898189615694307,129.7143033064433,-63.606862404886584,96.32251507736885,1.3261517526496254,-4.455800114193886,114.67614312806403,-90.85220091945156,-45.097448406294845,6.743903213646263e-10,3.938926518287644e-09
2531,-121.47687787380603,-38.746324823551,-19.714565834478663,17.21242227504524,-22.171298148319835,152.05837116696387,-59.842282780921956,59.13621185667802,9.195298600175072,-1.2909374183984206,152.71708086466668,-85.3206673451151,-41.756430484611165,1.345370037597604e-09,3.971386774992425e-09
2532,-124.72865100505416,-43.51910804472673,-21.848861099128438,39.459244077480825,-24.580428050518037,168.71413438697545,-65.9942568021254,125.19182675245678,-6.004651137804779,-6.034453467708707,91.99036013880614,-87.57063237231739,-45.07452331933695,1.5666046238038689e-09,4.749987070340467e-09
2533,-125.22021942300516,-36.8249747040265,-26.710314005651238,73.79851512974025,-29.49076641402678,45.0061312687183,-76.9454609127644,353.5491763701479,-24.73670044475262,-9.571546685357983,9.78644200940212,-99.13415854598458,-53.506123614760924,1.3823751032759901e-09,2.0337722617114196e-09
2534,-122.21062004720054,-50.06207793021378,-23.453828867919334,66.84656788233539,-25.990150566322132,101.25859868888455,-68.59529261298431,269.9145573614112,-12.843228724283156,-7.519898460121028,12.634157189852141,-91.84924647229987,-48.129537403700574,1.6203784980461933e-09,1.615131139942605e-09
2535,-99.44235785723076,-42.3230738034543,-18.868151858561305,48.988313646205484,-21.226568712056896,224.7814801575212,-56.142034385835274,82.47691143713685,-11.013991472085078,-8.609753246562574,14.100300517690776,-74.21269650402044,-38.508377890156076,5.437641448224895e-10,1.6172378991541336e-09
2536,-98.1286944982288,-43.1764802945324,-18.88619614865155,49.139691565763485,-21.228851176880173,231.68113495740945,-55.74042991504595,81.85051162273095,-16.692089884296514,-9.499737342558726,9.910800961382337,-71.48475303094273,-37.744906791878485,5.022116056352388e-10,1.5487024995763932e-09
2537,-116.45754610794137,-50.82824075736273,-22.124964824818335,74.58027354339337,-24.824908787021997,125.61958001842694,-64.97017064052055,219.40209558512288,-20.346721884447685,-10.435810155745047,24.436774921360247,-88.96951268096622,-45.080848198625546,1.2394707482599188e-09,2.4048247837527015e-09
2538,-123.96880030409893,-46.46090391675578,-20.234278977290465,70.50682656933023,-23.67938836620837,128.51186526556006,-63.06044345266893,79.91862321526129,0.4773863360497629,-4.475446574982019,140.86933165731494,-94.75196931899521,-43.6528020773938,1.3230874174041674e-09,3.1788278676003756e-09
2539,-121.45229304445573,-40.828015655063375,-18.939074902595006,25.034170899693628,-22.118181834939875,160.66666498716168,-59.53589846283379,39.331138472027966,6.928038528677655,-2.2091012170283446,166.85092703940418,-91.8923238887615,-41.83605085945957,2.4638211471028626e-09,4.812285681055073e-09
2540,-124.36240278203614,-45.34976659221427,-21.272862733127926,82.56780215039446,-24.4879247488919,126.32211023554493,-65.55656978944603,113.00802362752191,-7.9950812509377895,-6.057300311438614,112.16999795702095,-94.04054059745962,-44.94548509743248,3.049933638976654e-09,6.408756192399778e-09
2541,-129.09890767499596,-38.04573636130664,-26.012637003316918,76.18275904781953,-29.371777850282914,56.895830048216716,-76.93629955154347,336.31405009701416,-27.42363255692827,-11.058472259370784,29.126012135869473,-107.56355390881619,-53.00763412748213,1.442799657525029e-09,2.0430519498404465e-09
2542,-122.27170518508284,-50.31364981294435,-23.237846012004137,72.01143491928315,-26.06048410383732,101.31652392363928,-68.67033938557117,268.1917935739717,-18.474791135513843,-9.070956176890574,19.75671077615739,-95.10234431069276,-48.07434703576935,1.2777263691532426e-09,1.6170282890470844e-09
2543,-99.18753865103947,-43.11105835692723,-18.740160885466352,52.12849622167497,-21.32524354474974,225.58166666868297,-56.16396447673573,82.9043773569108,-12.28954871476445,-8.492786199794727,11.23890305853011,-74.45400369337719,-38.089138755028806,1.5376144801848568e-10,1.6129675373122154e-09
2544,-98.07431581288218,-43.857905710251615,-18.732603610333378,58.10171309926879,-21.299042947331646,218.41329596130223,-55.70954096987361,92.81053739942313,-15.415263812808067,-9.193379666903711,4.43703438179894,-74.08007222994931,-37.40045605975634,-3.9329961509793065e-10,7.735003748621239e-10
2545,-116.10359737382188,-50.413218087561255,-22.11870110363326,71.74765456277926,-24.736643028313452,116.27106645386264,-65.14192018693265,238.88073741431703,-21.47040602816388,-10.402594518657798,18.358906887241766,-89.88563004523623,-44.98565491809553,7.615597041876754e-10,2.3604442844771256e-09
2546,-123.1516072839476,-44.1354764705123,-20.411183511943452,77.06813678703949,-23.159270342471377,123.34861735738721,-63.47378129319537,101.25576334207115,-1.0779961717585926,-3.8249530788418067,117.25665684408413,-95.06737167122216,-44.62753445185827,6.435811883420683e-10,4.807089837299827e-09
2547,-120.66181545769217,-38.85503137534545,-19.357849450789633,22.83033596022052,-21.503671980196547,152.51901743524354,-58.9711708499481,60.86416959304192,5.43423076872299,-0.8548084942643803,149.26541685562668,-88.63424497966109,-42.07457797134515,1.3189946912461892e-09,4.76923034398169e-09
2548,-123.98956834271054,-42.85171230281549,-22.01181277138305,76.0592859592521,-23.825425818526924,123.56027536671617,-63.982281600112785,127.05276932148048,-2.9108759241096998,-4.7382901491587255,93.45094157579112,-91.29169253956844,-44.52161272013317,1.841954144765623e-09,3.140351978458966e-09
2549,-127.92637321218446,-30.108739459672712,-26.863732288019666,77.83820044848709,-29.482219716079037,45.81700275752558,-76.92519516058653,341.78895841881325,-17.76053969499213,-8.349586407066596,7.603449083549087,-102.1998772979135,-53.43134744004341,1.4427428141061682e-09,2.0431087932593073e-09
2550,-122.04490370068133,-50.60046526184949,-23.948649511375162,71.12948768692799,-26.01686599070761,97.87296444148748,-68.4167527481969,277.49682083277514,-13.469223454174214,-8.751134179055388,-0.8163045109686379,-84.19550315525461,-48.23947041701159,1.0709868547564838e-09,1.5792878116371867e-09
2551,-97.08785062864902,-42.247677773164426,-18.81660848766797,42.38896419773493,-20.477239530656103,247.6436876394518,-54.65673672353749,79.21035725100286,-16.481993512565253,-8.79772758180046,-0.4098587861317405,-72.66641053760154,-37.60090550335957,1.127489213104127e-09,1.622112222321448e-09
2552,-95.2375179465466,-42.18982043274675,-18.28024633683679,54.318823295063474,-20.586846651671536,226.35322661413701,-54.09814353136982,95.31185541964456,-22.238727152908947,-9.873798486480439,-4.072918654561836,-71.866016763313,-37.5398693556705,4.955040822096635e-10,4.192415303805319e-10
2553,-112.56734033330191,-48.617985686382895,-21.517980378861484,68.50181266649602,-23.944960255410866,110.74112475894056,-62.89930046652109,254.85625588276352,-25.82913972724809,-10.571358641500513,2.972280729937167,-87.08186738898806,-44.04154113785176,4.5201886678114533e-10,7.528981882387598e-10
2554,-119.83479030174428,-42.677365581396394,-20.05784190262544,75.26524307729701,-22.470721484687232,98.74945325595456,-60.90677973203406,143.54863714031003,-4.261485117429268,-4.136944572202241,92.09170987635527,-92.65090508972065,-42.65820952611348,1.1480096873128787e-09,2.34659935927084e-09
2555,-117.11043319644864,-38.06959455284309,-19.069070874964158,6.614164780165128,-21.073664848325798,193.89732495014914,-56.96160172121145,39.949975422080556,2.548166369457983,-0.9125248174352187,134.62963095707613,-83.61927264993666,-40.823099769749554,2.088881956296973e-09,3.992248198692039e-09
2556,-120.65987760856144,-43.48984035588496,-21.55173202214208,46.94378727990737,-23.408105053225665,174.47072898543337,-62.69074370162703,114.62257665038864,-11.337053946135917,-5.710380765393747,82.92626502495862,-84.70523230212461,-45.41039214328437,1.3751559890806675e-09,2.040156488192224e-09
2557,-138.7326163530084,-11.54221791926789,-28.26526620490711,72.04385557848417,-30.980172607271268,76.38693111953374,-80.49237050208576,352.4476018053368,-35.179789054999496,-12.775398541875774,-1.85690282569396,-103.64194297386594,-57.411711494586214,1.165972207672894e-09,8.169394050128176e-10
2558,-119.65220729458082,-47.681487661313646,-23.898666958367734,69.71824754059976,-25.698008279640618,79.39305660630723,-67.0178784284419,317.0226990764578,-24.62262641033704,-11.01467117323462,-7.651525934651632,-90.6347415065436,-48.26218955594196,7.583480510220397e-10,7.717559924458328e-10
2559,-95.9433923224102,-40.86289643264615,-19.156965438693383,53.60947566430586,-20.60415266000724,202.31259719831024,-54.43687303837592,107.74429459425865,-16.250840598272163,-8.662376767303238,-6.498977420391279,-62.65951701166657,-38.59037574965626,6.893969839438796e-10,7.753158115519909e-10
2560,-95.23751792896469,-42.58931676160514,-18.828725009501223,49.22641982119399,-20.637310461046606,206.58671866763723,-53.98095591385342,109.6598307612735,-18.84976277541363,-9.47862255935133,-7.412522769005151,-60.75863523927066,-37.69959981585205,5.453557605505921e-10,8.178346888598753e-10
2561,-113.02501118466563,-48.874438348531925,-21.91772641499214,68.84779575227212,-24.281792335706356,113.37035961301393,-63.79081201548214,246.463445131298,-25.37396673462206,-11.326698026272865,0.5909485428194194,-75.94427735503568,-44.73782660344012,5.53370682609966e-10,1.1558256574062398e-09
2562,-121.00659075409571,-43.60946672002524,-21.46197064515038,77.41403026742503,-23.953035495050923,103.06478385420144,-63.99378810313407,142.26054906390308,-7.201764823700158,-5.997407816076228,93.25799338449433,-83.55835263116145,-45.21497954204104,5.295248683978571e-10,3.9700900344996626e-09
2563,-118.00515990484314,-41.13745823177005,-21.260558187399194,27.116344542521517,-22.351254905149588,142.9604367590776,-60.167918160642536,75.9616410011498,1.5048338506188428,-2.6318438811077405,142.60517498339163,-82.18608795482332,-42.40814986343517,7.416474545607343e-09,3.971096340649183e-09
2564,-121.33755279040115,-45.167640353282195,-22.227916937719712,76.43516403980315,-24.386445820101986,133.08699595385374,-64.70589297562637,135.38837952240272,-13.073932577466712,-7.877162921071113,84.83267065915132,-85.2617408298545,-45.704924934932166,-5.825768312206492e-09,3.221479971671215e-09
2565,-99.07844007179595,26.626385603690114,-28.13383116658109,72.20452100930797,-30.85944133353249,16.169663295854612,-80.80113351665787,336.1245614972247,-30.51705078573072,-12.982448360682156,-1.3645215993037911,-110.41645594565931,-56.971808601919044,8.984102350950707e-10,1.1994814030913403e-09
2566,-119.99229729208918,-49.87708620302514,-23.842530246366326,70.7051735926359,-25.82459543199059,66.04828622156307,-67.55157364079484,327.811150675261,-23.641481771224182,-11.168216796017003,-6.842305578425666,-87.89532466897998,-47.92919883905659,8.345182322955225e-10,8.175646826202865e-10
2567,-99.17376370204931,-42.00274840825547,-19.693551892738807,59.74185692553446,-21.358284044961056,185.48781015045242,-56.05884990692501,131.93074862792741,-19.052986813612996,-9.55063186664818,-6.282403392815492,-64.31590242889587,-39.67129323186743,8.968754627858289e-10,8.236185067289625e-10
2568,-98.08390592799391,-42.86813810062628,-19.455211145031473,55.95810541446027,-21.24839588703988,190.9170387983064,-55.64187394474936,128.2285188508753,-19.675524160844674,-9.900688100304892,-5.866462287251217,-63.17228905464901,-39.19117444115905,4.3024783735745586e-10,8.256009209617332e-10
2569,-116.3680230768937,-51.240582262095494,-22.640536664581646,70.15425487176945,-25.026515994891408,89.90096171651814,-65.80758102628747,278.05635958298564,-23.136241121805508,-12.345423737620699,7.519429833381606,-82.94557229057592,-46.12052981012107,5.533422609005356e-10,1.2048602116010443e-09
2570,-124.44678539929143,-47.35331324319735,-21.2932875743454,83.85706036265556,-24.508942664008835,83.63602140265257,-67.08272801327726,158.2184121568427,-9.183239635112043,-9.51844911854774,112.71398632159075,-88.3883084659155,-46.650426084446764,1.1380052455933765e-09,3.942982829130415e-09
2571,-122.17412773645357,-43.3865839442905,-20.104059409617307,18.18827394057282,-22.92667914128417,113.1799896676315,-63.1433217416361,139.4566964167754,-0.3190151578499234,-4.275289719905568,134.2752068333118,-85.1064001643739,-43.664689796253164,1.1308429748169146e-09,3.960873407038434e-09
2572,-125.13080802057756,-46.482009785560365,-21.93693678004352,41.94783655258201,-24.746318142085773,107.21323542830956,-66.70129411490694,201.35998897039863,-11.214652962204928,-6.690378990429153,87.39296387433966,-87.85781671795978,-47.15380926408594,1.924206571857212e-09,3.958588123964546e-09
2573,-137.18992642209383,-56.40799731191335,-26.656552341423946,73.39246844365213,-29.496141466873997,68.38507257512617,-77.57730212583955,368.4700808398072,-25.639629539318943,-12.632074756405856,7.48212095696986,-97.68381247718038,-54.44630634527658,1.6106014300021343e-09,1.9845316501232446e-09
2574,-122.60642508556728,-52.75929215896754,-23.8729552311136,66.86915527802891,-26.214151358666587,67.22027891177078,-69.62304234901987,327.2050802434084,-25.80981035350629,-12.31437743893567,5.109427294139774,-84.41787226390869,-48.786015465592904,9.349037100037094e-10,1.6382557532779174e-09
2575,-100.22520390105025,-44.819762832570234,-19.730986806708522,61.257986325991304,-21.703860523098893,185.55531963076385,-56.93131861576383,132.77969101320906,-23.58322271838559,-10.730403099082462,3.173107312512834,-65.27884449956079,-39.7625012704545,4.0250824895338155e-10,8.355627301170898e-10
2576,-98.4029847703071,-44.0048811904424,-19.46476484266784,61.45733561231446,-21.39954292553615,196.62652465840208,-55.89623431269226,118.45818361509014,-24.24904231091633,-10.535306975190487,4.806323877556729,-68.07694466318596,-39.31866575936295,4.8260062612826e-10,7.908127486189187e-10
2577,-116.88089174506504,-50.697141850817694,-22.811250140884656,74.03288211563752,-25.133233135966574,88.3473697243308,-66.48836074177044,275.3541450573598,-27.081442602211823,-11.740812658466382,19.031328145764785,-89.51928602106359,-46.4133061243867,7.968310455908068e-10,1.5569057154607435e-09
2578,-124.86666695380158,-46.178359165152436,-21.43323661206789,90.86532838494442,-24.89920846454078,86.30396611447277,-69.08392862671433,136.25234143036866,-6.272839656118954,-7.442526707922809,124.26413497134943,-90.7079922691213,-46.801012395699566,-2.078888883261243e-08,4.8316897149902616e-09
2579,-122.82601613700035,-43.46438034757937,-20.115761079376163,7.523616250706771,-23.792859845551874,115.39579106346322,-64.71754671683368,127.40742973799111,2.4534720371911796,-4.12612099181304,155.85079516323938,-85.69638790570625,-43.89203117854064,8.48558556754142e-10,4.007940646033603e-09
2580,-125.2304349402273,-47.80653829039456,-23.227045078365897,25.716072929439104,-25.22878159157209,123.9921867932288,-67.55720450059295,201.14882846530705,-12.606682162845766,-7.654214339486292,94.56418302170435,-88.87826273485707,-47.23210752940596,1.7572858723724494e-09,4.007359777347119e-09
2581,-135.50390139352882,-11.52285661279783,-27.341203171652744,73.42597618513226,-29.773240537908094,54.88985073343724,-77.93588455703471,341.4739094272295,-27.380543498430516,-12.162242380143418,8.046885017643278,-101.72430364861484,-54.49244554070399,8.324718692165334e-10,1.976438568362937e-09
2582,-122.75888771916284,-52.84860637257867,-24.26604053409793,69.24085006327881,-26.570582533217557,68.84181977361507,-69.65177612767447,321.5778206784249,-21.17638632491243,-12.182784200396744,8.78129822337005,-90.35698339398094,-48.62974151077775,8.291181075037457e-10,1.6079440001703915e-09
2583,-99.18753697184937,-43.99720302908453,-19.55802069312988,53.39550872041279,-21.502489751154584,199.05665155599615,-56.34188890585864,110.74221489559959,-17.34655774113629,-10.619308393867327,8.971347420360573,-64.74560838896265,-38.867108703261046,5.028368832427077e-10,1.6129533264575002e-09
2584,-98.08390562542154,-43.86219387846497,-19.22150849925018,60.529765513336294,-21.33015590145734,198.3114195532939,-55.714987981156725,113.97489339958489,-21.480245141311716,-10.501148482070386,5.097751680614739,-69.39361179947697,-38.326072819344986,5.797460289613809e-10,1.6227588162109896e-09
2585,-116.54431954533281,-50.33135583495024,-22.646628097201432,72.2819305618928,-25.130671253741966,95.97136661062987,-66.2978035117199,265.26016790117365,-26.302118329711803,-11.571522421748275,16.417592422736643,-85.45796139188502,-45.64867708677895,8.42362624098314e-10,1.631157431347674e-09
2586,-125.46532063510234,-45.42964878805769,-21.573135266985414,86.57185673670551,-25.121534149092824,110.98763407353718,-70.55202013851525,104.9151822536167,-5.084487815380076,-5.727478523445061,132.39338063618592,-90.68433122359167,-45.23009710687369,1.9051640265388414e-09,4.805102093996538e-09
2587,-123.05707129618726,-42.601779870978056,-19.991906733553787,23.615445798320465,-24.651988758991298,149.17942671830926,-66.44382497159053,58.45369802174593,5.847778228053015,-3.335172104656191,169.97537218868908,-85.15965322417564,-41.83032394521923,1.3485532690538093e-09,4.781863793823504e-09
2588,-126.45266687268784,-48.631713914121704,-22.802859824576633,73.2924928082484,-25.941617148735393,129.62323037682305,-68.58150478866443,140.4291244613869,-11.666296756336205,-7.59622863213913,102.30455364363864,-87.41762980282202,-46.558883501252005,1.3330918591236696e-09,4.0312491123017935e-09
2589,-133.4241821632684,-36.738074149420136,-27.106609228710465,74.95437758357683,-29.894873263194558,68.52220001017125,-78.10930027592512,346.72159028296494,-33.703522184519095,-13.596510451611852,17.46129410294793,-100.65732515950877,-54.42906507962353,1.6170247363334056e-09,1.967016771686758e-09
2590,-122.91872123362536,-53.587052168047386,-24.238384833235855,71.58461989288263,-26.70447713538615,71.16037016918594,-69.72816745992766,317.4656495634678,-27.027722091939797,-12.26684211136435,16.71904220905673,-91.3016436840031,-49.156671096926274,1.979287844733335e-10,1.6084200638033508e-09
2591,-99.23888878938727,-43.82658427513131,-19.5425014703722,60.444330169380464,-21.581329545359477,191.8458031386697,-56.37105831406093,117.06801961176559,-17.793025675317935,-10.22899156676662,8.373303664641229,-69.6975578182855,-39.451519115061295,2.9399416234809905e-10,1.6213199671710754e-09
2592,-98.07431225802104,-43.49654490369459,-19.298789320697956,62.456998111210225,-21.328067420580144,194.07250038691623,-55.709537396556875,118.38332932829708,-19.341639611337683,-10.016490344622781,4.145804422038384,-72.92302176886012,-38.87022920996058,-3.927880243281834e-10,7.734897167210875e-10
2593,-116.2835691184197,-50.10711682755287,-22.605534091784037,71.89273448135317,-24.927359166763654,93.05914326829824,-65.33618290704251,266.94510020256223,-23.432009510421295,-11.024659533729118,17.07836404933346,-89.92827677890126,-45.33063404209334,5.285869519866537e-10,1.6166339378287375e-09
2594,-124.47662506474937,-45.18474048115487,-21.87753239169643,87.22111353647264,-24.870440415142596,102.28309824242447,-65.74608959520586,105.26775192956867,-3.2764110709098553,-5.270615332041081,134.8649575412507,-93.89010501190866,-45.044361840212524,3.852846930385567e-10,4.829374233850103e-09
2595,-122.83022598958462,-44.61615554269446,-19.983107548540428,23.260867402898263,-22.77640015380725,139.11803450109497,-62.34600583626224,70.66931540239688,3.9802409426333103,-3.6194894810984968,167.08110668408256,-85.05144406728928,-42.88673626420294,1.5895693650236353e-09,3.990074048942915e-09
2596,-125.34422352613532,-48.46329546928856,-22.626849907155034,-3.915960735821307,-25.37025517831184,121.50948711459716,-67.80780155632097,218.9959450055818,-11.054626465415833,-7.222741021179505,105.20162557667804,-87.81466208215853,-46.08664170911053,1.6016201698221266e-09,3.944540694078569e-09
2597,-137.204433404859,-56.94508158974311,-27.203923220498844,64.50257996527624,-29.756572657686235,25.584947629738274,-77.90381357313146,419.7124087048584,-31.51175887312098,-13.385485027734129,15.867445946848196,-97.29685528800584,-54.459458588554035,1.3145609045750462e-09,2.0271997414056386e-09
2598,-122.77165972319303,-50.88566408341548,-24.4022469686163,66.92276603261641,-26.68835686145367,112.61065975444595,-69.70234443723676,271.83947485969384,-23.043184263071254,-12.102629511869688,13.50500273217789,-86.12516838964066,-49.15664912079995,1.979287844733335e-10,1.6084271692307084e-09
2599,-99.21947822367272,-43.05693326300952,-19.680448436658875,58.56452678557004,-21.529920900651366,203.72161762277955,-56.3600282911089,110.6264515599971,-18.396769787796877,-9.848693612425931,7.004348181362433,-72.17976421319842,-39.64490740556843,-2.5011104298755527e-10,7.790390554873738e-10
2600,-98.07430918919216,-43.85789912225418,-19.453302783652404,63.45951451491097,-21.328064419248367,188.9496055691506,-55.70953437685751,128.75733606989488,-19.39603153529727,-10.500115883743401,0.23305956749300127,-73.89292226983923,-39.18733612813128,-3.431068762438372e-10,7.734968221484451e-10
2601,-116.4076710502037,-50.23935554982184,-22.667967857271478,71.01714660602029,-24.993525822231934,89.79225294710427,-65.83560944055266,276.1328676876061,-23.134434097465963,-11.526353422303474,13.868670056951617,-90.05196779049471,-45.954052244091066,5.200035957386717e-10,1.6166339378287375e-09
2602,-125.27841824451598,-45.36006913359687,-21.415582421955257,86.6098179656731,-24.26828116582454,96.46521853085035,-67.07432873985736,116.48692879725138,-2.3292556196945378,-6.410472912741057,129.6115663125341,-91.67594185707017,-45.36118146055836,2.226215656264685e-09,4.783434093269534e-09
2603,-122.69785329811359,-42.44677673806382,-20.237176412977583,41.09596653567017,-23.34973023356961,123.39702547262291,-62.42176677004948,79.97031127459871,4.461158696418388,-3.152723447999107,154.6872679817083,-86.16314007738251,-43.142562937157365,1.0634266800479963e-09,3.9950229790974845e-09
2604,-124.98202595170311,-45.38062781046895,-22.485913747137083,77.94671470243554,-24.628394752644386,127.94647118466625,-66.8068025314069,134.42932870208762,-12.00686272224221,-6.60082061297565,96.42277467155748,-87.59365587059,-46.26018521659292,1.6049739315349143e-09,4.015754839770125e-09
2605,-129.83877849913515,-39.21366385191632,-27.141856638083127,74.48571558389527,-29.759078266766085,76.21942850320826,-77.5793964793489,339.3827841502621,-25.05387503478206,-11.859487028741949,8.777671080791015,-104.04956569730949,-54.369897794307455,3.533386916387826e-10,2.0040360482198594e-09
2606,-122.80174536189092,-52.258909149185094,-24.402262770741423,67.73970180937324,-26.53016418547495,76.26808645677735,-69.39643414277548,303.5307915507009,-15.843598701018399,-10.781087210244593,8.586127310147603,-85.78137575913611,-48.329129824103134,6.961613507883158e-10,1.6084271692307084e-09
2607,-96.11795499739868,-42.280009997550216,-18.990172961746477,22.010840798517528,-20.846111513441777,219.43732336626576,-54.477920383511645,102.37513832492239,-14.379557103613964,-9.468823679294886,11.576767318902492,-61.50521860119434,-37.33430055111294,3.339550858072471e-10,1.5750387660773413e-09
2608,-95.23757190763158,-42.58937042914433,-18.709393124171086,-19.691609513900694,-20.711210915179535,210.96466272665654,-54.098197393193175,161.01323271974303,-20.472642177856414,-10.196460932619239,7.7164851087428135,-60.800931294052695,-37.186992851520316,5.454126039694529e-10,1.6149819259680953e-09
2609,-113.21032872383013,-49.039780399416365,-21.95301713562414,21.38985511605432,-24.436865893904027,111.48129551659713,-64.3129709294656,278.9299776891324,-24.85173180468204,-11.553063076903726,18.432671740291216,-76.37183010737056,-44.50421196777228,3.268496584496461e-10,1.5862369195929205e-09
2610,-120.01063145652765,-43.43788566522164,-20.4801210218439,1.865020711586413,-23.291135836451407,112.2935635436858,-64.4893364497277,174.01108424733746,-6.2749942465562185,-7.189577556127876,124.74307773423169,-83.25130772019604,-44.487756234882035,-3.255479441577336e-09,4.75145922607112e-09
2611,-117.67541864861211,-39.44650919500162,-19.82276760077135,14.07306826742976,-22.25586680979377,158.49823785303647,-59.546370607102276,56.897311393825476,4.692374607910051,-2.0252535217315315,149.90022394792052,-82.49555529683124,-40.793474339837125,1.071839506039396e-09,4.006649234611359e-09
2612,-121.28898253252726,-46.32608263191726,-22.458301352081968,67.6575155929062,-24.55945537641839,143.05423127546152,-64.24032158598271,129.77949469799472,-11.817495939419617,-6.941979628310955,87.24839216147815,-85.21120689889248,-44.89580774091339,5.059064278611913e-10,2.3715269747981438e-09
2613,-136.79220124006062,23.623157570101657,-28.505067612508263,73.13064895595011,-31.05793714414451,35.70662367521037,-81.15095346736803,347.00131609800155,-31.890720328657945,-13.932479180024169,6.739720754875321,-105.91851436465976,-56.95359369277909,1.0743406164692715e-09,1.9958292796218302e-09
2614,-119.70454008620277,-49.78754497033856,-23.867163416122178,68.32808931501415,-25.998100078079396,92.47976059217595,-67.9676274305697,280.822778376021,-18.327338460668017,-10.77492702721339,8.217822269155935,-85.70976015347664,-47.71144891011449,8.96818619366968e-10,1.5792593899277563e-09
2615,-95.99455526764578,-41.43556920724312,-18.849714649266282,28.644431821450134,-20.76882739533918,225.64988497565116,-54.510169746927225,85.18073219639635,-11.544256528889896,-8.927844420513114,12.391466253639793,-61.74724787744996,-38.088330131035384,1.0356302482250612e-09,1.6123209434226737e-09
2616,-95.23751355665442,-42.58931231553924,-18.446556331991708,36.137503156372034,-20.683526434069208,227.3479864031786,-54.098139110955515,85.33957687462105,-18.005380538449813,-9.907477369731874,9.346899477916555,-62.028430626449946,-37.175629609116335,4.955609256285243e-10,1.614953504258665e-09
2617,-113.61021018909258,-50.20854323184314,-21.78050724916961,71.52744154485931,-24.478387625963116,128.27291886901068,-64.26714239471119,209.8964798446099,-25.28261623519218,-11.908747083921014,23.755368080316412,-77.25157023298014,-44.664484070079865,9.561631486576516e-10,2.006355970252116e-09
2618,-122.2220746334802,-47.22501873347408,-20.464733055760583,65.92934605253706,-24.15260972936192,121.12699951522498,-66.4142468433882,114.41529497897328,-10.651374987290614,-8.997802427698996,127.9781431230922,-83.90004134295543,-45.421881868947985,1.4076704246690497e-09,3.1422402457792487e-09
2619,-119.01944465994279,-41.87090786010108,-19.25583752137634,13.114519690019717,-22.887143359951605,151.6102594540046,-60.33757651459174,61.77208594651888,-0.9161477347742297,-4.1765036464788015,166.0048779285982,-81.65477256004743,-42.38340910920135,1.7457750800531358e-09,4.790937424559161e-09
2620,-122.57615467506982,-46.40482280978942,-21.336209860190145,44.39024057333203,-23.734186780738664,149.51962952016513,-64.63600127794507,125.7598909984916,-12.300147553289067,-6.257529911352943,107.81672554466408,-84.98039128391662,-45.26104242873859,2.176193447667174e-09,4.7635159150516415e-09
2621,-139.1673687257878,-3.016604654270146,-28.139567412985656,79.00108901953517,-30.824667785631938,45.411056998114205,-81.09898873955592,343.09472009812373,-32.974866457282175,-12.685379382689035,23.60452742632392,-106.61357321279608,-56.59037714143076,1.1067982086387929e-09,1.9461978695289872e-09
2622,-120.32683251345173,-53.80902284434216,-23.551828854177675,78.47907765450863,-25.893023688910766,94.89977623376232,-68.03104626069249,278.8137085073013,-27.630623862935067,-12.275151365047591,14.210645443387845,-87.25289777495519,-47.63278064818779,1.3451426639221609e-09,1.5792593899277563e-09
2623,-99.29010062312695,-44.40159266143641,-19.491232115638095,56.402165839810856,-21.549136983951342,209.52901028767002,-56.40014757131778,103.18840472562452,-24.308332674335823,-10.630286959220786,10.81948596444849,-64.19510665399672,-39.67313055571727,9.555378710501827e-11,7.676064228689938e-10
2624,-98.07431054081512,-43.8579005300666,-19.29293367918375,50.85746665288545,-21.328065741442714,218.55527283530304,-55.70953571385039,96.80269443985327,-22.550444323648943,-10.500117192574445,8.407518283423398,-64.12230700966418,-39.18733746220239,-3.4305003282497637e-10,7.734897167210875e-10
2625,-116.4613055480092,-51.066417106065245,-22.535302738988204,78.38891767317902,-25.036671653553526,118.30120032260325,-66.2477229495391,239.6195185916694,-25.779541510576355,-12.004964661127095,16.34719072857473,-87.56790688962309,-45.95699423290799,9.547420631861314e-10,1.61662683240138e-09
2626,-125.0430618720099,-46.57809401552225,-21.208413706563952,92.23930594811074,-24.521125276664776,115.34495129627439,-67.81100901060609,105.76121576489054,-9.951121409526488,-7.114414256512155,123.92938450884846,-89.42497765477839,-45.622640260401305,1.2862528819823638e-09,4.8284614084792565e-09
2627,-122.9312479987086,-42.48273326238152,-19.90161816663359,19.426207160080814,-22.467913653978783,156.02749496077007,-62.51221053962824,55.882251052990036,2.813818794495077,-3.853331245927786,168.82749807750682,-85.43364516413779,-43.394569955517376,2.951082933577709e-09,4.811418818917446e-09
2628,-125.28566998111721,-47.420962493492326,-22.216256221764965,24.344373187477384,-24.09216502918318,153.77954623531716,-65.93414011514487,136.54411243489673,-9.235984681905638,-6.8245997898639335,120.98403762395762,-87.53430820750496,-47.10798289952824,1.6534613678231835e-09,4.804501685384821e-09
2629,-131.1450621689292,-46.032815921358136,-26.732227398826257,86.92810536481653,-29.171635430107198,45.28408699654244,-77.74352336317949,349.0719160987299,-31.205035734214704,-13.988504261502026,30.15758907747437,-100.44168007931468,-54.98121314364346,9.883933671517298e-10,2.0119941268603725e-09
2630,-122.3174523846559,-51.42072934210987,-23.92797238374821,80.73763147337282,-26.39667803772762,95.14622090689733,-69.63826136337332,281.01441038123056,-25.138854243802307,-11.65742662674082,16.883139657191826,-94.1273610876262,-49.15666692029967,1.194393917103298e-09,1.6084307219443872e-09
2631,-98.67021524526018,-41.71429253427149,-19.263585072541986,50.916972024527354,-21.439535904595306,224.87280446410315,-56.084497470228854,82.32261658386828,-15.166074540245251,-10.256994972613775,15.703097461377201,-71.63311796426855,-39.58717680387609,6.284608389250934e-10,1.572693975049333e-09
2632,-97.93557187296281,-42.62791318793372,-19.07304409101183,52.61631943238139,-21.08688234512635,226.9022118421623,-55.59932357939655,84.4946154236752,-17.754407681397126,-10.500117155658314,10.165024143012765,-70.86776128541284,-38.73314961754002,4.540652298601344e-10,1.5706547173977015e-09
2633,-116.45765792760926,-49.52294079348026,-22.107675733746756,79.96181378737379,-24.78137498022165,125.2146756206526,-65.98923523625426,223.3813108785366,-22.046521783312585,-11.485779795227689,16.315208170035596,-86.68431722415107,-45.7975049521364,1.2625491763174068e-09,2.409727528629446e-09
2634,-126.20168185231539,-45.46320338835757,-20.741793809086673,72.02054336861491,-24.403554838628743,139.99088810271203,-69.4492886927515,94.10992218486182,-0.2858335351331082,-7.574556009976141,123.76029312118577,-88.11392777642078,-47.647806821219845,1.6611352293693926e-09,4.7991690621529415e-09
2635,-123.0136299006334,-42.014633910277205,-19.587667821073786,21.476437164877222,-22.461667591432104,169.00780556005904,-63.897180502202076,38.24963761385168,5.176842298325338,-3.8190009647948995,170.29467576927613,-85.56114963307934,-43.85046801831805,2.7898749976884574e-09,4.809287190710165e-09
2636,-125.7761010393906,-46.80601732560057,-21.80651600090635,58.0015413192659,-23.975459552420265,157.15226042706354,-65.82778886673837,100.31885410986418,-7.768196620634043,-7.032438779028167,117.42532255858814,-87.55408021470872,-46.35137995276219,1.595026333234273e-09,4.73963979175096e-09
2637,-124.1632165421042,-44.16624085886207,-26.64803689038577,83.85961693059191,-29.119787196047017,55.230629488659574,-77.56543479638235,336.93990990962567,-28.961607667791927,-13.733760235227766,29.25020074841552,-106.36901658747716,-54.553256271426804,8.057554623519536e-10,2.0158950064796954e-09
2638,-122.80107176211976,-52.910117688387054,-23.848833739029637,81.24705785380232,-26.375823377706574,115.33443543549788,-69.40521360418546,252.4543151597032,-19.120182839378923,-12.340877097225555,20.392947486329557,-93.69466905421653,-48.93196674387816,1.0947474038403016e-09,1.6084200638033508e-09
2639,-99.03978952013372,-43.291613383833564,-19.391797486831695,43.12658459012899,-21.415147337938638,236.80527227487147,-56.05746779408843,78.33075841364396,-14.869404555214322,-9.87192886747917,14.752383899738465,-70.05294004195684,-39.024910165096486,8.279243957076687e-10,1.5988561585800198e-09
2640,-98.0743165038416,-43.3182489303283,-19.330021267268794,57.22821221798435,-21.28486036883537,221.80959620576238,-55.623081377309454,93.7579297344424,-22.256327397341668,-9.942536935308183,3.913383307231352,-68.29428513737895,-38.5854435292913,5.6843418860808015e-12,1.5706476119703439e-09
2641,-116.41587325624839,-50.27892612800902,-22.62790071173221,76.08252281250354,-25.076108422694876,122.46224048091025,-65.89533395850104,238.51594309979816,-25.66607337373509,-11.078243304472407,13.704765533734465,-87.86456478396312,-45.862447962411764,1.3158683032088447e-09,2.409748844911519e-09
2642,-126.1351163576634,-47.42545985182172,-21.58436426502467,72.45132154421297,-24.803919276179137,142.689538684905,-66.92567678561637,89.81793921541399,-3.471085979281576,-5.867609539735835,127.81581128363217,-90.48189162717117,-46.07948698995757,1.3205863069742918e-09,4.774804551743728e-09
2643,-123.40062375466745,-42.992305501160764,-19.87219450713955,26.162460075626704,-22.349689753757957,161.7270746392946,-62.293787189025906,45.232252206966635,4.030654277326498,-3.2419357684172994,165.31884236900592,-85.49446611838836,-42.82628091364142,3.604554876801558e-09,4.733799130463012e-09
2644,-125.5132146130631,-48.054393360669,-22.009069489818916,70.29132147458078,-23.967345183280756,132.1068716100778,-65.93879926534322,116.2316501380087,-9.797009654192898,-7.157726737050118,117.45065049628694,-87.53829957385437,-46.10463577567251,2.931756171165034e-09,4.764221017694581e-09
2645,-131.25082610160183,-45.88761819828006,-26.632978372118686,85.02656467552394,-29.170976133560615,49.68927419438636,-77.55791898755231,345.2979181661135,-30.111913661434528,-13.414162393766011,30.49184616395434,-101.92012749340425,-54.55908182250809,1.0965095498249866e-09,1.989917564060306e-09
2646,-123.02458185038125,-53.09548567049626,-23.755657180293035,82.96582191425054,-26.328452117882595,101.08872253549495,-69.53238629101286,263.0466360640169,-21.94253320797453,-12.144526976650777,23.648364653994832,-91.76924914440524,-49.15667269925832,1.991509179788409e-09,3.2029880969730584e-09
2647,-99.07498885302275,-43.53455172618598,-19.342759790760365,39.27132637219892,-21.31581719742677,226.67374142995402,-56.13728299804643,82.84629164804372,-14.724026506023721,-10.210979776196874,19.28414544480016,-65.01447964541569,-38.72061837594301,1.0269332051393576e-09,1.572693975049333e-09
2648,-98.07431670636727,-43.85790663026042,-19.163953673442574,47.228133151312164,-21.184858741115125,223.11904124861113,-55.64016866511657,89.44495729703716,-18.10521102165584,-9.241922709572146,8.53561095820192,-65.89550461596998,-37.16389987155383,4.042703949380666e-10,1.5706476119703439e-09
2649,-116.33798818674866,-50.14134653977251,-22.271197562581733,75.34561181310848,-24.854310261013673,127.74853134693505,-65.88399753700513,229.37276709551867,-23.20354586292844,-10.616402832555238,15.40519632400059,-89.84429649345165,-44.71902127412699,1.5597265701217111e-09,2.3604300736224104e-09
2650,-124.56814298724093,-45.277637610075985,-20.74630742196043,62.33519400008826,-24.616569796084796,151.7353890256164,-66.63316192229817,76.62975091036259,-2.741655423285448,-5.220733979898718,138.64349405292648,-95.17238106208667,-44.36723772452089,2.385831976425834e-09,6.3770784208827536e-09
2651,-121.48552122747367,-41.78475066025294,-19.332425099419876,30.315685514451673,-22.165958129201087,166.35480913970028,-61.27707641083686,27.48356358164543,3.4041750267990554,-3.1640500348347764,174.82707408568962,-91.03809956343629,-42.13742615898154,3.6334313335828483e-09,4.73750816354368e-09
2652,-124.52149412190339,-47.600295135662,-21.287923346466233,92.12269449015022,-24.075808790480306,114.75979809357273,-65.65849376557013,117.32949677704619,-11.797280373803883,-7.470216428114581,119.06373635520204,-94.92928862455122,-45.934925065799725,3.750415089598391e-09,4.750171811451764e-09
2653,-121.63208605574873,-37.766976524304,-25.900099713918973,86.6198743876049,-29.15935917640371,40.42924504653495,-77.61568002886284,336.8566585436623,-29.50248729831782,-14.002771482783018,32.47232135281497,-106.62353483263577,-54.175104176790974,1.633168267289875e-09,1.972182417375734e-09
2654,-122.65114353345031,-52.029576877243734,-22.93969987881813,86.51444538618625,-26.15463054044684,99.25467641084379,-69.45367555017245,258.747397447401,-22.164357921573927,-12.295733134048024,26.90827918776667,-95.19152387737103,-48.54445708488626,1.1943370736844372e-09,3.2027145380197908e-09
2655,-99.07498803872274,-42.594421138857136,-18.796372210509027,54.42651187136256,-21.384251841454297,222.52180387027965,-56.16274599671129,79.76958886436026,-18.019663052766404,-9.889911494878131,22.1262232575102,-73.77065323418901,-39.15112082944688,6.283471520873718e-10,1.5726833169082965e-09
2656,-98.07431567941592,-43.00494706245808,-18.90581485772055,52.884704726502164,-21.328070892934928,220.25006943304945,-55.70954083647561,87.17617028027648,-19.755756087250184,-10.177062519617662,16.057117211673035,-70.8844166548038,-38.528137038024084,-3.4305003282497637e-10,1.5706653755387379e-09
2657,-116.38361487539686,-50.23464791594805,-22.18036838851575,77.23868494290214,-25.093649945320067,122.73723545578702,-66.167470660316,216.84396702719886,-21.8046493966387,-11.408792643089873,23.333251129013224,-81.68533601291155,-45.19460868770932,2.2379254005500115e-10,2.4305961687787203e-09
2658,-125.29091642266324,-45.30732607117451,-20.440821364528528,75.89573378339776,-24.82753961491361,133.07772649648697,-69.6547185069937,83.4723760094754,-2.6488632373243943,-5.92310204557682,138.9627982905733,-90.08527821587197,-47.23006904201962,5.331344254955184e-10,4.770299710799009e-09
2659,-122.84610834762472,-42.55980810926377,-19.010704187300252,34.901868616915216,-22.73328596774084,154.14787742323517,-63.56097330063866,47.89183371040339,-0.1097281425267927,-4.764891549448818,168.49183397848537,-86.251287664652,-43.59662639719539,8.2267206380493e-09,4.819241894438164e-09
2660,-125.9167257203196,-48.188802577896716,-21.069827432580404,90.22557036053995,-24.16031837151746,117.38666969743967,-66.26695131659693,124.51671251620361,-12.221993037578363,-9.255567826600952,109.34092267924188,-88.02602552139922,-46.363663387901305,1.3523731468012556e-08,4.74793360183412e-09
2661,-136.89313305897818,-55.15476150490996,-25.943709441702204,88.32477335011298,-29.359333232933707,64.85295173262026,-77.63811444818671,337.8567786997223,-25.04518298125678,-13.257138976981201,32.05044474180846,-105.50956669691948,-54.28400814671737,8.556071406928822e-10,2.0145947132732545e-09
2662,-122.83488490152443,-52.82484537443449,-23.359350643938047,86.62404873672735,-26.429047909097864,107.57550910862447,-69.5072194189633,253.68812195643835,-22.583450447582532,-12.878108657348841,22.46413337421876,-92.5682132194903,-47.36669257442528,1.0947474038403016e-09,1.6084182874465114e-09
2663,-96.04818404207035,-42.951839701976084,-18.275208487479325,25.738652726914964,-20.7866753657537,243.0241310199382,-54.558629957908586,75.59845210197236,-21.654788912680207,-10.283200116565379,19.871908683330044,-62.13771567719346,-37.536902247426255,3.4583536034915596e-10,1.6046595163743405e-09
2664,-95.2718000637487,-42.60464582567456,-18.325213714307296,28.76390634156065,-20.718610038036395,231.65157556807756,-54.11761570118744,85.37815077036103,-22.242822403615,-10.200074441611036,16.005575669180267,-60.78770484979695,-37.530721288984154,-3.8608050090260804e-10,1.6233414612543129e-09
2665,-112.47442411843114,-48.817044423924806,-21.373872774731463,78.62423648279155,-24.416967062963685,127.18528063728914,-63.57499718194771,208.42705786876164,-23.117030454787372,-11.145419060652294,17.509885415083986,-82.7912323994178,-44.035472899665145,4.0739678297541104e-10,1.5732766200926562e-09
2666,-120.13111385206945,-43.04620656104492,-19.915204409345584,72.19564653989535,-23.41669613310819,125.07431949085979,-62.963631535364,92.09390300269457,-3.594077032288875,-4.440782400931227,119.10484309350194,-86.21559176067605,-44.74540839058181,1.021192019834416e-09,4.760513760970753e-09
2667,-118.29303571300953,-39.757294907315575,-18.35609621693702,20.596326269840368,-21.519237483898646,152.28812349396748,-58.557145200443316,46.128254852558264,0.9179255444969169,-1.9744191666723323,162.46016318390372,-81.80409747616237,-42.129467127005924,1.4288161764852703e-09,4.016779797666459e-09
2668,-122.42304112768491,-46.80400242180829,-20.386239262093824,61.818096906995876,-23.353010102637594,143.6954729528683,-64.47662150997584,114.28728062183397,-13.760664286810613,-6.631123511558061,107.59941372895054,-84.69625219823554,-44.86930973507849,1.811713445931673e-09,4.764306948956687e-09
2669,-136.29037489003946,-15.625339289070345,-27.360102212066508,80.10199150258279,-30.55063294610891,53.2422940097221,-80.94991531824631,345.32932644671234,-32.466600748957056,-14.699328205857816,21.242959975653903,-105.03640440447487,-56.93787389148328,1.0130065675184596e-09,2.0375878762024513e-09
2670,-119.69161719245872,-50.559933066386336,-22.802825614822797,76.06854660670851,-25.662989267329024,109.81906890343876,-67.82226342916026,254.29107984309195,-24.486016499046215,-11.59663509751471,21.43942227058238,-91.49465816256262,-47.50117926702786,6.640448191319592e-10,3.1454163718080963e-09
2671,-94.8371793062354,-40.93096552550568,-18.109809089966213,27.675871017937208,-20.469326079589415,241.58188487655943,-53.77645039867984,73.46885088629342,-17.512069691979505,-9.90968285232495,17.590177456536797,-67.60541639640509,-37.165884873456946,3.5726088754017837e-10,1.5787229301622574e-09
2672,-94.21830657615,-41.47772475775402,-18.05518194959212,28.511971664000768,-20.43938307765529,236.9188176596662,-53.519195362194324,77.70645369060999,-17.800470604689195,-10.08728382548417,13.330438973923584,-64.02560596842771,-36.844529844493586,4.99198904435616e-10,1.6304468886119139e-09
2673,-110.47066084713057,-47.86531970401836,-20.95145718628692,76.08381545033176,-23.687155263713663,142.948588977164,-62.69931749213884,176.39820066039434,-20.170974001643543,-11.04098613148449,20.125616231818256,-75.67687888011812,-42.993471785569724,8.420215635851491e-10,2.3751205446842505e-09
2674,-115.75827951106943,-41.123763904338354,-18.93707517419086,20.708594485303514,-22.70377912150596,180.85451840499616,-63.84190127011457,53.80841420726469,2.1343050304240414,-6.043438607261216,134.00970304240133,-79.78687855974368,-43.3204189707457,1.1634710972430184e-09,4.7909409772728395e-09
2675,-113.39927010482792,-38.199132228195666,-18.05184973335224,23.65845595240331,-21.54020846366089,46.65538311677834,-58.9385564761604,121.884510473529,9.330698748346196,-3.0074516450946795,171.0882770505102,-77.64772054627467,-41.83313608222127,3.627064870670438e-09,4.781774975981534e-09
2676,-116.27298005569295,-42.01392760655176,-19.953715976950505,14.544744017057125,-22.418081409889666,181.15255246498987,-62.22940346364813,87.46771750122637,-7.5791895940720435,-6.611239771947837,117.06671224703285,-80.18244672297952,-42.970741571985144,-9.104212495003594e-09,4.831981925690343e-09
2677,-127.31699478929362,-40.66756273131569,-26.546836924821793,88.03249042231761,-29.571987258827292,35.90131041504817,-78.16286290607374,343.5842454780874,-28.13440926109435,-13.565725012444199,35.20487955320475,-104.01399234552004,-54.742554602195874,9.996483640861697e-10,2.0004460310474315e-09
2678,-116.04173402738466,-48.206247244566896,-22.02397842927292,87.57834265184508,-24.939785713482706,133.37570067038385,-65.55741951322004,187.67674453439048,-14.730908537147076,-11.426374999786301,29.131717805986877,-88.73843199348643,-46.09762517235845,7.629523679497652e-10,3.204473131290797e-09
2679,-99.21989302570273,-42.86097602766803,-18.74323329075447,53.24814131184346,-21.411621871713233,213.96188374297424,-56.23665910994738,81.16267820051223,-12.893976704450283,-9.536523018364853,22.93300676249455,-71.83004288164699,-38.572784060359204,8.638494364276994e-10,1.6274004366323425e-09
2680,-98.00545258104053,-43.827111128608216,-18.610004266613903,62.781370128347376,-21.192396466363487,212.89136662009923,-55.51818768119822,90.06885941419867,-21.693238717666812,-10.008988533281583,14.654978341579476,-73.36949560890102,-38.17169949482076,9.73784608504502e-10,1.623124745719906e-09
2681,-116.77080540758551,-50.43900425103892,-22.08684772532368,78.70919507243867,-24.97036295989679,115.7411952713807,-65.81700161017326,233.0442123146441,-22.801828092212787,-11.348747886248768,21.670514239568313,-89.75416522961756,-45.17635370263532,1.6449632767034927e-09,2.437708701563679e-09
2682,-124.720365997762,-44.907588948591275,-20.145058170784747,68.55734439237226,-24.751103535274275,133.6967784558714,-66.36731225776259,83.48917752101522,-1.6797053106491937,-5.408848390134615,140.31592373402918,-93.5971414896023,-44.48209994104508,3.04612512991298e-09,6.337614877338638e-09
2683,-121.86822191028801,-41.27812147112128,-18.58724816506282,26.548942469101185,-22.047878086777974,159.90247416723452,-60.58050728246703,18.76787552052102,5.707370611687857,-2.227404075973284,188.9302910934722,-91.1018876316963,-42.16568517620601,3.176637619617395e-09,4.761929517371755e-09
2684,-124.39440388429652,-46.08268433840636,-20.87714055718506,88.52316243705582,-24.108186903352617,118.83763677375939,-65.34130239088118,95.1978804721995,-9.42135592973507,-6.044760307235108,134.6474729055485,-95.53940154645576,-45.39691667309698,1.2000782589893788e-09,4.788585528103795e-09
2685,-121.04545327432619,-36.77530783519861,-25.65784190269754,90.87041212223251,-29.093059183065677,31.788618635249158,-77.35419088503919,336.23518755403387,-32.186213139507146,-13.713000606220254,38.25043472995528,-107.06803980430955,-54.25154636698388,1.94165750144748e-09,3.9554173270062165e-09
2686,-122.44644914669001,-50.39270644177555,-22.89985026575208,89.23803283421006,-26.058235646746915,88.26956214502015,-69.4226449170523,266.33099734954493,-23.186031206230336,-12.634889957592849,27.285775624485694,-95.1836778314928,-48.89988250787191,8.720348887436558e-10,1.5653718321573251e-09
2687,-99.0513855156963,-40.89109192182582,-18.769269082345502,59.392770965127596,-21.27560466877599,208.5271069215742,-56.066140169488335,83.15981280767922,-13.375398349628018,-9.90559690976704,21.84771355906062,-74.6888133982781,-38.90410420779896,8.036522558541037e-10,1.6347989628684445e-09
2688,-98.00545213901503,-42.40279882768514,-18.735393586330485,63.277761165155724,-21.27700733320667,203.23224865499122,-55.55174638436622,97.90023133111082,-16.66054887741806,-9.57809247502344,10.529011874340286,-74.00706405631112,-38.72114932090432,1.765556589816697e-10,1.6231140875788697e-09
2689,-116.75335039039108,-51.20014843674232,-22.279190721730135,76.54138781359428,-25.047145161253074,101.63573986432567,-65.779808925095,258.37263119090056,-21.775957227252807,-11.490262451752487,13.537879721044657,-90.73244019929207,-45.02933504694248,8.155325303960126e-10,2.4377122542773577e-09
2690,-124.88247359354523,-48.35568797686467,-20.67542624862999,88.88942149528529,-24.194238009959555,120.61998851069352,-67.03891091792492,96.56739995995423,-6.370217365234966,-7.865057646045231,133.2551181577366,-94.99115153161159,-44.958764776462104,2.0144170775893144e-09,6.337167235415109e-09
2691,-122.63735628385861,-45.84978394175357,-19.59099732254131,49.60839388591016,-22.810864913774797,128.98358739831124,-62.80765398846866,68.6276399414543,-4.5251897431883075,-5.884824445704274,168.49897045352353,-88.5216152035801,-43.09030578005507,1.8583250493975356e-09,4.7828550009398896e-09
2692,-125.8731835113152,-49.380378678079595,-22.130401067572627,89.89277827234655,-24.91084718711859,102.75702604544325,-66.16818907494789,151.84682844648063,-15.137425721738808,-7.367524214180941,103.28337007930783,-90.57990351028403,-46.23214982466942,1.7012098396662623e-09,3.2334499522335136e-09
2693,-116.24624331202361,-33.32357197450875,-26.675199697599286,84.93404137724188,-29.52038311959229,41.98171281889644,-77.7602903016867,335.3851709465531,-29.60103746666079,-13.766264177865434,27.062444792107428,-107.75705841692842,-54.713321441801874,1.106457148125628e-09,2.027977785701296e-09
2694,-122.67619827620581,-52.80230147142473,-24.059971961578768,76.72915870747396,-26.556365765018686,83.77453375261453,-69.54630939415821,292.7917769048116,-24.754548870633432,-10.757759526215427,20.991669778264594,-94.97200100901095,-48.161682844073916,6.066898095014039e-10,1.5648780049559718e-09
2695,-99.226098549984,-43.83658180811023,-19.51880016531259,62.8974701437295,-21.518515989531366,194.24688157586962,-56.27784686149553,112.68373834934418,-21.580230594936694,-10.111918455129118,14.34634949611073,-72.97546392088442,-39.12898319850756,-2.0111201592953876e-10,1.6039862771322078e-09
2696,-98.01504203484927,-43.8313988217988,-19.245995785516556,61.98750351727704,-21.31518037709424,195.00911966765585,-55.675871233761285,115.04469097581827,-22.919478787044454,-10.493775855432352,9.50078506160942,-71.3308976286279,-38.714458678819966,-2.2737367544323206e-13,1.5752448234707117e-09
2697,-116.88031589969557,-50.99818313563824,-22.606129476436767,73.72904846229632,-25.049349974776046,89.48592745163504,-66.15824920213718,276.6319816934316,-27.71653496655874,-11.971739123891142,14.774568749768195,-87.67758207829209,-45.56344247549456,6.034497346263379e-10,1.5686438814555004e-09
2698,-125.26976085712809,-47.52091073219568,-21.470535426515568,89.57562596805546,-24.173470454362196,85.2159372148059,-66.98333146952112,163.5668453358451,-11.82193960979874,-10.333401697504641,107.36011187169984,-90.24359068655025,-47.901579412001766,4.001776687800884e-10,4.789608709643289e-09
2699,-122.31047269279685,-43.366850626964,-19.842891544523457,45.779416137149276,-22.34650929344027,147.1037792456689,-61.60341867728125,94.08969668236568,-4.138497368223576,-7.397808276828978,126.08423664785902,-86.29756796911984,-45.75311221563755,2.0961579139111564e-09,4.033613443255035e-09
2700,-125.60505373492188,-47.930053095979794,-22.344770547453614,73.72925377345445,-24.766513850493148,141.60358961608853,-66.10789680729535,145.45360937760015,-13.487481776183138,-8.675114317138634,84.15416574229401,-88.67377859261352,-47.34995574089756,2.1195774024818093e-09,3.940996862183965e-09
2701,-134.36931106994248,-23.752879739280182,-27.32660532120423,76.05849247554484,-29.633854322682904,60.290338708091745,-77.63687664568607,350.9398411665893,-30.88483474569187,-14.476656340411685,5.52996691483091,-100.1830983619504,-54.554522693738264,1.154717210738454e-09,1.9517258920132008e-09
2702,-122.48339955643422,-53.61390046514313,-24.392213321042206,72.67548196563223,-26.55574121002381,68.71758579250368,-69.7183306733659,327.7360909735577,-27.47601844028973,-13.165950323797565,7.833036403274613,-90.86676854592116,-48.689872578452004,-2.4499513529008254e-11,1.5653682794436463e-09
2703,-99.2004887361093,-44.36151922790394,-19.67668803474197,63.81280145632782,-21.544232889549164,189.6040100415881,-56.34924505266933,126.74532368491778,-21.4433296553216,-10.620692877680524,6.615278980381243,-74.26076365462791,-39.32045401873639,4.2302872316213325e-10,1.582272091127379e-09
2704,-97.84097916566964,-43.82710486337605,-19.439644306098423,65.91625770347608,-21.31308959582433,188.39353235192985,-55.670418291962065,124.26138621008613,-21.666019688008344,-10.492743984956093,5.181660080973756,-74.78945784322453,-38.71337859078238,1.766125024005305e-10,8.259846140390437e-10
2705,-116.5747307695496,-50.867655528826845,-22.857767217121705,74.82605685491923,-25.003469806807093,83.94808227092372,-65.7788199542514,276.3009161734295,-23.948135321513895,-10.899225418974105,17.182205568281027,-90.58222987887324,-45.74522694431521,8.906795301300008e-10,1.6405721225964953e-09
2706,-125.21840809827135,-45.86775732886507,-22.116256173629345,89.44819516997401,-24.234542530253,85.31331555745523,-65.41417554820227,131.36523727008142,-5.420101076119864,-5.134422296370919,123.53377886687784,-91.33798719817706,-44.91687656824493,7.755716069368646e-10,3.957728367254276e-09
2707,-121.71419404300018,-41.721569928326694,-21.452637832763738,4.277668164736548,-23.634736079082106,113.11329236981423,-61.19066855778602,137.08652275713794,3.320544957865351,-2.677507553872226,143.12173615361345,-85.1637607019348,-43.3646896575824,2.5263489078497514e-09,3.949752525045369e-09
2708,-125.47980391149409,-47.291592790404394,-23.41336123417388,-1.2432081761504805,-25.50104593097903,117.03563001804362,-66.75933400948345,240.95581635515984,-11.37357794017803,-6.710045662300153,84.26369495667527,-87.76347553364467,-46.71969610243288,1.4555894267687108e-09,3.5696654521188975e-09
2709,-137.9850140555181,-58.134122365354095,-27.328381481920175,66.1243549207883,-29.812566594807933,-16.19336626271305,-78.02404602488775,472.0970863370638,-30.88980318427722,-13.262590722786078,5.162432443994977,-97.45120953395418,-54.30277344714838,1.110890934796771e-09,2.34597763437705e-09
2710,-122.84332456065333,-52.23474562825978,-24.392194447067148,66.47765606925933,-26.68787831457032,73.32870491902312,-69.76898954414752,321.7592342944988,-23.510180428448024,-11.867283261037826,7.855489795567056,-89.36300062665762,-48.7534882500975,-2.4499513529008254e-11,1.5653824902983615e-09
2711,-99.10076890963121,-43.161743028783924,-19.656903594085634,57.319178516868206,-21.55128679917438,193.11749487797556,-56.29259818143473,114.76157914552945,-12.967209564437347,-9.689842516280875,7.387058551412315,-70.9987577453549,-39.166200734426035,-2.5124791136477143e-11,1.6047145834363619e-09
2712,-98.01503715809056,-43.83139388559439,-19.44154687277571,61.74417678759421,-21.3151754980578,189.67292298814914,-55.67586632601495,120.66886684352471,-15.877782987705663,-9.75468929997361,1.2028272989107416,-71.66965494628191,-37.70764692546335,-2.2737367544323206e-13,1.5752377180433541e-09
2713,-116.80510461991767,-50.91401629185377,-23.021780010055597,71.88238050768933,-25.26585601966333,87.81545514743597,-66.0955785367352,280.6407739502136,-21.257752589417688,-10.91504955307518,10.178140564961158,-91.02783874864527,-45.21377377589751,2.4630253392388113e-10,1.6428671756330004e-09
2714,-125.43260069282688,-47.23174936858163,-22.437180573818168,89.61056832624514,-24.690498897352672,88.74922557926686,-66.58243681299633,140.14043690912732,-6.353946897004013,-7.195371287908358,122.36975685859387,-95.73358859421766,-45.21261449903578,5.404672265285626e-10,4.772717332457432e-09
2715,-122.95935154757173,-42.93372628111435,-20.814216045481682,20.669491308005995,-23.590208272945077,131.0030495129132,-61.504000483241846,103.33265151172144,3.7843138757480586,-3.3819305011237497,143.71402851721297,-84.651957497008,-42.66814404815574,9.372342901770025e-10,4.012623122662262e-09
2716,-125.96671272300293,-47.18863197072527,-23.058001258834604,76.91259087038638,-25.491450628270307,124.90612354426344,-66.53933740775015,143.16795933296405,-8.49318967608581,-6.4212134944895825,93.16552939528562,-89.05215465986413,-45.94151127584498,1.3070007298665587e-09,4.0120919919672815e-09
2717,-133.76896562321068,10.485994941674575,-27.323386097135597,75.89947291716845,-29.82713765798047,41.486806755132385,-78.00530309958849,335.8098713226043,-30.731412390547394,-13.751615060853126,11.28712643509938,-107.3800978996637,-54.18135451979832,1.5573391465295572e-09,2.0130102029725094e-09
2718,-122.97388283350473,-51.8850634458593,-24.392212763231697,71.0590576226399,-26.6976880429785,77.09919413453301,-69.7694404595023,305.1244426032553,-17.96039012746108,-11.876064492658905,16.51567791868346,-95.73892851750325,-48.504701573918894,4.736762093671132e-10,1.5653647267299675e-09
2719,-94.77244324903337,-41.031854011945654,-18.79837419200516,41.61226535612066,-20.6100182022265,222.58546635327872,-53.83396549380785,83.22748084562306,-13.14976637600582,-8.608235372743914,11.867496474151022,-71.45956294181632,-37.0284891682968,1.6052581486292183e-10,1.6341168418421148e-09
2720,-94.21830582230598,-42.13353234843957,-18.607818945345315,53.99824513169573,-20.48950720502355,213.11513154260166,-53.519194631202474,94.11354522031256,-18.997648245974165,-9.141675986819639,3.9425250201829662,-71.53657172653999,-36.52519198456883,4.99198904435616e-10,1.6304397831845563e-09
2721,-110.32746635718695,-47.836852429874135,-21.735362614049667,72.22980868826427,-23.78573352085354,124.083989298965,-62.284211518538044,219.73767963492645,-22.486318177746032,-10.457615420130553,11.269739621159863,-85.7571082576158,-42.650548922487744,7.146923053369392e-10,1.6289689597215329e-09
2722,-114.85385472377625,-41.59738708742543,-20.273505796659332,46.08875992841572,-22.11230196473278,150.26909177120788,-59.728393612282446,75.6853437088362,-5.686134988068151,-5.43696596793649,127.88157559000975,-89.31750132686312,-40.91872548207946,1.0850271792151034e-09,4.8274664266045875e-09
2723,-113.00925238246094,-38.34922789934095,-18.48556962945587,11.715877845382897,-20.514365469670135,185.96355262744197,-56.825381923872875,4.3011164094740515,6.4368933835099655,-2.576426348552708,166.5843384502119,-86.62948914695201,-38.612065866388754,2.090018824674189e-09,4.03413125127372e-09
2724,-117.12216821752035,-44.25851117338343,-21.734873183318193,54.788906796948524,-23.277332272143557,161.1787279047149,-62.47345790957461,86.94195695559577,-8.096290790596345,-5.783547353043143,105.36455323610255,-83.10594729764733,-42.42201665188864,1.499358859291533e-09,3.980262730518547e-09
2725,-138.37239658196387,22.20938669942613,-27.443002235169324,75.3618061199974,-29.97570200910934,36.12506893124974,-78.40332566297316,334.19820601061656,-31.208267227723326,-13.76127749664469,14.8279959851895,-109.6379067613952,-53.920585744299316,1.031821739161387e-09,2.3521273817550536e-09
2726,-116.35693296397181,-47.625400686357786,-23.102590854261873,68.69955246649016,-25.188338229833107,136.21438361820825,-65.79102415523144,217.9923032282254,-15.378497403820317,-10.12090963948754,16.70268272806728,-90.45808435036305,-45.5871437358683,1.1272618394286837e-09,1.6039329864270258e-09
2727,-94.96872911818708,-41.66347826663176,-18.837307464392335,38.36013801842252,-20.600803826324285,223.70244132179226,-53.94546220031103,82.4534257732297,-11.028787074943569,-8.567217249695274,12.88926948216424,-70.73037560484403,-37.0631137675482,4.4843773139291443e-10,1.6416237258454203e-09
2728,-94.21830534289846,-42.13353180449899,-18.68845543538883,52.398347164968925,-20.489506751508717,211.88860448126064,-53.51919418150317,92.61279660239784,-15.77596309139683,-8.387419815068089,3.6169328617362817,-71.48785990192039,-35.816444757841886,5.988454176986124e-10,1.6304468886119139e-09
2729,-110.40809774739975,-47.83579127591157,-21.628974110108246,72.03505524951215,-23.780938184967688,122.86726386080726,-62.16550568443973,215.9782080240016,-21.183712621277394,-9.151249892731892,13.212824333478304,-85.78307888618225,-42.15600303942012,6.587015377590433e-10,2.363321982556954e-09
2730,-115.31568320640457,-41.988935245487006,-19.68634639168412,42.61761302653815,-21.933171308484564,151.96088114962316,-59.653075556506245,75.51916411797093,-4.7892283542412635,-3.77606368081775,126.35261883732551,-88.5146893407138,-40.793083998629186,8.676579454913735e-10,4.793726304797019e-09
2731,-112.22934466266743,-37.9320231354689,-17.95828369321821,15.139933361291304,-20.903832264720887,176.09484234288396,-55.38392660389542,-6.226667773480171,3.518844930822833,-1.4794416832495616,172.4894532417491,-77.47293408096925,-37.65661992935736,5.076117304270156e-10,4.822595656150952e-09
2732,-116.44834436303911,-41.91405970914435,-21.271239367577067,27.8370351898538,-22.95433421258698,169.54985741810705,-61.14945504353997,89.4184529740446,-7.722773610823389,-5.696923240025014,112.73307425327287,-79.77356494527464,-42.6077252995947,1.1056613402615767e-09,3.938687154203535e-09
2733,-135.41622186687746,9.801609035229319,-27.47331835575629,75.47770309591498,-29.956765730051185,34.96566793740415,-78.2918187318916,335.5373073987125,-25.340172623620713,-12.388347913614504,15.590387344267628,-108.53376652588422,-53.97226303629647,1.1534098121046554e-09,2.0171100345578452e-09
2734,-116.41084345464725,-50.63082400960788,-22.98483165324163,68.68133416568796,-25.193660724531746,116.08149058921951,-66.00412885963712,229.4174685406794,-13.146483886319576,-10.05814140480404,20.396063285237535,-84.8501247281831,-45.297317833979065,9.508767107035965e-10,3.154693395401864e-09
2735,-99.24549685182713,-43.77897876008997,-19.59825663779888,51.113469375171064,-21.582765430059986,200.432896434074,-56.374811263191056,101.72471598514909,-12.420784216182335,-9.364212808397772,13.541143668285885,-66.28743874163311,-38.15948073275321,4.425828592502512e-10,1.549114614363134e-09
2736,-98.0054470003708,-43.03972474584265,-19.439645032817687,63.89961782818269,-21.313090309439335,193.64350360166014,-55.67041899740807,117.16127514537389,-18.215721524756187,-9.53441673876266,2.145368103242109,-74.1640460582564,-37.46725425264588,1.766693458193913e-10,1.6231282984335849e-09
2737,-116.71794905607914,-50.82319131203071,-22.927666863706186,73.09614725827959,-25.222348970564575,81.77075297622098,-66.37656644703861,286.6909726419421,-22.392538221115657,-10.772006812788755,9.642594834506829,-91.42708862860765,-44.54111137227329,5.173319550522137e-10,1.6219985354837263e-09
2738,-126.14213169966713,-47.77473294522752,-22.769935815899537,90.30157764549384,-26.633539539012677,75.96115803573954,-69.25125084759965,156.25281259231605,-3.8719407129726044,-5.533826755809118,116.28905895236633,-91.93899285351874,-44.88825600933984,-9.12154973775614e-09,4.018695154428542e-09
2739,-122.77140211785814,-43.8403164715398,-22.39880749418457,7.145340580478682,-25.232143672652082,106.97715033598848,-63.8083708228418,147.27099443391268,2.149587915846056,-3.6952842115612676,146.7918669904915,-85.53403542133526,-43.05457999693187,7.121343514882028e-10,3.974520268457127e-09
2740,-126.00143089387802,-48.19958408312347,-23.65803245598391,4.674642197784763,-25.46342293397995,109.50924327798009,-68.20677541200283,246.73223044206568,-9.219357250032667,-6.606624877820875,83.359032340244,-88.98058810252832,-47.93933220392731,-8.470237844449002e-10,4.0278251844938495e-09
2741,-135.32603924516445,-55.62537723228599,-27.242651241529206,74.95224243264457,-29.84510825991761,-13.911213174995574,-78.20720515668411,451.31091845920326,-21.92203237521504,-13.141121775780546,1.5193413899192059,-97.43127130751672,-55.13048248986488,4.0466829887009226e-10,2.0011086121485278e-09
2742,-122.9738803561749,-53.39581034765933,-24.39221026003577,67.43912799978034,-26.74294508864971,70.66744751281084,-69.85334113118579,319.17335504951546,-14.404009966804036,-12.22221773905919,-0.5092320902631456,-84.26291984714369,-48.523363717821425,-2.4499513529008254e-11,1.5653718321573251e-09
2743,-99.24549938089133,-44.38164918122903,-19.685618268729634,24.698366524217082,-21.58276796774542,203.40417193890278,-56.37481379161264,128.80471336349405,-11.020727263488116,-10.324924065796527,7.289519110295376,-64.15728661447297,-37.42348438737951,4.426112809596816e-10,1.5491190552552325e-09
2744,-98.0342232556829,-43.83997661755609,-19.44535637391249,31.784789537883004,-21.319351674699828,200.38489560816592,-55.68676676598157,121.4061159594426,-15.379276657210308,-10.09432369526927,10.56204415713658,-63.13015949114899,-37.20841071084384,-3.539071258273907e-10,1.5794725527484843e-09
2745,-117.14056574747737,-51.08864737623121,-22.986457419513368,75.10646713078108,-25.268407113964695,88.66800407900168,-66.45814587036699,260.4085226977128,-22.33678358199538,-11.044869150633271,23.44045400953779,-85.51531222962481,-45.78425939943349,4.814069143321831e-10,2.4222401862061815e-09
2746,-125.84338955872714,-47.541803763654016,-23.271188175502655,90.11936606693968,-26.80215127063938,81.82479394637755,-71.98431909905686,142.2343826981885,-4.162007577456487,-7.180231502156096,126.57936300097923,-88.32428752152526,-45.64852719222426,1.2415890537909036e-09,4.798531350047597e-09
2747,-123.45838346109525,-44.04942837445541,-22.28282649954331,35.2748333963765,-25.185446727854664,105.35099784473996,-68.76619939472549,122.3877375881423,3.874193891282963,-3.7830730530121857,151.32038863903833,-86.90571987324152,-43.77707392905723,4.703224476543255e-09,3.945825000073455e-09
2748,-127.15213983072479,-48.86574162457971,-23.679182234960084,49.07299135279607,-25.92645595859829,122.99806571463068,-68.94353211664694,193.05235097531272,-9.551236327943522,-6.445071128181386,80.27683552888497,-88.22282164335262,-46.61406265973821,4.063224423589418e-09,4.766697259128705e-09
2749,-123.2106753272777,-38.5988431401779,-27.34825106793385,75.40759574094794,-29.883091948903612,-2.546879156953146,-78.2247823668044,405.3786023804452,-28.53378658084118,-12.92144353630005,12.198967211682543,-97.42085897588458,-54.296553208388644,-3.26281224261038e-11,2.022488843067549e-09
2750,-122.97388194425491,-53.7272119450557,-24.34658150590819,69.68270608978528,-26.742946663325345,68.96487951757388,-69.85334267493158,306.12634714615626,-20.013636379169846,-11.735509123177446,17.553212557046017,-84.6374248397644,-48.29661021596857,-2.452793523843866e-11,1.5653824902983615e-09
2751,-99.27110444282651,-44.39309853788756,-19.690695690067926,51.6339686129956,-21.58833488128683,204.8293974038801,-56.389357599135444,105.55951923484302,-14.768155990755854,-9.981171500703205,11.30878164824297,-68.30530787605873,-38.94444036267311,-1.815578798414208e-10,1.5708288003679627e-09
2752,-98.034219301901,-43.83997265060514,-19.445352390134815,58.080073131688586,-21.319347680300726,206.11372390410443,-55.68676279601057,110.81748284005154,-18.12004787638148,-10.209644040237986,0.7050370318827368,-71.05961714978316,-38.001353006732984,-4.0375880416831933e-10,7.823217629265855e-10
2753,-116.93300094474127,-50.948324123414274,-23.103426051928423,73.06734195999142,-25.263160858962138,79.14669723918902,-66.3079913172597,289.8378813305298,-21.384256050621204,-11.534076851437765,7.202708814245641,-88.31278894368765,-45.46760417627969,6.753850811946904e-10,1.594578691310744e-09
2754,-125.19744425963458,-47.21243855484064,-23.17115217850353,90.66377088153085,-25.979693019777827,73.86994042227327,-68.41272107654376,163.49521937557603,-3.113947051670623,-8.164022008506786,115.24952997137756,-95.71067306509066,-46.3163693954037,5.231299837760162e-10,3.960409777903351e-09
2755,-122.52037781579864,-43.00760182564204,-22.173969833504778,2.2052361634921054,-25.443585629890908,155.6624638756296,-66.46523646755273,114.87690917896111,2.0216940396286995,-6.005540313318955,141.66013702414674,-86.86040591551055,-43.94972243260416,6.19780848865048e-09,4.017708832293465e-09
2756,-125.9854496537096,-48.508653946079335,-23.669047892439846,35.7615251297606,-25.70115859431741,123.38990533529253,-68.09126547295374,206.6291094085512,-10.840791346539074,-7.987771334714981,80.74735794304154,-88.56785859208622,-47.175900951928114,-1.2048417374899145e-08,2.4400819143011176e-09
2757,-137.74540857904208,-58.38088741490104,-27.275923669682786,73.45360427585679,-29.85772427519019,36.181997756906455,-78.26073765641905,411.6153809888853,-29.058657314904295,-13.443694634846716,5.088938101117521,-97.51608788602528,-54.80079967155922,9.277414392272476e-10,1.9583339394557697e-09
2758,-122.97387914064537,-53.144541992456006,-24.39220903579847,66.32046298693959,-26.74294389480235,61.22405579208586,-69.85333994293148,325.1766626924891,-18.613542980411193,-12.218713950845036,8.370119687908502,-84.27826019254971,-48.87387001007581,-2.452793523843866e-11,1.5653611740162887e-09
2759,-99.37702358966963,-43.78726906734216,-19.711704554643745,39.572775791813534,-21.611368495538162,198.4944910964046,-56.4495229954135,120.36672762978938,-10.729379158684138,-10.052374321660738,6.317092390160684,-64.26881482709909,-38.763629881737074,9.833911462919787e-11,1.6249686041192035e-09
2760,-97.69297788158148,-43.83568383256505,-19.443450078151184,53.74630025886417,-21.317262046827643,200.70725048785803,-55.68131500039114,112.88236828774345,-15.167637965148186,-9.965255126583285,-2.3284126388027393,-64.56312630606074,-37.34079814078097,-1.7706724975141697e-10,1.6273702385660727e-09
2761,-116.60668773275886,-51.05496671703114,-23.119191413561847,70.30279261543613,-25.285368680466526,83.94520320727389,-66.17043095618837,289.39263022704495,-22.170648907584603,-11.286389776036422,2.206511441810496,-85.05562133250264,-45.09783195303728,6.937739271961618e-11,1.5949837006701273e-09
2762,-125.5094896435715,-47.12491857435589,-23.587614442531525,79.9734273231722,-26.31818525829079,72.90907625205948,-70.12570593816685,200.02508338287973,-3.3046221535293854,-7.6762103677520255,88.81778320268795,-92.16394887627575,-45.91467486633243,1.1647216524579562e-09,4.037264300649213e-09
2763,-122.77196553076891,-41.52323358265476,-22.633740005463235,-4.537574786331843,-25.53918877790491,145.3462226454847,-68.08564587477683,154.79324275148537,6.137187937498235,-4.496325055981674,113.98614247075616,-86.9836304888775,-43.69149165855105,3.341256160638295e-10,3.999206299454272e-09
2764,-125.7763700057689,-46.574354652028276,-23.932014648555054,-9.777448395019096,-26.123490364358084,140.0984506112543,-68.91905177717852,232.83424349420548,-8.940102930787772,-7.457894342566134,80.45660824042639,-88.92253109685387,-46.96604408892393,8.520885330653982e-09,3.959758743121711e-09
2765,-136.7822451388404,-55.58264812544037,-27.16888930505694,73.37406738261886,-29.852294455754887,4.271861439016874,-78.19285918412291,449.2436318202327,-31.54844450771708,-14.448973771412515,-0.9016956899763212,-97.62712387157478,-54.78438657374414,3.9676706364843994e-10,1.1497292007334181e-09
2766,-122.7096621706302,-51.37440693901086,-24.392209335998587,69.02528476091923,-26.7429441820495,63.3864195661233,-69.8533402121691,338.2996666381865,-23.66293745359986,-12.54604947963929,-5.712090500899069,-85.27146490881947,-48.44626576510287,-2.4499513529008254e-11,7.682174896217475e-10
2767,-99.25170299571045,-42.68722578238885,-19.686846983749955,58.14573845029926,-21.584115300817313,182.82127382861242,-56.37833670503958,134.6887825925948,-16.67391373933093,-10.033429019179763,-5.679450808229374,-64.62781956002915,-39.05295396034889,2.2453150450019166e-10,8.2854256788778e-10
2768,-98.03422011306473,-43.22493736905492,-19.445353188136377,44.5593468917749,-21.319348494620666,209.0299511049211,-55.686763593400826,120.47006327608948,-16.80917129916637,-10.051167269903347,-7.630192050024864,-63.13015613611588,-38.72805174684606,-4.037019607494585e-10,7.823359737813007e-10
2769,-116.94900074504866,-50.405339749228666,-23.016246788276327,69.20594055081258,-25.309840716464624,73.12697577358948,-66.36809684970947,296.24808279035864,-19.541799846140222,-11.359582820726576,-0.08221137468844401,-79.53067428541291,-46.01820592083941,6.746176950400695e-10,1.1900453955604462e-09
2770,-125.74947942471742,-45.93378747823722,-23.21246252234487,78.08130557653828,-25.320457414065167,75.89023070194015,-68.85958130363278,194.79528484069425,-5.67573660296207,-7.307080552003978,88.16987009742326,-89.00493716641986,-45.87316871663845,9.779625997907715e-10,3.5908982454202487e-09
2771,-123.06608343929445,-41.360806388636426,-22.51544158602067,-3.0514836822463844,-25.583042261498537,131.791785496567,-65.53920201470068,168.55624538927265,-2.6206270829809424,-4.2424954981255345,119.95426201546172,-87.67990206428713,-44.64320884357464,1.9074832380283624e-08,3.6021716720568975e-09
2772,-125.73380693636798,-47.70331805860385,-23.588467028444132,12.254573259226117,-26.08296975538233,134.08490194632452,-68.43812117540979,224.99391222341166,-10.92322418117735,-7.429781465347093,75.90418329935208,-88.95351337715793,-48.384368709880626,2.0301058611948974e-09,3.5771741124790424e-09
2773,-135.971899837186,-23.356617173059483,-27.38008189728,73.56193751606487,-29.897032515851933,34.61431718681719,-78.44006099423004,390.0418805910285,-33.273657733747996,-13.922315155415903,-3.299560367865729,-97.53141381992903,-55.14549578116624,9.278551260649692e-10,1.160735507710342e-09
2774,-120.4996844012195,-49.751031579931436,-24.392136166553843,75.12377422398785,-26.742870721740168,37.98857065401198,-69.85326702113349,362.46517498289364,-28.09353218403383,-12.660230780598871,-9.571228999183885,-84.87720088574248,-49.13633710661936,-2.4499513529008254e-11,7.681961733396747e-10
2775,-94.67978244518866,-42.40814320354833,-18.81027423568618,58.90691373079636,-20.62306319515422,191.29708555353002,-53.86800645340544,119.97522861306375,-16.350274264510322,-9.671333006508009,-7.381007345664422,-68.96651668758959,-37.42082704780492,-4.447997525858227e-10,7.670664103898162e-10
2776,-94.21831307747664,-42.133539708509296,-18.688463106334222,49.90564865928878,-20.48951448888096,215.75265989034952,-53.29746547926678,100.5416882851172,-15.81700391274605,-9.486377987002411,-6.637048901301323,-68.5913838371969,-36.84088632135362,4.4934722609468736e-10,8.332889933626575e-10
2777,-110.35817920249794,-47.47221759930123,-21.839454523445177,69.33509082550427,-24.004382127324156,126.83326204113337,-62.379257088366586,222.65834009150117,-18.01500551654495,-10.821153245858085,-0.04092304227734119,-80.46262947476305,-43.4334911181082,7.146354619180784e-10,1.6289689597215329e-09
2778,-114.74148612165669,-42.34037944466798,-21.583983205651307,65.34535350199332,-24.3010214114274,116.38619849333558,-61.8754878999375,137.88399234051232,-0.27673603524468526,-5.521684119686781,72.62965090996754,-79.62122874651199,-41.98318822668618,2.9340299079194665e-09,3.56583740312999e-09
2779,-111.95498182948482,-38.208939698887804,-20.213237156498707,1.019827800574405,-22.36774593423418,97.31638766124308,-58.064686295496166,140.54817936065848,6.5638749289717095,-2.4913732310246903,126.09437503109176,-77.9131906897299,-40.32848990233032,1.114131009671837e-09,3.5972371748016485e-09
2780,-116.90603949587647,-44.09649723330463,-21.15148410392091,-7.290131790416917,-23.08758807668285,159.86632415345724,-62.24715901349115,189.68209384300386,-9.891167849995888,-5.68047796469647,66.0136895182878,-80.82446220153795,-44.387099746503786,8.078586688498035e-10,1.5736780767383607e-09
2781,-135.55782548717372,-55.92940521604515,-27.221937536697173,74.06943121215754,-29.884170006446936,19.24533147829581,-78.24695829316963,438.54847558740096,-32.678090831260896,-14.131616507264036,-5.777844534633394,-97.34160765018288,-55.093782197857166,8.58051407703897e-10,7.680256430830923e-10
2782,-116.05758305741323,-49.95172803261439,-23.066374415562194,68.11548051231951,-25.289336407217792,97.01123965547936,-66.05649286814233,286.5330995216834,-25.126492575595247,-11.98487705188525,-9.051048543742642,-78.61026731921964,-46.46561940412216,-1.3380940799834207e-10,8.135714324453147e-10
2783,-94.87333364494609,-41.79703457299509,-18.818379415966437,22.889854624743215,-20.63195215662438,221.94259337683206,-53.766450087798844,113.74260125739198,-15.075422954468857,-8.648413577963353,-7.384170392640725,-60.449816339103954,-37.13007610163052,-1.5234036254696548e-11,3.538147552717419e-10
2784,-94.21829867713036,-42.13352530533538,-18.688448701680645,6.97613392618275,-20.4895000386918,234.3703497132175,-53.33326522100738,112.3939152459995,-12.777945834289259,-8.314302462381466,-7.3331845157626105,-59.89436534184133,-36.55756277149571,4.992557478544768e-10,8.332960987900151e-10
2785,-110.45004321038881,-48.07938081253702,-21.84494891988199,64.87965846645156,-23.96561540334548,145.08746060114157,-62.23035825069799,202.48937411888963,-15.098485555350557,-10.484151497391343,-2.8847172492279722,-74.09054800676755,-43.3282442581531,7.64487140259007e-10,1.6289760651488905e-09
2786,-115.15463288425474,-42.33369657438699,-20.511340312957667,11.535090892029135,-23.995699521309664,143.6944053052701,-60.479001114889435,156.11939727671393,2.9461784482159317,-5.1473390784530055,75.14533309418658,-79.6022257940373,-42.216469691848765,1.2186092135380022e-09,3.998071207433895e-09
2787,-112.20262467371069,-36.81627264125927,-18.650335664783004,3.122581029668319,-21.473839303451633,34.99491572451488,-56.93824914705948,191.73779299409262,8.213611645540723,-1.8874366939842653,127.00277878626576,-77.41180956254671,-39.69111244379648,1.223725121235475e-09,3.976181162101966e-09
2788,-117.76300380755053,-43.50200454012534,-21.13835789024127,-5.533300263391551,-22.793567339843403,165.96853713382816,-62.33946279033515,172.8800958912787,-7.822271462771488,-5.911098028786696,72.8014271160285,-80.60346775869174,-44.24352621853154,8.909410098567605e-09,2.032180645983317e-09
2789,-134.8771728872874,-54.740658977545806,-27.447376470227823,74.91818612912314,-30.01241434051413,16.090105182339393,-78.43176029076028,438.57843886921347,-32.99880640855505,-14.090783285246916,-4.079911918597011,-97.6506974807403,-55.25714810290171,5.844071893079672e-10,8.42682368329406e-10
2790,-116.28969666432609,-48.54228489970667,-23.066373901460054,67.74798655310836,-25.28933589417808,109.16314668380551,-66.05649236091699,273.60952912128926,-25.508193168657947,-11.843593257572955,-9.051048107375289,-78.61026678302542,-46.263377307714286,-1.3386625141720288e-10,8.135927487273875e-10
2791,-98.90949889070622,-42.40797231597932,-19.64801800892829,60.78247310527622,-21.541545038047715,177.32147965632487,-56.267155299207786,139.9550291170845,-17.80333539686532,-9.9238036454072,-7.709713219859874,-64.91161807289978,-38.93632197601294,-4.723688107333146e-11,7.816254310455406e-10
2792,-97.87802319903425,-42.97096285340163,-19.439637942159138,58.30441292937666,-21.31308320795559,187.33613462815043,-55.67041191610497,128.00060757949683,-15.9558794250819,-9.764832763386536,-7.627944433191327,-64.34312199090054,-38.677257391535576,1.268745108973235e-10,8.259775086116861e-10
2793,-117.00760646312075,-50.404827957146374,-22.896001712833314,68.60837133715525,-25.07195183680146,79.3208975187377,-65.92711269098717,289.6882425630089,-18.942762138936082,-11.383433988572987,-0.18463294407420894,-80.0227225626902,-45.776459099495355,1.0451230991748162e-09,1.6194618979170627e-09
2794,-125.62238685968794,-46.64676958571366,-21.51953841447971,79.07949402756505,-23.894807577851658,83.03415239547888,-65.6865323275496,172.95840578047097,-1.7079632707618877,-7.871400224172507,91.23079552803848,-87.14649857448308,-46.20695085030757,1.3526459952117875e-09,3.949433446948092e-09
2795,-123.8012211524293,-42.58447725194716,-20.947378458018903,2.5524971323117653,-23.53690105815828,98.98353601598792,-62.640790585847704,167.07950391067408,5.604913186001279,-3.8965940326351554,132.96082103729518,-85.8440647635397,-43.92984393222713,1.971329766092822e-09,3.9682390706730075e-09
2796,-127.36136115965242,-48.81477805353402,-23.47424369021692,-7.586574315727975,-25.67090030398443,145.41488596253492,-67.89616651796847,222.14846231266822,-9.039870391804172,-7.178751755461003,85.55586745709286,-88.92894573491331,-47.16762377322057,1.9510366655595135e-09,3.967713269048545e-09
2797,-134.6519436259417,-50.14959962696394,-27.24151674184743,74.9286105298117,-29.80795375467198,37.89217370127018,-78.08358925710407,406.6592637951871,-32.82483868039561,-14.213814794281467,-0.40622312858921505,-97.24494125925577,-54.855627139564035,1.557395989948418e-09,1.2159730999883323e-09
2798,-122.68890394581851,-53.09688710109059,-24.392199790834734,66.6562945409098,-26.67114636486789,108.40693858977971,-69.85333066543242,303.8211752829687,-27.87987622020629,-13.16593686965376,-7.721475590121821,-84.2782508732342,-49.13640097668226,8.72262262419099e-10,1.565375384871004e-09
2799,-99.03086199124293,-43.80050640113136,-19.69333084934948,43.115705023329895,-21.59122452605444,228.59516704345182,-56.396914943655965,107.27554613381973,-18.25155781528019,-9.76587594042836,-7.154362675493349,-64.34905161342363,-38.95273143017884,5.086349119665101e-10,7.774971777507744e-10
2800,-97.89107877967497,-43.83996969814897,-19.445349489066086,48.65274703276026,-21.319344769822195,214.9397439439739,-55.570868227514296,112.4390362068194,-18.46898640362443,-9.928034105825859,-7.630188406158154,-63.13015245791686,-38.80755483295273,-4.0375880416831933e-10,7.823146574992279e-10
2801,-116.9297317151082,-50.543959560606105,-23.091551311340556,68.67827763752545,-25.34992028984389,109.29164754034248,-65.88028271900131,265.17478900339285,-22.393776374694376,-11.825345166554163,-0.8627557864310791,-79.9752273226736,-46.2921639170361,1.2131522453273647e-09,1.1896474916284205e-09
2802,-125.66077794840194,-46.33877680396426,-23.444321365628767,78.7400776684961,-26.28955008089784,104.77513211933497,-66.76321771817463,160.15038477358982,-1.5156099723904088,-6.740644503188892,88.33958994010949,-88.88917511733425,-46.36311095188989,-1.6648073142278008e-08,3.999459985415399e-09
2803,-123.11937628187441,-42.16827623837502,-23.39933271512877,0.08434262889216429,-25.37276703914124,158.2193447060239,-64.1843698966044,123.77850164297175,7.275035613531972,-4.902852354145636,125.73920412348447,-87.4668686792412,-44.48258546122412,1.5521663954132237e-09,4.821441024205342e-09
2804,-126.4594880021662,-46.688013059477605,-24.139278324209773,53.7286703213821,-25.94797843010801,120.07778256352698,-68.52672568614007,200.58233657744952,-6.5359968621563365,-7.339248151335833,67.8856108101972,-89.36123334763666,-47.27643837030236,-7.124924650270259e-09,3.978429141682227e-09
2805,-130.162899586318,-44.115186170365185,-27.35106539858325,73.55155020570606,-29.95609140016169,22.848538363110137,-78.29035090709986,410.87524831585307,-29.98897348416478,-14.347571119457013,-0.3974164453351869,-97.52715017144845,-55.13863218231807,1.3263843356980942e-09,1.957275230779487e-09
2806,-122.58636852991565,-49.48621683885953,-24.392210320999812,65.91284784893857,-26.742945161155937,91.61778591530837,-69.76881475486405,303.5947027409259,-17.387573842401963,-11.677485660999059,-7.1098483667474905,-84.27826151693708,-47.695611494185066,-2.4499513529008254e-11,1.565375384871004e-09
2807,-98.83897908249376,-42.02030881762295,-19.642949275109032,34.370784994172176,-21.535986870232254,223.49790487418804,-56.02340679867234,110.47987153387203,-11.936388074313795,-8.810418705094168,-7.707730687386995,-63.97487391698419,-37.85751915736488,5.767901711806189e-10,1.5570478240078955e-09
2808,-97.84409880274706,-43.155489492236256,-19.439649515949284,38.136285230012895,-21.313094812355676,228.3076219679332,-55.528438446113995,100.83772347824568,-11.526547201205249,-9.126452782064858,-7.627956012095335,-63.10576182937716,-38.614141767076696,1.7672618923825212e-10,8.259632977569709e-10
2809,-117.17866557268361,-50.37141256979601,-23.12189337630018,67.97274880537505,-25.331229567346167,110.85228750888945,-66.17260121597505,262.514918560196,-20.843653584737556,-11.517569531861074,-0.6313030080167542,-80.21794961361024,-45.95367681260283,1.9383605831535533e-11,1.622396439415752e-09
2810,-125.59704869348845,-46.08696261260226,-23.00544574848081,74.85451781490534,-25.147825279482973,110.35724002140161,-66.02304198458289,142.63052016840865,0.7519290429597167,-6.751669603573037,98.46198041507705,-88.1084221585167,-46.335771335805646,-6.063487489882391e-10,4.741368186955697e-09
2811,-122.28830273965528,-40.844826093410866,-21.3327342916267,20.05747223933958,-23.668311857474993,147.746219367074,-60.9785794127968,75.02091408724337,9.258518412896525,-2.8465197900969246,148.81575563268532,-85.57139901975685,-43.36820648426243,1.7778347682906315e-09,4.751818494241888e-09
2812,-124.92027731636904,-46.13523638071838,-23.15732619587724,70.24538632428963,-25.188335737543994,131.97575354879808,-66.32557981738415,136.47415621287624,-7.301832922180937,-6.358091622912958,95.43637661605983,-88.25651682567921,-46.48847583687427,-4.327034730522428e-09,3.976731166588365e-09
2813,-117.94145061493785,-34.34028677184838,-27.247942448180012,75.53074354195391,-29.685510682421047,44.199393887575674,-77.82937044175154,358.89405523814986,-30.94417615182474,-14.278621441242938,5.78329169667987,-97.25786288546942,-54.88226289870606,1.6185595086426474e-09,2.4223822947533336e-09
2814,-122.33394295534558,-48.46156340897244,-24.397819358288928,67.04764664225166,-26.644141628337692,96.26774788392777,-69.7559927818254,291.2454378387677,-16.721366494536802,-12.29275970287223,-0.9578292974494479,-84.29027754187477,-48.70513917697832,1.0052758625533897e-09,1.564874452242293e-09
2815,-98.87970124815061,-41.03712025363704,-19.672887209132767,37.34149461378986,-21.51227555027784,223.25522998222527,-56.33835322586999,101.27558790149223,-10.495866101086348,-8.634130049732443,-2.3624843441712415,-64.2192499356036,-38.720244561202925,2.2504309526993893e-10,1.5780443618496065e-09
2816,-97.7800188616287,-42.72672618659472,-19.43965003443203,37.608948245488655,-21.31309531522267,229.6749471087886,-55.67042400950097,97.20641545012319,-11.861124942363082,-9.331879594230788,-4.4144545863029325,-63.49920416921159,-38.45373308914614,1.766693458193913e-10,1.6231176402925485e-09
2817,-117.23159319761069,-50.35629693870082,-22.978806612429057,68.48944878521601,-25.103693096298425,123.39068508825135,-65.94185692009682,236.9705380135386,-15.646091361235058,-11.269579857282013,4.939520353141207,-80.44729724940697,-44.814976984470725,9.979146398109151e-10,2.365794671277399e-09
2818,-125.49079809410907,-45.70049158176201,-21.37306312900656,64.06009705720831,-23.459095626564842,134.0671669142309,-65.35580171022772,102.54903157259287,1.8437901289384258,-6.386030579649737,116.86749226805374,-87.16328641194265,-44.45901075878478,1.3858425518264994e-09,4.806580022886919e-09
2819,-122.04114011838962,-41.203362257011804,-19.884206414932503,19.618682362378706,-22.426084604605443,158.93586126796964,-61.881464671081254,50.715751263251654,5.340955662928303,-2.705277572620568,162.79545353842101,-84.75840050470508,-42.506767894050675,3.7301788324839436e-09,4.778353712708849e-09
2820,-124.67369985575948,-45.455234967712634,-21.351173215263923,79.28438643960892,-24.07447665275603,114.31494610983214,-65.7891703927342,123.7194923649513,-8.254669442177569,-6.381462391752943,111.55378467248173,-87.02030672494695,-45.872415884467685,2.8239242055860814e-09,4.7346673665016326e-09
2821,-136.15033439470645,-52.18438245814138,-26.3867882470071,78.57782728875188,-29.30881589289808,59.28130119259137,-77.3432082740491,349.8417727946059,-21.405942206205744,-13.326904202522629,19.513202882782792,-96.65765634886837,-54.45007209671492,1.7698766896501184e-09,2.4164670264781307e-09
2822,-122.16644099258215,-48.41222529120901,-23.89550214430963,69.12150574666482,-26.442436421514476,116.31044299940672,-69.5898053560365,243.62942840846713,-11.064753114413518,-10.210504249793864,15.727364598816859,-84.24240418201428,-48.76466997299363,1.1382894626876805e-09,3.1581866011265447e-09
2823,-98.5317341786606,-40.69605185597361,-19.61666309713679,25.13718447705285,-21.4505524581258,238.15377828771852,-56.25231775174218,87.76081547700664,-7.834853679681716,-9.263651487989486,5.522760902887693,-64.08989563209413,-38.83881898197431,1.0406893125036731e-09,1.575276797893821e-09
2824,-97.71276251115457,-41.87048286205745,-19.43964945265676,17.925126781660325,-21.313094749663744,240.6057316000796,-55.670423432116365,99.47467045891757,-11.222810799454011,-9.882833094494714,-0.564548752059304,-63.08315024054392,-37.24577292550785,1.766693458193913e-10,1.6231282984335849e-09
2825,-117.05788280173586,-49.27972443490426,-22.911344375706438,68.61268778512222,-25.22214321921471,136.82945359644356,-66.33634140562725,218.20541153080845,-14.02528383418352,-11.654356966078915,6.98397757830263,-79.40611811678922,-44.738335312071854,6.843947630841285e-10,2.369823448589159e-09
2826,-125.58414118677595,-44.890020742725824,-21.960628009120224,45.417006321719654,-24.631527398600905,155.90871143224325,-68.5647793379441,94.62517692372568,8.326434344943952,-7.29587980398541,121.65891696878323,-87.63866521647056,-45.37060423926122,2.0070274331374094e-09,6.399645258170494e-09
2827,-123.66286033171467,-41.37406734557051,-20.626175373498764,15.528703491555287,-23.75243608973389,170.45607248837095,-64.09905110784908,55.68039275523467,10.617195465251463,-2.898470441985293,153.21649500397058,-86.3559287058134,-42.72986974869278,1.308080754824914e-09,4.783260010299273e-09
2828,-125.33189491065261,-47.041927018677754,-22.38326293743234,62.85618791501621,-24.927399285227626,128.60510705575118,-66.46129037505598,140.20950143033318,-10.216972882924475,-7.295882135945462,105.86220860177795,-87.74849084061191,-46.125884559808476,1.8364971765549853e-09,4.796012476049327e-09
2829,-137.03400675208403,-57.21365903371314,-26.687328838368636,75.80985313854082,-29.591156091842734,29.68447706591951,-77.81743251476134,397.18867111924544,-28.474117036685353,-14.018213290639562,20.01010059441446,-97.02530395327027,-54.831884376371505,1.2085479283996392e-09,2.4017445809931814e-09
2830,-121.89337593221654,-50.39976760060168,-23.7840961375892,72.56822878804597,-26.703875774304564,106.89999255394027,-69.73365872349899,263.78694019747945,-19.07063106717946,-11.940908904171689,14.425176374903456,-85.20419944537974,-48.949824304046786,4.233129402564373e-10,1.5653718321573251e-09
2831,-94.26190031806472,-38.73122899274663,-18.52499184300458,6.623721507274573,-20.59334379946305,258.2124117332555,-53.94545625528441,69.74508178632284,-10.064059730069118,-8.993229153202957,10.079541217856185,-61.78933307775654,-37.75721305228385,7.971152626851108e-10,1.6416379367001355e-09
2832,-93.90477583304344,-39.96952828756999,-18.402765308527034,9.221410631381099,-20.489504090515737,257.5421121883662,-53.51919148060255,74.99988302627924,-12.70586773356522,-9.311923278597776,3.709342900628674,-60.96813948268017,-36.201053230985856,4.990852175978944e-10,1.6304468886119139e-09
2833,-110.58363190122984,-47.17893143101751,-21.49063106183085,66.12228129159301,-23.851928577736736,170.2550245934825,-62.53845886540835,163.33888537271207,-14.579672092074281,-10.722388101204892,9.168952404895817,-75.75642471078578,-42.18307689656224,1.113278358388925e-09,2.426116196829753e-09
2834,-116.7375562225968,-42.55154398605327,-20.18849354242139,14.620355680111686,-23.124142547513717,211.27521668734218,-63.303601249855106,42.64862276565253,1.2102839915535244,-6.619025177024167,122.1402972888829,-78.58352639897913,-40.7868872349601,1.2689724826486781e-09,6.3654681525804335e-09
2835,-112.32834722565418,-39.09140381238209,-18.089790180056696,24.53970065270907,-21.229841257274472,165.37019083996665,-57.808580708368474,-1.0074233068598082,8.323826872478916,-2.420181223846814,168.24747039241973,-75.88607037033947,-38.61955061725869,2.05068317882251e-09,4.815618126485788e-09
2836,-115.81611025167734,-43.85127641082857,-20.021548306008793,32.25138678594522,-22.24909300053014,173.7264767536616,-61.387521272509154,77.21834191295403,-7.829307534474351,-6.043190405846861,115.45120758552997,-79.4059046482639,-42.04346115265518,1.8414993974147364e-09,4.736925518500357e-09
2837,-119.71493695071733,-37.69024175403964,-26.93464373213436,83.16149787441773,-29.834803665162543,35.70843642024498,-78.49111945629583,346.65106336797606,-31.2911073221057,-14.39464268286353,25.985394178906045,-98.17381924124469,-54.98107700860572,1.4304646356322337e-09,2.3534276749614946e-09
2838,-116.02074764746493,-48.46705561559004,-22.63116255662494,74.14218158823456,-25.261935699611968,145.75077347593665,-66.19769166410272,195.50219506455718,-19.953857178282902,-10.81226124106093,21.35652559401834,-81.07791850318472,-46.32904559137997,1.2478267308324575e-09,1.5877272829811773e-09
2839,-94.5477916517433,-40.07463933186007,-18.50854582492683,3.534688004677639,-20.68946411933036,263.46871052924763,-53.9100789030266,63.6315482609871,-10.817875984286227,-8.726942626969434,17.138275182895995,-62.73170657659701,-37.76617693385801,4.689582056016661e-10,1.6068426589299634e-09
2840,-94.10785651324738,-41.49019822997496,-18.489788058215254,11.724049872321954,-20.489506576492115,258.22489287184897,-53.519194031342245,73.9627467289731,-16.988080021067628,-9.76216892797612,9.67927185550675,-61.81477830798362,-36.9293906440761,4.4934722609468736e-10,1.6304415595413957e-09
2841,-110.54456968320602,-48.21414521022033,-21.49768391092866,71.01076061999778,-23.73648414600882,159.82536742456034,-62.38413823363065,176.887915614558,-22.54779321390692,-10.962414454683659,11.081822966357743,-75.85573770473458,-43.062900040990165,1.1031033864128403e-09,2.393420572843752e-09
2842,-115.56926754304557,-41.9018840055514,-19.705837363501857,20.002173498006474,-21.847528905488375,191.42726686958787,-59.83820854443969,46.69121690054053,3.1918540310668044,-5.629748473585609,124.12167816965872,-79.12456297582342,-41.81715160520019,1.218950274051167e-09,4.77180606139882e-09
2843,-112.60176529335335,-38.62713594671358,-18.016048511217157,20.28761128355084,-20.466314127413767,171.82614370296147,-56.11656267776822,-6.20024919315112,11.294666024838872,-2.343611293906063,167.39748657432315,-76.69764539306736,-39.736575096565204,1.6916601452976465e-09,4.83122164496308e-09
2844,-115.96379315767787,-43.47283640819719,-20.494741202652715,49.62738486886112,-23.140065554989725,156.8751492123194,-60.803776451027595,91.74696357222216,-6.303312469406757,-6.044752631287663,101.79479908428726,-80.30996023549689,-43.51105858168297,7.519247446907684e-10,3.998380293523951e-09
2845,-134.78519272778416,-24.34073853649804,-27.2033691445062,77.0734263329826,-29.855513172110346,61.222017357313845,-78.18960466769605,344.77708193871405,-32.120058868627204,-14.290078728879678,11.867218695867027,-99.1440483070732,-55.01114014645364,1.43302258948097e-09,2.354703099172184e-09
2846,-115.65482241386083,-46.60454145845837,-23.00081962819134,68.50796035952358,-25.222671875279257,141.2364451339665,-66.03474449756123,213.99603413931257,-21.30372680800619,-11.777869231608856,12.39733000593851,-80.2346409956528,-46.30393270762515,1.1770566743507516e-09,1.6039436445680622e-09
2847,-98.69558325492689,-40.867773540149976,-19.628602854371515,20.87169167709701,-21.44816873197496,241.58818048989477,-56.27447036953186,90.11403836025845,-14.459433484802156,-9.419261371067249,11.961386377547422,-64.10458799806817,-39.63741527728034,1.1679617273330223e-09,1.6231584964998547e-09
2848,-97.67861781537599,-42.32226297076823,-19.439649725485207,31.365899635599902,-21.230572421763455,231.36157180906784,-55.6704237065742,94.1107485416414,-13.196791769268556,-9.369057280063323,4.323684463378838,-63.094701934517104,-39.159826806119334,1.7672618923825212e-10,1.6231318511472637e-09
2849,-116.54048189138912,-49.32133368388008,-22.837526350229314,71.00979719473926,-25.098075870005385,121.42374026241043,-65.83304391488105,235.7800486213339,-19.34229348914001,-11.570064707636599,9.535381996290171,-81.66921861386481,-45.53692952644734,1.052853804139886e-09,2.365780460422684e-09
2850,-124.68630302238287,-42.41959841819163,-21.569728986857783,60.78317902566051,-23.825912214319988,134.31106407176276,-64.44622109037888,95.83390364313169,4.657038350965582,-5.095559164303507,118.53799178563385,-87.53258686703391,-44.547267063214385,1.6885906006791629e-09,4.786787854982322e-09
2851,-121.53587661638457,-39.46263837594364,-20.256122446134984,17.59850990579882,-22.397656283662496,156.7459665188793,-60.73762603344536,44.16418135428225,12.57969020262552,-1.894518397243797,163.18418001518037,-85.12345816039412,-42.86463163249065,1.742137101246044e-09,4.745217552226677e-09
2852,-124.51922534699682,-45.67721090586684,-22.245741990544914,80.84005586527212,-24.486001845065186,103.97266857369344,-66.30513895236248,139.5565427441287,-3.7995545607762597,-5.757533425820772,102.56172941060937,-87.49258148318103,-46.64800803295493,2.3351276468019933e-09,3.939403248054418e-09
2853,-127.7360009041239,-33.49856138647805,-27.141884136059847,75.24087523682596,-29.621237592067587,56.658012047634735,-77.42378138016568,350.94104314082966,-29.43743112828921,-14.107406360667804,7.1518732970989145,-96.9941385688174,-54.03136223391234,1.6460148799524177e-09,2.435783130749769e-09
2854,-122.01448846097806,-45.787802698552696,-24.379961986621623,66.42728022457742,-26.498605678421526,114.37650670130266,-69.53542196265741,265.2867982250929,-17.867225069087386,-12.368126610521808,6.225285968452085,-85.15381538276917,-48.71042324397993,1.1121414900117088e-09,3.211329868690882e-09
2855,-98.71785801178866,-39.30573842380116,-19.547503957700044,4.102786876601976,-21.38140404026718,250.5119390622808,-56.25572831056332,92.70666457434866,-7.144206701333412,-9.216188565048384,7.9444913830830215,-64.07083206099972,-39.62642180499759,6.570530786120798e-10,3.2168454566772198e-09
2856,-97.72268831465969,-41.7965619749006,-19.276616391430746,17.8473894489239,-21.186216341542742,246.80497847573034,-55.59036027123207,81.90227972853545,-9.98553308901981,-9.473794378424888,11.670160971845128,-64.19073721164364,-39.00230062953971,9.250697985407896e-10,1.6231196386939928e-09
2857,-117.0106333469433,-48.75558374303595,-22.676566623670492,75.34677964008867,-25.060427798126952,130.97836662378526,-66.03748850505386,207.0679007109734,-14.685588486551486,-11.370853171722832,19.843169836410322,-82.59127309305192,-45.047802014594104,1.4346142052090727e-09,2.35258212910594e-09
2858,-124.56649227046843,-42.833453492823494,-21.41115096409132,40.580372530992186,-23.57010262043896,152.30159485122513,-65.471265180213,79.29094051584713,9.912196340275216,-5.303956561676758,133.01665635991372,-87.8824528483374,-44.06288659825594,3.0026967579033226e-09,6.411070785361517e-09
2859,-121.37741076663389,-39.36025981473192,-19.94890074711245,19.34703125662273,-22.263807014498116,168.94766669785764,-61.542195162108925,5.09131702892801,17.04873321481749,-2.3652484612464195,182.43243263119672,-84.40305208857235,-41.60630671381812,3.181412466801703e-09,4.825551513931714e-09
2860,-123.92166282506567,-45.27695763918165,-21.634143149786986,65.47003416261221,-23.930052639388236,127.35971431364169,-65.70541550837407,99.7264144073308,1.063261517317981,-6.167636817557035,124.63131788247333,-86.5099639551011,-45.104909689336495,3.144350557704456e-09,4.785839280430082e-09
2861,-124.00787668611184,-40.61235277150187,-26.655055610296916,80.31308501122204,-29.193045753258207,39.059034781603046,-76.96755546983938,345.2759399398754,-25.6842601842926,-14.142657188877031,24.866150090961643,-98.39863600737038,-53.85277011733958,1.7315642253379337e-09,4.005840992249432e-09
2862,-121.38132896069536,-43.30067761617288,-23.76758461744695,71.81025990546888,-26.22566265171045,135.91294842070897,-69.6102565177514,212.39755993081815,-11.903034513948176,-12.512955464954931,24.892310088216394,-87.55564789579041,-48.75593007476915,7.950120561872609e-10,3.1489904017689696e-09
2863,-97.86724227531298,-34.51335690434435,-19.168319450596716,-2.28495920495405,-21.314309061843556,272.24887388253387,-56.20821939257056,45.69893261101239,0.913205797926112,-7.708448974554817,27.104655099210635,-67.4705967326309,-39.43021536596693,1.0267058314639144e-09,3.1392914934258442e-09
2864,-96.85796046908808,-37.62153977776506,-19.146447766383133,8.053241687114493,-21.23504429609918,262.0125496021105,-55.44012518340929,55.97010983826215,-4.555474628164857,-9.08920948875115,22.488620516803646,-66.71968454569244,-37.85903545623063,1.0734879651863594e-09,3.2168259167519864e-09
2865,-115.83195826432738,-46.76345929116578,-22.637299114683145,81.41325326200887,-24.976115071705124,146.83857744133311,-65.86424304517107,173.00145362817338,-15.007929183590852,-11.344155404334815,27.20014979849007,-81.37973387013507,-44.64854085071931,1.8355876818532124e-09,2.3657706904600673e-09
2866,-124.49529778897656,-39.8333037770283,-21.20762674762711,29.600743855901126,-24.190359254203898,182.79198513507882,-66.299297003907,37.05895158914234,13.357671653182186,-4.099028120915243,149.3183310082308,-87.68358475405931,-44.319185727389566,3.805325832217932e-09,6.397485208253784e-09
2867,-120.4829866769011,-37.58776659630138,-19.65771563162721,34.43431694996567,-22.706377307324974,142.05349375349857,-61.67776711088458,-11.310575640331317,25.983382957316707,-0.8069631359973624,198.0040401537484,-84.55367242479181,-41.691409219782436,3.521563485264778e-09,6.346780878629943e-09
2868,-123.60919270545013,-43.82127471182387,-21.372556702710106,48.088534607220296,-24.29012143214524,146.7102534445404,-66.02628869616949,80.16140764542214,4.501730528389895,-5.323702974658178,136.66050738584158,-86.83585840618099,-44.843437916187156,3.4374352253507823e-09,6.35751007393992e-09
2869,-135.67207617635512,-51.83952423756547,-26.12228156205545,88.20113991313711,-29.004064864281254,50.94397091688305,-77.37229271365138,342.9274748801291,-26.14780953747119,-14.114775276770581,32.82171733165965,-100.2646872602633,-54.35679137579619,1.959506334969774e-09,2.4073010251868254e-09
2870,-121.30511126116465,-44.54032906036972,-23.469860881651847,78.77342694532902,-26.350225458971266,119.32753208300349,-69.74527153018467,224.99792168251807,-12.881098912995453,-11.977639783016315,24.33079841181467,-88.15088134398925,-49.00926086258945,9.58436885412084e-10,3.158902472932823e-09
2871,-98.07774709155494,-38.04756990912553,-19.023008746838173,12.143796499964797,-21.333734960194985,251.56293642976036,-56.11250572456697,61.18818622026655,-0.8788012051431147,-8.680818368207152,24.40316704307755,-67.81961495768755,-39.324285202828385,1.3731664694205392e-09,3.1516229626049608e-09
2872,-97.74698013707166,-41.16915377943948,-18.980963151595766,29.1546007048101,-21.214076006618107,239.03498744492913,-55.670419297248685,78.65480813998433,-12.444923264553463,-10.05578058574375,16.003781283917967,-67.03859157900173,-38.52728974504415,9.731593308970332e-10,1.6231294086566095e-09
2873,-116.58634132211314,-48.61322099247496,-22.523285540285514,78.03455839698171,-25.001109651873684,123.41523169968255,-65.65608025465201,218.60057027860827,-18.652366686523493,-11.614329500226532,17.111736540043214,-83.3395389162663,-45.175824016692445,1.4586589713871945e-09,2.416602029597925e-09
2874,-124.23133206875306,-44.54211468365945,-20.937765381720556,45.668941886583,-23.55210611508473,152.43448330455874,-65.10835008646704,77.28446891785623,7.630627995490739,-6.820142004006629,136.17428170920903,-89.6651232470536,-44.33587016807712,2.111391950165853e-09,6.398153118425398e-09
2875,-121.58238365835403,-41.29579803582088,-19.070293174184155,27.582392049110886,-22.34449431221033,166.94867630751057,-61.845142063608066,10.232589533473927,11.99415297968014,-3.777922016348099,182.18846249304502,-85.3154522739531,-43.7147877658366,3.04964942188235e-09,4.776858020250074e-09
2876,-124.4495050913759,-48.02096376701653,-21.170650678331334,87.70675828535282,-24.27343706581803,117.7487366247876,-65.74509817111263,105.1987064994541,-7.082624032529945,-7.750176339556173,122.68165270408316,-88.56704047213937,-46.27635843678575,1.994976628338918e-09,4.80335060615289e-09
2877,-133.5857022265883,-49.55791926145577,-26.252750611789747,83.68707114755287,-29.380373244373743,61.616873841884235,-77.38765759574748,342.5666153232065,-31.17649016221029,-14.157177129143145,28.79051131650423,-100.67746541881371,-54.48553593999135,1.2020109352306463e-09,2.424442868687038e-09
2878,-121.72151364911153,-49.75200276049781,-23.644255193597218,75.22986365464749,-26.433251364772516,105.11846055109233,-69.5685998766026,257.6087227006262,-19.313346585590484,-12.470043086032211,21.83689488877951,-88.34549582460215,-48.54543342490154,5.904325917072129e-10,3.159314143630354e-09
2879,-98.57492141282523,-40.53602405269002,-19.26969463306931,31.240777226496053,-21.418836389702037,230.91808168425956,-56.26716556126229,82.78704485368657,-12.02790184583144,-8.959801108841816,19.25088005340716,-68.19555748932397,-38.946881299170805,7.493099474231713e-10,3.1729688876325213e-09
2880,-97.87510638449885,-42.8991199145678,-19.166398774579008,44.735952146329154,-21.245522464041294,220.55723700732597,-55.670423559976676,92.61324545109554,-16.412496499546293,-9.527608063277201,11.242848922892701,-67.52676764395581,-38.82584020135578,5.263132152322214e-10,1.6231300747904243e-09
2881,-116.72247927772148,-50.49893103630459,-22.764288080976346,73.68455327876242,-25.060632370741757,105.6370883687084,-65.79294494194703,254.3168418008121,-22.969955336181716,-11.709800412055678,10.957210073635006,-83.79981737744743,-45.27684466004537,1.8491732589609455e-09,2.3657840131363628e-09
2882,-123.90074819530207,-44.261871538427165,-21.606119303574502,71.51879125949826,-23.49551232047238,121.04292071155584,-64.83621447460938,96.98856629653362,2.8604194418362603,-5.7767964188941585,125.4619083474526,-88.55934137426613,-45.43600237232997,3.4439153751009144e-09,4.807372278037292e-09
2883,-121.02463075563607,-40.728859384114266,-19.91727568399361,25.923982100862247,-22.001032370326264,145.76286823210387,-61.43271390888085,40.923165360254146,10.237135486472754,-2.381338512940657,172.82148247979322,-84.73382084681715,-43.448962137538054,3.43516148859635e-09,4.829487920687825e-09
2884,-123.44425436436376,-45.80831483872909,-21.820621303323872,84.07848946121989,-24.032957218807912,97.89649874578771,-65.63055657868699,129.76876743291308,-5.541174021670594,-5.795094026384636,112.87856974625979,-86.85272977916355,-45.6966232042831,1.2967120710527524e-09,3.9546204089191406e-09
2885,-118.89109335816738,-32.51919437967884,-26.770667447384984,78.28872911537754,-29.178692056188922,21.781315707258365,-77.42251166313955,363.845781817151,-28.35877763433759,-13.749420353976872,14.029106110217505,-96.70024993403307,-54.35432589169202,1.3282601685205009e-09,2.4088997463422857e-09
2886,-121.0535963650111,-45.5685490126468,-24.225274066593606,69.1114473393881,-26.394573538059678,94.86230203886545,-69.7519510736529,272.2337590402963,-14.80690799866553,-11.567806932059925,11.932569891259988,-85.96093720019933,-48.81048209736187,1.0293206287315115e-09,3.2367175606395904e-09
2887,-94.67232199625742,-39.59023674727547,-18.751719031231413,15.740024760978304,-20.504268851660747,243.18126321107766,-54.04148309403478,77.37413701006544,-8.487239304149435,-8.729351313242255,9.453856866754625,-63.86118523887167,-37.11147624893403,8.673737283970695e-10,1.6068311126105073e-09
2888,-94.08444928129063,-41.4482078399205,-18.481575437014698,26.665086179707664,-20.42940983733564,239.7225460822116,-53.5191947329404,84.68992623060372,-14.815615989750354,-9.506334007437296,2.6990850668692055,-64.7067081237797,-36.78514829084976,8.47990122565534e-10,1.6304309014003593e-09
2889,-110.38507498375999,-47.61265072503823,-21.427059236619026,71.76423606986675,-23.73340810238433,140.26552749794314,-62.183057971219526,195.55092897440193,-19.88618216348322,-10.967255726002692,9.627135731730204,-78.50259716747165,-42.51054217150819,8.554366104362998e-10,2.4079369609353307e-09
2890,-114.58283185705241,-39.82633290855606,-19.352221890598752,22.664949728848658,-21.366906276143855,172.30721168786982,-58.642762810003674,51.039272119093376,6.216617972112534,-3.9720585461495554,128.237106627001,-82.44997748429446,-40.27206630435408,2.6379893824923784e-09,4.742407355706746e-09
2891,-112.04275148253868,-34.27906740019752,-17.71596781706978,20.282164951645054,-19.706372884322313,150.44793426558587,-55.04642306474439,-11.356818719429883,17.40148061390852,-0.2887922159576076,176.26209245620248,-76.0143334632167,-37.94314518095081,2.987235347973183e-09,4.733649916488503e-09
2892,-114.92295143812149,-39.98564953408767,-20.376211701438255,32.13886912015851,-22.203135222441112,144.84778386761542,-60.19587262605696,91.03123397249603,-1.1437260903669066,-4.83100969755859,116.94818929987659,-79.59773313402846,-41.709786752966,3.626666966738412e-09,4.826057775630943e-09
2893,-118.89879625839863,-31.804975716993187,-26.519021183658253,78.64216751205531,-29.269774468220906,13.470556748146183,-77.87639530605642,362.2901205326768,-25.566949747578786,-13.839147474119327,21.54617467794347,-97.52380714180232,-54.650152139883296,9.3916696641827e-10,2.377763763661278e-09
2894,-115.90851373092977,-43.138067220516376,-22.458167530723955,69.78848922082565,-24.950094178263363,127.59399192048859,-66.30373099021855,201.07455164875884,-3.595056437150185,-9.453428260818718,17.19634951150671,-83.34528908985904,-46.501034831822544,1.130729287979193e-09,3.1944393796834447e-09
2895,-95.2212923416399,-38.799437309084304,-18.705838670355465,12.613059047464546,-20.63415376101601,244.98811455819316,-54.05513496784431,71.87095142103465,-1.876265691313176,-7.62330010993045,11.032307490157521,-66.08156444981114,-37.507445189360475,9.820269042393193e-10,3.14799719625114e-09
2896,-94.21830562363927,-41.182237124799045,-18.570318601634852,17.392412466862996,-20.453267798047662,253.96763144468446,-53.519194397500065,76.24064281458594,-14.547387977466146,-9.697198857652136,5.5169700871877385,-65.09356578673984,-35.83618062407949,8.97728114068741e-10,1.6304253502852362e-09
2897,-110.59613840624671,-47.42051954884117,-21.59329209980497,71.42341747353996,-23.74248188808116,149.0145567394968,-62.69897533654699,181.18334233007099,-17.232838397077252,-11.023478219749917,14.526964943631743,-79.27228697803108,-42.56827058525453,1.6892158782866318e-09,2.375113439256893e-09
2898,-115.36233193042287,-40.631620222812145,-19.395943523512074,19.30472497605543,-21.985541592694346,182.8588042228566,-61.980848344655044,41.19407770472786,6.357030058689402,-4.509697654689058,136.24983503765154,-81.48627474512055,-40.612213926284205,2.9372131393756717e-09,6.389477391621767e-09
2899,-111.4940345813009,-35.704267941738195,-17.84757620228086,21.813899345036045,-19.840263869701968,153.97382986012394,-55.41981564574084,-12.587135777988205,13.043502412744994,-0.9547230258382975,180.0088639683774,-76.8108092860608,-38.18146919584572,2.5615918275434524e-09,4.758135219162796e-09
2900,-115.47317259934216,-41.45419866251581,-20.11437998082307,52.35153511123794,-22.015024796474744,127.98104847336808,-59.65256462040142,93.23396155005051,-4.716200694561866,-4.741357363918317,116.7683462277262,-80.36660632854232,-41.80138626435707,1.1932570487260818e-09,2.4226705086505262e-09
2901,-128.24550558475747,-33.70949677028146,-26.831491967647832,80.22863235234865,-29.482860407635997,44.223193683190466,-77.7721711537059,342.5683795368214,-30.615527023611655,-13.364513371810068,27.915857150057246,-101.26151156432614,-53.65298483894102,1.4455281416303478e-09,2.420755151888443e-09
2902,-115.79574748343074,-44.288764321649445,-22.675703648972018,70.9301305898991,-24.978087641122645,129.96884779536228,-66.06117697828324,199.57997406133725,-13.823522798883413,-10.580571669675136,23.65093981974478,-79.72523319603646,-46.201084497266024,1.2477698874135967e-09,3.18254667064366e-09
2903,-99.13120765530894,-41.8059478515956,-19.562166719592067,41.66826623507407,-21.46898593536283,211.4505528265266,-56.31779620787019,92.87032269420774,-6.389885074345379,-8.704439339492057,14.120539546819515,-67.96139326745156,-38.7678592264362,5.447304829431232e-10,1.553104311824427e-09
2904,-98.00545126836761,-42.69189487210471,-19.36082855717436,51.50893795143622,-21.31309456708303,209.64391530979574,-55.67042327382471,103.54734878617289,-13.51651661307972,-9.089941515657248,1.552859625073057,-68.61779796112293,-37.98711302510732,1.7678303265711293e-10,1.623124745719906e-09
2905,-117.1828282564456,-50.1320171718336,-22.911689379718887,70.43524467318396,-25.138530964794,100.38212454101999,-65.93775420306967,261.21134742863956,-18.370487964751337,-11.040441368787048,8.587693738466445,-85.1794259075352,-44.723235135480195,1.0369944902777206e-09,2.365776907709005e-09
2906,-125.09848758418565,-44.84837744592325,-21.744694558827614,72.79740462697511,-23.756273717157303,118.16328086565639,-64.723706169905,99.0043349917305,2.347935166547228,-5.679063595368048,128.26522641513375,-90.93993671821507,-43.78764222429348,8.251390681834891e-10,4.75406380928689e-09
2907,-121.8306945784879,-39.496265667652,-20.383253450184675,24.77520219606805,-22.182962749927142,136.5813966430606,-61.133459163233425,53.738972996128666,9.628727712503794,-2.7401769610303486,170.32060293904556,-84.99811737778572,-42.27997248143302,2.0215793483657762e-09,4.729606928322028e-09
2908,-124.33112149840414,-46.22793464899018,-22.010871178882603,71.79589948461205,-24.24885672932213,140.6141971206864,-65.55824485877964,108.05482862251948,-6.010602018278683,-6.3993268982491065,107.30981850285436,-87.7356721240802,-45.25211372056762,1.4476881915470585e-09,4.0222689623448105e-09
2909,-118.257620556046,-34.826585427132855,-26.77519653748322,79.06689573655925,-29.16157602947633,31.321559812943903,-77.30919265030832,348.89686852839486,-29.62833983425919,-13.537582266004442,20.74522491639057,-96.80574691447715,-53.72870874402848,1.3908447726862505e-09,2.4148505417542765e-09
2910,-122.45226801659982,-50.22075404049264,-24.071732832341517,72.0479814194817,-26.395912718050408,96.76714215407948,-69.77471448621907,268.3756565882007,-16.496640532026056,-11.856229071400218,20.768345045186443,-88.23741735540267,-48.45345612871535,1.1382894626876805e-09,3.1587443771741164e-09
2911,-99.09101929692788,-42.838299469375116,-19.442299572544375,40.612114820456156,-21.4564050039247,217.29801873094644,-56.36026938357949,92.61660641289821,-9.079406770672872,-8.961076778272016,13.577751468194435,-68.32964498336801,-38.546070152092234,1.693933882052079e-11,1.6274039893460213e-09
2912,-98.00545217308442,-43.25327780135178,-19.35635119350026,46.070376053840846,-21.313095491619972,220.21175068667512,-55.67042419166624,98.89875494434555,-15.144299010676772,-9.498433646754743,3.939278362848196,-68.67206614499564,-38.20676037789497,1.7672618923825212e-10,1.6231176402925485e-09
2913,-116.94565923205845,-50.29789197949572,-22.974347831333464,69.28034928552931,-25.145152318018077,99.86875495475395,-65.78007336215427,267.9884734005278,-19.93716185496007,-11.596318738448492,6.463031352159825,-85.46754554603811,-45.45645810553535,8.517417882103473e-10,2.4377015961363213e-09
2914,-124.37831594258613,-45.19213722419027,-21.667437348239986,80.26261595760536,-24.004485275106912,105.55573904987443,-64.15692377205231,112.51272034575314,1.9655365439688783,-5.55270470961693,120.02920637193598,-90.86891273965213,-44.504901206246394,1.2416876415954903e-09,4.824240562584237e-09
2915,-121.41831515523991,-40.36870979177208,-20.166105880967937,19.399849646779995,-22.06175526912376,159.83984316880918,-59.95379640010441,39.955383470145534,8.69107278112291,-2.376838256023941,167.0141220491932,-86.41721380504991,-42.13753650719029,1.6300418792525306e-09,4.780083884270425e-09
2916,-123.7876238968804,-44.5634879997481,-22.56295330474856,57.349698827153745,-24.094006095892563,162.23032720342806,-64.25152964216117,92.10084711882814,-4.765304479858842,-5.727605001915998,110.93734549615957,-88.15794862794651,-44.70775954182758,1.9887238522642292e-09,4.0065386563981065e-09
2917,-114.59875575374443,-26.242001552758683,-27.070829423701884,76.05688748930518,-29.43818119720072,43.730115095502796,-77.12944411413169,341.88152162548687,-29.018115544053348,-13.475954064109441,10.408215027860688,-101.34001059794396,-53.76344695898144,1.8811761037795804e-09,2.35335306797424e-09
2918,-122.36608959145016,-48.29297086561078,-24.408598695459528,67.10282728923457,-26.576143283067804,87.54292746500049,-69.63083570746647,295.0827666538881,-18.83224973202049,-11.713715241247243,7.07368267584894,-86.02543865667235,-48.95616229085943,7.451035344274715e-10,1.554955275651082e-09
2919,-100.39914795286988,-42.01599116260003,-19.9671188831102,28.346409987428434,-21.834135026313852,210.7945119926239,-57.09792849165152,118.43216913926956,-7.037556449223538,-9.145368214873846,5.327390462880155,-65.34463326822076,-40.05860211770404,1.91562321560923e-10,1.5640964079466357e-09
