,KE0 0,KE0 1,KE0 10,KE0 11,KE0 12,KE0 2,KE0 3,KE0 4,KE0 5,KE0 6,KE0 7,KE0 8,KE0 9
0,0.005788583907564027,-0.05246707573414756,0.05458055379997271,0.10583176183588625,0.05465050259070266,0.0899412513405978,-0.15418546381033058,0.059075473627510894,-0.05215601365043231,-0.03260724662155996,0.08937450994170898,-0.09043020414511395,-0.07739663308235896
1,-0.003935302189331738,-0.07092412002460806,0.04426987161999456,0.13436988075950446,0.04790683705930089,0.08586027558829204,-0.1959055557996438,0.10384602521808899,-0.060582050191898794,-0.02926946737227812,0.0869746216027933,-0.0798851778818122,-0.06272583838840162
2,-0.008671659311316632,-0.0717558361852266,0.049685580306350584,0.14730165591540334,0.049641749196515046,0.09169504207243105,-0.19642650142974888,0.06168088610085993,0.0012744656810130162,0.009409371945213416,0.12006935226381532,-0.13734925369261566,-0.11655485286269389
3,-0.00969641041754628,-0.06608454071437238,0.05078101568067442,0.09196763722856138,0.047144732766362954,0.08778008698089115,-0.1820647348569309,0.044808804185886834,0.04196055554816479,0.038043288539326904,0.12796723436032328,-0.14702439940591522,-0.12558326989542673
4,-0.01355795073423394,-0.07203776321472893,0.03706750923317597,0.07785773040631203,0.039694574597622025,0.07839183450462105,-0.2026687441916639,0.0848878516494877,0.029469237872003486,0.0388055054003222,0.10499180838745921,-0.11200458563150842,-0.0908970082788685
5,-0.017340808017981754,-0.08886995847900175,0.02324792777892922,0.11933268721968601,0.034138615485498146,0.07285646603533918,-0.25204219796198346,0.17500271333201273,-0.05301584706702296,-0.007352684624015442,0.07348153739687106,-0.05055021054706975,-0.028888240551261393
6,-0.007899041271263273,-0.07228610668083309,0.03638249670039486,0.1280831597657213,0.04305121982488526,0.08079350181262447,-0.2156146923565569,0.12486741637745141,-0.05085921021035703,-0.01818159397982978,0.07934158250384951,-0.07290531142108948,-0.05477342106499742
7,0.0015145318414797357,-0.05467542471388661,0.04947867560481866,0.11325283337320922,0.05050145624311833,0.08601996224435614,-0.16483894704928362,0.0601445318676589,-0.030069246612897782,-0.016962119670998276,0.08472318262060947,-0.09628608418405572,-0.08280335156412841
8,0.0033136965421142295,-0.051609529166818,0.050842518759746096,0.10503554809675096,0.05143103590572079,0.08625899398630484,-0.15747911111358587,0.05673480380934459,-0.03393023510292441,-0.020191824110271525,0.08464322480658332,-0.09391147836391006,-0.08113764404905488
9,-0.004189216826772673,-0.0686512982210775,0.04341839757511645,0.13329792854873224,0.04729632714690706,0.08502327289230474,-0.19680996531638106,0.10224177107503821,-0.05489974900905044,-0.02536168786294993,0.08559449721808045,-0.08203551460318732,-0.0649247626167602
10,-0.015887366959799202,-0.07367871457125205,0.04395649446019882,0.11220803479476794,0.041885760237365406,0.08336352472867345,-0.20227628594326955,0.04726460991386133,0.06774073642060681,0.05659716927859373,0.11435354042443521,-0.14813038368879863,-0.12739711909538318
11,-0.018083095966679247,-0.06862277021529974,0.0428081816165815,0.08346515733064326,0.0386173768741087,0.0790259256320569,-0.18831274979099602,0.02319770868399399,0.10980367556104592,0.08550669646139168,0.12382308992534552,-0.1661017189441164,-0.14512747716807586
12,-0.010629326773601892,-0.06741128444480411,0.045512712663211656,0.1254353181702069,0.04629311393020285,0.0873475972042831,-0.20125395537159474,0.056158595018839415,0.03198005999617645,0.03337397941286045,0.1180727027862033,-0.14291030789175374,-0.12196920470022943
13,-0.0017536181127343017,-0.04947914882351643,0.0318601221854327,0.13585981449340065,0.045369025440700594,0.08133475884565741,-0.23906170177264452,0.1429611182840099,-0.06549254405012173,-0.024539538654498906,0.08376512461162494,-0.08122733589302283,-0.05959607655428766
14,-0.0072664621408241965,-0.06993654450895145,0.0386865423327031,0.13044126182501808,0.04471152437669905,0.08310402819769826,-0.21432242288782818,0.11384972335674877,-0.040274441173822284,-0.012953344059939979,0.08371515984292531,-0.08394365039707653,-0.06581137476335003
15,0.0020526455097726417,-0.05044051357462327,0.04942132546321678,0.10455918975298091,0.05053023000712296,0.08569339596394476,-0.16273069716186567,0.05494722270474018,-0.020761929778547152,-0.011071446916387373,0.08576135834001906,-0.10055290376674171,-0.08740787654363202
16,0.005501017451939617,-0.04541362842588306,0.05262031125586114,0.09468682585742472,0.05334785781889042,0.08800056497413053,-0.15482143401522808,0.05182821381992844,-0.03052240670687526,-0.018381476497255852,0.08866710536993687,-0.09905830868205082,-0.08645464222081854
17,-0.000839718845461592,-0.06239238306494536,0.049421964590751224,0.13888745240355937,0.05225861736722728,0.09102965819632566,-0.19255349577956762,0.08618894913231545,-0.052230883730092874,-0.027632494386649598,0.09605817603377423,-0.09769634799781356,-0.0804994939194225
18,-0.01294284829277365,-0.06474016859595597,0.048348247087386484,0.09851302852442997,0.045847900993079845,0.08802610606594258,-0.2008515044008411,0.031119527714642593,0.08181887800697987,0.06438891351024566,0.12665817356736184,-0.16356180935613623,-0.14262444482436165
19,-0.023864746214647178,-0.07084324238274659,0.03860288315823831,0.09202170939459867,0.034447738565566544,0.07587945630299119,-0.19765279182336862,0.0027016137804521958,0.15257916735457053,0.11322566313119926,0.12880990737606582,-0.18368822456170852,-0.16221913408121133
20,-0.013384365789704249,-0.0694073752809768,0.04455669778676471,0.11637704265744973,0.04448710401618145,0.08613881716417017,-0.2007756616703326,0.046890695723431144,0.0522010678845346,0.04655605485018131,0.12124885819428996,-0.14797719707204607,-0.1269117384639432
21,-0.004851624140820106,-0.062079736045757984,0.033932099293199486,0.13950082156386,0.0453969456180282,0.08327527451567805,-0.2386226369364618,0.14294224664198293,-0.06413525084173534,-0.02386010467306436,0.08950285897979292,-0.08127847262915842,-0.05972242134554364
22,-0.0030043544723400116,-0.06374672980609473,0.0446122399861078,0.13790833250250495,0.05000523641095172,0.08903989635059982,-0.20919337314459946,0.10429136585537048,-0.0512773316997687,-0.023276021224600162,0.09256498664441712,-0.09311183788834046,-0.0748124095142084
23,0.005639101334733901,-0.044723057259844615,0.05293343870145122,0.10143209571851151,0.05399409011692379,0.0890617729789975,-0.15888838076724868,0.05326816484006468,-0.03350291542420325,-0.020338356141968838,0.09024988736628103,-0.10115422108779588,-0.08797162037590225
24,0.0075806178739320955,-0.04561345949162138,0.05569563643071954,0.10106936292383857,0.05602747710307325,0.09105632499401912,-0.15241108001985496,0.053145658755281815,-0.047147113873756516,-0.030672430562088973,0.09339471127552436,-0.09739567414525473,-0.08473003126381211
25,-0.0022191086767100947,-0.06676588311069627,0.048150560504530086,0.1437763377985916,0.05091816535080826,0.08965973011452882,-0.19283073793745015,0.08929999721724773,-0.054698629698714085,-0.028952027288874256,0.09458496445536467,-0.09403380505329632,-0.07688956367532995
26,-0.013012899225205543,-0.06999385770902654,0.04764690915746809,0.11454432601080551,0.04563907403286614,0.0876325443600447,-0.19933606284801575,0.04191890718875896,0.058451955790663784,0.04885489888895311,0.1238231800751342,-0.15356624602880045,-0.132602729693646
27,-0.007566260288913228,-0.06110139088689081,0.05920776826749347,0.11315551615866411,0.053215335398672375,0.09637130639373831,-0.18487526575777555,0.013197749151369592,0.05901350801701723,0.04368483714432704,0.1480558756313591,-0.17662973973967347,-0.15572923948938794
28,-0.004893210812516108,-0.06636225555568921,0.05556399812789985,0.13711688245738207,0.0541317066388832,0.09651998132235351,-0.19209279143319874,0.05510735928047186,-0.006314753304108989,0.0033152674782072488,0.1311301229060558,-0.14190156071328588,-0.12132074639245446
29,-0.0010927683951116075,-0.056035790519971033,0.036375222338949666,0.1422743819380227,0.04825380823638892,0.08554484800640623,-0.23620205827273913,0.14636068899469784,-0.08364393295051507,-0.03779432814604389,0.0905260962944372,-0.07805393658402983,-0.05651223094049216
30,-0.006502290312034802,-0.07214486177896545,0.0402593507781671,0.13471457091040248,0.04596850798975326,0.08466491431134363,-0.21352849446589595,0.11624766769555518,-0.0525344419558816,-0.021252857549415166,0.08798011056366109,-0.08106691623234867,-0.06280525995434119
31,0.0073216211170305905,-0.04509650844185587,0.05422925100746518,0.1038974969065938,0.054758827933440064,0.08908719217716614,-0.15088111815876315,0.05506591541731862,-0.05297500352581814,-0.03404436512349224,0.08981889635109064,-0.09193545232866075,-0.07924675333151479
32,0.0092108863046888,-0.04563264453670403,0.05655762211304273,0.10838913084179612,0.056635640048093794,0.09088985112410779,-0.14612137608309478,0.057667622377351936,-0.06948619870433176,-0.04586280373296086,0.08979392078532854,-0.0871156822382783,-0.07492596829903993
33,-0.003739326663892561,-0.06853961646748244,0.04459763458223643,0.13458713263699768,0.047438568215530164,0.08480545071448768,-0.18895398999531993,0.09381759586791673,-0.05337064349035203,-0.026122519789444316,0.08565746755826222,-0.08328786259010032,-0.06688989057883923
34,-0.012242821748416033,-0.07126279510977551,0.04793227245149287,0.11421116860548193,0.04468903845350131,0.0854410652276712,-0.1902313226391601,0.04801993547517657,0.03902771908869936,0.03596932604723432,0.11618548976996272,-0.1389459814636756,-0.11879309415819289
35,-0.00571953225622281,-0.058727163474665646,0.05815868828829,0.10287715142238804,0.05222755087432651,0.09317526445404407,-0.16937093613147355,0.01955730276081946,0.03984686285201132,0.03190860596678081,0.14009786880643466,-0.16201151937208014,-0.14202014419065245
36,-0.00475514866811793,-0.06419052185061158,0.05514752680477985,0.13279158500994345,0.05286788878854969,0.09419676585615701,-0.18635732874268426,0.05357414655260045,-0.007582468815669663,0.0028206976299630327,0.1265368021744873,-0.13772512580188792,-0.11732481893750932
37,0.008108080255457286,-0.01597291471510117,0.038250633321348045,0.14448320586440963,0.053828549698622975,0.08911402824432775,-0.2406140800031159,0.1412098894609414,-0.09714651715465984,-0.04973403338080603,0.09464464792896617,-0.09473821646027157,-0.07143327306011875
38,-0.004156179757199057,-0.06827596030689088,0.04262949170517483,0.13632692974526162,0.04778339969827079,0.08602001509752606,-0.2059882034536033,0.11087411418837154,-0.0596654523076954,-0.027689927314327564,0.08994520762618267,-0.08282422336245299,-0.06497921155861833
39,0.00477831860558472,-0.049434322157176636,0.052869573837551885,0.09915823761780125,0.05303210404637605,0.08789711125907823,-0.1537903711029486,0.05231800558586269,-0.034746534413548476,-0.0214229417268326,0.09060795285130983,-0.09707241845222078,-0.0841947159508375
40,0.006988429762402782,-0.04770034051824419,0.05507679071890051,0.09554147808065643,0.05486788744321817,0.08940901298371774,-0.14803039222354647,0.05214137613048145,-0.044111299043800234,-0.02854351215363459,0.08919905636369345,-0.09372820611619181,-0.08111028142765314
41,-0.0045965506357429995,-0.06914283896357233,0.04356668424828674,0.13308119191794085,0.046700144251969916,0.08418553148654011,-0.19152480732226532,0.09409018680375882,-0.04609739020322726,-0.020731732049868116,0.08457871843998925,-0.08550370074646195,-0.0686054372273478
42,-0.01160713684830737,-0.06996524226865722,0.0464906458932469,0.11524552890796315,0.044387293731603425,0.08455198413742968,-0.18881910733221563,0.05311462321837105,0.03118356327126106,0.031237750284369575,0.11301714426409636,-0.13447125558686643,-0.11436579167229438
43,-0.01791631953059815,-0.06964949155372431,0.03947510691933481,0.07785044109265091,0.03566881906860227,0.07398212177205932,-0.18412351728983997,0.04237343198599496,0.0787949417650435,0.06729887074049208,0.11578389153507808,-0.13995534647626973,-0.11958295002882366
44,-0.012433489497706738,-0.0716978140936794,0.038238799967111166,0.07534263314460467,0.04034980422211625,0.07866079708905578,-0.19833825179213388,0.0856590507098319,0.019440327678973118,0.03111469819329013,0.10840692269352736,-0.10749500761238696,-0.08724847070260336
45,-0.027146257090367918,-0.10436174456700961,0.01280282612023506,0.1102140387693746,0.024679144063503036,0.06382975026076589,-0.27293830446854045,0.19353458330444812,-0.024197742954555408,0.018337836034285775,0.0652264813344294,-0.04148526616087862,-0.018495344645690227
46,-0.01569901911077875,-0.08196399216350352,0.029176736973132136,0.12002760127935008,0.03498196304074258,0.07241378407271576,-0.21755453456672183,0.11379426325806263,-0.004933952578598196,0.014665235730641567,0.07191929031571918,-0.07743187688195849,-0.05939549936880327
47,-0.001630969596639986,-0.058123101365700626,0.046555817396192536,0.10878853125077446,0.04724703072358615,0.08263904210246388,-0.16555096910345596,0.055227248207035846,-0.008694574162567723,-0.0016113013575361655,0.08351577529028023,-0.10119708184306579,-0.08716544754136682
48,0.0054605536843221275,-0.05144102908042699,0.05387564939353627,0.11516190124703848,0.05409139368244528,0.08923633149630139,-0.15467274751377477,0.05864016846417177,-0.05266812099718487,-0.03323654664795236,0.08897523595003551,-0.09355717608919653,-0.0798656135893153
49,-0.0070022950777185785,-0.0740157515907572,0.04056393607349335,0.13062385397269025,0.04443109725311532,0.08212008345987441,-0.19934121811564168,0.10452223846993343,-0.04465226166344342,-0.017341613841497426,0.0829763766749422,-0.08038532288257184,-0.0624991227324188
50,-0.011708521848964702,-0.07323019361866857,0.048189944226540105,0.1371302757655439,0.046377137037096665,0.08804079406371494,-0.1967665244385366,0.05804148993693492,0.01909654481034821,0.02299919350753618,0.11666541082193793,-0.13786450581746873,-0.11697104444601412
51,-0.012775216181159909,-0.06540638992751757,0.04711695293157921,0.09541781369796724,0.04369598036519537,0.08403903938571658,-0.1837183322464236,0.03556596684981824,0.06169736153610069,0.053172915508594314,0.12515322412662339,-0.15249875223537046,-0.13146056381112342
52,-0.007754718832562187,-0.06508805635949147,0.04749904188706385,0.13537328754860176,0.04874045437514831,0.08948677579616769,-0.19494227197190017,0.06384873142903386,-0.0018679591448039338,0.009777630601859797,0.11537441186027561,-0.1306485833929141,-0.10979874379647883
53,-0.010209411240608259,-0.06451201771534809,0.03119212942294228,0.1355981155724595,0.041503129528707224,0.0803268141623241,-0.24396422525143632,0.14307261249564573,-0.04629845281255963,-0.010049865643220513,0.08221747642404786,-0.08032163823040891,-0.058554666712545105
54,-0.018574087615480638,-0.0822714037522741,0.02330966686066663,0.11720709668616379,0.030920526964336902,0.06772461796334527,-0.2270815180112232,0.12467834770416422,0.0016428702279748326,0.02305347380361437,0.06644858630990604,-0.07266815374926462,-0.05439002339192966
55,-0.0073351034075202475,-0.06288628280407262,0.03951633177956431,0.10364504766563166,0.040780369845509416,0.07568919498335451,-0.1718215055018776,0.05464687437355764,0.01883121387554939,0.020200787532306762,0.07505041683887481,-0.09992430909490682,-0.08639303608597117
56,-0.00046861619113586255,-0.05726536861952089,0.04757800051041653,0.10374796085357203,0.04794000667712517,0.08294559895060187,-0.1607929149607178,0.05437835689537064,-0.015562442637726319,-0.006586695528531179,0.08179911131994429,-0.0957316942251795,-0.08198130304421886
57,-0.012417965594508359,-0.0802838969143638,0.03539185588859706,0.12535896369993377,0.03921170502120869,0.0770490508824121,-0.2057367014802797,0.10022073852342336,-0.013632708398508685,0.005024777820488631,0.07721663013489154,-0.08269013882851156,-0.0647123107547831
58,-0.017014708604839928,-0.07921608316393679,0.04031554918877895,0.1350214022017553,0.03972156017407349,0.08071583110943034,-0.20877874304917754,0.06695912989497858,0.03632465065598583,0.03771292714304631,0.1047897354492496,-0.12884212717586294,-0.1077091238234811
59,-0.015859394226544393,-0.06821939566460204,0.04391023865323599,0.09490107206112135,0.039830547551302366,0.07962379462998327,-0.18874992008614463,0.039059771850519044,0.0743184064368788,0.06297251398808622,0.11558261558312048,-0.1492708217622052,-0.128099429014751
60,-0.0096423330743249,-0.06825689815051397,0.049365216742142004,0.13505278659642603,0.04716417213762948,0.08801585273771288,-0.1957076228937969,0.060470817978709554,0.009964012771190994,0.017385637455029267,0.11598049266097671,-0.1352915204924815,-0.11450061446869954
61,-0.0012095845981975066,-0.03389071552077454,0.03146028810680467,0.13344309214314873,0.04471494989966715,0.07982084052251899,-0.23844997819731784,0.1401365084983962,-0.0635700172168803,-0.02418775556745147,0.08037315605003283,-0.08529610341249538,-0.06334468070745157
62,-0.01808748646537893,-0.08390622736412835,0.024513122293597936,0.11771771712370956,0.03169808872549034,0.06868521414873484,-0.22653177301082394,0.1275834118232985,-0.005297022523452109,0.017998432978165554,0.06681714393354005,-0.06971840873459997,-0.05147221292815369
63,0.0019311318640516017,-0.05457443801465993,0.050096238949462676,0.11774314307217776,0.05083226048599826,0.08623148054713474,-0.1622635954234831,0.05953015963926927,-0.03625384260055874,-0.020476556413052318,0.08477146259929891,-0.09557782100878766,-0.08198962369685145
64,0.009648351365274033,-0.04746578824987322,0.0583788632058171,0.12310516535575189,0.058472588328315894,0.09373956007683609,-0.15035166905110814,0.06167131166156768,-0.07786801226018111,-0.05168426839498158,0.09217425804749609,-0.09154105073187786,-0.0782793093530368
65,-0.0024947680467182673,-0.07019957361779168,0.04537030245977637,0.13477270461208202,0.04908063754869683,0.0868668094503008,-0.19525241535903018,0.10981162026050796,-0.07330924618041001,-0.03746414446582715,0.08703567427797677,-0.07551273447432864,-0.05870486646523496
66,-0.014223486427314701,-0.07663277757916975,0.039938170228778144,0.13346561275465493,0.04031843337196227,0.07983824311111642,-0.2062262154074769,0.08643187615882941,0.009590200762366429,0.022960913406675196,0.09601806392554028,-0.11562202732038832,-0.09585700698557338
67,-0.01633559816370565,-0.06959400096587169,0.0403745336522364,0.11956030067037578,0.0380597196314165,0.07703773033045433,-0.19133957811799598,0.05157431377957296,0.05613761820362809,0.05229952681417705,0.1028962390140083,-0.1404915337111461,-0.12017927113714988
68,-0.009646681084797102,-0.0697526947746572,0.046632706567864064,0.13936042015285427,0.04621702309814111,0.08650806208111371,-0.19553482042704942,0.07096195464389578,-0.0031742850502400615,0.010732533824424254,0.11050895684557215,-0.126735250149333,-0.10607792572778853
69,0.008148908835895528,-0.002279737052556195,0.034241449130657055,0.13601922748750114,0.05028091902166331,0.08301907742000957,-0.23159607553041497,0.14082864806245618,-0.10010060339000594,-0.05139719164420936,0.08332168344721835,-0.08632592525272076,-0.06416038053549385
70,-0.00919401037887265,-0.07475529423369325,0.0326224764557616,0.1278659970235062,0.040192109942976485,0.0769166834982924,-0.2177919989932033,0.13890633968400626,-0.06360731446031535,-0.02332655221234203,0.0742763111394383,-0.06032742052100855,-0.04177732694454633
71,0.00666136252378312,-0.04869199885023219,0.053290731095223906,0.13042316597588025,0.05462048994007453,0.08942950063168845,-0.1582004320713451,0.06969896048164646,-0.07522976101661807,-0.04721683095099091,0.08728006160671474,-0.08795746629897251,-0.0741077830668526
72,0.007895859323745164,-0.048432605005051164,0.05532098618437231,0.12649298409286808,0.055919734012487954,0.09068168225821081,-0.1526558495941972,0.06488936992728433,-0.07771129060318223,-0.05032297810251795,0.08857852135674356,-0.08674069168094863,-0.07391572216981501
73,-0.008618188528179877,-0.07579776319858553,0.03668436284518528,0.12684558613448554,0.04145081103416135,0.07827300217652615,-0.20159561562504597,0.11476217242781452,-0.045735686638835905,-0.015010881602399835,0.07775993023669549,-0.07355342282408497,-0.05546430643773623
74,-0.01594980016336854,-0.07697339523070154,0.04008171850253289,0.13531589595632065,0.03972242825458494,0.07989514333470757,-0.20137523053324047,0.0693994149498628,0.02888235557484195,0.034025923545387964,0.10446191133319556,-0.129275208020009,-0.10821115750411467
75,-0.01558004742542596,-0.06823056126350696,0.04394367312536354,0.09669311154286309,0.03992199025945925,0.07952872333429785,-0.1861852181423676,0.03874968873924275,0.07086064980451384,0.060955464854699375,0.11854944320754093,-0.14995656200706473,-0.12925035602961524
76,-0.007490201607078757,-0.0658766200804435,0.05176396421421326,0.14309412906241561,0.04965313775851558,0.090697139301295,-0.19297950889983537,0.059255499240822705,-0.0027407184044561913,0.007871998184833608,0.11823547360436491,-0.1361548735978819,-0.11532941877676485
77,0.0015057261517177514,-0.009013646353712358,0.03015558977395537,0.1321207619396986,0.0450286265115533,0.07864415565458753,-0.23780684955333964,0.13824480515727325,-0.07164069138194663,-0.029881772979757932,0.07962319428147246,-0.0898874290988634,-0.0670924701026383
78,-0.018728507434237672,-0.08100935003483635,0.022220499543158027,0.11604141475641734,0.02985038479163898,0.06604250410676012,-0.2266748636140849,0.1282828224019104,0.0020925176939850885,0.02568983827208625,0.0639731106248258,-0.07365797112386585,-0.05412239998375746
79,-0.008293412214131912,-0.06326746058318823,0.03802490375516436,0.11248968381828783,0.03935289571372407,0.07397855770976274,-0.17366352474823035,0.058302933147602876,0.01928753594889561,0.021672729766952135,0.07222411171134696,-0.10225570043142043,-0.08785325359476566
80,0.00025920399377282413,-0.05649244602684058,0.048037107404048096,0.11538834722889908,0.04833257386639269,0.08310821815276438,-0.16019631435679155,0.057895110877061375,-0.02648239300707378,-0.013803398257679098,0.0811429884364318,-0.09593597190940721,-0.08125302640157794
81,-0.008825863157625315,-0.07690655789864817,0.03813396883083068,0.12774303968690087,0.04209173854312315,0.07946140749574813,-0.2027174808407466,0.11051975238936713,-0.0398383901596802,-0.01185375000758047,0.07885211450728666,-0.07784596984767538,-0.058814009541300664
82,-0.014895721124609988,-0.07718389785695243,0.04402768748534901,0.1387163080117795,0.042114744923330345,0.08313882585241425,-0.20540527314593618,0.06621223544300345,0.02810033725036313,0.03120011146805821,0.10851759082417607,-0.13331412227807052,-0.11122882685290476
83,-0.015667578374063254,-0.0695634911601406,0.04489187972337032,0.09720930481258964,0.04056498721914583,0.08063739953850346,-0.18706005980827956,0.037021206187651444,0.07343673094694568,0.061794567294023085,0.12031748560385791,-0.15238261298814984,-0.13119981899545397
84,-0.00922840721625438,-0.07006508825703579,0.0497383875485293,0.14368653808001286,0.047757093589449205,0.08868202223728404,-0.19342798191356117,0.06245657373167714,0.0009545195684303233,0.010706322436130573,0.11580568320072636,-0.13403068483807618,-0.11303497816731208
85,-0.0007750861750784199,-0.03391587876717769,0.03284339229105923,0.13596837983873392,0.04599713865056849,0.08165940014877753,-0.23795993859335557,0.1396034262836874,-0.0664753074381699,-0.026096441034988375,0.08317330938634293,-0.08843005831673634,-0.06559233627366326
86,-0.019630871266999493,-0.08157843171110711,0.022162471778327666,0.11486453406940274,0.029535938404154884,0.06606617998862106,-0.22695287324659294,0.12170420465883365,0.013894341294391916,0.03299135898297357,0.06472242092403545,-0.07856858081565762,-0.0592106930603839
87,-0.007775924348613337,-0.06079403389396546,0.038338807438670505,0.09642962837995601,0.039140554887357966,0.0731426658118256,-0.16687511236403862,0.04946932736579466,0.03128394306302935,0.029209809018376425,0.07207414581641575,-0.10356446335164439,-0.0900793478231644
88,0.0011730362574940935,-0.053419895172770904,0.04859845981116678,0.09600754869936712,0.048424876311550256,0.08254788503753391,-0.1537570426211889,0.05101789189476198,-0.014411084663931144,-0.006441984168935308,0.08146494171083785,-0.09785461823745319,-0.08335001485843246
89,-0.00801476745797618,-0.0726828320052002,0.041085794993940564,0.12855276979251845,0.04340922838639236,0.08093748396586795,-0.194502841455845,0.08829808508629228,-0.018141631057321004,-0.0013780456793946634,0.08137131797799267,-0.09385327510275517,-0.07508128744451209
90,-0.011451871707237837,-0.06919464673601189,0.04936653998345396,0.11925776956228633,0.0455234176188636,0.086325646951936,-0.1948242205224584,0.04881274415135749,0.038821975203956104,0.03622524827022236,0.11459692861069706,-0.1423800903089798,-0.12107944107808485
91,-0.010532225454792817,-0.06255177992046856,0.052524524200315,0.09478686664764156,0.04597717786396224,0.08603429848977695,-0.17464954171872496,0.02671775354293647,0.06356193851009309,0.052106134257252475,0.12517523911614756,-0.16015157754319487,-0.13899880799094388
92,-0.009004440470421805,-0.06550588084883156,0.050832449007041466,0.13129145398471004,0.04784661450058376,0.08858251204518504,-0.18854961258716993,0.04909796745312394,0.022724357479235624,0.024649898605787236,0.11950939016851979,-0.14639011202691254,-0.1250845973108509
93,-0.002073496497950883,-0.02760375381060026,0.031515068093856666,0.13597971588782118,0.044998815067023086,0.08099972806094174,-0.24812386153085483,0.13715874066532827,-0.05084414495560544,-0.01475045198629656,0.08787052819655895,-0.09944288868114609,-0.07568399850907587
94,-0.009672799909270235,-0.0668192851385139,0.035897888038101636,0.12788551927008182,0.0407295204576098,0.07784827034658628,-0.20988311484963132,0.10115436169480725,-0.015832852280095917,0.005473083271789468,0.08167866325964863,-0.09350983861959497,-0.07494941554151863
95,-0.003555601326656598,-0.05409003367801362,0.04338207745246437,0.08573032371008722,0.043650257700320015,0.07782537542420156,-0.16213751415927274,0.04470505532957496,0.025077935457987803,0.02255506731496828,0.08065566478061607,-0.108615853137667,-0.09518275486861019
96,1.1723753851975111e-05,-0.05177145849140555,0.04765778094701557,0.08236467192196273,0.04727714403800522,0.08141254890940464,-0.1553717519719995,0.04402138558988975,0.006957295638847948,0.007643368709332894,0.08286767279525006,-0.10338304415431207,-0.08968733768584355
97,-0.0019349230238398343,-0.0650359776893054,0.04861286141397447,0.1371662085696363,0.05026549460984943,0.08828688826308469,-0.18902209408676554,0.08528199826889465,-0.04608241844008931,-0.023252570236373723,0.09074344859389412,-0.09670735768906455,-0.07832155855389533
98,-0.00809977839124577,-0.06461231612890427,0.05550006545276796,0.10860920358846621,0.05066856341384727,0.09271995640607032,-0.20087822443245823,0.039361773478655694,0.04457341737070739,0.035697338566225575,0.1293394981561436,-0.15138611853966966,-0.1314933789406059
99,-0.010803674810773113,-0.06178731010208199,0.05528102670896305,0.10603124499360742,0.047914002467332684,0.0893928249412147,-0.1816649133576861,0.009254800593035845,0.07770333108212418,0.0574616488760313,0.13896019485595076,-0.17380012789378638,-0.1539430483539322
100,-0.011032715392484729,-0.0695425726468353,0.049981398266767084,0.11607367164575186,0.04675132129255643,0.08805986205804102,-0.19310442744999143,0.045704301978902594,0.03913836077907108,0.035849192783696714,0.12362110703914675,-0.14617333388333761,-0.12532616647128433
101,0.0037370867115725523,-0.014785977146946346,0.03419127823173951,0.14078932826154686,0.04924186896610306,0.08427663151903779,-0.24404960139694318,0.13714185489846503,-0.0703414866291771,-0.030214105202268728,0.09014753830370745,-0.10231308073416971,-0.07782133578266721
102,-0.004012002149147205,-0.06103756228293275,0.042653501735093816,0.13567410866787136,0.04714565755347043,0.08476028171721679,-0.20503214439503992,0.10098593139865575,-0.040426811131764606,-0.015274938596980599,0.08844552664696652,-0.09641563766103624,-0.07746591150237342
103,0.0005084835173436047,-0.052638325799988755,0.0492536866310298,0.10619448328054983,0.04937819017795169,0.08472114123796606,-0.16308870985312732,0.050548506303333886,-0.005903897291644798,8.942599263456002e-05,0.08812858058113253,-0.11105959731862738,-0.09613196745855353
104,0.0046535380256074975,-0.05176451077691876,0.05437726309020661,0.10763578096166508,0.053712050768483316,0.08907243086498147,-0.15446260388167649,0.0527777753351801,-0.03202240086099308,-0.019552945149846682,0.09088308877155848,-0.10512627334073314,-0.09018319380751434
105,-0.004854937492885052,-0.07208419178605258,0.045549838690105995,0.13695661379679802,0.047834816755230804,0.08627337012835606,-0.19691994838764681,0.09785064697179612,-0.0436999032284342,-0.018682898239872542,0.08870632817204469,-0.09331791943554502,-0.07361181594389545
106,-0.013214804534764167,-0.07352245626031784,0.050418344070067844,0.11746138774184127,0.04602457031019668,0.08832870613819231,-0.19974784290117303,0.044409362732040734,0.05688658815059282,0.04683658700722254,0.12471398257154044,-0.15546783459782743,-0.13312659042761202
107,-0.006149249386399836,-0.05996996882193213,0.0640641690798085,0.11556844697630149,0.054718409145296056,0.0975520152255323,-0.17510362983669261,0.008797411781505537,0.057200546542505344,0.041068405833153764,0.14984508056341958,-0.18509151758828324,-0.1625001195142144
108,-0.007772961500564648,-0.06759083096631056,0.056645090031565606,0.12056676659345747,0.051485375882435444,0.09371400448671466,-0.1908228930000799,0.042991762123958846,0.032664970243917936,0.028510687999745255,0.13121705389530358,-0.15679378306057337,-0.13481524272957007
109,-0.018930238498947007,-0.0941755708202217,0.03280307811547472,0.13743362577438034,0.03761584811622669,0.07931824507000479,-0.2484037861151036,0.13724392660661333,-0.006331077412233854,0.017723511042659016,0.08943093043576678,-0.0938760537989018,-0.0698524385157179
110,-0.010657059378671277,-0.07663642482658452,0.04246557802400325,0.13708403475830486,0.044079709981370896,0.08409213353736343,-0.21444054893580722,0.09291616394704962,9.003977918002051e-05,0.013137421417841072,0.09184052356669838,-0.11238901292895513,-0.09158255894179332
111,0.004933500873543636,-0.049803873809362756,0.05572130491374938,0.104176051182457,0.054778829473064054,0.09075528722745639,-0.1584676187313818,0.05019743368471689,-0.024532880211971142,-0.014802371799012875,0.09641171075767509,-0.11253353468546967,-0.09683383887546407
112,0.008889415897874207,-0.04547522352893258,0.05812679313579449,0.10675878035844878,0.05774096990930356,0.09300484103931381,-0.15140887338591894,0.054667295686702075,-0.057820182896005476,-0.03858784080624673,0.09795603169626782,-0.09888869500162906,-0.08496331210497189
113,-0.003391918306463739,-0.0685377724466633,0.04634761217818911,0.1386134506523303,0.04914815615352647,0.08753081591305033,-0.19677895295982487,0.09697412284028255,-0.055736660982820076,-0.027948205845732245,0.09309556616526812,-0.0880860791013315,-0.07123013425981109
114,-0.012747929442355543,-0.07211457362204214,0.048967900654816064,0.1461878199394914,0.04648582817849324,0.0891908939943656,-0.21794571215246974,0.056207322137368405,0.033054388006537636,0.03130228537421586,0.11951860784095986,-0.14428847490489854,-0.12381835600448197
115,-0.01414776991775403,-0.06863510471614687,0.04997594753715219,0.0999158668948956,0.044875081174922254,0.08724787121411949,-0.19954739243687655,0.028686720711683832,0.07910551843834018,0.062024174907390324,0.13509665039475835,-0.16295439324451189,-0.14164317095797277
116,-0.014186247166271091,-0.07439771625702175,0.04014784627573111,0.08408090508582829,0.04097473539453842,0.08083293665604774,-0.20481574230504782,0.07636376510361435,0.04031722903293422,0.042390596730787905,0.11155650888617993,-0.12189137361222341,-0.10137344382509784
117,-0.023397464586054642,-0.09412344665404329,0.020285158668509346,0.12127811631318826,0.02956140546852187,0.0691234499999677,-0.2563028049992142,0.15474587001223045,-0.0025718498710115695,0.024809933021450042,0.07485779784416285,-0.0700501812345908,-0.04821598398311621
118,-0.018560734859238228,-0.08366389835333451,0.028597742687212487,0.12524963182888157,0.03385415328665814,0.0724910713740241,-0.22468858823929982,0.10421025826278814,0.022718233275942783,0.032906960606613654,0.07643790809485142,-0.09389940752871453,-0.0756533304363852
119,-0.004408529008984297,-0.05864724147987172,0.044362750597181345,0.09812573614491216,0.044509195317358696,0.07992183646556793,-0.1677523884550617,0.047940566824787555,0.017212380214116023,0.017599323599999703,0.08428228599893547,-0.1084948810812098,-0.09465103513773128
120,0.004228509238640801,-0.05161900765868962,0.054082903205726424,0.10241182660404004,0.05317143709656329,0.08850168632958703,-0.1547064251028775,0.05239133099984355,-0.03631085272988871,-0.022439367907983385,0.09180026144188787,-0.09749357544798633,-0.08401872606886336
121,-0.00282869170085279,-0.0699121984809806,0.04899653271592102,0.14197715618315707,0.05043038921931557,0.08928330240025813,-0.1946690712712357,0.09511476179993918,-0.05836808769269301,-0.03005452102495939,0.0932993401912958,-0.09077854070248866,-0.0724903716366767
122,-0.009481529929147582,-0.07216992474022313,0.05407031856389741,0.1356900740474196,0.05080509979282419,0.09413382934225949,-0.1982871951622311,0.048787846458461924,0.02434735345350404,0.02430896363655072,0.12892115263989215,-0.15115962982882342,-0.12996635827438408
123,-0.007679920962614153,-0.06279894142037377,0.05906975856837365,0.11145179825028985,0.05203121694015672,0.09436514989203532,-0.17601595873378684,0.023302613873354566,0.04539488413985672,0.03669158000182533,0.14173848870653089,-0.16938968478201033,-0.1481609844736377
124,-0.0021007048074849536,-0.062310040655394555,0.061353492129600604,0.15316205802816313,0.05676566133021698,0.0988307687470605,-0.18299678908710543,0.053988531884636363,-0.026504787579601143,-0.011924602449739564,0.13134990945186265,-0.14546332118965502,-0.1241501758025594
125,-0.00871964198960332,-0.06152611043996765,0.03186410942543591,0.13993783541552912,0.04156529507913256,0.07943885800300617,-0.24317489895341857,0.1361478396607503,-0.030702275198433156,-7.231282154833543e-05,0.08712731290039127,-0.09814214642650083,-0.0737438646547735
126,-0.020894730763983176,-0.08453563081383907,0.027875619548728504,0.1255987776101119,0.03161294236767782,0.070284041954354,-0.22650448229618994,0.0980683197365847,0.04474013100559932,0.04931052520581596,0.07534737284380116,-0.10579484562351472,-0.08510804077514647
127,0.003073781863386059,-0.05199861301897294,0.053765053254569775,0.10860258940565676,0.05269063456094626,0.08852465824977153,-0.15936884267602014,0.051259815064311244,-0.026611348183383884,-0.01583080778506709,0.09301247263038238,-0.10581264152193134,-0.09130675184364852
128,0.010791308050246416,-0.04600580340298205,0.061290095039490095,0.12145636153164115,0.060198550022106154,0.09580704007179233,-0.14809394789456298,0.05720076846350804,-0.0749393732507952,-0.050886134476131245,0.09841804734590497,-0.09999373674024795,-0.08524317475996968
129,-0.003075612483031619,-0.07117845518217648,0.047203194971829954,0.13956833123320106,0.04953989418675866,0.08797590927346943,-0.19585233826838433,0.10243996467335698,-0.058588055755214634,-0.02880820297725632,0.09127328228599096,-0.08992127234602573,-0.07057663961251796
130,-0.010470772016878524,-0.07350020904778219,0.05306733832872429,0.14146229272086636,0.049391424732209414,0.09229828531790218,-0.2040016240839137,0.052424303527089315,0.026958870072769682,0.02604472495777326,0.12421809338131243,-0.14917371718791897,-0.1287190107021534
131,-0.013744645266901735,-0.06969789095886622,0.05175428670944122,0.10126931764940492,0.045138869423039726,0.08709111203565098,-0.1957725466068458,0.03115300266605022,0.07435654364435852,0.05933729658968291,0.13418231263342584,-0.16306709829574015,-0.14200056022270022
132,-0.008912342924990112,-0.07219112906774637,0.0512177410655966,0.11170384275741897,0.04899944408266962,0.09055825925247693,-0.19671519382250058,0.06514273313415758,0.012625458499429906,0.018398061280094528,0.1241542619853022,-0.13294767347543965,-0.11203346276646946
133,-0.012408522332773692,-0.0868352979320231,0.035721975306895574,0.14171256083725328,0.043291715430700636,0.08456310144628391,-0.24303063531407496,0.15022776478482577,-0.05966008374380647,-0.018790025334417645,0.09277781604965034,-0.07463928935761503,-0.05293107984089876
134,-0.008446396609243777,-0.074996635993364,0.040152451024582904,0.13859736669565825,0.044989201725646306,0.08426173075802912,-0.2139530771888536,0.10838822692057877,-0.03284401041044451,-0.008079271688698974,0.08987715075249772,-0.09361659263207246,-0.07433014335431573
135,7.707278410985784e-05,-0.05486489800490448,0.04872472482644548,0.10969240325752129,0.049250936975441,0.0848256589669044,-0.16422134582075865,0.052332124519439194,-0.010133614490542056,-0.0033300683584541386,0.08882299082400019,-0.10803271156890465,-0.09314327391029735
136,0.007342370014750284,-0.04764482049716123,0.05572806030376355,0.12051905126514384,0.05589366170926562,0.0909884047120718,-0.15284575809018353,0.05702044542174895,-0.05384137017213738,-0.03460166917818705,0.09145651690586919,-0.1028164000037348,-0.08719849239120916
137,-0.004554188339733703,-0.06979135521384582,0.04239781290255898,0.13313632847748463,0.046388977063472114,0.08377624871799767,-0.19761001130700748,0.1075748131914628,-0.05132376584092947,-0.02143054552649629,0.08473527004104323,-0.0867940584594225,-0.06650552570658427
138,-0.013579332947722964,-0.06898805795329353,0.04670017284685835,0.1276652285782858,0.044321325600006095,0.08588899545050792,-0.20512203041485969,0.046144241964034285,0.058206474257419226,0.04960546038451174,0.11911521534320775,-0.15610139155423763,-0.13385630155471726
139,-0.016053755814076563,-0.06555561761312838,0.0463738279201511,0.09586157527595983,0.04158374593756572,0.08244010293440344,-0.19000467552976888,0.01620599632847748,0.1056808747076285,0.08074733411861947,0.13100263417566788,-0.17494296149964175,-0.15333908094185758
140,-0.012583077983056952,-0.06786310711816655,0.04467481977634167,0.1217502526226048,0.04360426439920791,0.08389864937872227,-0.19496984208197926,0.04867353921421142,0.043853264409328574,0.04051011567202107,0.1185151018825869,-0.14536997004097252,-0.1246940101308492
141,-0.001290819644492438,-0.04397246235038317,0.03160898122417269,0.13697170418855337,0.04501655134018443,0.08028570566169053,-0.23777625351698997,0.13792926595379176,-0.05412866668298391,-0.01694723927007965,0.085069668875495,-0.09319954649030973,-0.06956688928864904
142,-0.009877135770468996,-0.06535025118516008,0.03401545654687256,0.12650860971370206,0.040520848658054616,0.07775775248834041,-0.21722774504124867,0.10596772096780653,-0.003905037335525666,0.012605403412948472,0.08155616120157637,-0.10173272548399942,-0.08083905817289816
143,-0.0014626756195710155,-0.049034055324547944,0.04460421904067262,0.08471342194849744,0.04537211681890035,0.07928970153489154,-0.16042074209023283,0.04160055025261054,0.030277190552774492,0.02476089313941503,0.08205496883985645,-0.11862699980196824,-0.10312858929129834
144,0.0041232411045308455,-0.045881985378266606,0.050815636750267325,0.0918602765860557,0.051100911240197035,0.08506118343399624,-0.15152219924631363,0.04551031359933875,-0.007800150440791611,-0.003458476027230227,0.08601127390823646,-0.11064856064455347,-0.09517146488546667
145,-0.005778124295899638,-0.06684509211474611,0.042491562269223536,0.1337194199310929,0.04531875377970446,0.0826151078778462,-0.19138350957779734,0.08331203231219834,-0.015638364025137613,-0.0014383920080237272,0.08506500520607815,-0.10548460302466094,-0.08595379632987814
146,-0.01642712231837042,-0.06885148201867092,0.04184749944012904,0.09904502095644613,0.03941703855367186,0.0793396728727242,-0.19181055448234877,0.030990654438824726,0.10274712321459599,0.07980712882297543,0.1149293534021183,-0.1671372792603868,-0.14389705362170846
147,-0.013866940982631248,-0.060019075897921104,0.04904177456616698,0.09725574120683327,0.04271449665652037,0.08273577136207907,-0.1753429549053084,0.0021012701601778603,0.11203011875538094,0.08383919364888696,0.13312380696655665,-0.18848617707153587,-0.1651270244652052
148,-0.01212504472374293,-0.06613759934995997,0.04447348969387619,0.12012719465008258,0.04353677567605683,0.08339110447165109,-0.18874132255669823,0.04499941372599234,0.0501298429726134,0.04530728778942214,0.11830619865658247,-0.1528750394225339,-0.1303923015833418
149,0.011796127589025991,0.03060157298765624,0.02896528148864298,0.13589123436021153,0.04959041705450002,0.0797591777678526,-0.24034068331676398,0.1314285041389683,-0.07413857679648156,-0.034105663654678334,0.08417565879857374,-0.11488262433348487,-0.0887404260840226
150,-0.004561751678846756,-0.06125719372436344,0.039998072501692385,0.13228189292993595,0.04596242243522136,0.08319023179658304,-0.20543654010558293,0.1037051130811292,-0.03142959842922724,-0.00846497587654787,0.08655911088568968,-0.10067992315103695,-0.07986686066464647
151,0.0055093995972725,-0.04578084845578235,0.052860800756397076,0.10081490563294361,0.053248256929681846,0.08773175351727935,-0.1522048828350939,0.04855387915840223,-0.021075026630848086,-0.012212636891429509,0.09049114142144905,-0.11178368279397097,-0.09615305940630067
152,0.006218306830450566,-0.048175773479890535,0.05421458968813557,0.10355324087663938,0.05404612245209501,0.08854681966720106,-0.14883944148899933,0.05073331387968758,-0.032206845288441116,-0.020327355013047603,0.08930518982115773,-0.10627632793650907,-0.09079184000847915
153,-0.0026260469917594076,-0.06654205774234638,0.04544804477031649,0.1358874519504183,0.04845001445917454,0.08575556396803849,-0.18810342804921384,0.09398392463435287,-0.04743787263514994,-0.022097467342322773,0.08797255638332063,-0.09519253701953055,-0.07549814638529839
154,-0.01047246980713108,-0.06740214891994821,0.0491276406782012,0.11741385031548338,0.04618761121260282,0.0866765273985881,-0.18469152060626473,0.04293961329879289,0.04717894015111442,0.04155931338748612,0.12073537443461319,-0.15624552221389224,-0.13300720932964566
155,-0.00979958889515132,-0.059201818355853995,0.0539820590527546,0.09973687558552032,0.047374852513913684,0.08773112799707097,-0.1674606646789922,0.009706953886589483,0.08004472865489434,0.061265256544861445,0.13757840334640228,-0.18231751158324125,-0.15864067406876806
156,-0.007588676479406121,-0.06353219761495991,0.05130744580618118,0.13016747542940205,0.04888557616318173,0.08925907993276433,-0.18366553575485167,0.048001493676124794,0.023108834842361124,0.02512693467296221,0.12427805523635918,-0.15454738013606856,-0.13080110577405019
157,0.015305226917102644,0.038087203410545833,0.033102643106177165,0.1387810326313287,0.053127041851887206,0.08329431420818813,-0.23651660252497683,0.13237935690705638,-0.0935997198036547,-0.04876539547941291,0.08799568515626463,-0.11485827437263502,-0.08833251200787123
158,-0.00782695897900967,-0.06422230674275643,0.03706573910243414,0.12855459884383236,0.042639354921033296,0.07981494162745814,-0.208532629339372,0.1001590464192463,-0.010206330088389162,0.007402240883436449,0.08367694254618485,-0.10473976056647409,-0.08378487862762418
159,-0.00339408461949101,-0.05531387281354758,0.04390840973582883,0.10469481446549543,0.04485296315333866,0.07980998787581392,-0.16701747288405352,0.04774049096754275,0.022723961435393004,0.02114373931397483,0.0820056248515059,-0.11890802933006218,-0.10224653215173886
160,0.004538328763773876,-0.051279792192369694,0.053225125132189674,0.11676923161224122,0.053261843136665175,0.08845235519620684,-0.15503104844965634,0.05387786285971083,-0.03302441120581996,-0.019590132164456774,0.08844040147198291,-0.10812396423190078,-0.09151579992856686
161,-0.004332487328581183,-0.07117762777587323,0.04435450465149144,0.13734455038874085,0.04759040085545235,0.08558014113927423,-0.1967291385409544,0.10357641564451397,-0.04965822714533815,-0.02190754579843558,0.08821784244687511,-0.09188034142528215,-0.07097848711188333
162,-0.009191856447746578,-0.07038522738127212,0.054018244176699835,0.1378448869702471,0.050234122615612976,0.09263147354574569,-0.19502126049392454,0.047386195012019315,0.030109328647141328,0.027987947569552463,0.12853610810929494,-0.15908667680434388,-0.13506328551902633
163,-0.007210852924590612,-0.06005593110653008,0.06087419287492301,0.11246727018993016,0.05273642875571073,0.09491760600106051,-0.1741540713329504,0.010095173942951622,0.06515156346178115,0.04913751594240182,0.14799409088226395,-0.1880352108205245,-0.163917775866427
164,-0.004982416092580518,-0.06329738130342957,0.05749313287983623,0.13102292428016307,0.05307738904014787,0.0944119667499243,-0.1822576560989106,0.04660913779404457,0.011900340195170386,0.015717156277225922,0.13253073099560347,-0.15811856698240398,-0.13410675773479097
165,0.0030940574141165708,-0.04303025667107365,0.03914855642036014,0.14579683771304547,0.05056990249978144,0.08657361610051582,-0.23203593247592394,0.13792705366652375,-0.07557684735607476,-0.03392715758107676,0.0944625523500724,-0.09915649681924017,-0.07384588526102631
166,-0.008520868751208752,-0.07009622620608705,0.03946828395872591,0.13463797835561753,0.04372324931319647,0.08221326582406704,-0.21473223036789177,0.10607307042656511,-0.0170022736473008,0.0027008203727424207,0.08835275984684059,-0.10436165977130389,-0.0824561693539628
167,0.0006422351603059701,-0.05362472085303777,0.049998552389034105,0.11247810809902169,0.049792401000199146,0.08532503702127366,-0.16276244965052275,0.05000890971051071,-0.0058860021149690234,2.554698049635916e-05,0.08850461202765325,-0.11591325857273212,-0.09858897119723309
168,0.009866022216663694,-0.04607396642269792,0.0594541995233226,0.12589988084383863,0.05890644727735844,0.09428557423495826,-0.14999521498274054,0.05748735222830533,-0.06639476634360096,-0.043883365425034786,0.0944841096813046,-0.10535270735110375,-0.08868356548057349
169,-0.0026010195656986073,-0.06795973010058762,0.04566561599820326,0.13758858177162164,0.048992822730499444,0.08676832948761551,-0.19462893736797082,0.10478968863732147,-0.05776879935664472,-0.027237430555291247,0.08946447217209404,-0.09198305309062489,-0.07109054076053745
170,-0.011649156467602905,-0.07023701513948008,0.05058382182728705,0.13098168814794847,0.04710425567891318,0.08908807845137848,-0.19591264146712223,0.04566631054069134,0.04727634932165529,0.04155581250841905,0.12451465126400553,-0.16181554518723715,-0.13715660947885583
171,-0.011423591691189115,-0.06310328202608384,0.05545184680281439,0.10399952145610493,0.04760374732967179,0.08922289209049272,-0.1778469278642856,0.012256973716243555,0.08621029327011624,0.06555007144894222,0.14031864256080484,-0.18639235039540197,-0.16184783669822983
172,-0.007005320668725954,-0.06363476428618467,0.054715765537389265,0.13681274510427704,0.05060909273643632,0.09176978429106332,-0.1873657528713275,0.04814878121006195,0.019184712895009046,0.021670905165434563,0.12804392487459065,-0.1586099659405437,-0.1343399080474801
173,-0.000354797327651502,-0.0501890191136793,0.04138783864471507,0.14544649278223984,0.05039088377605773,0.08846750901676258,-0.2325823405878328,0.13887803013244626,-0.07264982243648464,-0.030935293237892965,0.09364913429185183,-0.09848913206947443,-0.07301948387105775
174,-0.008816105030069705,-0.06832580647514783,0.036185566131790664,0.12872474502832204,0.04172520689656793,0.07910323845350072,-0.21596129709194237,0.11467667658208791,-0.021371841136650166,0.0022968482372147606,0.08320510676919271,-0.09666770178435233,-0.07477463658051446
175,-0.0005644764393507068,-0.0506332895462545,0.04617178280137683,0.11239547936558497,0.047170576844534504,0.08178615416677612,-0.16399841596754544,0.04975630174611913,0.005531228805750758,0.008668275086594342,0.0840906933295483,-0.11861341429804222,-0.10176089589509194
176,0.00242890421964962,-0.052991576260421044,0.051122306786173376,0.11596123854396262,0.05095930533836045,0.08601184540539869,-0.15721596187417022,0.05276598494139793,-0.019351682164699634,-0.010072089417508246,0.08613236063131692,-0.11120409057028936,-0.09454654557917101
177,-0.007476551596829623,-0.07346796406439447,0.04016004231203301,0.13062359427260167,0.04372674039890659,0.08126443807978363,-0.20053232908134214,0.10500187259329212,-0.031784705892212384,-0.008087359628788225,0.08281240546742823,-0.09177135423181858,-0.07046882862865995
178,-0.01291603404390113,-0.07412325044427724,0.04907136160858565,0.14116573760279497,0.04577654368219306,0.08777412476101205,-0.19841630330660237,0.04958450032257227,0.04375514635420902,0.03928813566428642,0.12005998221772235,-0.15788740599511883,-0.133132538423476
179,-0.01072238586874554,-0.06474344139628516,0.05509355071600199,0.10576622829478018,0.04815896934536821,0.08976650242749006,-0.17853671334302973,0.018898870984144455,0.07292198957330347,0.05702959576946386,0.13866557840391783,-0.1782259238390127,-0.15407282106739661
180,-0.006817122073528756,-0.06416333611584879,0.054113867937008155,0.14086024592500646,0.05086266271424132,0.09214775576828667,-0.1899313244638743,0.050867852736373356,0.007159673781995036,0.01289342010836169,0.12784651385537113,-0.1488138596783642,-0.12702635049502756
181,0.0033901259744668205,-0.03516632789118439,0.03424484229317213,0.13814802746015206,0.047660102498588125,0.08164834051957176,-0.23308710554938483,0.13645781540199092,-0.06374973532348542,-0.0245971166732117,0.08768675791969181,-0.09875721035257067,-0.0738785162777967
182,-0.01804244044759042,-0.07475923650030954,0.028007264956881096,0.1192114374865572,0.032817089569977295,0.07036648250016907,-0.22345731918920114,0.09601754384099699,0.04996913384953779,0.05235857930917554,0.07569714679630755,-0.11514572847705593,-0.09303995369544547
183,-0.010556945852794557,-0.06288260785501211,0.038307001817368465,0.09172729778171715,0.03812638157454358,0.07337720510994623,-0.17436474614019326,0.041376907681563636,0.07069510695239092,0.056079491897104386,0.0771305440455564,-0.1282613180015831,-0.11075431901060757
184,0.005991007127529631,-0.050129799863113035,0.05694940472200153,0.10718342454830697,0.05548316758156109,0.0911396883393945,-0.15301691696998423,0.050416136406466125,-0.031678186992886756,-0.019642611607010734,0.09298836974542803,-0.11160492422670225,-0.09407875881099072
185,-0.0004309351208191766,-0.06716824004183632,0.05088535042888676,0.14211716419885514,0.05290962479421615,0.09180250954896503,-0.19190728111357902,0.09604078684818257,-0.059637555078261364,-0.03079710210560343,0.09653204421127272,-0.1009258161952928,-0.07942055037498631
186,-0.0074449826136391145,-0.06943531559784294,0.05718743432783374,0.13533100297083628,0.052730415587615764,0.09568327467960279,-0.19190224663691946,0.045611511253033886,0.025463850476538877,0.0234879958072558,0.13311517659408298,-0.16213542639601425,-0.1376926904523842
187,-0.006752632135175724,-0.05979471733480607,0.06064228485661079,0.1159186120391368,0.05288676456757846,0.09506971146042704,-0.1766063362719488,0.015359982397820228,0.05838537922002945,0.042341323758774634,0.14553568991278978,-0.183703196938697,-0.15928286553253931
188,-0.004894924306784336,-0.062076294643569674,0.056078505655677374,0.1452145795122823,0.053141902055417876,0.09475281294860936,-0.190263506959925,0.04838143001746278,0.008238247792118517,0.012887925403446457,0.13017488574118033,-0.15780872812604932,-0.13382683508986645
189,-0.008743993199458497,-0.07857214245720227,0.04130363800073659,0.14964110487519877,0.04720489704921442,0.08857820826129023,-0.23775852560279925,0.13930886497075073,-0.05282850928731265,-0.015573559630746385,0.09708496173358683,-0.09778957374958991,-0.07185537096366869
190,-0.009405003234058552,-0.07137208246574654,0.040435619019420055,0.13660009369124892,0.04354966233850214,0.08242530031296742,-0.2143012787692805,0.0995523044284852,-0.006734710714401154,0.009174913214159029,0.08938135471294364,-0.11072562773259652,-0.08858054480164305
191,0.0010684513897054144,-0.05264840100508378,0.05181374539245433,0.10497827773329249,0.05084004663509619,0.08677505100771055,-0.16265044681683322,0.04557931171717211,0.0038915579119061672,0.006019757477844053,0.09394273687271128,-0.12343416359012085,-0.10617592472585452
192,0.009919629184458306,-0.0467693980568049,0.060647359022019016,0.11974288571358022,0.05958303067758307,0.09537338703982005,-0.14926051224905376,0.053762929498331585,-0.059078654734152865,-0.03915804502554257,0.09945935662256367,-0.11063808963348294,-0.09358387805931877
193,-0.002914084666056582,-0.06900387104467215,0.04503220302472133,0.13853507825327666,0.048490157296821164,0.08616985408086772,-0.19630634071518704,0.10765555084949884,-0.05919120430736913,-0.02756212916836165,0.08879530171059598,-0.09058622596030262,-0.06911428935383251
194,-0.009753725006158558,-0.06798422323578533,0.052113862989701526,0.14439921596903224,0.04885252819213804,0.09079077610324987,-0.19729354463415,0.04725858022705321,0.03381768927909288,0.03177209928448245,0.12542611554648786,-0.16196248529254795,-0.13743688942259605
195,-0.010091222999585035,-0.0630069598649895,0.05534692608710786,0.10769095415230981,0.048560856169996405,0.0900280390824095,-0.18117642597146894,0.018524004658562365,0.07464242555785276,0.05744657430207477,0.13957265427953378,-0.1809227330069789,-0.15661509244682464
196,-0.008833922488891326,-0.0646303324012941,0.04944285766329016,0.13807946767963417,0.047481753756148,0.08792458280453513,-0.191160511588427,0.051337486902217386,0.01483363647222867,0.018855061495084913,0.12234737545269864,-0.14351484529700148,-0.12216261045022302
197,-0.0038641851593526366,-0.05657461039042855,0.037708839954304144,0.1422405085834843,0.04738336644783186,0.08579262914700245,-0.23594903715952092,0.14193215044876303,-0.07072985354632604,-0.02846600433881124,0.09067157566492695,-0.08669152662896225,-0.06345385302291129
198,-0.007690891585031418,-0.06655466733641677,0.03698275658295792,0.13005255101345292,0.04316069969581618,0.08069649890279783,-0.2140859793004059,0.11190263954919433,-0.02307040428505969,0.0004951679318092696,0.08538599040337906,-0.09982095308889188,-0.07745340848360185
199,0.0008700244198089376,-0.04973007622276033,0.048258829770187577,0.09631129484789717,0.04858467357692087,0.0830596673967748,-0.1575973304365558,0.04481037387046943,0.00964264870588652,0.010389518309019076,0.08730314971039284,-0.1192876405931776,-0.10261513335486337
200,0.004602902428728371,-0.048370983617640445,0.05250381392715412,0.10125803694507131,0.05219687962906282,0.08654461948416758,-0.15061831876327847,0.04834508225267985,-0.018306810140476373,-0.010537104624067664,0.08835875230108171,-0.1112684486684268,-0.09470842115405595
201,-0.0015439055884642358,-0.06448850669421946,0.04722933322166823,0.13800323211654567,0.04983151299500734,0.08732885521280649,-0.18689270511849715,0.09048099449574,-0.04645818586456051,-0.022343198686292524,0.09101909856308284,-0.10147881006613806,-0.0806877145866786
202,-0.008241922769976517,-0.06508865582197837,0.0524321408393903,0.11905184070080622,0.049031167458263275,0.08991348779091407,-0.18326797749601867,0.04020843446093388,0.04256260897313308,0.03654916701948327,0.12681832011850286,-0.1621011195392058,-0.13786749173424742
203,-0.011240453830136906,-0.061581044608401435,0.05186826815438347,0.10181108037702337,0.04604634906974837,0.08663395298882876,-0.17290689498523035,0.012060157598087434,0.08423905237257358,0.06453449630150368,0.1367651856853281,-0.18101905357348996,-0.15721109555021784
204,-0.009045797826173369,-0.06249830112574203,0.04772943201644955,0.13314464609228494,0.04656868598913411,0.08653546673900843,-0.18660752618719464,0.04810968689650498,0.029729644195860393,0.030463738399450997,0.12029687618296887,-0.15407387214606275,-0.1303526792264893
205,0.013831587129264153,0.030935758252753513,0.029152113241251044,0.1351634571147582,0.05035128600080274,0.07972154487685011,-0.2385777893859423,0.13026020447365516,-0.07189649571745735,-0.03273219769738096,0.08461367330448372,-0.11900568391069873,-0.09181745768233927
206,-0.012303202947272298,-0.06983911596081589,0.033176932357088046,0.12515106815109395,0.03868685240595927,0.07619689952562943,-0.21359587766304958,0.0954527246940904,0.018215682073781086,0.027587473032550217,0.08168201938611576,-0.11089715238556605,-0.08951430266960426
207,-0.0032077869797126394,-0.05400470852659904,0.04369673744336998,0.09075733726423137,0.044437644688256686,0.07889683930090856,-0.16245176710995574,0.0426212377537672,0.035817557865598315,0.029757950589048662,0.08260762376087162,-0.12285356417009417,-0.10607510187969064
208,0.007874781367016335,-0.04643603711432303,0.05597653823655459,0.1110784282546432,0.0557665259566139,0.090308767757433,-0.14713839017953614,0.05219041354049802,-0.04409360507459237,-0.02885738944186128,0.0910257996373392,-0.10729604521255388,-0.09039978772723144
209,-0.0026209185527199795,-0.06743854457379542,0.04518646395364829,0.1369700370988915,0.04837699899782706,0.08565336407943996,-0.18956899712732336,0.09880631144936797,-0.05129357299420734,-0.023861756228732003,0.08844009219287449,-0.09476590594586246,-0.07388357234940875
210,-0.008264997278746447,-0.06694116630642642,0.053243002197171686,0.1254673859286169,0.04951897673573051,0.09071940324800015,-0.1883238019827184,0.04352002541362988,0.034930813720463146,0.031323806276652794,0.12661883712543434,-0.15787232901852372,-0.13393995605928424
211,-0.010969120549055146,-0.06420346180944721,0.053484411731131325,0.10434733386387923,0.047907283627143686,0.08961266501069429,-0.1812701185173418,0.014641563846389392,0.0764879335940327,0.059065860907453256,0.14076219654320235,-0.1760887709234331,-0.15377777732464876
212,-0.007326258738414131,-0.06500172322661142,0.05262598038849241,0.13488036965032849,0.05020445716717593,0.09138767533173348,-0.18834696025958225,0.0480994581897887,0.01756964804147031,0.020953154783982388,0.12845265626150076,-0.15332338302417103,-0.1301750745656934
213,0.01535535676131584,0.025838486812602937,0.030492936553739313,0.13800952425371973,0.05202352161029986,0.0815575553927402,-0.23818245936925905,0.1313038251515542,-0.0780434202161277,-0.03696905562526321,0.08764318280413244,-0.11814096047887859,-0.09088849365057598
214,-0.011904043419573455,-0.06633587095034561,0.031647796275868535,0.12637832940471477,0.038187803077157065,0.07521283810160741,-0.21427633751763206,0.09795370236930172,0.015790541742652944,0.02684562393609429,0.08070043151499873,-0.11117179330513856,-0.08902902122970567
215,-0.008242710792347008,-0.05952628514898867,0.038587753466357774,0.10354171137065542,0.03998075698369897,0.07495944102243236,-0.1727443351028696,0.045088744984049994,0.051507030904052314,0.042974732278341594,0.07888769161282255,-0.1263313196435519,-0.10868321193465366
216,0.004068544829715095,-0.05197888351136257,0.052820874985576194,0.1171638412049326,0.05291289659498684,0.08818500598493832,-0.15593985274289435,0.053877586908359885,-0.030280122646718095,-0.017844749718749626,0.08917637229754463,-0.10996942223264496,-0.09219209195368394
217,-0.0025985692065208176,-0.07066724510113775,0.04604767636924614,0.13716465481173698,0.049510801821783045,0.0876358128534359,-0.19521100494742633,0.1065556674638863,-0.05945817689723114,-0.02828728763207868,0.09106178862257801,-0.09191623977097647,-0.06983787838729512
218,-0.008232634566803834,-0.07038006856295474,0.05351348184573025,0.1419832921152993,0.05132868364327401,0.09396437327871221,-0.19591505142339197,0.05034647286909762,0.02176438204245188,0.022666466597581997,0.13103406452472302,-0.1585464630672021,-0.13352699929651746
219,-0.01679456271788197,-0.07440051814989565,0.04440453970566655,0.09272893227664286,0.04015159078115381,0.0806146325404705,-0.1885945831519638,0.03758986983354198,0.07308077875251572,0.06011109949128548,0.13177185078554077,-0.15104610354271955,-0.1296175266043565
220,-0.01585611941750973,-0.07591453415158637,0.035642467900910364,0.07630791122823702,0.037372157406610595,0.0760797263454186,-0.200815061562659,0.08216997864341541,0.03940632566724795,0.044681224514904146,0.10959636311934608,-0.11489549114139962,-0.09377494855293549
221,-0.011401737062175956,-0.0804755505755626,0.03263688263775004,0.1274011027542055,0.04199162739345769,0.08189614850516676,-0.24223364823478188,0.15386147423386476,-0.055810921312966576,-0.014545665197639616,0.08622040728077693,-0.0706781137594054,-0.048862006662689826
222,-0.010801944334115287,-0.07459580787867175,0.034500413787233064,0.12656872651797185,0.040693209333327464,0.07876790288480245,-0.21752650968584608,0.11634831236851649,-0.022106541263095636,0.0027322220337083693,0.08185863418194908,-0.08848245621775158,-0.06795616172802846
223,-0.0024322165634099494,-0.05841807941023151,0.04618968554194922,0.11523217900711966,0.04673672104186436,0.08231799778787935,-0.16639860188991495,0.05190573330127614,0.007437258161115136,0.010418263343286448,0.08603824348343375,-0.11845584533834616,-0.1005713384660214
224,0.00657846514905896,-0.05092854028954542,0.05554555195179007,0.12689787741178565,0.05554774245085231,0.09090623174489172,-0.15332154667605474,0.058190171288698266,-0.05161058229278455,-0.03321350179558404,0.09259710731676775,-0.10744802038746329,-0.0897409558724126
225,-0.004269001081324944,-0.07214067646153745,0.04209754000696082,0.13361478152694165,0.0465064279289567,0.08378888067190339,-0.19727956485341647,0.11497411924760423,-0.05873737660452343,-0.025298333724295068,0.0855805729428549,-0.08528332940944819,-0.06355404019067623
226,-0.012043553499045604,-0.07368919739839827,0.04765035781481104,0.1457808106344563,0.04593305143723197,0.08758500402400651,-0.200311755961786,0.057799036671820805,0.031210759692526013,0.03274033584718427,0.11875234873003325,-0.15329269892724232,-0.12811449906559777
227,-0.01697167891634664,-0.06949686352859476,0.042366538745426945,0.08296344973485825,0.03898358984459771,0.07891502625802932,-0.19164399519097358,0.035566337956882826,0.08952420519123501,0.07437605271576342,0.1227040083723514,-0.15471228583064078,-0.13257438535258897
228,-0.016532311162095546,-0.07170897784832879,0.03326753087681042,0.07023300203808946,0.035692656927561954,0.0737166201587301,-0.20668176236000244,0.08224180926975048,0.04955312572505498,0.053309681233183165,0.10319779898944367,-0.11369286758908313,-0.09259630625911423
229,-0.018523665248526968,-0.08798428186831818,0.02199944312118174,0.1174530029088623,0.032609343369105495,0.07107939010550564,-0.2541124246851062,0.1725051830533426,-0.044870138112683866,-0.0013145300873865908,0.07267666452988981,-0.051648223450451294,-0.029869763635414732
230,-0.01761181918105273,-0.08400919613756772,0.02421911577965293,0.11515224712994625,0.03181749473996615,0.06860430917922694,-0.22661793870458358,0.1334248551143644,-0.015082757495180253,0.0121447585328817,0.06693102898056362,-0.06364673988409565,-0.04532535805412216
231,-0.009088438130200657,-0.06608062873003805,0.03759784348225267,0.10832595868846938,0.03887326974608589,0.07368797778791883,-0.17341988409433062,0.056555246985797565,0.025034629915090274,0.024432476488357686,0.07287859316580918,-0.10157851413124631,-0.08721853117396582
232,-0.002308744638551181,-0.05869855791864193,0.044936276914296976,0.10776695956696031,0.04560469850524557,0.08029696414651531,-0.16293655729077536,0.05570232651661702,-0.007780892541853043,-0.0009220515750399088,0.08004077094201516,-0.09796568709422694,-0.08373550553256191
233,-0.009869841435610312,-0.07558427668672159,0.0357697500961601,0.12613607303058336,0.040425900295831305,0.07740847962695407,-0.2035293520227357,0.10831648824541402,-0.021157075659737134,0.001221543012560416,0.078544232562805,-0.08963443034291478,-0.06804749072258887
234,-0.018882637141968608,-0.07903316291729981,0.038450467857832515,0.13324896801323824,0.037542473300115224,0.07819386141480143,-0.21112022721119092,0.06522191625638087,0.055684587576776474,0.0523516264491892,0.10445340416569113,-0.14004022509180591,-0.11607105267175968
235,-0.02073393265373855,-0.07477161580898138,0.037479102081328895,0.07778266579421521,0.034942390736865996,0.07471606408171319,-0.19790039353336084,0.04465123023060018,0.0992230335392101,0.08331054625337665,0.11177533953640552,-0.1462112373527367,-0.12426319290489819
236,-0.010448555609871733,-0.0677501474136648,0.04521260298055071,0.09801021089928186,0.045674883793488504,0.08638143289540412,-0.20388779665241336,0.0682152734405511,0.029232426754067644,0.034373209587890495,0.11136032184671495,-0.12880319653091254,-0.10757066599108683
237,-0.00593480598564146,-0.06750734050523338,0.03761543755829616,0.14154950313787223,0.04692116892436033,0.08648588381119052,-0.23923829712250522,0.14629780088752428,-0.07086346689222414,-0.027856622709630647,0.08661854859527343,-0.07787038850185002,-0.056217421197432255
238,-0.014570555042993786,-0.07868776073206013,0.027936159234320582,0.1224093929861009,0.035063249673051064,0.07197910088492364,-0.22234144211108042,0.1286555151793069,-0.024834904713008952,0.003287104693273573,0.0697385814615167,-0.06851383892449137,-0.05012060258885882
239,-0.0036854391785197506,-0.060274573777755316,0.043243514273614565,0.11852751982002738,0.04438090892947777,0.07926621517462513,-0.16676640839586118,0.058861216074943004,-0.009157449881866574,-0.0011480747187796081,0.07875703669263853,-0.09870938893236512,-0.08329507608017876
240,0.003033342785864943,-0.05438705193657612,0.05005686470095211,0.1260820241242188,0.050753528983191305,0.08532515758750939,-0.15596444896420633,0.06273277144114435,-0.04396575451210435,-0.026309743097195092,0.08404274326017871,-0.09915906295867202,-0.08224037141430565
241,-0.008914743013672888,-0.07551669206876084,0.03438319068745337,0.12547772645108135,0.0400812577977257,0.07627467759416867,-0.20270180749103667,0.1214269889126768,-0.042703928678069054,-0.011454990920216642,0.0755172958022696,-0.0763286394819973,-0.05554033559162219
242,-0.02213465944392261,-0.08125366459873812,0.02813550544451867,0.12787936580361675,0.03131275388075226,0.07033862017356024,-0.2148690993376999,0.08093194309676256,0.062460020303979034,0.062019305004285104,0.09118560826772201,-0.13000173559748765,-0.10600396299734824
243,-0.015382593120703347,-0.06675529194503103,0.04184623006282007,0.08172580968914704,0.039459758782203945,0.0789014440694361,-0.18802421157405586,0.040982232836108176,0.08354851238118943,0.07054343204900755,0.11928831109044657,-0.15454458106311122,-0.13158905325745723
244,-0.011096805985108146,-0.062119679547136646,0.03977020995586976,0.08581183896008723,0.04198878827651764,0.08049280346637211,-0.20169169931685643,0.07158011132172418,0.036724809006140564,0.04205953001404794,0.10852772802978654,-0.12663760590162174,-0.10541002827982288
245,-0.005808713149069504,-0.044921674227953644,0.02568223622546237,0.1302020398121055,0.03994864534049772,0.07501621587219855,-0.24414693253092812,0.1472953286065718,-0.05277214411065562,-0.013017456916593652,0.07589186955004583,-0.07747636267563378,-0.05589305179604751
246,-0.022019945804064817,-0.08180868327630877,0.016616484811595028,0.11318139302895924,0.025473504376497577,0.06104415778608302,-0.23259293177041732,0.13083264346157786,0.018801792801218947,0.03680809627046144,0.058401714797093114,-0.0722417669160528,-0.05249645956664264
247,-0.017097713211150525,-0.07067139553734207,0.02795197666809049,0.10028112610539767,0.02968860951828892,0.06372118647900472,-0.18073969851076407,0.04846845750317609,0.08475187340340577,0.06669466671306318,0.06189338256503999,-0.11540597501839804,-0.09953649667781203
248,-0.003652885805703681,-0.05847630333013983,0.04331588838797975,0.1010061410776845,0.04391825463422467,0.07835382916138399,-0.16274908489765616,0.05100086684369287,0.011883725008960785,0.012861656136449165,0.0762698650133692,-0.10465837572895342,-0.0890735765012917
249,-0.010203568997479083,-0.07620881076693749,0.03528492072905254,0.12479135749569215,0.039670206103307085,0.07632425291094305,-0.20111110415262354,0.10699815944095094,-0.029665070529181905,-0.005750791494047484,0.0753018662229001,-0.07653566872481736,-0.058895748237759
250,-0.02834749399645052,-0.08795947269293582,0.02365184005851709,0.11889747222208871,0.02516523785292496,0.06431626935034535,-0.23017866744767068,0.07996472233547677,0.09081801343861863,0.08177050957472344,0.07744329193274684,-0.11792120782955451,-0.09762051479883024
251,-0.02559133313074449,-0.07733574349391192,0.027139265790178075,0.07169741704278808,0.027762993158613105,0.06641487633143307,-0.20961144417701486,0.052515832240649936,0.12869870417805584,0.10688941780310156,0.08954095043987935,-0.1396032620518162,-0.11851767413121138
252,-0.010245258918007781,-0.0718158399593397,0.044813536730529194,0.0979873895398667,0.0455866369242486,0.0859160980160914,-0.2003824941648034,0.07425547982452363,0.02122239012006998,0.029232854093539658,0.10758337187441588,-0.12270448788020294,-0.10144967620093116
253,-0.007283638123546652,-0.07874351390153551,0.03985897357136171,0.13833158460531225,0.047672174904394314,0.08848599257424519,-0.2362617948861001,0.14943178996429224,-0.07638308016041351,-0.03131520070165038,0.08931745142307727,-0.07217793779192011,-0.05093280147751691
254,-0.009053940646932504,-0.07150484580280492,0.03616288561892217,0.12744932134937056,0.04196179867188827,0.07963441918927439,-0.21196279500038792,0.11198508697695421,-0.031888864962828785,-0.006193292128702976,0.07769691452283771,-0.0809236076823524,-0.06336308010523783
255,-0.011248846437817983,-0.06491377853017405,0.03391252443593795,0.10255736752136702,0.035438603732155564,0.06936940648282394,-0.1726017367764891,0.05176558509698483,0.04585362314979756,0.03919080846770599,0.06768144516024506,-0.10567785163727714,-0.09132715066525955
256,-0.002748423200270708,-0.057764725294970315,0.04391132945021821,0.11180305892219429,0.04463647882163707,0.07895529833849815,-0.1616027785180029,0.05333960405070657,0.004150839730691119,0.0076524608861466194,0.07718894077709908,-0.10804195464000485,-0.09148012932394235
257,-0.008393917839707091,-0.07412342601694258,0.035682453012998334,0.1258154270622972,0.04082632314544819,0.07707883542101987,-0.2001339961818628,0.11386366108531905,-0.03532647273579933,-0.008035053300265322,0.0760015585091603,-0.08221418858851622,-0.061041203573149724
258,-0.015802005685903873,-0.07468087122982185,0.03940452347697061,0.13175279553649694,0.03949493044056637,0.07953202149875081,-0.20464565962196354,0.06460544861730422,0.04626409433715967,0.04581549936579802,0.10439768038443915,-0.1401075297576941,-0.11603092736210241
259,-0.018909009326675,-0.06994797591556906,0.03975636691426046,0.09316043053184615,0.03635588239991761,0.0759953875593444,-0.19456691374776972,0.03482863603743644,0.0951774441704737,0.07823839145218124,0.11530056059285802,-0.15383002191692988,-0.13155917875137416
260,-0.015397091644411939,-0.07173116424786165,0.04003375786419647,0.13397046501241558,0.03975813178555682,0.07973563053827017,-0.20190527011080298,0.061417790789490216,0.03620464611098716,0.0391418581164245,0.10874698681913861,-0.1362054698728065,-0.11377027116059645
261,0.026403059206941835,0.06556936836316958,0.025158763755334913,0.1293452335541252,0.052873806364941586,0.07600528478265395,-0.23520381117125078,0.12845411586053196,-0.08836188191089435,-0.04498027872082502,0.0782924741362198,-0.12044270431274974,-0.09311342990819885
262,-0.014516881227763956,-0.07297068360897507,0.024984486407520913,0.11919269476410083,0.033213844309391005,0.06883841002923229,-0.2207776266768737,0.1267971669913518,-0.005831001551135182,0.017224869049765345,0.06778462323491252,-0.0831133362333283,-0.06082656548819859
263,-0.008989435823920987,-0.06039546401039623,0.035819554897650756,0.10703220748005635,0.037615158610839666,0.07150860977400697,-0.17145304821318458,0.051300984963169885,0.04478425502280919,0.03848808466341998,0.07036435544337773,-0.11655476805541906,-0.09952049475240961
264,0.003961689569352658,-0.05200678076181978,0.05181372072586901,0.11900000597090118,0.05208257110302829,0.08685769707938268,-0.15454977759554156,0.05577940910014639,-0.03132759954573172,-0.018006474459223976,0.08503080354939936,-0.10779993948967957,-0.09083532524608286
265,-0.005315644364067949,-0.07102264021531718,0.040333262470568766,0.12995173423540438,0.0447312215139551,0.0815010388582881,-0.19588089385741672,0.10956748717580123,-0.047015758693582335,-0.017920652537907672,0.08068955435061174,-0.08549643385977677,-0.06412227507656071
266,-0.01574154564519772,-0.07330041790351349,0.04265271586272205,0.13002096746670955,0.040965688421796737,0.0817984644017147,-0.20004465795306267,0.047979979509858134,0.06432293776485973,0.0553554883810915,0.11114289396444639,-0.15489623476173423,-0.1302562795096906
267,-0.015522962512295587,-0.06424579061466192,0.04483677241933189,0.08506238305828917,0.0401185074259074,0.07985299393283156,-0.18357333206971901,0.022077263597233606,0.10565841317087639,0.0831154334201569,0.12298818352106239,-0.1721943818878012,-0.14817348346121137
268,-0.009178960452346585,-0.06432238150431555,0.04901083795641384,0.1428306305178363,0.046799105864662724,0.08720425723446129,-0.1931250478893489,0.057015115445929396,0.019607488501777872,0.023655783267200282,0.11566542443463525,-0.14976302412456147,-0.1253992292523443
269,0.010188094711030141,0.02571197294932939,0.028608071079650976,0.13275921014407277,0.04813400368613735,0.07849436303337586,-0.24352489053793663,0.129371769586862,-0.057338379813902586,-0.02266884958970051,0.08385520519984968,-0.12045255036399424,-0.09313802008477409
270,-0.02338984008446036,-0.08493716028895722,0.022086423914806433,0.11445121683569641,0.02732443497304483,0.0648078227240274,-0.2276613761652779,0.1007022430628224,0.06847406886748034,0.06587176741233482,0.06971066197690778,-0.10978436243498405,-0.08765590079344096
271,-0.005083313116016996,-0.05848967168489457,0.042356165930607495,0.10740844061571446,0.042744130567765375,0.07738427790266503,-0.16579367760275873,0.04879313885405219,0.025940103543949333,0.023928096030424725,0.07851887169764536,-0.11748324369508001,-0.1002233190440735
272,0.005155311139752257,-0.050037775867128466,0.053126058468628494,0.11975076184932955,0.05320189735285255,0.08792574949366354,-0.1531039569441739,0.055779815239311074,-0.03870126761386655,-0.023544061933783545,0.08734664620880091,-0.10696763550757453,-0.08993154188581128
273,-0.006473916857657773,-0.07206355185039759,0.041100549090736134,0.13119728554935547,0.04454520223311722,0.08188716758052443,-0.19515169169563643,0.0995771885403012,-0.030461448428838692,-0.008314600780858812,0.08453228994861782,-0.09571420657115617,-0.07466026675810682
274,-0.010676090121454465,-0.07094887586184291,0.051466045003678115,0.12773653242376087,0.047576038433822514,0.08917120840778804,-0.18886598519374997,0.04490833745619187,0.043146386646766455,0.03845578896648775,0.12515618176501817,-0.16097392775671607,-0.13615164016975015
275,-0.010572207838678889,-0.06027745848092696,0.05788209740856947,0.11050645536142777,0.04780164188868919,0.08899775571495941,-0.17078875107036195,0.002571607925083364,0.08725576925260164,0.0644177146085313,0.14240300071180823,-0.19249755394848825,-0.167700071533214
276,-0.0018910335517164257,-0.054733099124801655,0.061345631149413146,0.129326723522472,0.05505070246360693,0.09570419410088113,-0.17864169913118805,0.04120965994548061,0.006187448926097928,0.010810139581267161,0.13559294076445508,-0.16231376250646656,-0.13764784613950104
277,-0.005002211111245614,-0.05767954992016913,0.03364152043627161,0.14300766222776604,0.04339199826702156,0.07998302378284154,-0.2360047531414856,0.13476782463393436,-0.041387947475306074,-0.008121077611875447,0.09010630703401963,-0.10134394331581086,-0.07535885380596205
278,-0.017588837982347068,-0.07924493549682762,0.030427089612580813,0.12839948351462338,0.03389343230367839,0.07179694943233156,-0.21774301079662806,0.0945596995491157,0.03777465370617495,0.04304306741584311,0.07837440434105956,-0.1129046653503792,-0.09078733024922551
279,-0.004559141389681741,-0.05871458715799103,0.04454497024830867,0.1084358993326466,0.043840002978468254,0.07884098087154573,-0.16575090881413243,0.046807729840327,0.023093791067765573,0.020859633204419123,0.08303110942269354,-0.11902780769591928,-0.10140167190844984
280,0.003933685312733435,-0.050028460705488255,0.052281722380034916,0.11872941606630916,0.051794861236240386,0.08640172047942758,-0.15445338273279358,0.05365967193594781,-0.03099321816393254,-0.018593649361805974,0.08699940161282355,-0.10849583688796273,-0.09123593117153365
281,-0.006196572310509999,-0.07051074097808255,0.04133439423989779,0.1316442852687716,0.04459128942449207,0.08178998512832261,-0.19531254554408758,0.0992047053883566,-0.031385129252793874,-0.008710832739277845,0.08316803695030163,-0.09546751365441677,-0.07414936192097368
282,-0.013368056241555975,-0.07562267115905844,0.04966226370994939,0.12647816957454652,0.04552831828963455,0.08754065407220997,-0.19688815473216978,0.04451254187608124,0.05761792829967455,0.04767969885487144,0.12173430899704651,-0.1599822774952747,-0.13489272404595512
283,-0.011527632865124236,-0.06423151424317117,0.05450950638977947,0.10291938661292795,0.04650092929740253,0.08760657004033284,-0.17687987595038684,0.014515581319713512,0.08354072485562458,0.06366642948345032,0.13742795372280706,-0.18143004984715205,-0.15661800881620366
284,-0.004531813906403149,-0.059275673382304946,0.055899418434072916,0.1400890709321426,0.05207805570688495,0.09269444026601306,-0.18244141845388848,0.04765589675336278,0.0054815291525122795,0.011681439391222069,0.12930732963067693,-0.15654596270418336,-0.1320923118201074
285,-0.007798974600627022,-0.07211579083600762,0.03948865308903246,0.14830470341102153,0.04625108544711889,0.08641890225123194,-0.23514908548300176,0.13834047404439676,-0.05468287474196826,-0.01674216594508972,0.09570056527611857,-0.09686314216855398,-0.07115234974367186
286,-0.01443806410114609,-0.07471822835319479,0.03375313860109494,0.13242372645720407,0.037258708654271534,0.07530705031815156,-0.215203959068368,0.09412131828125053,0.021559530231298325,0.032130504331827944,0.08294798620272319,-0.11365376536596446,-0.09148794618914881
287,-0.007058158169441579,-0.06056996365768177,0.04277793752571723,0.1043727395826044,0.041721859631974424,0.07701537145962745,-0.16937482426528863,0.04296289944508414,0.04344267874215997,0.03550281217774635,0.08377511798253962,-0.1260370879165829,-0.10853138253845848
288,0.0009909903199911774,-0.05354880120702625,0.050235257182500624,0.10901541914156218,0.04934299822122768,0.08426187978767334,-0.15751850788646338,0.04865393068739784,-0.0075934471542524395,-0.002109946672165072,0.08651031436905601,-0.11294488024065832,-0.09529520654884327
289,-0.008992975136166122,-0.07343366204202016,0.039315451962590946,0.1300276099030641,0.042160877911844065,0.07961151768702472,-0.19931049989485863,0.09485032346760756,-0.014455438447584148,0.002723678295861481,0.08105166813754942,-0.09734653246842528,-0.07620201937648799
290,-0.011394686599033952,-0.070190048989118,0.051244830956287256,0.12873331816380462,0.04760393515446618,0.08981775497656416,-0.20110568078927965,0.04397834663448799,0.04865787863359963,0.039909534552862155,0.12567643433603673,-0.15790021904736595,-0.13503139798331093
291,-0.011400006461226674,-0.06334328216677208,0.05331854028723014,0.10430171091939971,0.04697385897307456,0.08828679120824198,-0.17861179214850767,0.014702385041500734,0.07169512196149437,0.05450999063274096,0.13901740670064566,-0.16985533633937483,-0.1495953886084466
292,-0.007861480136929597,-0.0638653707568643,0.05129579171148084,0.12323225104733146,0.048185644241294096,0.08836944374003829,-0.18446162875460612,0.04963891605557628,0.013120793333234031,0.017165020627988657,0.12454470459935178,-0.13992197166848247,-0.1194421140394128
293,-0.0029004233895584754,-0.05118124693564386,0.032081439148000934,0.14055377417054868,0.04424799426107217,0.08006251154437152,-0.23633735741973447,0.13472521436465898,-0.042928896043037304,-0.0091181744454574,0.08917553237926597,-0.10216493768884553,-0.07621542994564132
294,-0.020646540862777996,-0.08053618438172083,0.02741259481734657,0.12608497891608988,0.031251712919173405,0.06941279975270398,-0.22092258340547738,0.0863052343318169,0.06405960573955856,0.06123643595990346,0.07641649858760949,-0.12101254392300073,-0.0990620084512253
295,-0.007753768233427719,-0.061619654809127955,0.04136168361037481,0.09575829386656479,0.04078354008029608,0.07586790675217873,-0.1680925400575414,0.04166390435206995,0.05118457848979146,0.041167925489340666,0.08136338710393472,-0.12460674277756913,-0.10707851386688488
296,0.0036551538738851547,-0.051721135224312945,0.0529674271692218,0.10981388099916542,0.05212508715041152,0.08710412888959373,-0.15392692337060188,0.05048874487893784,-0.02308770331294022,-0.012856502727203876,0.08907295180753942,-0.11067888564982784,-0.09295622448386799
297,-0.0036162912321339976,-0.06918745159264135,0.04738505473033258,0.13724352718285007,0.04901982714073536,0.08739625234339901,-0.19263019586999186,0.08949171136344275,-0.036594143836079944,-0.01494248596679993,0.09254712505249542,-0.10367688626607864,-0.08243604304952949
298,-0.010752661361209436,-0.06974618014461542,0.052693232730911796,0.12005974869196387,0.048195275036078664,0.09035350617455026,-0.19689084900107154,0.04006089987325197,0.05301920446665345,0.04333477771181074,0.1288642192276389,-0.16099789844217316,-0.13819327496378989
299,-0.010938442075902282,-0.060625973223520466,0.05516028936327401,0.10918098702622656,0.04763486232160385,0.08906241551167483,-0.17741833783399796,0.0034726569360412313,0.09158517303402197,0.06731346410810397,0.14238832509327948,-0.19014156971399238,-0.16667385054681247
300,-0.008130658393428452,-0.061036740128347776,0.05034908795975437,0.12823360546628032,0.04767161912201111,0.08771852657318203,-0.1876772072715307,0.04375170203560774,0.03280960708421176,0.031004863668161273,0.12499202736030234,-0.15652417736443996,-0.13316225611176385
301,-0.002381851150534004,-0.04957522098958633,0.032607002276466034,0.14214671546312407,0.044320355889807685,0.0798086016200782,-0.23527552907800608,0.13497374151525607,-0.04702384025115685,-0.012632573070896309,0.0887028163527001,-0.10053837831492796,-0.07513184026232456
302,-0.014171171049975444,-0.0757715499036555,0.034478686396068145,0.13119926920796005,0.03789482012480268,0.07611832950786622,-0.21482706308495114,0.09379673730332042,0.023346277455092327,0.03148888931917235,0.08371291926413707,-0.11463734700509302,-0.09262879753474411
303,-0.003498388442172332,-0.05858448848764755,0.04595036695971569,0.10681744130001522,0.0454528558144446,0.08081032650576271,-0.1650939127028403,0.04645928747025698,0.021803886694724422,0.01950512892118447,0.08615858602594928,-0.12164107972890512,-0.10414001033048799
304,0.006529885173833607,-0.04965532801813709,0.055845267574261476,0.11875172205663559,0.05525322564250818,0.09039389961294689,-0.15126720590685364,0.053593945146999056,-0.043367666473287735,-0.027425362324386967,0.09210384799416942,-0.10909065027005924,-0.09166558020862944
305,-0.0035961576829999222,-0.06928893108045739,0.0451212235901597,0.13635743437503772,0.04797903108036381,0.08568610116984274,-0.1930263735795683,0.09880742022858603,-0.04637657363289978,-0.01958285609739685,0.08922085276707759,-0.09643756287346265,-0.07486360826428264
306,-0.009066113774023055,-0.06875526709113616,0.05393400342414461,0.12981529126634747,0.050019040322051615,0.09222768095549447,-0.1921750043397617,0.043688991330097696,0.036525196937380475,0.03234582144163124,0.1299902664338319,-0.1613245834519586,-0.1372253234540998
307,-0.009600325772910631,-0.0642322610470845,0.05667069886026297,0.10930216515416787,0.049626733792758344,0.09148195068429682,-0.17321801942656934,0.014202323555797852,0.06714191738643671,0.050235611836331906,0.143354697850506,-0.1794011004568477,-0.15556439241714606
308,-0.008052193704796947,-0.06564433112621015,0.05051918906942984,0.12916477928884224,0.04831779172108787,0.08874163549675898,-0.18583983545902685,0.050483577990439815,0.013805258776717847,0.018455027104589863,0.1260385027699388,-0.143835057080389,-0.1221543448473821
309,0.003947244016409879,-0.03686914644845744,0.03614568828008285,0.14439823153987724,0.04892684984991063,0.08334668712548371,-0.23051701779399508,0.1360527695749526,-0.0712525844228667,-0.030282505168079142,0.09152377573436653,-0.1005806998740075,-0.07483929241367757
310,-0.006266750931911615,-0.06798913400330586,0.04179533929203023,0.13825709884415488,0.045591766513217606,0.08370761547993313,-0.20701423021603726,0.10412565671456017,-0.02960493142728394,-0.006512081006894779,0.09053217683440842,-0.10440225078716442,-0.08222027530570664
311,0.0018301662823603303,-0.05185272828454208,0.05163403844573082,0.11201849879024127,0.050921296919337625,0.08636794845461841,-0.1597144315340232,0.04797927242935498,-0.006752837916711325,-0.0015654876187696366,0.09242022049104928,-0.12047605857717741,-0.10280989788146895
312,0.006250804576813078,-0.05016090716632667,0.055722844790567855,0.12272551695932998,0.05495970444678777,0.09009523868848837,-0.1521020940106127,0.05437043346134179,-0.04430089564528529,-0.028170191697805245,0.09263081158104675,-0.10969019446508967,-0.09233107151925601
313,-0.002913021506347476,-0.06899563768705423,0.04475082728724444,0.136827467195953,0.04796198594417444,0.08522017893867045,-0.19209015769289497,0.10583041963877425,-0.05866348610158196,-0.02732994757634072,0.08839998510780356,-0.09022337351346528,-0.06877524003493556
314,-0.00947493794649665,-0.06912032029802881,0.052204094108628356,0.1336997938482525,0.04867741596373308,0.09019259254004702,-0.1865140392872976,0.04497927151677382,0.0345785946934667,0.031714554337472084,0.1267706187341599,-0.16132751136643855,-0.13638012684427156
315,-0.012298194319365,-0.06735652367779559,0.052389040164094444,0.1021828064065632,0.04574387565997475,0.08672630085369287,-0.17208440057959618,0.01942391445519256,0.07971421424875126,0.06228133098139993,0.13700245579001769,-0.1794329277311738,-0.15429189225175582
316,-0.009482655045499536,-0.06503659651480384,0.04889264395256303,0.14588214408271086,0.04689953305532575,0.08741286440865582,-0.18952789026355096,0.05140458955747769,0.019583624220111454,0.023271677765001723,0.12276022234815503,-0.15313048781103636,-0.1289296697551105
317,0.01148160104092976,0.052261195706824116,0.022217080076342127,0.12837270067159298,0.04495151326938255,0.07242850072062142,-0.24242612377630596,0.1263279846199351,-0.05590639260198677,-0.020934110994502906,0.07743428233665287,-0.12184391537931923,-0.09436431569016596
318,-0.02519763906900993,-0.08468130341438632,0.019154243866282117,0.11184968908402854,0.02518109987976499,0.06242591519513944,-0.22877471338527783,0.09857994910380144,0.07879964022812401,0.07632601360781324,0.06745841522431748,-0.11182194555335333,-0.08929936476724387
319,-0.006979622450113203,-0.060721758646234136,0.0419480125590754,0.0948602940317779,0.041694364009532275,0.07685689260527132,-0.1675578718041163,0.04193735553553786,0.0471024530324831,0.038341409360863304,0.08293452034841604,-0.12403189202374262,-0.10638415655875079
320,0.003843311002958028,-0.05190680160011221,0.05387651239615338,0.10967224696170741,0.05288172974146198,0.08822907616855419,-0.15428080849958448,0.04844107279484146,-0.021796222906873674,-0.01262692949287727,0.0915668815450994,-0.11309597905232154,-0.09480408905900657
321,-0.002052337936910775,-0.06844863657781552,0.04952859489551393,0.14232154790015258,0.05122268484975358,0.08999794590496824,-0.19041909319098824,0.08836978690027658,-0.044099109134821596,-0.02104073577520578,0.09757032531613787,-0.10738591042158234,-0.08556506272947847
322,-0.005740048378147047,-0.06699553478775956,0.057641222260369905,0.13177200562709435,0.053271197397100796,0.09531979108268501,-0.18498878044717632,0.04380689467590197,0.019578010052904802,0.018115140032837165,0.13408577347095751,-0.16037791181182917,-0.13548775917493924
323,-0.0067254592736707,-0.06269726457138185,0.05880414692014275,0.1118676360192441,0.05193739819014553,0.09337410771097332,-0.17282052529706982,0.023910899455990408,0.045630690696601854,0.036731253041495264,0.14491871550880042,-0.17491653981261943,-0.15001505858865158
324,-0.009062448430614834,-0.06859960173949338,0.05104822863860386,0.15158519912755902,0.04811609769076382,0.08909704890400247,-0.1887954062545846,0.053302695295451126,0.012346637080673155,0.018243071608418655,0.12423533853688162,-0.15333339101732824,-0.12818346944033243
325,0.02274451679028577,0.06057209840294442,0.02681187721286721,0.13419816528970688,0.05205497531473794,0.07695046091582056,-0.23523297513863514,0.12785781661870718,-0.08706035616040331,-0.04427730842704676,0.08240281532099815,-0.12247409390482683,-0.09454799223515599
326,-0.01060910804331954,-0.0714842379451559,0.03248612082877204,0.12834874275225755,0.03888601060436252,0.07558533687359954,-0.21535917262731255,0.12275427393508741,-0.026555573124993886,0.0013806442181199972,0.08015308025628841,-0.0891161518563574,-0.06646996587134817
327,0.0028805696442677485,-0.05068064335498618,0.05125338052465184,0.1273272743225112,0.051225215657779474,0.08617911572065025,-0.15956974888531847,0.056332965500082696,-0.029447258089682793,-0.01534776232386015,0.09089647257964203,-0.1143148604506962,-0.09673472084504132
328,0.003430402317048298,-0.05263503392146672,0.05196664331349635,0.12230859499800253,0.05175426581836024,0.08663031886414131,-0.1548610718764007,0.05427064543336339,-0.031183276587094695,-0.018343205206380237,0.08949418809581795,-0.11017961944282414,-0.09265285180606346
329,-0.011626753681837958,-0.07797395101600878,0.03566024511915249,0.12784187777988582,0.03908266406266995,0.07624052613433585,-0.20157408798434848,0.09959671885710866,-0.006358897339285721,0.010743954341541262,0.07907359488128676,-0.0963381481558598,-0.07436774299864007
330,-0.01139874128366081,-0.07164505486222437,0.05095636240669432,0.13078343590765476,0.04722648694307949,0.08917609817113639,-0.1960332894660366,0.04416912623244622,0.046550569815501,0.040074616703451735,0.1259441966453674,-0.16039638775201642,-0.13540741946139292
331,-0.010892885645467927,-0.06339351096249969,0.051139092475600376,0.09894992184467238,0.046080397045021065,0.08644854581723102,-0.17658395483337774,0.02253050289741752,0.06670516864536705,0.0532678365404338,0.13481986651540012,-0.1658523272727235,-0.14321865306707426
332,-0.010784915076224134,-0.06586719400255305,0.045693514151067455,0.13704922182017432,0.04459719054562735,0.08448800796702023,-0.18848440300835828,0.04914272606228561,0.03037001055734109,0.03154088846816681,0.11667366711512646,-0.14876921658003067,-0.12564949801964298
333,-0.002748468695138442,-0.03916522854870019,0.033325512760356224,0.13901744131367863,0.0452595607298309,0.08162974573172463,-0.2345249795892456,0.1356019751157857,-0.05458179215754434,-0.01748224414578516,0.08778178197826926,-0.10000580830333208,-0.07410749618989959
334,-0.010428171174285773,-0.0726575338112225,0.03400754786889056,0.1298251682162403,0.03997489660943547,0.07721257758676019,-0.21210961584369495,0.1137027640725522,-0.01893982637285648,0.004474540926982023,0.08278210681610168,-0.0951450407427995,-0.07269941415210329
335,0.000682815244428612,-0.05369776164048748,0.04869448564417214,0.12510502624658087,0.04930345589864166,0.08448940473871654,-0.1623326698547727,0.05496234502299289,-0.01722249273527234,-0.0073846365865055654,0.08863349415080773,-0.11446387429594108,-0.09676959183336119
336,0.0021618644636785243,-0.053069152404288854,0.04968189133246156,0.12246558772509375,0.0499540224845875,0.08450771137472045,-0.15631502492699614,0.05499644699973925,-0.02672053609699002,-0.014226223798847396,0.0854713475807693,-0.10835737880038032,-0.09055055593354752
337,-0.014177375808981497,-0.07902322075143757,0.031123477150390835,0.12307098829849025,0.03554815278073117,0.07208400304518853,-0.20427564724999353,0.10140870347697366,0.006385720715814895,0.021600408362754047,0.07371305115289438,-0.09471215205577206,-0.07274610911705312
338,-0.015152300513046607,-0.07389453417713535,0.04506704427540003,0.13411331903282517,0.04236381551569995,0.08353916056747615,-0.19713728163652527,0.04589189848298334,0.06172698171090935,0.05319623699814355,0.11652562539840876,-0.16089586128086053,-0.13534410437427838
339,-0.01194967604127695,-0.06178346874592751,0.04819701706897593,0.09736052371910728,0.04398594677360751,0.08370039291443356,-0.17581866486780837,0.026036839381256435,0.07472853315345569,0.06062672814708561,0.13019614477074914,-0.16982583714308108,-0.14545447913057694
340,-0.010363769972119108,-0.06293854611712867,0.045515886232924706,0.13996312062999416,0.04478048368981167,0.08450097525193326,-0.1912898088230454,0.05003577116663076,0.033194575953028216,0.03385003521211747,0.11554687877507522,-0.15353373485320634,-0.12926186714601579
341,-0.004627278751280562,-0.037720208194828186,0.029531295208497507,0.13372719988061418,0.04214127478763676,0.07769069338031183,-0.23594805341211597,0.13321246958990984,-0.03580364610355383,-0.0033491518434704,0.08184019532841098,-0.1035732983135772,-0.07712149155655491
342,-0.0233239787517458,-0.08418899116185849,0.018321411542147628,0.11242705640456653,0.025504382686596442,0.06173648573642464,-0.2251987821442279,0.11134695513792403,0.05218199901005889,0.05944358096952583,0.0647821270991061,-0.09784575459911904,-0.07518649192939895
343,-0.009406283357210882,-0.0649775525715731,0.038244697876817724,0.11274585989335802,0.03932819081121668,0.07463237901262296,-0.17390222856064746,0.049618615932536754,0.043808014795819764,0.0376896552043932,0.07868961935818171,-0.12241041760334623,-0.10406055079216898
344,0.0010997406609825463,-0.05558784240200206,0.049734624378170236,0.11498826563436329,0.049741836281089066,0.08486480906128135,-0.1577634175248322,0.051570922923158014,-0.014171779544206594,-0.006349677918511022,0.08687382861338439,-0.11174676391671894,-0.09325454624615791
345,-0.008662419722990236,-0.07448608268130132,0.03839434576710065,0.12986195985420682,0.04218304513816389,0.07943902403293536,-0.19867385421390465,0.10068214084172303,-0.020447398748707053,0.0005179573221029829,0.08109665134893677,-0.09600852009990797,-0.07389684883835827
346,-0.010065806029580215,-0.0709620409189742,0.051824159589444155,0.14175732486147286,0.04843922445446708,0.09030509469617184,-0.1941211078426658,0.04966992980148184,0.03157045121793163,0.029910539178880494,0.12189613564019511,-0.15790464723188344,-0.13231925741694117
347,-0.009588263780746611,-0.06429016960565907,0.05318593396172868,0.09962712110038976,0.04774210563664438,0.08839481010643349,-0.17630987085461283,0.02965620002370154,0.056091339745887786,0.045514538201226286,0.13459487400100828,-0.16407371020722256,-0.14054490832877886
348,-0.004702050934903583,-0.06036460566059857,0.05218218745852792,0.14204062123601924,0.05157892880394143,0.09202357866249582,-0.18166771250098074,0.05079984354618791,0.0007075995369476922,0.009360127598203732,0.12329067127583508,-0.14936083130462033,-0.12588835771705548
349,0.0015412184564798296,-0.009258710864043649,0.02965772658054991,0.13315300771458347,0.04489104056659295,0.07832960774256797,-0.23294324542575234,0.1324301046304899,-0.05514817208962095,-0.017911314934248614,0.08116198513736723,-0.10623974358566794,-0.07966350392929773
350,-0.019897124953476092,-0.0812564911981948,0.02097159798813566,0.11411063850232252,0.028524870048975744,0.06453535504821871,-0.2224003543086397,0.11871665543655938,0.025962615784630202,0.039687112018934455,0.06520420416075245,-0.08802118633982578,-0.0661378921883928
351,-0.0036733074287604124,-0.05939438723682131,0.043662204736212816,0.11714706899145332,0.04467466072409068,0.07971314614000304,-0.16662747852397802,0.055319881101835666,0.004097991139736006,0.009456072040864133,0.08250585552470603,-0.11203063860682157,-0.09485106860252027
352,0.007429416350047286,-0.04966192186090629,0.05645609973945848,0.12195309701239375,0.05624445927629769,0.09146072717051551,-0.1506269101157065,0.05608618851160499,-0.051424760421927423,-0.033175819585294815,0.09206919571532843,-0.10725461983824618,-0.0895551519535649
353,-0.008099732828480687,-0.0751209362859338,0.03746249813328559,0.12710409398454234,0.041915333088496584,0.0786630464096295,-0.1985755653099339,0.11024155018726177,-0.0330960155778279,-0.007155619071349469,0.07875486257822924,-0.08706638737661083,-0.06502712793130846
354,-0.015517968675731884,-0.07516795265078971,0.04159008790912646,0.133612900264823,0.04068669408765862,0.08114739410499927,-0.1979177158429973,0.05714014069433456,0.05151504631497719,0.04779931624601115,0.10874103848423261,-0.1494756387108404,-0.12415334222580347
355,-0.015433495031555423,-0.06470145987020158,0.043166721276828086,0.09042356987542832,0.03943456518710903,0.07856997261498601,-0.1831588935404415,0.029415539353421834,0.09004441550451465,0.07332312278977994,0.12094799153472607,-0.1627079503109332,-0.139324099383662
356,-0.008101024262972004,-0.06172912077038337,0.04766098491857699,0.12119189727110505,0.046705465770734006,0.08625471406255553,-0.18632361587739096,0.055104203821224745,0.01882653620204631,0.02434641001892499,0.11499050475475028,-0.14049474947761423,-0.11843220643155715
357,0.004212465642265159,-0.013035924158150674,0.03410444608556498,0.13717379113216355,0.04868168800505207,0.08284587170547354,-0.23120043270927987,0.1354148671807361,-0.07437469428215823,-0.03196524219185164,0.0849190275556708,-0.10145821441139077,-0.07531764955409506
358,-0.010150978888152638,-0.06929358223079987,0.02970803944434775,0.12357299759160253,0.037608659768415174,0.073209435505966,-0.21362409574241073,0.12878750675834594,-0.03131507546893592,-0.0007332119119597405,0.07232900753893899,-0.08143833454682767,-0.05866036781852991
359,-0.0009912889697297688,-0.052528145499123366,0.04327298317295415,0.12110979166956308,0.04521191572008483,0.07884629757690954,-0.1632090917592813,0.061687921658570906,-0.011775057985243406,-0.001450822746469103,0.07836974675283301,-0.10810399744426902,-0.09044025214679945
360,0.00014551249390404073,-0.05482996820399611,0.04617378003354476,0.12152276483751359,0.04709329479349639,0.08111874483580513,-0.15887331411458225,0.05893586249119123,-0.017053757112291516,-0.006838497788696233,0.08068311645037463,-0.10769185481009981,-0.09038568390616379
361,-0.012369405202575895,-0.07708753980127223,0.03119135558062762,0.12100907735698146,0.03630891388914069,0.0721803510925341,-0.20288832078378036,0.111297589834782,-0.01084925922053493,0.009794223005383825,0.07269440606218859,-0.0865595803934394,-0.06472181142003552
362,-0.01684901165281552,-0.07566329971187911,0.040757546323742115,0.13670916982021317,0.039262769911691156,0.07953067119418447,-0.1958592683020851,0.05368691844202191,0.059033159039558046,0.05202881016460367,0.11026760880880926,-0.1541484012097909,-0.12875667282825295
363,-0.014979882727544856,-0.0657612710925187,0.04449654632140965,0.09555511569840214,0.040540032950861726,0.08007222926436107,-0.17912022269231095,0.028360236191384808,0.08891215494448941,0.07237931225865592,0.12601181240380457,-0.1709112654528879,-0.14555479806810664
364,-0.004705501938721351,-0.05764232859471102,0.05303560769777289,0.1380532477932251,0.05144623756851396,0.09173945196337255,-0.18328953086281738,0.048461505778463754,0.011330964284842862,0.017021340171121266,0.12321903895808758,-0.15672750168608804,-0.13194253113306198
365,0.004825325234871659,-0.003928289075229803,0.03176353155570321,0.13517249614832788,0.047120181631680386,0.07990138621117404,-0.23058806534096854,0.13308340469864197,-0.06863546051784172,-0.028241339961737576,0.08325865912413344,-0.10514482305620329,-0.07858700665255171
366,-0.013172279378046348,-0.07215422748693798,0.02826777464668439,0.12059517765912112,0.03562671912613248,0.07187672247106093,-0.21538591018212583,0.11741735079144242,-0.0008744154558114463,0.019978933870221954,0.07219050434476956,-0.09362214567950827,-0.070744204727003
367,-0.009420591078221009,-0.06269937211530066,0.03520211269196581,0.11436730759936174,0.037427838622719506,0.07155869812515306,-0.17513762159094623,0.05962889557071088,0.03564935888959924,0.0334599283741714,0.07075692614180654,-0.1145065771537825,-0.09628690407723776
368,0.000561711752501777,-0.05525729830373079,0.046986183810561716,0.12266974821969934,0.04781390693507397,0.08205170740168734,-0.15890538742015486,0.06001694512033287,-0.022348108354087782,-0.010416766240304591,0.08117369349552361,-0.10610905853217172,-0.08823727788493078
369,-0.010042073327871954,-0.07626844718116724,0.03377589628437751,0.12449555713493768,0.03882030213767865,0.07481740783143356,-0.20094635013384166,0.115504982803777,-0.030419257669382953,-0.003923394243006102,0.07556381940146177,-0.08184173140187799,-0.05953671163651837
370,-0.01334653810068927,-0.07306249599645245,0.04637887356095335,0.14155200890610362,0.04375177699891216,0.08461872409951741,-0.19098317755758396,0.049741361179919445,0.04410164679705071,0.040359356925617894,0.11728974247068177,-0.157976270741647,-0.13242500854238343
371,-0.015146414334694486,-0.06548661985644488,0.04469473315643066,0.09906888663479649,0.040640058657477274,0.08041823771681587,-0.18119579100513405,0.02684936906790666,0.09236236925139107,0.07466287801594253,0.12663271791326897,-0.17456863082660806,-0.14893179439114776
372,-0.006161772801053635,-0.06124153185313871,0.05107636639986214,0.14900136754263696,0.05054911056944411,0.09130451888405743,-0.19211989524598078,0.05482027447648153,0.009556325827458806,0.016805093150521342,0.12114855396367728,-0.15454426892830347,-0.13019414198566284
373,0.03499969326384894,0.07666964514377862,0.02651921730807952,0.13218705453281365,0.05716137962138731,0.07755479033574131,-0.2282599805020445,0.1275873541714871,-0.1048094185598641,-0.05764459043591033,0.08028484907960529,-0.12517114577785027,-0.09707884818107243
374,-0.015548881118318855,-0.0757004053205287,0.024371369040208646,0.12102799851616607,0.03271901955617656,0.06874388070253792,-0.2231438514241718,0.12922488194679121,-0.002969228972503341,0.020786140440974356,0.06923909578847828,-0.08608892928578772,-0.06266108987002278
375,-0.00495409481627364,-0.05957321292342444,0.04065482766763235,0.12022316774801982,0.042499398717544164,0.07701941466928856,-0.17045017895150016,0.062159639369754,0.007280455688232152,0.013495076259712238,0.07796956724817733,-0.11231545623058087,-0.09400860444658138
376,0.0032162669407214827,-0.0537313495899925,0.05087289251090976,0.12551017385158483,0.05121237875443709,0.08591686850719712,-0.15562004101685892,0.05862445729441555,-0.035537266852611805,-0.020535863154756646,0.08706494396475925,-0.10752612936782548,-0.08946733184197973
377,-0.008126415453242813,-0.07494677609288156,0.03767122098444565,0.12901367145993387,0.04199200314292723,0.0788071692431513,-0.19912596628854917,0.11006050974686078,-0.033852617057372435,-0.007773127375247895,0.0818184502192843,-0.08894671332614007,-0.06659140920316933
378,-0.009021837349038794,-0.07034389467597874,0.05267598145221756,0.1395821807032892,0.04939666582956595,0.09116414926571052,-0.18730735514150806,0.045783074197976295,0.03231243363655875,0.02815112032913677,0.12716485840466496,-0.16260451842317764,-0.13695285822941664
379,-0.010177846368657413,-0.06299752064115614,0.05354875518607204,0.10336845729380909,0.047662064821120634,0.08863811034922721,-0.1745201306568686,0.02037729277628028,0.07324010343062419,0.05675300728898148,0.13989967483650487,-0.18089112920902814,-0.1549008391069093
380,-0.008283687298541035,-0.06331933108980649,0.049579549135112796,0.1492955053063393,0.04771606159194178,0.08793099362189498,-0.18880822817355436,0.05529402626385914,0.015463533560373536,0.021244664192951623,0.12124071055268822,-0.15648229907870526,-0.13087149858455407
381,0.02134258103483364,0.06166756139704363,0.028902756673985987,0.13595255879437756,0.05295550447015817,0.07924797794811558,-0.2334304462489906,0.127622199945314,-0.0905008533244183,-0.0472242827343121,0.08558448111304179,-0.12520278075602967,-0.09691725831311959
382,-0.01201360095792262,-0.07349929443024021,0.03184036525147883,0.12784525562246551,0.0386306116496642,0.07607421980412749,-0.21677862435897183,0.11551182991719008,-0.00808617571866102,0.01321315454802274,0.08236310350649106,-0.09916131214014146,-0.07593953269350276
383,-0.003595696146434702,-0.05839098269953246,0.044415491756779085,0.11830032478107,0.04515105901521822,0.08040855317711401,-0.16656895462114105,0.04983574890797512,0.014238141585802687,0.015143366064985482,0.0848200689165284,-0.12114731739649205,-0.10260980334187261
384,0.0019259625743742808,-0.053604304662272624,0.049729112919622245,0.1230340924548703,0.04996071182274918,0.0846775311210365,-0.15636037944679834,0.05333858969083357,-0.021600721688320973,-0.010780109326963253,0.0861934779916831,-0.11235316683469845,-0.09416079661611551
385,-0.010437989851149038,-0.0757708593843441,0.036486685242287493,0.12852284312895934,0.04027866479719457,0.07744090873802113,-0.19987546255826188,0.09837539498740187,-0.008784602896954135,0.008310180441497941,0.08091469170774472,-0.09904637782157914,-0.0764140765308188
386,-0.009919777055111989,-0.07052160709697355,0.05190322826781618,0.13062253681348,0.04830421876694152,0.08985897797461025,-0.18619017369758994,0.04339399676927042,0.042408467030134615,0.03452229320929176,0.12721747005149245,-0.16376780772437607,-0.1378318233089854
387,-0.008351754896341925,-0.06660628471975583,0.05677152008109666,0.10733029480496109,0.04996550871567673,0.09120833689410603,-0.16764593077516476,0.022703543874383066,0.058943706070414235,0.04440256229037055,0.14112081315298727,-0.17773582527915158,-0.1521064902135813
388,-0.008679275274040865,-0.06711095905898663,0.04919811430079253,0.14903316663549826,0.04715035007530219,0.08713278537485644,-0.18343687221584548,0.052822194557640645,0.015252995635907794,0.02018559131306051,0.11833791349148055,-0.15218778787508372,-0.1276982169605821
389,0.002210782558489853,-0.03503624565604798,0.03909314602224042,0.14532732607152704,0.0504713620366729,0.08689289189816868,-0.22563678046147068,0.13652205670207557,-0.07949745416774377,-0.036141922891485975,0.09326850004053233,-0.10203134663032189,-0.07544231552263651
390,-0.008013759560643176,-0.07015057998846293,0.03574609770895071,0.13111279197111853,0.04206317472435402,0.07900097367578438,-0.20954486850053164,0.11643605232282188,-0.029142640292668432,-0.003626589701401844,0.08455858017226187,-0.09572103755254303,-0.07271819497904031
391,-0.0005209912304417967,-0.05445213054890195,0.0458111144268014,0.1258379568499088,0.04718580363122622,0.08178327644093504,-0.1643677703898183,0.05901992952030211,-0.01284415473237045,-0.003456668590826497,0.08451196529916317,-0.11349679143314624,-0.09501153924283133
392,0.0032661454827477513,-0.05264634838841086,0.04961969926264427,0.12781326466456303,0.05041026374471166,0.0845646653431625,-0.15561520863799963,0.062338146610048495,-0.04115896438036063,-0.023171647875340845,0.08408551727103408,-0.10387618611181806,-0.08562934698498163
393,-0.009210221272176751,-0.0752971079305334,0.03465961800415855,0.1260040058794264,0.03963429716604453,0.07561658166720023,-0.19986389980644478,0.11609231635805928,-0.03355625009086038,-0.005602740161936123,0.07604095802248766,-0.0833688629959594,-0.06114869483946581
394,-0.01318692677520669,-0.07248069399044578,0.04623707484331138,0.14364559221511147,0.04350942412409805,0.08408130761926219,-0.18974490724743784,0.04980008113288924,0.043395861959278206,0.04021743024572947,0.11610397319001242,-0.15867266804454994,-0.13290554927205198
395,-0.01250679295065548,-0.06376154178528692,0.04946561649444314,0.09980611159687829,0.04377432550011398,0.08364353831772299,-0.17166711858022743,0.022083421591491303,0.08448595711571787,0.0675766666340281,0.1307258607687981,-0.1798052831380977,-0.15382076156492602
396,-0.010367900486579679,-0.06427093443513379,0.046324560882307804,0.14537106234220548,0.04457900829594579,0.08397456265901052,-0.18828466987684908,0.053553107405683864,0.02561351443506557,0.029089616068919133,0.11646388185787117,-0.15349331564218505,-0.12855249350626144
397,0.013392843623493933,0.0015436689346619407,0.030095186911224446,0.13381652389056464,0.0491037298387789,0.07757157978487215,-0.2239093540150985,0.13169500305687534,-0.0729232390240281,-0.031828790383981495,0.08036273615516837,-0.10786232726215401,-0.08105756151037762
398,-0.019616464030771358,-0.07654205944706338,0.01889437770261757,0.1126528124077302,0.027346551102946093,0.06234942048248718,-0.22264140313794498,0.12093514269183787,0.03012872522022866,0.04408604113647562,0.06226163518553966,-0.09153499072947534,-0.06831978858460791
399,-0.00752249665205034,-0.06158821359674648,0.03786217752344813,0.11576459692134197,0.039583554025223164,0.07380185468698071,-0.17091559287351205,0.05717703463424789,0.02765432549491862,0.02770892120744829,0.07437118913102078,-0.11611295672351457,-0.09778439377880599
400,-0.0026879659668916657,-0.05938968136791452,0.04377482417661167,0.11902814060932869,0.04452497522725203,0.07872323852159484,-0.16154077340905654,0.0576944372707126,-0.003261420769581568,0.0036716849711160237,0.07797403080468886,-0.10848231052579907,-0.09002917954206127
401,-0.011032503974720512,-0.07791588329213706,0.033826444110181125,0.12359505040701871,0.038433485173281164,0.07480386634628092,-0.20125849481646207,0.11074896427561899,-0.017682063822745817,0.004886310507857855,0.07538056904473085,-0.08812777789035042,-0.06565796606855376
402,-0.012935754691660495,-0.07354962973489396,0.04640397943931849,0.14138332110929538,0.04389553162995891,0.08461028367213107,-0.19047792929761584,0.052791050516897677,0.04022739147927071,0.038016181341833245,0.11648446794254017,-0.15633845487387085,-0.13051043853320435
403,-0.011875877215109515,-0.06812322229689906,0.05075569722663094,0.09967044880462447,0.04527957082624286,0.0858160744072278,-0.1741298766716683,0.02656151549686249,0.07651451469447289,0.06122109863603417,0.13039819711237358,-0.173981064753165,-0.14810707626762706
404,-0.008498266957421428,-0.06456582634859,0.049464514629752446,0.14529012484744228,0.04741527999827402,0.08757286894903712,-0.18820602918778645,0.05021973528704201,0.02184806907086189,0.025176597688139676,0.11807542829134932,-0.15418098296519514,-0.12961151330290563
405,0.002328300741817627,-0.00011646293129330003,0.026333769595806352,0.13002658897170521,0.04267418854404488,0.0742083757917869,-0.23188385106954149,0.1301814358197314,-0.048549194860728125,-0.013515543649533808,0.07739795560832714,-0.10782749927573608,-0.0812580632863867
406,-0.02591218675642809,-0.08281767638793176,0.01394719547024836,0.10608644887053957,0.021830580471021686,0.05743958490656277,-0.22841838513005666,0.1085756072027468,0.07491544837765207,0.0760637703636336,0.058860325287682785,-0.10188642100685988,-0.07868429166881136
407,-0.014741110372711155,-0.06779297104714253,0.0304856548268237,0.10618919413104203,0.03234822624141345,0.06661776715056868,-0.17913234500220887,0.04969033280962229,0.06979084511020409,0.05753416977591926,0.06793948304685872,-0.11825460193340169,-0.10067464473698783
408,0.0012666060897323695,-0.05528477252523633,0.048275042445306025,0.12257937050495465,0.04882344839834019,0.08324091229290954,-0.15744474088885752,0.0587261618623652,-0.028604264765230966,-0.014271639838071153,0.08279454560554543,-0.10437023193111196,-0.08573043725064539
409,-0.008238133348880027,-0.0744731549481145,0.036096111745757054,0.12690267564887092,0.04094828894026811,0.07716345611192146,-0.19965684301829972,0.11523425461095826,-0.03762144615332643,-0.007860292197896192,0.07749691859026572,-0.08432180969027968,-0.06167002629124498
410,-0.013080882659079042,-0.07471222502176753,0.044731841603426706,0.14027899980103678,0.0430700129388392,0.08341724393698459,-0.19374822188594892,0.061670060821413616,0.031528023696968596,0.03387693569370291,0.11221900622408476,-0.14764274360484694,-0.12160805154481463
411,-0.014316933628085723,-0.07001227934676613,0.04651843360008354,0.09935787558352124,0.04190027382391456,0.08189376846853358,-0.17934531954223915,0.03214932765079227,0.07726557560494451,0.06356075901390673,0.12488832463570701,-0.16448454950211863,-0.13937525636219358
412,-0.01419514594612344,-0.06907587133964656,0.040200788214073586,0.13702305424148256,0.04014361142654268,0.07936756166092332,-0.1970041546018061,0.057997648994573166,0.04256450555322516,0.04311883286926637,0.10696713532155248,-0.14557611790064928,-0.12153184849341377
413,-0.0008032853779765377,-0.00515728279956055,0.024109896238393283,0.1271571175442118,0.04042435015881784,0.07254377162288884,-0.23735236714474772,0.12958759689455035,-0.032038772919277536,-0.0005964396981301015,0.0741072431603892,-0.10940934956414942,-0.08257247811540944
414,-0.030922184730818352,-0.09157526311494465,0.008651094284057985,0.10019216762408481,0.016685340665603673,0.05218245934845924,-0.2330369408593141,0.11246643772883486,0.0894379714551843,0.08691838537114095,0.051136823535088,-0.09176365420720788,-0.07037263710016882
415,-0.01259980547147113,-0.06829136047718058,0.033271970992669375,0.11039948248319682,0.03490530391955208,0.0694159766382355,-0.17677573679008282,0.05407447237516333,0.056779748641851945,0.04784566602362626,0.06887807388535443,-0.11855175684270053,-0.09935203537821456
416,0.001084423844794396,-0.05449657411728208,0.04798904148127178,0.12174941549723707,0.04857945709563055,0.08295835411621903,-0.1576884108075007,0.05718285055379928,-0.02108556011883442,-0.010494969152314902,0.08223554087048704,-0.10849424165572495,-0.08951932760778206
417,-0.008468069650855753,-0.0742960590209054,0.037991640953837356,0.12841934080193282,0.04196723654519285,0.07895595282153284,-0.19824822806605236,0.10366484910262608,-0.022146871238762876,-0.0005235994947908256,0.08209251213652535,-0.09604162412321682,-0.07336708076706328
418,-0.010154578917019343,-0.0694933365480638,0.05110518535775995,0.133698379255024,0.04790172448426804,0.08940020866124763,-0.1889793632182319,0.044588896192534734,0.04070315222930436,0.035412166096558735,0.12701749419603287,-0.16345686884779595,-0.13774305894161915
419,-0.012834039616545017,-0.06143929961321603,0.049814551520852075,0.0977306896895908,0.04352887584072093,0.08350251635544197,-0.1744230345373903,0.01535056235142273,0.08861110054668156,0.0685382909604113,0.133378849724896,-0.17783958352262927,-0.15391947970023642
420,-0.00860003180969965,-0.061413696943875475,0.04928955522694634,0.13485646327577475,0.04684239108407174,0.08660270027120032,-0.18400038656418335,0.04603621747195112,0.025767555705044753,0.02725524406940273,0.12363230644826555,-0.15499715160101837,-0.13127116663388028
421,-0.0003536845912981803,-0.04517085169200245,0.03499088117051338,0.1432203600274313,0.04642216381746119,0.08187694505210799,-0.22997734758448196,0.13606114632388677,-0.06314853308685552,-0.02330110725626713,0.09052219149146112,-0.09840956184832436,-0.07273260182363216
422,-0.00732928960210845,-0.06957018417311682,0.03993420901309456,0.1360479544122784,0.04440170751974514,0.08237896968105869,-0.20653344935616774,0.1058438464973951,-0.023391376519841238,-0.0011456660797275902,0.08981572691808036,-0.10689866022379696,-0.08355378808689345
423,-0.0020002131274658905,-0.058104909911122785,0.04767441232292777,0.12241122223982916,0.047387724339131874,0.08300028058005063,-0.16404200068412733,0.04990945840424814,0.0047074104151623875,0.008016593781615398,0.08773483677246859,-0.12301439864058093,-0.10368041649213681
424,0.005045577011773795,-0.050705015404219476,0.05381542290108518,0.12766255043931288,0.05349073922988187,0.08843970143000598,-0.15309411028524644,0.05429878794873576,-0.03818934811953329,-0.022735137113188825,0.09010164144385696,-0.11337942579445703,-0.09475138368800724
425,-0.006580100032915304,-0.0723932868850294,0.04050461299684638,0.13544816818927946,0.04415068787920857,0.08134282813627702,-0.19690126389645352,0.10475192041667193,-0.035594592578749945,-0.010171164571439873,0.08495713821732315,-0.09618144134195569,-0.0733335065290628
426,-0.012799512965178684,-0.07123469772119939,0.04917332701277612,0.12440576104039626,0.045057878798313786,0.08631187816992948,-0.1879331018199815,0.03896848832695479,0.06399506499154299,0.05284635662658339,0.12502758667150893,-0.1700443032000715,-0.14377472593157442
427,-0.011374211518156863,-0.05979468255918959,0.055164263147162655,0.11238391061697295,0.047005745356357855,0.08803318716446407,-0.16869787024902855,-0.00016342846834460325,0.0993155719278164,0.0728253897357296,0.14351582124619272,-0.20243609982427122,-0.17577759657570505
428,-0.008913844710206524,-0.06159804673482527,0.05159269717162657,0.12614600205852133,0.0479679025939962,0.08847829747625927,-0.18375449495557988,0.0369272445515869,0.05237983141783018,0.04445823409071419,0.13032919063414417,-0.1753535327227365,-0.14865948087133038
429,-0.0031369839364838,-0.024352034689984453,0.031192129392164748,0.1453478073870804,0.0445949967040356,0.08087235764952538,-0.2447553072019136,0.12919657404083862,-0.02948038558808231,-0.0008466381010531788,0.09170554659758814,-0.1246550662423285,-0.0956829960113869
430,-0.021606596920260863,-0.07834443769042136,0.024903765724679058,0.12314228832325888,0.029414124513977,0.06692213009945894,-0.22491527720899873,0.09088670867447524,0.07490670629031217,0.06915446456258977,0.07473281491330666,-0.12653519268189956,-0.10266149860047716
431,-0.0064437804530259645,-0.0583653650104432,0.043372609685012525,0.10292410294941406,0.042623673604700964,0.07802459765356465,-0.16884415729852606,0.03993020218390967,0.05132753615656817,0.0412329958319317,0.08526621275893921,-0.1350859155344226,-0.11596271252762298
432,0.008972830798140985,-0.04482001910638645,0.059206086678736336,0.12100866038590118,0.057934338146152814,0.0932035403325005,-0.14866642815130027,0.0496951351731679,-0.04776601852887741,-0.0318226136583523,0.09755912216962136,-0.11685616560551225,-0.09764846863379231
433,-0.00039845984817965687,-0.06639918419808993,0.05016051030592955,0.14808853574063055,0.05207188743746848,0.09036016074687207,-0.19006498977344993,0.09812507760859286,-0.06293256910407627,-0.03266158298426366,0.09717202496050303,-0.10327210697796564,-0.08024930391397156
434,-0.009558098477276504,-0.0667796117495541,0.05363796261909261,0.12373506461019332,0.048732024330639015,0.09022491644894166,-0.18460286443271423,0.03657893241238687,0.05180834636158755,0.04354555496050578,0.1310670764915727,-0.1723915719485899,-0.14599773162678453
435,-0.011757194011421309,-0.059646136046249736,0.055082705338203995,0.1147155984036909,0.046539251526084166,0.08753313874242516,-0.16913586305260048,-0.0011868952596932013,0.09827188363734853,0.07243050363409431,0.14596424199008864,-0.20286020603942048,-0.17595102886255012
436,-0.0056563243594324585,-0.058527420785566844,0.058306873083974295,0.12404073493114257,0.052775156990935615,0.09430935356250882,-0.17954051949988314,0.029241220018882273,0.045240745996583474,0.03779317181286925,0.14029872318214467,-0.1826351752178408,-0.15564653971631742
437,-0.00707793406820013,-0.051143709826196954,0.029551670123106277,0.14903254088184184,0.040840992340968656,0.07727401254730576,-0.24947892534460092,0.12793851657605998,-0.003498859603418682,0.017898134929288354,0.09112701495850223,-0.1257968242812693,-0.09666662923338715
438,-0.02890228068042092,-0.08811968041282023,0.021443799020315138,0.1270698351196709,0.023555234169064534,0.06203813844152499,-0.23160060794173204,0.07729165623460503,0.1204572460235885,0.09997534654521413,0.07102979485791097,-0.1391911971924702,-0.11504728418445079
439,-0.007125683223505045,-0.060807312218101366,0.044193155853978254,0.10256875328861857,0.0421599275945626,0.07768740826988182,-0.16754350020222666,0.03692653214433856,0.05494732811955408,0.042551011366553856,0.08530297581300918,-0.13507277191261796,-0.11578782489404567
440,0.005102337120446295,-0.050134890203284425,0.05572709546377009,0.11888891597430142,0.05409067799484249,0.08938484863135011,-0.15251788676367214,0.04816202559561294,-0.027761009482648116,-0.01694351969485521,0.09373370629086854,-0.11843478613220741,-0.0992975147945245
441,-0.0025588250485988097,-0.06813589526750771,0.048980578463674054,0.14328956390972036,0.05033068244720243,0.08885122072755999,-0.19090662242803377,0.08909272766250721,-0.039646064393610944,-0.017551680277546472,0.096961668622436,-0.11083923846628668,-0.08786811595151561
442,-0.009695798432910201,-0.06789500895967597,0.0541744577061704,0.12492641193949533,0.04910038036456168,0.09097510082946964,-0.18792612724692656,0.036985573682087165,0.05333168966668512,0.043076063065039034,0.13197874599113052,-0.17274680278961696,-0.14628468581550902
443,-0.007225462052730749,-0.056762541488561996,0.060400995640707,0.11762693497126621,0.05110489336342844,0.09210228745883547,-0.1659369083922642,0.0037163527728087662,0.07426524480936363,0.054727555319615456,0.14583010711142969,-0.19795478386220533,-0.171894675651692
444,-0.0030109028816575987,-0.05789500312416792,0.05950558241111462,0.13802188825168357,0.05387774589684609,0.09438849776863913,-0.17520208831722392,0.04069921400302494,0.013438762529835271,0.016108175097690386,0.13385947879763427,-0.16967721654908582,-0.14411413388433275
445,-0.0019002959073546417,-0.05405191702381453,0.037920648984706665,0.15499496871042107,0.046776743181756335,0.08342680683440844,-0.23205535276816203,0.1333946463625989,-0.05425980384758071,-0.018155416990464444,0.09462568864055795,-0.10898982964398499,-0.08172688653308806
446,-0.016727473800449377,-0.07390410586399605,0.031418902342410376,0.13318340152704752,0.03443533653066411,0.07204556257603405,-0.21739498825783404,0.08991577265081614,0.045374296275250095,0.046710502622180065,0.08027162032252481,-0.12440997376544229,-0.10091885315920539
447,-0.012602025430928913,-0.06372489170797832,0.03663662219580181,0.09371248307468198,0.03575258754686092,0.07071766322874465,-0.17427387756384147,0.03553599024435784,0.08901982847641701,0.0684615641781748,0.07807949065675343,-0.13832110192122318,-0.11899433297782047
448,0.004975017259700211,-0.048569145648228104,0.05554503952896688,0.1043810832041205,0.05403507514981538,0.08935932004104863,-0.15169514318895105,0.043421795729142565,-0.013225980900806743,-0.007298367445762011,0.09551677772822924,-0.12293130962428502,-0.1035141618329903
449,-0.003012474935976309,-0.06823742208037818,0.04986533302127627,0.14410767654090087,0.050649697357811836,0.08965515876378206,-0.19141650459350976,0.08254830764206936,-0.029275631669705607,-0.0115808782953057,0.0991849725693928,-0.11778288121878944,-0.09470535310156823
450,-0.009330168580256024,-0.06853786656319809,0.05608373897947019,0.12782730822423238,0.05021625329663786,0.09255669431035467,-0.19256091505526016,0.03706724461106294,0.05034409740038529,0.040815020498329566,0.13394995708712168,-0.17224469700374023,-0.14618666720513987
451,-0.008460633791974209,-0.06002405651191291,0.061029849310820464,0.12131284250199394,0.05107573007371436,0.09292172417567891,-0.17040774926582536,0.0015900869650309168,0.07812484302940068,0.056475536381820776,0.1491980895881611,-0.1994945199795593,-0.17334174247734901
452,-0.002130100169676317,-0.060243091797236546,0.0626520460618252,0.14278973002492137,0.056756246944340956,0.09863898863585954,-0.18161356704351225,0.041344081852520226,0.005382967091777271,0.009126610791886217,0.14019898903284658,-0.16967716629770185,-0.14322573512785017
453,-0.010434229662901515,-0.07233600843411409,0.03486916314136232,0.15249183644470118,0.04136447993467503,0.0799678658601372,-0.23897501364416368,0.13211021927351813,-0.024151923345457963,0.00424519036866581,0.09252236968866494,-0.1095336983027807,-0.08214025132230654
454,-0.03285150924667035,-0.09514990422743191,0.017563681112156355,0.12145868760401564,0.0194466890564009,0.0577965187676296,-0.233141679020595,0.07711839870278012,0.13731536693034352,0.11463177436549339,0.06651373177192281,-0.13733732725230932,-0.11336442856373566
455,-0.008556129943796266,-0.06388056495696591,0.04323981566956899,0.10018828866022046,0.0409426920579342,0.07661883763258368,-0.16879518008560015,0.03854532961901248,0.05733794051531885,0.045216284918727395,0.08418597137089832,-0.13259952770276362,-0.11244375775513825
456,0.009581479500233261,-0.04673747502275393,0.06136602978528819,0.12120065876455349,0.059167296560123206,0.09483698503293606,-0.14731782238405258,0.04976645459707793,-0.05133990146591272,-0.0343001941335309,0.09920782051119874,-0.11737311880500051,-0.09805821294016016
457,0.0012950960918704148,-0.06554471606422133,0.05326348860518649,0.1476177965376536,0.05443968452470758,0.09312095950183258,-0.18671077614370388,0.09288572591662425,-0.06376223055725057,-0.03437435339021257,0.10149652077355253,-0.10823914413140712,-0.08548805166463194
458,-0.0067380775277580485,-0.0677738695736765,0.05849145352868471,0.13736286157171682,0.05286384898862794,0.09533070456716489,-0.18760034071540516,0.041475444270176104,0.026223115522727308,0.024204499301902105,0.13592828968777712,-0.16737903415685684,-0.14238889546508018
459,-0.007817574206409555,-0.05928021968333615,0.058939885955272234,0.1147453437820063,0.05061748874796331,0.091810461435139,-0.17188166984414063,0.01292515258824925,0.0598033205815177,0.04579736637257319,0.14627669159079676,-0.1830855247826456,-0.15885072253698554
460,-0.004384234369235586,-0.0623986475939466,0.05780203393795403,0.1494703786853611,0.0536016651937524,0.09491070253404406,-0.18125516181137927,0.04649441069815745,0.001087706237823379,0.007516634594677642,0.13554804912792726,-0.16185290655361956,-0.136540630681516
461,-0.0066025323370367765,-0.061604619532648924,0.03748975546273958,0.14684042901983393,0.04503590581458982,0.08358592595399152,-0.2349972263399812,0.13407694604077594,-0.042469441891975185,-0.008141317056474551,0.09409103733197334,-0.10740727133864089,-0.07989759112714664
462,-0.02403127400986316,-0.08548277558446202,0.024636079117084143,0.12243188562936787,0.027482391859052695,0.06534299067239172,-0.22349592995324336,0.0886467989630218,0.08089285436823399,0.07523433924683781,0.07351278817301873,-0.1245673329357405,-0.10060281554569966
463,-0.008355430986672198,-0.06259968889524922,0.040818306038094505,0.10919702344516521,0.04016103987276308,0.07520729614681863,-0.16829026798798544,0.04238307648450215,0.049871572882562776,0.040095062468395205,0.08128959407392258,-0.12960335854234264,-0.11017422499997453
464,0.003355151508867164,-0.052252261133970385,0.052259304867967815,0.12493667251573513,0.051654971040128506,0.08651094574355696,-0.15474125125639068,0.052735881855577746,-0.027523279759428858,-0.015537822898348168,0.0883402562595122,-0.11457690453034634,-0.09516166421286089
465,-0.004780704743077986,-0.07120545814539417,0.043766262218525864,0.13547645382681733,0.04657725683966887,0.08412424406546755,-0.19436231387021746,0.10102357404610236,-0.039292472428287074,-0.013507343360029565,0.08851093722493263,-0.09975116491905311,-0.07657927075545519
466,-0.008433908645619348,-0.06894330530748423,0.05472060499050282,0.13939732909369468,0.05034637168442645,0.09226223935003862,-0.18941312921241582,0.044431187568488,0.03159624178876073,0.029125128286147564,0.13009138058676645,-0.16592945615250929,-0.13925068403079635
467,-0.011982919463721969,-0.06364557911993789,0.05223808863719289,0.10448932619544815,0.04600605386730807,0.0869830664026039,-0.17467845155954462,0.01354599098736979,0.09008528236014661,0.06852352694420234,0.13928546472849132,-0.18869237572957695,-0.1621574742499813
468,-0.012331065268712934,-0.06905934700662196,0.04718219314454765,0.14802240025622804,0.04448796516204526,0.08520916332460986,-0.19216434791006964,0.046649652245563104,0.043505517816438535,0.03999422956171153,0.1197205537839493,-0.16361473571737506,-0.1376021793923135
469,-0.0036184355613869137,-0.046262322514482,0.03272812302275659,0.14056158354699763,0.043883582308801274,0.0798682353682806,-0.23530456770766206,0.1325793724693451,-0.038305567033743666,-0.00548521017614889,0.087911671536036,-0.10806724593574907,-0.08048921932304463
470,-0.01761233964137981,-0.08190526631915021,0.030047659622605017,0.1258178324260961,0.033757742951056234,0.07155311495872817,-0.21776377397380706,0.10324720113055938,0.029265319935748813,0.0401209904054884,0.07898798929121659,-0.10990641916461694,-0.08561005162254476
471,-0.004145005524788142,-0.06009805440485123,0.04649314760401147,0.12076638888781499,0.045269644402922214,0.08095932453820931,-0.1670453511123908,0.0480410869980487,0.018803327437132537,0.01803665731757619,0.08778455968820799,-0.12728720278385802,-0.10757852304803509
472,0.0034986788053261776,-0.05325916774066163,0.05262855436165229,0.12689308004284242,0.05183345393314648,0.08672874174898086,-0.1544719923243246,0.0546773627261796,-0.032544437620245684,-0.01923287583101423,0.08950098243666801,-0.11285180223331569,-0.09340057830523389
473,-0.007373494569067454,-0.07441328922115953,0.03876675180256026,0.13098324782533713,0.04256793712848727,0.07924041967084051,-0.19721274677342238,0.11122537236587673,-0.03856888526851076,-0.010743334889896554,0.08193535844345973,-0.08986993794783758,-0.06653739856666736
474,-0.011202375737412886,-0.07071690887361776,0.05019708771076581,0.14207509819926772,0.04663742642825054,0.08796298753747459,-0.188163526195093,0.04489737260229327,0.04218963461372736,0.03837611398053614,0.12459742344328818,-0.16684003040086798,-0.1400103033086118
475,-0.014258029584573596,-0.06397630536521737,0.04747237785220472,0.10244898102736759,0.04246575373736428,0.08282484703975475,-0.18009636250314184,0.01937945961151373,0.0962832627954479,0.07584697666615915,0.1342493406820124,-0.18470685007233217,-0.15793345188655922
476,-0.012772477872650057,-0.06605114633406281,0.04502484376659599,0.1473677604742296,0.04335288801575691,0.08367838780405397,-0.19642763238070113,0.047998754984370354,0.04760894938227276,0.043734999533414434,0.12035353110944537,-0.16534580053786996,-0.13852305794485512
477,-0.005672013120411767,-0.03463820250229678,0.021699556356887285,0.12732448969221039,0.03643186320335737,0.06900375748389377,-0.24123959302721898,0.12696652282842502,0.001392720687942629,0.023632140225368088,0.07698146689457346,-0.11509285192845516,-0.08678985679427532
478,-0.031732696707052026,-0.09147975591996403,0.015112596436391209,0.10929871764457984,0.019145676715818745,0.05662667334985966,-0.2321628163643469,0.08507895474143679,0.1273338173222811,0.1114051896806706,0.06425976209723785,-0.1288696836132693,-0.10401643538364354
479,-0.00800017228994853,-0.06325977235923183,0.04312744671645188,0.10564397495800207,0.04185877569711511,0.07782119301445561,-0.1715090316484785,0.04129300298594936,0.052919267769416065,0.04177988841464282,0.0850300988153668,-0.13363709840110202,-0.1130675736726387
480,0.00848318484610805,-0.04885556807478246,0.05972865930949022,0.1291790185574398,0.058172317159825154,0.09395050814057956,-0.15059938710780837,0.05334000918199562,-0.05395122524112722,-0.03620760511392216,0.0991044445312638,-0.11610326111828265,-0.09624109507077926
481,-0.0043696493733596615,-0.07215878613849665,0.0443943738235846,0.1377700721228032,0.04729944316308245,0.08511021556997936,-0.19528259562905254,0.10550538492915634,-0.04790349852981415,-0.019474449668109607,0.09227127941397234,-0.09835264076939652,-0.07480914891434903
482,-0.01050990557877897,-0.07171400631173021,0.052343360079874335,0.14640867608452351,0.04821650157508839,0.09010540358118935,-0.1872199684922197,0.045077980218960374,0.03418340602617894,0.03242137769439479,0.12827266453081718,-0.16729783126542186,-0.14028765814287586
483,-0.016471867008383306,-0.0711438678992202,0.04860009167204901,0.10493719262699124,0.0418955892544468,0.08321117365968696,-0.18015199809157517,0.02248112384156406,0.09379794963005311,0.07457960375434593,0.13562954663319055,-0.18217295686091123,-0.15519158121223744
484,-0.01700218291185579,-0.07363653044772082,0.043039252474298365,0.14462001857293616,0.04005762138621459,0.08095175472235942,-0.19990656736365722,0.048869891710838984,0.058897250048803425,0.05342594577423667,0.11836192191073185,-0.16211639828144325,-0.1355619775957422
485,0.006136600144325686,0.044408442320327216,0.0191211975237151,0.12524548297782237,0.04008772640397151,0.06782533616896295,-0.24850901749439488,0.12098715761984095,-0.01867041943658373,0.0074860501423565885,0.07679175743452392,-0.13555576746673528,-0.10535454633813227
486,-0.030544085337006893,-0.09696431562964157,0.017144180616004836,0.11275274144043779,0.021031278317951988,0.05901413452377791,-0.2345366186061829,0.10184479306272076,0.09972085685256704,0.09253117017185912,0.0671680485549394,-0.11710665318385942,-0.09205553078356801
487,-0.009558310482665514,-0.06697932426651754,0.040992894700775745,0.1185474203649936,0.040293927303058544,0.07629435297482132,-0.17458998284409533,0.04681417453298049,0.04688341658487084,0.03880570576262617,0.08267052072927106,-0.13039713367499178,-0.10977766168512754
488,0.0024479060162088113,-0.054919772274063756,0.05267267535192283,0.12382234368196782,0.05166410442459645,0.08715085568620572,-0.15724474649576156,0.051700709800088895,-0.02202495421233315,-0.011778148004582451,0.09062458218810299,-0.11719788912921746,-0.09691766703313495
489,-0.011758212634892766,-0.07964453123892962,0.03747134827599358,0.12976892054888367,0.0401379796186621,0.07810773916391471,-0.2039413155302162,0.09794611588657508,0.0006139488174853042,0.01516001485085674,0.08262087042248886,-0.10532084117667605,-0.08116203700414541
490,-0.012845178855841867,-0.07354126999696818,0.050635102438619996,0.13241558867646014,0.04616785010364657,0.08827470732158764,-0.1943839554460631,0.040630302929128725,0.05997281428747655,0.0500526530273496,0.12683071809199567,-0.17087845478776886,-0.1433308777896226
491,-0.011901815785265021,-0.06279299450304984,0.0507931922184362,0.10969606220472265,0.04562443374526466,0.08641466446570853,-0.17771829246660717,0.02191711542333207,0.07706021743443174,0.06220313737723137,0.1383620736555741,-0.1831744292498223,-0.1564833645199567
492,-0.009577379698020015,-0.06436328878909281,0.049170294704913305,0.15637043510580606,0.04737390971217559,0.08828769799300785,-0.19261210823201294,0.05210994059248332,0.021722582567632032,0.02601301617424162,0.12588189627684412,-0.1637465391028365,-0.13663045730514145
493,0.01338615149431267,0.05588255096219178,0.024592575172500408,0.13617971860392858,0.04702567122577749,0.07458216597377902,-0.2419024484849175,0.12373470244399278,-0.059432531537014506,-0.02309547814993071,0.08420201403082789,-0.13256850155300745,-0.10258659018244028
494,-0.02260103515833674,-0.08507024492393225,0.022542274382427847,0.12399022557517649,0.02782406493055653,0.06509204655220281,-0.22725552698591647,0.11102274584452156,0.04655529356523941,0.05654885220278467,0.07260582917678607,-0.10826519966849675,-0.0829893254930132
495,-0.008323161621670593,-0.06239464323150149,0.04097977928460188,0.12269459173791401,0.0405103642384461,0.07585627645262373,-0.17247037578704563,0.045528295798058754,0.04233285440896726,0.03536984152620874,0.08211631142093272,-0.13122604712713207,-0.11097408710040328
496,-0.00010032166149809006,-0.05548765660210535,0.04935556744610172,0.11899645216404724,0.048433005502063045,0.08347839275571853,-0.1587613541826836,0.047499855270878306,-0.002482236632109855,0.003180604155714263,0.08789015924124252,-0.12107069327108622,-0.10093177418628242
497,-0.013045433990841307,-0.08006823837494413,0.03612758032311405,0.12972587301482566,0.03846092941981928,0.07611205565387467,-0.20246605391223754,0.09344185127451024,0.009133207926215732,0.021579418281123204,0.08069527283872023,-0.10690413256472088,-0.08279232988945927
498,-0.014736833186129656,-0.0762140907324952,0.04949967719600747,0.1289349820831755,0.044349585933182445,0.08650329860375967,-0.1955340900862569,0.03934358969077899,0.0707505947679513,0.057090441103252974,0.1242886163592132,-0.17101655514711228,-0.1432592165853272
499,-0.012554180354843337,-0.06494397384538994,0.05083948604414055,0.10624020914434862,0.04484239735286061,0.08552795937495564,-0.17682179550972174,0.02160171941517015,0.0819022767472998,0.06490580890180947,0.1361734675824134,-0.1822191646461086,-0.15549421020693435
500,-0.01027139965032717,-0.06508191846476362,0.04716907369271748,0.15049868088137705,0.045299925303263086,0.08529398980220466,-0.1933055742965986,0.05670396659618987,0.023348054109786576,0.02741844013881895,0.11918571908177195,-0.15616067629401956,-0.13009828090042055
501,-0.006861165570015153,-0.03312927912798355,0.025887161428527664,0.13329742685387125,0.03826490834186573,0.07274130715759781,-0.23860627458650763,0.12784500821103367,-0.0120584166958914,0.016142929461947418,0.08011199960786221,-0.1159180810352019,-0.08771752404710605
502,-0.03294543227092889,-0.09767251501423588,0.011780098254364586,0.1079431171903833,0.017001771204886416,0.053897847416835225,-0.23494495077899605,0.10510699998692229,0.10804007366164771,0.1021661384594721,0.059660397421060336,-0.11257597687683123,-0.08745756865458001
503,-0.013249670645139665,-0.07040845437957596,0.03737251148328036,0.11157616051642068,0.03635385520607696,0.0721937592985389,-0.17769164930788178,0.042875000934878275,0.0691163174895653,0.055135123846957325,0.07873132159814512,-0.13171403768482282,-0.11029023835644254
504,0.004802698507313928,-0.05216418997700463,0.055496497785388066,0.1239345287248206,0.05408862885771699,0.0896059080975909,-0.15332516487836007,0.050482677994162346,-0.030894431501316256,-0.01862629897003159,0.09402373349697064,-0.11860676889865546,-0.09881781923859535
505,-0.00875781938838696,-0.07541484729913774,0.039206464802212924,0.13195703398615719,0.04222747246788316,0.07958262989325267,-0.1990204520681906,0.10105220306403404,-0.0188638027800922,0.0014620631647542118,0.08441870768911046,-0.1007888154698373,-0.07706083806175984
506,-0.008021933348425776,-0.06998494654925656,0.0548723761863411,0.15638696865026272,0.05066191705903909,0.09268182506098274,-0.1914376158454528,0.05127377687618786,0.012341486873245882,0.01668728752926448,0.12807523600211987,-0.16029001211474087,-0.13324636637956758
507,-0.009770722038778662,-0.06397059956332325,0.053006586546557856,0.1180389574747881,0.04745123378282772,0.08809473230757299,-0.18072884330584413,0.0339081405131887,0.05026643942970675,0.043603673069760485,0.13661586043153756,-0.1714558463408566,-0.14505961230713726
508,-0.011321955876898968,-0.06934427875478247,0.04620433616305324,0.14882014278434844,0.04420368168096866,0.08413915186500331,-0.19537919398699097,0.0638565789757071,0.01697886840366744,0.024106987460389195,0.11703030220676863,-0.14736065328824416,-0.12193396763298928
509,0.00484311635650995,0.023817489875146865,0.024312506605005255,0.12784050318926551,0.042011417272258864,0.07149162167417628,-0.23406071328986003,0.12610094767336502,-0.045378333057210105,-0.010045489685567933,0.07622711409814789,-0.11759427391608217,-0.08956590679515535
510,-0.029256614456940888,-0.09015601931108531,0.012199139936980517,0.10568296824623374,0.019528385902173612,0.05575334820399003,-0.2310851662413115,0.10776837950578173,0.09100187192106102,0.09124027105054623,0.059652650633655456,-0.10865282146674274,-0.08367639392434188
511,-0.018039683904651684,-0.07407802357498067,0.029413708205264292,0.1062475138282288,0.03067649886574927,0.06599165018534435,-0.18302511650051453,0.0433128869754438,0.09711395477993841,0.0776125698393948,0.07113556582181034,-0.13364612905369305,-0.11271539546733392
512,-0.007009047928979422,-0.06310916209213352,0.04182124583477634,0.10222030224933441,0.041681288623495065,0.07684276220267583,-0.16589021165200946,0.04273208734828138,0.04367758316682285,0.03518715027569633,0.08066171735264066,-0.12459458786792599,-0.10422112751267439
513,-0.016701179806995575,-0.08321873229608977,0.03185428666557037,0.12476580125215042,0.0348920334639022,0.07263088141013313,-0.20699357749547603,0.0892363920193702,0.034074194666046095,0.03806069052119188,0.07760638603056,-0.11016353887359816,-0.08604363755676481
514,-0.0135542644707982,-0.07370582666907496,0.048659308210341125,0.14281053276889613,0.04467864213055188,0.08637833410562833,-0.196176220795819,0.04507223797950969,0.0519975938785839,0.045709204106271654,0.12095313111510768,-0.16494510569106016,-0.13787756666813789
515,-0.011744750539495445,-0.06511450560995646,0.05064579214925479,0.10807591679376742,0.04480883264139898,0.08499436849863595,-0.17908939551692693,0.03145234648598982,0.0673617494194435,0.055978729534351526,0.13199238892724238,-0.17297094788588102,-0.14639052489782428
516,-0.011181069183014812,-0.06819711163372486,0.045490008596064106,0.14601313408949068,0.04369956904557144,0.08320054615709616,-0.193335696860639,0.06305690256454807,0.018822788402403538,0.025543025843914963,0.11332181786312588,-0.14577380709904814,-0.12066010778578788
517,0.011796584596433932,0.030950417323714556,0.02429244157116601,0.12825119057504736,0.04510856355329339,0.07220360331671112,-0.23104891004480843,0.12660800029399508,-0.05724041612222131,-0.01980049496305371,0.07610424466635438,-0.1176816638184124,-0.08954356094821996
518,-0.02438814428599995,-0.08539661520273367,0.014886116323509658,0.11114993294285429,0.023258562567456596,0.058790117425439097,-0.22743638599582303,0.12276679209132127,0.04774323469006652,0.06208934065615353,0.06098540755780562,-0.09461888298352794,-0.06982947578652193
519,-0.008514079067057919,-0.06276373575737863,0.036783784659747035,0.11828027380778919,0.038869400991796324,0.07333176154824796,-0.1738727247817243,0.05896514237514089,0.030768662278634562,0.03126443578386266,0.07677993093141011,-0.11989222877510909,-0.10000062399535872
520,-0.0031869022103383914,-0.05762958414239758,0.043563564001169904,0.12140056475437162,0.04452059531420395,0.07908553018762425,-0.16437666416989147,0.0534428213250755,0.007105425421025876,0.010909606889029934,0.0817318880911061,-0.11838623330299959,-0.09818061215798003
521,-0.016206645686214168,-0.08226362854149316,0.02893632876035034,0.12250602356595873,0.033688767323142285,0.07040121090455632,-0.20964531396392008,0.10544883441557187,0.01676391385864662,0.029252574846231796,0.07349661340745996,-0.09836369351988991,-0.07401498537040065
522,-0.015707873824185117,-0.07482618741403639,0.043873854367996304,0.14269949133096857,0.041495701229797656,0.08258960120799427,-0.20245621147268392,0.051011441814112816,0.058472055988559125,0.05215865239914653,0.11528232929835594,-0.16081746008997375,-0.1337753948360519
523,-0.014552845705003202,-0.06586940936486732,0.0444706563823014,0.11118195905017739,0.04065953753983078,0.0801319500295264,-0.18428360321507656,0.03606907545685461,0.07701277237807963,0.06433689747308008,0.1227035242960562,-0.16928996036051253,-0.14257055396044668
524,-0.013096715324411996,-0.06563882047106649,0.04124850614973376,0.13915332725924356,0.040717316342408015,0.07964662738778769,-0.19823375039150015,0.061933497062531435,0.029213909510679995,0.03268515636465164,0.10915100700040578,-0.13990521577712361,-0.11687484511333956
525,-0.004253102046087577,-0.01937393409119227,0.01726702468380302,0.12102256733791071,0.034666717224357775,0.06524381683145464,-0.24019942011589085,0.12482795356908231,0.009324322691661351,0.032023530836027304,0.06891573431551258,-0.11880900366028939,-0.09065620757634961
526,-0.03789797603066513,-0.10074742740078557,0.003438066891634079,0.09596810597398049,0.010975664673154485,0.04720887238024729,-0.23884555633081467,0.10146360084726883,0.142350935494059,0.12700628799640604,0.05058667314675302,-0.11295811637683832,-0.08854913126439967
527,-0.015710247757252955,-0.06982018351173076,0.032153270038634864,0.09624871210143533,0.03321055361859347,0.06865168154927019,-0.1800197132755781,0.03886535997927523,0.09679526332000297,0.0751562787524194,0.07457601381487816,-0.1355996019984557,-0.114507386631492
528,8.301456352062119e-05,-0.05381202122899364,0.04832887698374413,0.10808658265409044,0.048563214335499934,0.08360206552462546,-0.15932796450193273,0.04713823556968544,0.0013006202791369422,0.005625300061672706,0.0875206257416022,-0.1180140676178991,-0.09909448236475225
529,-0.013157371579768765,-0.07939970430236921,0.033618018492575764,0.1251920714346169,0.03765558257833977,0.07494067206387967,-0.2053355210239854,0.09997107536660096,-0.003487746792715544,0.01287080569314434,0.07830639513902901,-0.09118981396242101,-0.06998446310692646
530,-0.01401830770984307,-0.07710415236773871,0.046136904769653875,0.1414286342869719,0.04417621541675092,0.08607409506956207,-0.20669519157055302,0.05867514725160815,0.040762721980963076,0.037261356514793655,0.11965360271511391,-0.15121371471910483,-0.1251373116381777
531,-0.014014626494419579,-0.06757817486811571,0.04784023376317184,0.10037827615440101,0.043121753182278434,0.08390374781992878,-0.18783789313462906,0.03124556770447645,0.07352801300654518,0.05996415131545315,0.12886118460066215,-0.16154917050079523,-0.13786306254895725
532,-0.008774609571559292,-0.06560968776789604,0.05031904047313527,0.12820609892042537,0.04818194023478059,0.08920396473684769,-0.19075049831231355,0.05060131516293731,0.015474439310122004,0.019352960405421865,0.12248097169438686,-0.13974272726940842,-0.11894320801687956
533,0.0030336835338608667,-0.016502390601800195,0.02785166877591881,0.13306385651264302,0.04437377257898089,0.07660830305407976,-0.23559741304321175,0.131862880997838,-0.04778348735186705,-0.012747367008909948,0.0833071643123355,-0.10702901746582508,-0.08044165429404272
534,-0.02937013571802601,-0.09479496499065884,0.011101338908296815,0.10834234385511857,0.018994906829827737,0.05499328542251543,-0.2339728747937499,0.1214083281761612,0.07302571036757691,0.07747659312900222,0.05742927184417411,-0.09475173976431871,-0.0698820632659195
535,-0.018547070978557564,-0.07672379902432241,0.026720281153346386,0.11188718293172303,0.029026406214084394,0.06370979552682436,-0.18786183060773334,0.062088457910702936,0.07592727601413671,0.06445363967456538,0.06534208268592645,-0.11865851433890723,-0.09736390716178907
536,-0.004389229306225107,-0.06121069712994946,0.04210464987891776,0.12243387812279491,0.04312019176757898,0.07759927403424777,-0.1668278274856494,0.06108697366807034,0.0027142259951695165,0.009349137621622667,0.07721537066803891,-0.11185967649723569,-0.09133627133738109
537,-0.01427962822439215,-0.0820798712894872,0.030940049130781012,0.12286235196292684,0.03573875667205662,0.07260858162029772,-0.21150875696814442,0.11633018950299236,-0.0040665713120642535,0.016597201804296167,0.07430764143866259,-0.0910020321348863,-0.06644791220303911
538,-0.010208193669756784,-0.0711964357852577,0.05300190632321384,0.14849218776308595,0.04899261099725687,0.09136310351389915,-0.1986697382775364,0.04677344036960379,0.03620079440543105,0.033126024109432994,0.1277008081522265,-0.16605750513223014,-0.1395190027693689
539,-0.011748213101869567,-0.06653681239845449,0.05235949511648094,0.11497335412625509,0.045924280824810114,0.08684086518471755,-0.18338785306422878,0.0320024592340726,0.06558198527858955,0.053838457275270535,0.13449103650594177,-0.17526255342056823,-0.14907650156101682
540,-0.011379528494666252,-0.07042336330190209,0.04765777188028218,0.15102164665383833,0.045476083143513125,0.08634184193998314,-0.19818018134542037,0.06180460411654586,0.019987949118263418,0.025199618967148722,0.12042530857245261,-0.15188426419758141,-0.12604748705245702
541,0.012530550591904124,0.052808879358208,0.02151572321466263,0.12909883746038708,0.044902708973700474,0.07166382636905817,-0.2438151401092148,0.12300695214854998,-0.0439087942578481,-0.011528948989256842,0.07977414073191146,-0.13276214454148327,-0.10328659095057875
542,-0.029807277448461417,-0.09493909270701818,0.014551787866532079,0.10928182770800525,0.021141345318709155,0.05878183785862227,-0.23530223289583088,0.10546576794440223,0.09707848331393447,0.09138826095594227,0.06548380984999454,-0.11415225486919924,-0.08897226289563259
543,-0.01200713329004535,-0.06856118108106435,0.037158917909522554,0.10787423004704778,0.03781056255045787,0.07384289720930373,-0.17827652115089543,0.043446371852707846,0.07206392905515951,0.05719651261957418,0.07897509897724307,-0.13519957875348437,-0.11432410594552693
544,0.00018575382341730643,-0.057089888519573494,0.04855331806166877,0.12459315978269679,0.04889026424899023,0.08409270185551458,-0.16088024958087804,0.05520406730369831,-0.015331529038026322,-0.005255218879534675,0.0850385205727529,-0.11425526070470929,-0.09374563892601696
545,-0.009001348341694066,-0.0763880969137164,0.03746655114348084,0.1285709348110136,0.041723533915568774,0.07899133938016388,-0.20363409373417438,0.11100361426725727,-0.025548534969695093,0.00011178781500530605,0.08131255627266054,-0.0945368049875279,-0.07007143865834242
546,-0.012840135479999269,-0.07318876761728725,0.04897631297412196,0.143244681206294,0.045915409418745695,0.08813902220485997,-0.20202016778311824,0.04645734031391371,0.05010594711350518,0.04437009187120307,0.12471013010489096,-0.16572015902766915,-0.13814970529946047
547,-0.016681412154898618,-0.06922597417486497,0.04364270504350085,0.10246442843303256,0.03957138746063185,0.07983421781271113,-0.18732426192956997,0.029094062307546277,0.09759120520781472,0.07749901854174479,0.12570191743099882,-0.17426422880819428,-0.14790306517045299
548,-0.009659379322371342,-0.06503460533618159,0.04893657640995298,0.12411270777833912,0.04754587286733155,0.08878492153619372,-0.1953331147834456,0.04986610217369596,0.03049544361221431,0.030910740718150163,0.12149143229637226,-0.14693239231588637,-0.125184305634365
549,0.02244539278665912,0.06906906278498515,0.01464780476993419,0.12002145481798614,0.04513521867927818,0.06592287954126554,-0.24249841111360368,0.12110534387719482,-0.03869202649667208,-0.007774576055237335,0.06971402380772133,-0.13423560880519556,-0.10486055859431563
550,-0.03810278761465468,-0.09849194812578425,0.0005487329253202919,0.09563746681463202,0.009437845801360797,0.045047199023100254,-0.24507972980720188,0.11371430954616026,0.13178826595145224,0.12315423439937966,0.04657003008852996,-0.10476097681264637,-0.07946264218964838
551,-0.022143613462591284,-0.07546876108894864,0.02313595268144546,0.09682106397022619,0.024968336394792484,0.059249848972297146,-0.18622506145812573,0.04134426248034481,0.12309126410353037,0.09673307434631895,0.06205439283710533,-0.13233240440255825,-0.11122835537383673
552,-0.004055457867652067,-0.05752957661128302,0.0433319154662624,0.105284825781443,0.04379395652582495,0.07841020877621203,-0.1631808263061836,0.044585351776649795,0.027210258552052752,0.023717670687049042,0.08145534167784307,-0.12182999092977306,-0.1011936775284451
553,-0.01412819266848712,-0.07844419049830371,0.03348178340753341,0.12343683344783747,0.03706861486547988,0.0745502919431331,-0.20465785895144922,0.08865172653868063,0.02479501587227577,0.031455017150189495,0.0797841760129385,-0.11042645181891869,-0.0855667653009094
554,-0.017200937035800556,-0.07695541278954139,0.04367360625420748,0.1308047716853255,0.04139893792627468,0.08344226061182926,-0.2043479087177005,0.0423000077997335,0.08084451022558649,0.0662603899061242,0.11913408130475855,-0.1685923706449427,-0.14076193652585436
555,-0.017067387361203456,-0.06755827601309054,0.04259802804731251,0.10009834331213444,0.03860246143518136,0.0784242373097057,-0.19200574166594928,0.031519689117419564,0.09542517299551884,0.07790800960613109,0.12346396400295824,-0.16849476496091023,-0.14291373582520805
556,-0.005734837531133755,-0.05789012612470764,0.050871082579599256,0.13421097792096537,0.05056126271312407,0.09107583555754738,-0.1880905105503333,0.04658060952258523,0.018094128602303843,0.021292145215860335,0.12234331907984333,-0.1532229180706755,-0.1300909689149784
557,-0.0045645605752249645,-0.02848331765364505,0.02612495749279645,0.13061955975603431,0.040504848748988236,0.07511194358365748,-0.24053911628014282,0.12932113883945,-0.017528021131772646,0.011969429861888817,0.07917630317867318,-0.11504095181304723,-0.08667221400765576
558,-0.03061128674087258,-0.09368706868836696,0.01029258416314159,0.1036481739366609,0.01798022517123116,0.05413402674662879,-0.2340857054523707,0.11226575711566333,0.09282405183496137,0.09262400449952769,0.05699268637797924,-0.1035541736233591,-0.07882327534082478
559,-0.012185303048568163,-0.06804668871258475,0.035180252013189334,0.11319575542642779,0.03611501585433164,0.07116819908280131,-0.1768768147045932,0.04910085100925877,0.05902595191830481,0.04906496952877811,0.07576785473164312,-0.1259660102268139,-0.1055440328721747
560,0.0013434612390216668,-0.05423011519641641,0.049652951854215054,0.12342754979530932,0.049652587542271524,0.08457782424730306,-0.1582862211367225,0.05251376822303899,-0.01708794481288577,-0.0076875177041711125,0.08770941195824652,-0.11562784338625476,-0.0959579126229555
561,-0.011199425686277633,-0.07684871110069094,0.03573127399119039,0.12653754196529002,0.03946384082284666,0.07664006542482428,-0.20215471466270477,0.0996975111149509,-0.005222894449056138,0.01156065618201455,0.08103819968594644,-0.09916324103598541,-0.07608010225234835
562,-0.01315920725682061,-0.07296960579234522,0.04762473588787154,0.14364160450880595,0.04492043021128896,0.08670411572084852,-0.19898552959772772,0.046980331942210546,0.05130945928574186,0.045155687331100494,0.12258682610317852,-0.16525790253905104,-0.13855094580510166
563,-0.010835324324040456,-0.06243877079741208,0.05098846107736753,0.10394196438869314,0.04573710547423653,0.08606063590377135,-0.17996717322468567,0.028618540112625993,0.06549365276769703,0.05419746170204515,0.13065666287668268,-0.16831275323565845,-0.1441404627213225
564,-0.004036368453137498,-0.05774003509957351,0.05634894828674618,0.12091273795595245,0.053350121380078226,0.09445124828983706,-0.18440390745707094,0.04308842972550936,0.017754555755496015,0.018926626167506292,0.12756089187543787,-0.15435144024772723,-0.13186180817905407
565,-0.011823037224992276,-0.056662684482074725,0.021550969996035955,0.12934401860550798,0.03434598663363585,0.06954087113554108,-0.24443478400843166,0.12692487133444094,0.020333290481454106,0.03896622939936427,0.07762513815271588,-0.11725286291652058,-0.08845800710667681
566,-0.02900315380479594,-0.09477695616504274,0.016210017504399078,0.11326358509279022,0.02192009721508309,0.05944404396760944,-0.22921544606810637,0.09897944467347328,0.09584087896336585,0.08962151012208149,0.06565050323020866,-0.11672101348504026,-0.09121351124602578
567,-0.006382096944142952,-0.06385865900660433,0.04379772182419278,0.1182033636815987,0.04347758148298481,0.07945609373882048,-0.16959017554250655,0.045462593647945894,0.03296369388541609,0.02842722175292775,0.08506495724396991,-0.12895428211673016,-0.10806801364787232
568,0.002236409770062867,-0.055083019284675974,0.052332622407293444,0.11615931350985322,0.05140844989982973,0.08684451077445982,-0.15628663235586432,0.04966639927281861,-0.01804105350080035,-0.009986144416162641,0.09129238133480919,-0.11459557198981982,-0.09594766542180362
569,-0.008645178822378708,-0.07569469073755887,0.040054751993319586,0.13030759945772927,0.04273711521903952,0.08033587132846048,-0.1989207036636809,0.0992790753452898,-0.01893375058311923,0.00041778842496639215,0.08623611561691054,-0.10011228609279313,-0.07706170748618477
570,-0.010395065927003061,-0.07077766077625403,0.0518362395561939,0.14802710525612853,0.04801243008965321,0.08984790643112199,-0.1925015386594525,0.048169209312800276,0.02850432096056855,0.028579202322265913,0.12655620630252318,-0.16116168263603003,-0.13469667223251575
571,-0.011963073115616235,-0.06460743482701589,0.05093950618619073,0.1065775048785613,0.044980050905900064,0.0854015832135073,-0.17725617272419344,0.026402830997040338,0.07146231126967637,0.05717652949764325,0.13375423994072194,-0.17436106319758857,-0.14850681302482685
572,-0.00727393535355187,-0.06473350394868825,0.054490708718666805,0.15123476050175783,0.05029259553660143,0.09142330574161213,-0.18841037690182233,0.04944479592435668,0.00576694951653702,0.011696290164403279,0.1266026835764766,-0.1521644689307056,-0.1283698045456436
573,-0.0014774320231596663,-0.04082542709844636,0.0340415336465667,0.14283835820864793,0.04494274391915848,0.08022878443128327,-0.23539611424938506,0.13096086034993612,-0.03921144955111318,-0.006341007967179613,0.09048644045687006,-0.11429794542648677,-0.08594934469669183
574,-0.022979904067705312,-0.08613751023645624,0.0216730516009988,0.11908907307694086,0.026367644533355262,0.06291708026754575,-0.2255726155269162,0.11303233815927856,0.049273215162995564,0.05792862111728331,0.06879708619971324,-0.10461398626691217,-0.07977409402012141
575,-0.00625601213245097,-0.062488169786693845,0.04445865882918654,0.11824679553810169,0.04310946240575792,0.07879504971231958,-0.16980834200567652,0.04728752920580033,0.0351501868659876,0.030112355316583805,0.08167503956869608,-0.13014047964749073,-0.11014207387012129
576,0.0016970568894828341,-0.05568636651059191,0.04973624366137957,0.12767391727927324,0.04921059397726218,0.08361230508413425,-0.1584425441739596,0.06355898635104465,-0.03524558221995666,-0.018429682998779836,0.0842955618971814,-0.10560273416573128,-0.08637775507073879
577,-0.010898573425334016,-0.0782583179441344,0.03434808481208306,0.12431031440611068,0.038210926327680486,0.07439924770729531,-0.20346690892161975,0.11706592893009128,-0.02251802759901703,0.0025451123381231774,0.07616349277111374,-0.0874544532473673,-0.06444682615502535
578,-0.010069618691830186,-0.07195984676054189,0.050736438427626915,0.1502788134460255,0.047469490318346255,0.08883396242880595,-0.1999588781151001,0.06448165195041769,0.01679096298333961,0.021724468700352852,0.12121672401522489,-0.1525977687389127,-0.12694639996375467
579,-0.007163982520506248,-0.06319445433412058,0.05883133555020234,0.1196033369147081,0.05115250043974363,0.09236796014910457,-0.1775868470784361,0.03089061666370809,0.040174727167649846,0.0336688059601477,0.14252914272742437,-0.17360229498576926,-0.1476708466538563
580,-0.002762566760469616,-0.06301639136957142,0.061650591796726974,0.1611746848101221,0.05639556444246594,0.09856224910377738,-0.18382960100779583,0.048514017895466915,-0.005932095637005868,0.0018322799240000677,0.13476136748350576,-0.16699925690819084,-0.14035084377303136
581,-0.0033333759476252443,-0.039824693642823164,0.02611343800749987,0.1350407462682815,0.039978245895602414,0.07337296309775704,-0.24013802914617807,0.12736164416417295,-0.006938339669709553,0.01686084822491251,0.08224118591660716,-0.11966377811365199,-0.09107085505484541
582,-0.015411407377560122,-0.08237381668104805,0.031008623361608225,0.1288905673074713,0.03561936695714323,0.07325579769048428,-0.2168988579939558,0.11527954856204416,0.006042194139549321,0.024539200659480245,0.07814548453081661,-0.10173238484001706,-0.07636431631601628
583,0.007889215579460204,-0.05064439551213092,0.05834406333421112,0.1441039716757588,0.05762285797978485,0.0935139141750008,-0.15451853342233401,0.06193325107377777,-0.06643137750430565,-0.04295529843390477,0.09866169690918833,-0.11374353536759482,-0.09377583048691156
584,0.008223893818545427,-0.049624886189255535,0.05750404252431069,0.13941840542233996,0.056796914913520714,0.0918600683603545,-0.15060271768619338,0.061371511061859764,-0.07728657858114249,-0.05129113162498998,0.09561082115955881,-0.09903892764511471,-0.08294141553379372
585,-0.006905399955058802,-0.0739161198940957,0.039600275569243136,0.1357575590463819,0.04316295893998106,0.07993554109971537,-0.19876268869174787,0.11155996755151178,-0.05326809777384289,-0.022046408484894014,0.08435631585304115,-0.079508081341946,-0.0599658219182892
586,-0.00967281551248423,-0.07130685063679908,0.05265585946195905,0.16029662733360509,0.048415548418794384,0.09005818355212711,-0.19947784693511347,0.0598730253867559,0.008204170616273975,0.014061413559310768,0.12379823393905372,-0.15098474065811737,-0.12592080852536566
587,-0.007860438626292113,-0.06013782991700836,0.056817218183597,0.12147993986893743,0.04876682033995249,0.0888927249640476,-0.17277395805717308,0.032851502022202696,0.04149480364191075,0.03699720627942559,0.1346543364100795,-0.17368928084444862,-0.14749304426523063
588,-0.004078241793030606,-0.06323137080008949,0.05889806014271557,0.1619127477631463,0.05326886468783443,0.09420389502554835,-0.18073431959280942,0.054971170913227715,-0.011385016163000701,0.0001880400674120614,0.1295539328962679,-0.15974160841020282,-0.13382615473701914
589,0.011997578051833865,-0.005285629593149044,0.03491506236770443,0.1443890664347893,0.0506500019519837,0.08104955142259368,-0.2269569690486013,0.12999511449039883,-0.070585247420222,-0.03161002359283225,0.08847496993153324,-0.11768235823823768,-0.08935111675779475
590,-0.018068354014892634,-0.08082362516899783,0.027035907689281293,0.12752263835581928,0.03181138701060112,0.06866077529645015,-0.22044993552679798,0.11352884928075198,0.02530604239510113,0.03751208657692822,0.07392290001161828,-0.10530667308800339,-0.0806519988178597
591,-0.002665399896897301,-0.05799082850097795,0.04776770674102846,0.13136283498980966,0.046474822816865644,0.08196128040461166,-0.16556882897218214,0.05096197851922508,0.006789604486653548,0.010079394446220424,0.08699897723519516,-0.12805768807665324,-0.10811385419289889
592,0.007001651649283317,-0.04914865672001716,0.05856941197767366,0.13526610140624978,0.05633151012266265,0.09187457994732787,-0.15206229345955566,0.052877622599010674,-0.04782473993906582,-0.03079423782626864,0.09677671354268232,-0.11903498985714615,-0.09983267344283667
593,-0.003742933356774827,-0.07080142095379771,0.04756218844263226,0.14708359575050312,0.04857207283270088,0.08678150352537457,-0.19592841523842444,0.1006152204268906,-0.047587658187194105,-0.020255331028182878,0.09494539517896117,-0.10540697033036514,-0.08183724706232351
594,-0.007483116962306758,-0.06725583165621903,0.060387774510581305,0.1544125661942366,0.05234001223514262,0.09513899347969292,-0.1974897815445127,0.04157414324401709,0.02781679022335721,0.02593200707006265,0.13462377435448128,-0.17292533688151504,-0.14707199426701792
595,-0.01053778259946384,-0.06241257079787564,0.056749753531692766,0.11313499228037706,0.04815150214349852,0.0896991054410014,-0.17700352122456883,0.01453510694859217,0.07889198052888348,0.06086249066417488,0.14329442050465185,-0.19093030414981738,-0.16443517327114612
596,-0.007583508847207942,-0.06559779458884994,0.05617700265874518,0.15934901080237043,0.0515012399628372,0.09368786250334149,-0.1891716246282309,0.04348410770260378,0.020433500953105976,0.021496302888830383,0.13451201702914925,-0.1727695722574201,-0.1455185441792746
597,0.004182820144349931,0.022976989622991294,0.028802640365401627,0.14680037993955802,0.04516012044127288,0.07734161572101661,-0.24671746542208298,0.12431588605866128,-0.041986849143511716,-0.010824367707140452,0.0886642359882945,-0.13430265725665821,-0.10441334875215273
598,-0.036039263312315,-0.09909447529993141,0.010465527914048619,0.11691374424149849,0.014501890879017834,0.051864520760196084,-0.2407847732770865,0.09828208073094083,0.13128898252795995,0.11661678052815978,0.05875465692271275,-0.12421573064934435,-0.09855394196585703
599,-0.01622513849499047,-0.07087810729887026,0.0343091993789198,0.1178274756542819,0.0330875770518148,0.06877967148692109,-0.18242450299107166,0.04026928023190798,0.08867257857055558,0.0695707460514253,0.07409405819576677,-0.13945108576896662,-0.11763175206769405
600,-0.0008574890818159579,-0.05648367087098687,0.04953473709349005,0.1279848519797088,0.04806804984640532,0.08341049064245215,-0.16112794650585485,0.0494622632615027,-0.003655284226872258,0.002449819306307081,0.08559618398557153,-0.12290187911221176,-0.10148012631769575
601,-0.00938093736245203,-0.07666833396606629,0.04056611457272228,0.13508722517325675,0.04269262595869121,0.08082079273462278,-0.20333316280714617,0.10132922051620702,-0.015266436376046315,0.004763272649070417,0.08787733340981999,-0.1067946807939308,-0.08169303370874881
602,-0.008919989189960977,-0.06885918500872892,0.05653755602892651,0.14339356911130016,0.0504208234527673,0.09278007590283377,-0.18856943717974992,0.03978948710130995,0.03645913424777694,0.032035742039487294,0.1326426622148453,-0.17237836949837765,-0.14533206922242953
603,-0.009638993107037119,-0.06258389817109872,0.056280711778404366,0.11330747510752479,0.048769600743203474,0.09017383860567657,-0.1750570779162045,0.020037568364875056,0.06547610794077958,0.0512285361762524,0.14209144447405062,-0.18288505990122236,-0.15720025409520383
604,-0.008069716928052756,-0.06495491955086398,0.05264508111931636,0.15957077199335468,0.04948486833555606,0.09078947992225514,-0.19360808107350078,0.05191287853414505,0.01165075656835507,0.016858975901359294,0.12891017557011214,-0.16050428063232428,-0.13468598975971183
605,0.017616721812910227,0.053989431160843974,0.02336795542844004,0.13505571896937332,0.04784424118809788,0.07329712580791896,-0.24068740114544696,0.12271943938494273,-0.053841032236793256,-0.01911493378051343,0.08218243619502758,-0.13610590676913997,-0.10632379601566092
606,-0.03207746669417702,-0.09823680396609916,0.011113648992375227,0.11217559599560313,0.017426877156030557,0.05417028284591034,-0.23841215809351674,0.11691330962182668,0.09210403216563672,0.09174735915492702,0.059220553393590315,-0.1057231771940161,-0.080422053378091
607,-0.010773165519223842,-0.06790158829326291,0.03696055739399392,0.12312367884694057,0.037218098374087016,0.0720071322204811,-0.17416797792888833,0.05444485092127613,0.042219672396352236,0.0374386094631113,0.07481616007045408,-0.1230623854880686,-0.10232364245725259
608,0.0018190542577862343,-0.05515305916509637,0.04886977330444486,0.13148790980201694,0.04910099754670214,0.08336305404573907,-0.1581768668466551,0.06423885532851385,-0.03542643705963592,-0.018231799762225716,0.08395377537319387,-0.10812310585822009,-0.0877221509665638
609,-0.012377047329596026,-0.07959566436629642,0.03109096090441472,0.12289033989468628,0.03599497632721998,0.07170140048302169,-0.20476327909983447,0.12123235596108639,-0.02029744142965734,0.005852215748090531,0.07252806413650446,-0.08426370136231047,-0.059993179867329514
610,-0.01679596779965825,-0.0779356890021919,0.04155011303146871,0.13984583753612256,0.03922677221394792,0.07955761371686328,-0.20300726875113806,0.06455426337389526,0.04841083747281086,0.047159000722720924,0.11131885521078848,-0.15047055406971568,-0.12341381365591393
611,-0.017391247915199963,-0.07004394094477748,0.041939804897116496,0.10999295119686933,0.03786205350852209,0.07726365391596873,-0.18659689184022304,0.03690563548330698,0.08334518663987799,0.06958750833467785,0.12102668453027647,-0.16452567330976434,-0.1393657244966509
612,-0.012305349421574565,-0.06742337377295508,0.042516632245242866,0.14057823420113807,0.04176312560223459,0.08072856425864644,-0.19509435030780917,0.06667915039653896,0.014877534373702341,0.02363031993687753,0.10967212020973639,-0.13455890067884163,-0.11106370704293667
613,0.012394002907953275,0.05950352244570542,0.014234315819977058,0.11844753043697884,0.039580154490106136,0.06282915856843123,-0.23523072810013912,0.12014562863298507,-0.02946226501088745,-0.0010122396837805572,0.0656593375349371,-0.1278548979744553,-0.09923352006781147
614,-0.03692991692289887,-0.09992440718418083,0.0001983995487035675,0.09885296478096031,0.00934454716921998,0.04396924329632457,-0.23929568823637506,0.1216323683558681,0.11090960202564293,0.10717273723782689,0.04302952362867976,-0.09134218831322341,-0.067617185386548
615,-0.015397120542717857,-0.07163776773846535,0.028042277242531857,0.11172560013939914,0.030862955383420647,0.06460690480433277,-0.1816669122701646,0.06518616809089717,0.04998502283906262,0.04684641913312243,0.0630699313873257,-0.10488943634816973,-0.0867340421205748
616,-0.0012457389284342905,-0.05719414119652841,0.043646376336230246,0.12471222054652845,0.04525656829597965,0.07904847226701812,-0.16307941649385843,0.06730679469345492,-0.026047195776222606,-0.011168844176448053,0.07694284935991996,-0.09761915886306362,-0.08055878606457588
617,-0.011953652052391772,-0.07907685867978309,0.03052775354069353,0.12304205369755833,0.03623815530424423,0.07185609413687696,-0.20557602723195276,0.12329826093351703,-0.029430970138750037,-0.0016673706713866865,0.07038233333597613,-0.07436927566228238,-0.05327049651231957
618,-0.022205909571587388,-0.08627905522939862,0.02803092456445204,0.12962243939061938,0.0299379191217306,0.06805361929149124,-0.22186792375619818,0.10469437954207632,0.037480925766634754,0.04654730063978401,0.08602133894757553,-0.11256238013749194,-0.08747357856968772
619,-0.017549565263686864,-0.07342740583547605,0.03901969286143751,0.11194967035896568,0.03700222461799071,0.07624776652490617,-0.1929676380953142,0.05452172256066802,0.05373092353547578,0.05107659711276983,0.10915055672159492,-0.13470508193496533,-0.11404946316436605
620,-0.009183094772466073,-0.07039437381115542,0.04654056250383578,0.13151133380337685,0.04733070811133738,0.08815982029197837,-0.19786030645376482,0.06897267726448043,0.0011782542396058283,0.013270407308699095,0.11582341356086669,-0.12799289949651074,-0.10735650255028323
621,-0.009353721601095667,-0.05569680860988124,0.02782580710224483,0.13190934704700719,0.03981166707078823,0.0770179276677161,-0.2435239900533415,0.14769072358084642,-0.051203548722851225,-0.011799905088695932,0.07785598170900758,-0.07603966755498894,-0.05449381254675606
622,-0.014453398434874273,-0.08092556581942109,0.029367706857418036,0.12208893597089841,0.03582850711807026,0.0730667766700606,-0.21911409945344515,0.12293419952947185,-0.010094038075851476,0.012789582743149945,0.07046766980090911,-0.0812166232161884,-0.06073965369019797
623,0.005958891140220233,-0.05114183428001004,0.05382055459649751,0.13173283756477241,0.054457944641342904,0.08956857097164596,-0.1563864322604553,0.06429340837182079,-0.055583022963128344,-0.03395523562645191,0.0874423726315932,-0.10384561514338164,-0.08636243964446565
624,0.006271796463653098,-0.051276531793524364,0.05204634796121521,0.13228789103253552,0.05305362147947701,0.08697770179216201,-0.1527847346174386,0.07165050522490758,-0.07499149552752683,-0.04666854830335812,0.08490007674493431,-0.08891746565311624,-0.07254916480392053
625,-0.005609658060176072,-0.07286208312504582,0.03702749527607005,0.13012786364557688,0.04264419777061784,0.07829175090648342,-0.19826689084173482,0.1279937607398204,-0.06564697241980566,-0.027627766844862137,0.07829079179259273,-0.07311992536329055,-0.05124256347624632
626,-0.01062813743026404,-0.07700316913816575,0.041917802489442386,0.1458494694079703,0.044427859203643304,0.0846568702311639,-0.21531715045786848,0.1048528339000543,-0.027238567101000446,-0.0035303589961421774,0.10931697630436689,-0.11009691631677043,-0.08720751209642971
627,-0.005903757450364122,-0.06502543910920476,0.05370600027433552,0.1175294001159763,0.05174075192796681,0.0932388680668741,-0.18921494880339912,0.056009858590569846,0.0021081963295981757,0.00884223688505189,0.13529221237310446,-0.13931820614636153,-0.11900517305414741
628,-0.0028046582711282273,-0.06734107458466985,0.058807473754627165,0.15540550545466725,0.057225524515335184,0.10054597835174331,-0.19845967222159577,0.06334724400593633,-0.03446153366220583,-0.01668022465657613,0.13381219470628747,-0.13516041547459187,-0.114236341917829
629,0.0031214642354731306,-0.04106200698024022,0.04292075659599898,0.14740452250075411,0.05372047933814474,0.0918510382127691,-0.2316092695659461,0.13940386013826275,-0.08499530321681313,-0.04072702064031266,0.09450149445033423,-0.1002995502885392,-0.07423046477988582
630,-0.003532399868287616,-0.06502359633509724,0.03480778934560475,0.1340636879212181,0.04321404514722223,0.07821640413513427,-0.21013656147147391,0.13755022901485192,-0.0661975562567243,-0.025831637804582846,0.07744732623593088,-0.07929598404574056,-0.055281746018055807
631,0.005479482133415769,-0.05000959891466249,0.04915210203445112,0.1342102635558025,0.0512630552005928,0.08463681082655929,-0.15772041327419392,0.07991037202019068,-0.07654605852351894,-0.04542652546749872,0.08396945849180552,-0.08804198182856081,-0.0708769662543827
632,0.009341836315835794,-0.0465416992439385,0.05437360162762104,0.13728789365635172,0.055572412527240996,0.08914779029540391,-0.15005691139438898,0.07519414318244474,-0.08977432219027251,-0.05662418784331364,0.08901585769593616,-0.09244641365746209,-0.07449000097145857
633,-0.0053321813802146515,-0.07183595243925991,0.03732180698913723,0.13007226965363805,0.042659538982287915,0.07812293307164184,-0.1985000755333288,0.12879565032620624,-0.07560346125859536,-0.03475617410774232,0.0796070407445531,-0.06523564040950366,-0.04531575463881977
634,-0.010183951422842764,-0.07403117465555378,0.04625603607372928,0.15055197645451238,0.04523876901182018,0.08532255509089469,-0.2048289901071694,0.08682197847019713,-0.017476665691481243,-0.0008525221811699356,0.11476143430365766,-0.12166551923625712,-0.09991392611033706
635,-0.0096853903783621,-0.0665209281242304,0.05434794916985869,0.11322213641096837,0.0481795660195063,0.08946509337495175,-0.19068080486192215,0.041128227819578464,0.03642144623270031,0.03309603388433778,0.13239350789258783,-0.15064774437260067,-0.13071909306737403
636,-0.0004514443208648592,-0.06145658454956844,0.06332206745762257,0.14617491178580505,0.059138027143946274,0.10174521320114746,-0.18317542241532753,0.04946486034202407,-0.020246058394882284,-0.00870817746865795,0.13660408549009997,-0.15241029291958594,-0.13000118535175817
637,0.0016530536708986314,-0.04139646806580513,0.04102569561024273,0.14886347078530926,0.05157549585299825,0.0891902012487479,-0.230103256226987,0.13641125041735758,-0.07583450613881403,-0.033245109776634474,0.09720978596892331,-0.10624960398792212,-0.07910000935831489
638,-0.01221838977394965,-0.08154690821577272,0.031719911333036935,0.13666590684666152,0.03753730430590831,0.07438829024322047,-0.21537943767480974,0.13363141531739034,-0.036292483317444196,-0.0035788107456917505,0.07828966014233642,-0.08388466568758235,-0.05933179277330372
639,0.0026566753912724604,-0.05531961283670247,0.050330390400989834,0.13781511680926686,0.05066067695722945,0.08544040774159588,-0.15946702995865958,0.06633945752921062,-0.04895362043318743,-0.02883834997282912,0.08829754763407752,-0.10360383858029248,-0.08535782068197151
640,0.004392568845047952,-0.05319095692879425,0.05200407970210158,0.1335053928400288,0.051898475770932435,0.08627111735109225,-0.15428651878115043,0.06364786318925918,-0.06076335529170042,-0.03810363752478896,0.08772943195677457,-0.09459950563544316,-0.07850495549335954
641,-0.008452576267304718,-0.07501342659787165,0.035940005852353234,0.13027952302847504,0.040318245356603256,0.07626417244896558,-0.20029211574621403,0.11860289408238171,-0.04309449872593842,-0.012297252159072023,0.0793653308500263,-0.08220101470792103,-0.05941928741448329
642,-0.016245714744909552,-0.07765220770171613,0.04169519873098667,0.14510060176005868,0.04003303601623645,0.08062892491592179,-0.20373994169950146,0.06498749020405366,0.035488659005845,0.03725767840908979,0.11305813990242111,-0.14276453270834316,-0.11784733209014267
643,-0.016110018802755234,-0.06881606265819448,0.045425798215890545,0.10680397242575225,0.04027742973164121,0.08047589983153121,-0.18539255175906602,0.03153395254903496,0.07879777012969522,0.06460428797997846,0.1264279875192781,-0.16415700808560021,-0.1398714570771858
644,-0.007242010296831598,-0.06520712522792804,0.05597213924159531,0.11858601243466255,0.05087788464969133,0.09243369521428071,-0.19011441940238838,0.04701439231674731,0.01789308915018236,0.020504695607837756,0.12768714566666137,-0.14478312481793912,-0.12362237453657138
645,-0.00302157904689717,-0.05596348588664625,0.038337349594440726,0.14355922671497923,0.047569149910372185,0.08557115228107351,-0.23549757535481228,0.13610686034014347,-0.05200361568469844,-0.015235282394721958,0.09237119326896395,-0.1045837520127479,-0.07720964172944902
646,-0.016725720149100596,-0.08221017155732896,0.027676359020112302,0.12426459073935296,0.032751287282070725,0.0693936126596717,-0.21988817576509304,0.12277198631554187,0.0048192461658837496,0.025900831821743908,0.07325171776994867,-0.09356562836217189,-0.06843993594063148
647,0.00433602489542516,-0.05441493483180389,0.05705756843152981,0.13132713432195178,0.05555654644876532,0.09245085761503774,-0.16022063693879623,0.050732234109554526,-0.02603287748097381,-0.015151676120858198,0.09570116497293234,-0.12543634938788703,-0.10590505603487738
648,0.006349181956326636,-0.05193170424467276,0.056705128351884425,0.12485477653685736,0.05546307200454063,0.09090660108961261,-0.15353848087587296,0.05754437806066834,-0.06379981807262336,-0.04220153330932124,0.09183786768625431,-0.09304386513593849,-0.07914560404771544
649,-0.01189545747165438,-0.07970848537748995,0.03136150397090463,0.1255764923956552,0.03616915358970452,0.07172121883237854,-0.2058447000372589,0.12584321524657618,-0.04127332611446648,-0.009231830987273074,0.07359959031319668,-0.06855413614617595,-0.04776323821409724
650,-0.015585033561675348,-0.07941713475857036,0.04415116738257145,0.1459674611185279,0.04102149415231554,0.08169614176583542,-0.19917861227219597,0.0642841030433264,0.03380420411099618,0.035346059710488195,0.11437990207309794,-0.14618646079794761,-0.12028329196676962
651,-0.010988762711000471,-0.06588277059459824,0.052706021876969,0.1148183636323079,0.04564969251586343,0.08577901033449946,-0.1758704950270726,0.03462992949030477,0.05462840839789974,0.04695061160141653,0.13131134706844408,-0.1701049309288556,-0.14362642565617778
652,-0.0037720408007584387,-0.06352623164014612,0.059338276161589945,0.15366258952181291,0.05499983880289293,0.09703824876975646,-0.18728852565908014,0.052067488961073036,-0.006130041807438401,0.003407608279209434,0.1275766139550156,-0.156069928760663,-0.13130389578326404
653,0.03577181556835512,0.07046227726352411,0.02904961057403529,0.13487565454261255,0.058338230196193455,0.07897907241459458,-0.22942697237408,0.12514335865822218,-0.09474156077538792,-0.050927122733962424,0.08371022594276371,-0.13592948615524786,-0.1053051031216226
654,-0.009722596222450784,-0.063517688817797,0.026698216832627016,0.1272257153681702,0.035450755449636134,0.06948335548204272,-0.21922318393895188,0.13159736775853284,-0.02265167009155301,0.007515018801007628,0.07206488911735938,-0.09025768226926487,-0.06466249746935841
655,-0.00026770166715595387,-0.05662448646778399,0.04525274315965826,0.13321702596691098,0.046455501192658746,0.08046553151066274,-0.16476091697434397,0.0727814234430823,-0.03177340688723233,-0.01270679106967021,0.08275714724567919,-0.10758113616372979,-0.08721493328873595
656,0.002782007760431923,-0.054262108492665315,0.04952506024229794,0.1351512801451199,0.04999749749458857,0.08423095958327202,-0.1579988718516714,0.06579160211913318,-0.04052007965463094,-0.021746438935015787,0.08618113113021098,-0.10956715028498466,-0.08956488925608629
657,-0.011175433929797644,-0.07741991478994012,0.03251467382470783,0.128404503555735,0.0374511532320556,0.07334921958840303,-0.2053809614337801,0.11988760516589678,-0.02468204092725259,0.0020731831160026074,0.07676384224393568,-0.08789550421437682,-0.06389032543158933
658,-0.011390402045762311,-0.07089250587101296,0.04838507145670647,0.15149648205104965,0.04554789944844711,0.08649176568207438,-0.19769062574750682,0.05687043907575237,0.02871956868852168,0.030189647603257753,0.1208165497668074,-0.15756678984683586,-0.1309771002614987
659,-0.010721502190826125,-0.060703010129495985,0.04935481105478584,0.11509582734952943,0.04449249439726955,0.0839154612642225,-0.1777422212250341,0.03495515455752747,0.05573416860934861,0.04803020176923827,0.129796380090611,-0.1691968079873242,-0.14301095755985205
660,-0.013910920131408874,-0.06932402533282297,0.04165809191267944,0.14494416306839986,0.04072453658392496,0.08015747044746446,-0.19944932352156328,0.0652685868891047,0.029243247336753042,0.03326802582337251,0.11005472374520485,-0.1437947403270315,-0.11883983649407709
661,0.017631838250883512,0.057234403694421544,0.014734546955328947,0.12039300183910667,0.042559075344387805,0.06469608690457444,-0.24326692283788584,0.11943283868112073,-0.02184938455480381,0.005429144429904846,0.0701847067485708,-0.13882407587289175,-0.10835525958271776
662,-0.03275260074210749,-0.09804537936694238,0.010531897381847533,0.10739557527373043,0.016595319913605827,0.053262881229966995,-0.23961829552002697,0.11346432443862839,0.09880852865518604,0.09381289923241776,0.05777836472571058,-0.10338290622112191,-0.07785060900089481
663,-0.006860071599924515,-0.06278776115536996,0.043720812218809475,0.0944675036971878,0.04280579328664901,0.07866106909565385,-0.169253887830754,0.04077653106980053,0.04801434990464622,0.03851637352320926,0.08254301355791023,-0.12437458239529559,-0.10622914337252216
664,0.006073203245322305,-0.049222757265551746,0.056073211976809735,0.11546455687274271,0.05509911129777644,0.09045790445664968,-0.15224906556219897,0.04925345516562776,-0.034385729025462324,-0.020930997590471866,0.09333041361284845,-0.11340420359302275,-0.0955591035910693
665,-0.008502033158725143,-0.07345018150356841,0.03690593229842883,0.12928267106376184,0.04088860238647755,0.07723770327021612,-0.20011468177093036,0.10932839748699902,-0.031708944725943794,-0.005375223462824746,0.0831270746206959,-0.09017890897578115,-0.06744040752880567
666,-0.01540513680019068,-0.07352468996403816,0.04278182509289993,0.13968623105952085,0.040165765650856264,0.08025854348582903,-0.2020890795157671,0.059842160411389386,0.048206305241801244,0.04705863789260749,0.11432537256296542,-0.1543715766896248,-0.12693435842824866
667,-0.006986428530523706,-0.055552797853020995,0.056123973134372625,0.09582885523694518,0.04984465842784404,0.09023767198458262,-0.17384789624118763,0.02094680395032643,0.06904673529070564,0.056018808463626016,0.13553601595747714,-0.18181275187276566,-0.15538364794838141
668,-0.003244553379265321,-0.05582389691798973,0.05629615723466956,0.14243488687655576,0.053111965848767304,0.09348912821347984,-0.18288232717840117,0.04705318731876877,0.003456610150916113,0.009957117736021832,0.12251956806033552,-0.15508520157252884,-0.13128264239132942
669,0.001627654685676146,0.008847222514345434,0.02427905701115904,0.12837158947012772,0.04120714217376093,0.07228683891936677,-0.23796144596011884,0.12669049509798974,-0.03240630782790485,-0.002308852354809381,0.0769269657347071,-0.1179346238260988,-0.08962573563820098
670,-0.025218074697118953,-0.09051670573552499,0.015937794663095948,0.11488285744831415,0.02264249589089167,0.058259167598540246,-0.22887688102382725,0.12592562551363057,0.04588826966145046,0.057974597566884736,0.060572364607477384,-0.09170473602010257,-0.06576677547371153
671,-0.0030227194038574784,-0.05783719382097392,0.04311649620756019,0.12762156689366508,0.04386327224214818,0.07791090404073106,-0.16535808617955042,0.0618885808187644,-0.006830795353961681,0.003592709541369849,0.08068954887019557,-0.11310653838233659,-0.09252774547375418
672,0.007568726410868302,-0.04712993432109123,0.05416077869948654,0.13896941944161548,0.05458776117401923,0.08869022036530914,-0.15267977469809302,0.06647124884711794,-0.07069311878729281,-0.04363508817769976,0.09188359997411966,-0.10344733363325152,-0.08474650529510787
673,-0.0017098416634155527,-0.06652642705520667,0.043232489440291795,0.13892893933748757,0.04727232727959278,0.08336017498400228,-0.19328375184232235,0.11962852475380226,-0.07468071259166854,-0.0350394481975999,0.08969888313067856,-0.08707833485659812,-0.06380282271904406
674,-0.005751361252595433,-0.06860525073102552,0.052918703206654,0.1594632757165223,0.05016432129979426,0.09044664256991639,-0.19237436343680267,0.0795788623222149,-0.0317271018839237,-0.009698065010316318,0.12269288412025266,-0.13602246778793126,-0.11108607913275956
675,-0.006721051210530331,-0.06274138096060507,0.05471118744996936,0.143411839112024,0.049916046874960186,0.09022592609969866,-0.17663708335427264,0.044708657827905444,0.003936633545373135,0.009907400446722564,0.13549691980573406,-0.15443158950989583,-0.1317835061270833
676,-6.305847897760467e-05,-0.059689187349894215,0.06145877510428387,0.14138456028450597,0.05784783847660754,0.09929577911186264,-0.18143774267369175,0.05914800672243702,-0.04055862050578699,-0.02043780437687149,0.13497879462614581,-0.13611591452560773,-0.11581142641501292
677,-0.004854475613913754,-0.07198032220897278,0.0426023194224662,0.14974805159624205,0.0499441330051743,0.09060115655386174,-0.23422492414956914,0.14662245173157495,-0.08575533302765846,-0.03809779173833006,0.09553198501671636,-0.08145936823478463,-0.05867788235280692
678,-0.006766628099149698,-0.07596678754052417,0.037753973068779,0.13398266243737378,0.04366759697778605,0.08089629083394739,-0.20992862224220799,0.13374299776283016,-0.06326701340704614,-0.022968452422052754,0.08223100549691911,-0.07796709618554735,-0.055409926681107405
679,0.01373287060875003,-0.043581394102787906,0.0639223855735424,0.13927357674976001,0.06355135680642353,0.09949221134673025,-0.1481855381204904,0.06211420518600661,-0.0986639770633796,-0.06573489376188424,0.1003463051259002,-0.10092612373060655,-0.0853409846179643
680,0.011158971049568742,-0.045206893505015895,0.0588652149893325,0.13384919791568664,0.05917338930202456,0.09390310623726408,-0.14825869002123573,0.06513508683791279,-0.09765630596206266,-0.06486411798240659,0.09371123431105939,-0.08647817755342821,-0.07333201561869956
681,-0.005060565315408099,-0.06995655496920154,0.03613038891919707,0.1314433696646738,0.04212992835186871,0.07707111765407398,-0.1970926311817955,0.13014038360695523,-0.06898158500888633,-0.028893874926656505,0.07913168299345426,-0.07437706161702988,-0.05168459817124526
682,-0.009192896205065505,-0.06810060059401483,0.04582767378504369,0.15220187901515217,0.0451895089882442,0.0844692787459529,-0.19126580277271363,0.07580354842412095,-0.0037925065404042285,0.010154894763737758,0.11504886822320809,-0.14146856362137739,-0.11487528221188409
683,-0.0018607106277055074,-0.05577345563862614,0.05952193679057204,0.10102834816667444,0.0549152270274223,0.09530001656958431,-0.1680682673084427,0.03903136388265705,0.007068239672948062,0.012259902186434794,0.13847993402907682,-0.15167077800375933,-0.1302317567468359
684,-0.01018368253327193,-0.06588017803501224,0.03863930488562328,0.07604300827234604,0.04174221103600581,0.07952881999932743,-0.1975838588152946,0.08628391662232966,0.017811049863777628,0.02918157489374686,0.10657670254088442,-0.11129156641715303,-0.09086730231330928
685,-0.025930780128900474,-0.09540825220961087,0.010988794236745673,0.11008953197592578,0.022954872928845235,0.05996011078550307,-0.25951190073656455,0.17580483288665846,-0.011725900803657817,0.024735890626918944,0.061565398875471494,-0.04749934560362992,-0.026023252833705383
686,-0.01950803433340069,-0.08505426397642314,0.021333065604407304,0.11842449211364331,0.028952949108212084,0.06503453082163223,-0.22472463775092247,0.127145772486691,-0.0026606417878107017,0.02161780109289538,0.06443000284630362,-0.06643619802710476,-0.048554838198123354
687,0.0008547190563922832,-0.0536489483585313,0.0447775910545361,0.0946144464716377,0.04695334691470449,0.08055274239627702,-0.16329392202695886,0.07109516586814234,-0.03590559515878918,-0.017122421737745502,0.07922738009095476,-0.08067641719305661,-0.06742808737756317
688,0.0087244880535956,-0.04671512403830042,0.05418517537122648,0.08158697648373837,0.05535158753411604,0.08918691302457164,-0.15082421018599138,0.06911170990472738,-0.06445956746347178,-0.039321222340824025,0.08861700080574912,-0.07904048947377851,-0.0664032376753585
689,-0.0023837006566692887,-0.0692668183474701,0.043143734037917,0.1325757926780123,0.04759164244117442,0.08432175815065902,-0.19322435807272612,0.1138610754740621,-0.08134027509235936,-0.042470867869592324,0.08604025700535763,-0.06766748286584559,-0.0511807568825198
690,-0.015628723112292773,-0.07892069708649099,0.03205890483713597,0.13534233271459117,0.035813448618606615,0.07365927832895544,-0.21212137574828552,0.10910985444582466,-0.017771148599312298,0.007731664688510897,0.09150142968962838,-0.09051039568921608,-0.0702645730876555
691,-0.00925452815431222,-0.06346717021872664,0.04817453304898632,0.0922895877431063,0.04572961573898717,0.08545849289081336,-0.1898905003324002,0.05520321101481203,0.03211656008054399,0.035165742024869696,0.12364004341407621,-0.13815737972987466,-0.11700820752088123
692,-0.006195724793458763,-0.06537864778707303,0.04726373432613562,0.12944171638308488,0.049459082829200446,0.09005990206360448,-0.20025590783881958,0.07531656959989333,-0.01316738912821923,0.0040883481644156585,0.11413023380768968,-0.12286410119169709,-0.1018978164347562
693,-0.0038217359827495082,-0.05897894463533728,0.030891822082106144,0.13437862619674484,0.04379176706607668,0.08003864857896828,-0.23887972522441966,0.15421501002381205,-0.0768671809982229,-0.029849058690829496,0.08110261489105197,-0.06870838360591623,-0.0473134597012851
694,-0.005511821154878525,-0.07447723059059762,0.0392334675090815,0.13249681392858592,0.045315297715541616,0.08289255081114401,-0.20894416312405417,0.13067666625893232,-0.0788742773569304,-0.036862789217463963,0.08203406181880864,-0.06288280793128985,-0.04509576866687965
695,0.01036198413165743,-0.04738692243190331,0.0575482064212384,0.13387248521978598,0.058390165278057196,0.09319031913207586,-0.15172792864438414,0.0722742874009071,-0.1043853641356761,-0.06902026023620152,0.09279695400568455,-0.07943225187435868,-0.06648167426688271
696,0.009544757533906602,-0.04799788496135429,0.054767999867351216,0.11505589678949082,0.05598671251304679,0.08969590174010836,-0.149727146117837,0.07764219498927434,-0.1007243896013866,-0.06468656564090014,0.08909555177919515,-0.07054946519064303,-0.05810356370025228
697,-0.0034994396780132085,-0.07054795525567076,0.041207368106535115,0.13348740394929387,0.045922717404384854,0.08233551608346759,-0.19450809050607024,0.11914504520315941,-0.08548063698353858,-0.043991997739799685,0.08346417841197962,-0.062060392916082535,-0.04547371607964546
698,-0.0099789632710084,-0.07437864725429666,0.043527503706300846,0.14939785111827558,0.04502648986920851,0.08517829773949638,-0.20240015181371362,0.08946507728528054,-0.027893868127588324,-0.0050886703791800224,0.11086828461442721,-0.11228757948480425,-0.09143562400239785
699,-0.010181788494500818,-0.06795237481629743,0.04809566685802412,0.12694993947826153,0.04652531811302136,0.08735690092883591,-0.19152609821325664,0.0510481406577018,0.02143294458412712,0.024237841743423652,0.12839848712532015,-0.14232045089175843,-0.1220645270729022
700,0.002610476927382942,-0.05707507739105447,0.06305899044851863,0.14917485565286187,0.061683216257708624,0.10408889611178761,-0.18997774832067865,0.057682352609476205,-0.04034143026785218,-0.022135143027374897,0.13192334266032688,-0.1404171651076343,-0.12027556655346813
701,-0.0017501976254459728,-0.053997916108923585,0.032130624823957094,0.13633407827059987,0.045355164368278376,0.08126166083321097,-0.23835248270545317,0.15465842333476373,-0.08511966154070662,-0.036318677332742265,0.08353303501741201,-0.06956954543506182,-0.04816450589988877
702,-0.005634783711512507,-0.07395258007749972,0.03791298204407146,0.13141072750780983,0.044438378882531486,0.08152989893625749,-0.20995750869342725,0.13565601926365026,-0.07037616176340306,-0.028773173882030996,0.08277899003586034,-0.07343582561943762,-0.0515969629228697
703,0.006583801131439465,-0.0506227173079157,0.05209355486012921,0.13853457948152625,0.05382447037401086,0.08820693346558808,-0.15948952876152173,0.07860387330812435,-0.07703790320269902,-0.04624691864105875,0.08916426514577168,-0.09613447017737103,-0.07747993967602369
704,0.006869358743979774,-0.04943754207212901,0.052447021631738415,0.13849199779306015,0.05376427866377299,0.08785128554979739,-0.15608574385180934,0.07443243721639453,-0.07337416219064871,-0.04484162648821695,0.08823560171124521,-0.09865856205864837,-0.07969434464853598
705,-0.008253544729029927,-0.07376556702070518,0.034915961192258434,0.1290577563378948,0.040313796164965124,0.0762226287512821,-0.20396669566400305,0.12500248457173704,-0.0429680227079485,-0.01032699384957151,0.07853044460352641,-0.0843813708739228,-0.06038087677648302
706,-0.012377529433095703,-0.07263184961077501,0.045256474725462265,0.1494965512548662,0.04388960362648329,0.08441411884941731,-0.197759445693495,0.06333443271793188,0.021931226848493607,0.02732335960260443,0.11510093017014877,-0.14649226720216205,-0.12148560585587993
707,-0.011691228712586085,-0.06123489765698603,0.04714863522736853,0.08921088511405904,0.04294587393802553,0.08228090582891134,-0.18607813289687186,0.039224619247890745,0.056499721554869695,0.050351027141533486,0.12558711126894576,-0.14714919739887053,-0.12709532265628945
708,-0.014283682623831367,-0.06368016344819563,0.03432380632172301,0.07238601189056573,0.03674653381596565,0.07403551393650706,-0.20380057689498857,0.08025348245188788,0.04205277523738865,0.04841501419358624,0.10179987547483305,-0.1145616916776399,-0.09368689867780176
709,-0.026058774662786742,-0.09946040719142094,0.018448440370281125,0.11789035782636981,0.0289783920879778,0.07017909325561403,-0.2697995858908524,0.1600815566015343,0.012921342004183392,0.041800388943893985,0.07216481201555275,-0.07528668420939587,-0.05185893115095157
710,-0.01389665816767544,-0.08150405734183548,0.03309492580834429,0.12185746727684908,0.03870031625888407,0.07747809061630433,-0.21993964004881528,0.111511035173095,-0.008454495947513163,0.011813672374049476,0.07858029214470755,-0.08404116039814122,-0.06519978774825326
711,0.006091860658880706,-0.0502180803042516,0.0510003536179748,0.08272398542269463,0.052980570801869915,0.08712222678704129,-0.15910250541937593,0.07796624124551278,-0.06445896452794583,-0.03659705023523932,0.08919916558603949,-0.07516111750617661,-0.06154668612702435
712,0.008888345666408493,-0.047208941224289064,0.05378450186650766,0.08083690687999397,0.055262147567229816,0.08899302611794231,-0.1532401074884504,0.07883153991699524,-0.08087925087029664,-0.04875689376507307,0.09204985167900251,-0.07086152011161737,-0.05769960623435346
713,-0.004626335681013147,-0.07148841402398105,0.042190296886797804,0.1320741499819696,0.04608270818815554,0.08332062570954261,-0.19664155197876254,0.11024169708216873,-0.06804600663168717,-0.03268305004121112,0.08600722062708185,-0.07185078422299204,-0.05458055589606911
714,-0.011072138576174319,-0.07206723643925556,0.04273853564098143,0.1389671418249717,0.04364985210121467,0.08320016187352972,-0.19442745787845928,0.07494452929529842,0.002388338360800708,0.015989019985232878,0.10551238148119106,-0.1268233745345068,-0.1029997531348246
715,-0.014519872654351663,-0.06660165414508737,0.040346610403341664,0.08664255896236554,0.039218290399080744,0.07786690788179347,-0.18177006001241824,0.043608375967845524,0.07333981191272715,0.06334520129897694,0.1076816824587096,-0.1460852102546864,-0.12307264221829677
716,-0.007785688120672605,-0.05967018903794878,0.04494401797772687,0.09599986198790174,0.046037364337184444,0.08520513958927255,-0.1939833731234651,0.06706567254348608,0.019956051098968742,0.028246691005989494,0.1070665046610407,-0.1269963420746285,-0.10608571084485544
717,-0.018412933776678977,-0.09157905608050625,0.024283549442633435,0.12865313290258312,0.03523425185371502,0.07558855255854324,-0.26269969581255176,0.1763989826498288,-0.04584680181956839,-0.0005094719169626625,0.07577998132923802,-0.059902008154099816,-0.036988483176174085
718,-0.008674351707353934,-0.07559366897248126,0.03527760404704934,0.125634210718841,0.041902801832045075,0.07937797815576407,-0.21504520849418765,0.12822927441480667,-0.053247618201668984,-0.017389694045145527,0.07747356332850694,-0.06794533023933115,-0.04999956083684478
719,0.0047575292982447075,-0.0507409700264727,0.04644444501311909,0.07123996843024416,0.04956718385368883,0.08239487722306994,-0.16208756595183615,0.09182370985743893,-0.06719620620137812,-0.035407374943447895,0.08090508394649777,-0.06244112739519252,-0.04925955310397609
720,0.011984996778035354,-0.04383502788032849,0.05708849303428565,0.08383460318415648,0.05831796583510183,0.09200753809454013,-0.1494966833146771,0.08047411435066971,-0.09419449032724464,-0.058990700855287105,0.09041869227981149,-0.07008741679684465,-0.05752208438221867
721,-0.0024000697650412768,-0.0699595708771944,0.04317071857875315,0.13630300458961794,0.0479103945439496,0.08495688492181507,-0.19607164135748428,0.11839230814116414,-0.0866453097609917,-0.04507091677960784,0.08436297817898254,-0.0659156512742522,-0.049033129139710814
722,-0.01945576574942768,-0.08251234680319172,0.027966174268107005,0.1314067844236742,0.03410134645328681,0.07373246026385345,-0.2224853590267342,0.09608025726859078,0.02044835350555131,0.034042233072089756,0.09650852387369381,-0.10552463523706958,-0.08430802631242405
723,-0.026522975093295813,-0.08199660047179998,0.020800521342274506,0.0670003501193509,0.02546578433076023,0.06392786411810299,-0.22480876245517437,0.07821554651863159,0.09815181270788396,0.090576672633715,0.10319745667075131,-0.1178424348806905,-0.09616523554050972
724,-0.012224665977672966,-0.07148990227647994,0.03894740897121167,0.11647596290550381,0.042737849429789095,0.08297918996960077,-0.21895370978630702,0.08701852706058927,0.01169997739414568,0.025809465221170468,0.10711263837595743,-0.11547895106029973,-0.09463379022720851
725,0.009618519626904382,-0.0008843919467242742,0.02917232002298317,0.13219634074535,0.04806471951003534,0.07855939142092787,-0.2341748696365361,0.13809296838781948,-0.08131002398727198,-0.037071110769912125,0.07886771632742942,-0.09204868067346465,-0.06908289902754053
726,-0.012326830596437579,-0.08013221400702525,0.029408480601184263,0.1274262231935196,0.037068968698643505,0.07384054600349682,-0.2216125854416723,0.14036737656306705,-0.050322106586144257,-0.012374401818520937,0.07379611110460979,-0.06263675422527193,-0.042502813489448954
727,0.008215097253349278,-0.0464957176426152,0.05439447725988331,0.1384952986740361,0.05591589945516062,0.0905777190482369,-0.15706404238365457,0.07010889440375952,-0.07793461793329272,-0.04889500416099603,0.09081549236073534,-0.0977022539864767,-0.08043124234812575
728,0.013653733143164934,-0.03958851775340699,0.059734799259983457,0.1435185444643169,0.06085430860505779,0.09509694306545748,-0.14707523432739159,0.06838231079711178,-0.09543996367302399,-0.06283266315852236,0.09510310855739514,-0.10536030358610292,-0.08604706539403952
729,-0.0032254002110110925,-0.06696694214908223,0.03996593069174369,0.1335533062003833,0.04549818768434325,0.08148538680672612,-0.19637677742300996,0.12114132450897329,-0.059760624874081625,-0.024270124532342698,0.08330517343292299,-0.08916295414183373,-0.0651864859937313
730,-0.018319921837456506,-0.0731340808603531,0.034353611590633,0.136383729722034,0.03545414399133521,0.07451693623040018,-0.20722164511387103,0.06684066135204685,0.05365399106915405,0.05217043658984784,0.1005874776240664,-0.13918056962289482,-0.11610477073494194
731,-0.02376442783895356,-0.07030613373124459,0.029083429724612544,0.07051781729481932,0.028423024043122812,0.06599124188695199,-0.2005602715878715,0.04401400129588129,0.1215872053210825,0.10080263438025538,0.10385046462433156,-0.14558308439257905,-0.12405590102040848
732,-0.01473461565946813,-0.06807316006611175,0.03526818704426898,0.07336481300612904,0.03883514280950134,0.07770860272893095,-0.20563325376702205,0.07040032585162388,0.06524158165071887,0.0628126939904056,0.09976920562811761,-0.12786708372528235,-0.10709243949181182
733,-0.015436333839991438,-0.08530113638118576,0.030276195923925053,0.12831018421958207,0.03910531820865729,0.07971979455823056,-0.24700253045756587,0.14569318097067824,-0.0279892354847734,0.006437282387928279,0.08101639492525725,-0.07822511858470821,-0.05660399644603419
734,-0.01421661739395549,-0.08058085944123221,0.030358448775183903,0.12495787928793199,0.03684329049355792,0.07466865254026085,-0.2225179877907244,0.12199989159689051,-0.013229548568657679,0.01094442556392691,0.07541769165811968,-0.08265659968070062,-0.06198866704060145
735,0.006116775666982102,-0.0500938952620297,0.05372587061903622,0.1394743424219196,0.05467835242251788,0.08987959270076526,-0.15840740617968166,0.0649983571960033,-0.05260545661373172,-0.03116434422301924,0.09089447747728503,-0.11398048645820191,-0.09351617976784508
736,0.011552522645451134,-0.04331808280440151,0.059877156800710526,0.14384840719812578,0.06000943333876427,0.09503963332978303,-0.14848400757556196,0.0608020018369325,-0.07731394354182639,-0.0506073892608022,0.09589768738690017,-0.11345822793229142,-0.09384519142178381
737,-0.005345282787091414,-0.06949913791380566,0.04082492764140187,0.1356953162937332,0.04505659036028243,0.0820883949457481,-0.19811782825832644,0.10788962628375395,-0.03757842053716106,-0.01002705176423915,0.08621143740687282,-0.10073451461182832,-0.07646405705934034
738,-0.01568963995970424,-0.07120466459660728,0.04456927938362485,0.14118404259968598,0.04184182027907089,0.08314347399261872,-0.19972545189099292,0.04096721446254095,0.07055766919153751,0.059822664796965484,0.11804961789397184,-0.16972866810439505,-0.1437873580483166
739,-0.01651486938847233,-0.06557357348317791,0.04440688579592015,0.08765813963834046,0.03938173923276874,0.07919618318461097,-0.1878824880158401,0.026559868109217996,0.0975812545728521,0.07896344787341911,0.12478506337259544,-0.16598371121153677,-0.14257793968069765
740,-0.01063350504121355,-0.06556966808332608,0.04452550469895918,0.08391490971773108,0.0446989038872584,0.0847499844180918,-0.20289320415617654,0.06654134362172599,0.03752589818098615,0.04108903708973448,0.1150659564467872,-0.13029937661849314,-0.10871578416206486
741,-0.015285931516757596,-0.08500347500197059,0.029710562718206376,0.13717701828182366,0.03862189423665847,0.0788643073275386,-0.24778671781862643,0.14884156323527756,-0.034155363329295696,0.0023969568696521285,0.08433417488149172,-0.0807016098700042,-0.05701338001399414
742,-0.013990231650898908,-0.08256709025756945,0.03263148979915365,0.13346975751614287,0.0382412652560702,0.07680749687810165,-0.22113990682133364,0.11817264711906023,-0.013934806793506666,0.010621118613342187,0.08045396613786988,-0.09019275442040663,-0.0685729513760254
743,0.0054535741955653175,-0.05226885563874546,0.05558467902780082,0.13943553453008192,0.05546804448369799,0.09160324857245328,-0.15881595041077776,0.057855230599484025,-0.0565189296541935,-0.036353275680499696,0.09389532044642517,-0.10558592411816592,-0.08975269635312615
744,0.013494973961711542,-0.044878103971265536,0.06390639680630848,0.14816922075054342,0.06321076363516955,0.09904928639722126,-0.14628083155083701,0.06141088444805658,-0.09292528209623728,-0.06309383206444426,0.09964723370412713,-0.11017455738275093,-0.09153615263760287
745,0.0003892472985617749,-0.06741542234018254,0.048295811149849474,0.1427781281653737,0.051905457686241635,0.08969559611149691,-0.19342591725286434,0.1144292016593742,-0.07814015093171696,-0.03980360675876477,0.09359376621924258,-0.0926985943321054,-0.06960351667450625
746,-0.004401422142654905,-0.06543682613219563,0.05752298847045892,0.1635291554729884,0.05468254701612196,0.09744434419836503,-0.19773317882380836,0.05759748342161993,-0.007876605374152227,0.0032719940476210446,0.13141975649681042,-0.1574912078914041,-0.13252902875977035
747,-0.01095972124805368,-0.06508320043713857,0.05040866610200281,0.09635852489733651,0.04638997672319762,0.08755519697943424,-0.19062688054332366,0.03772453619893591,0.05353906618597104,0.04743877543005975,0.13361900061799895,-0.1538256939564741,-0.1325382469499466
748,-0.006453540275413583,-0.066605873383646,0.051523526555972844,0.131701104396301,0.05114164676281239,0.09256608859923421,-0.19325045790033885,0.060823254506875826,-0.0034626478229166876,0.007468854324578209,0.12478161789907395,-0.13563060881798158,-0.11460296484455154
749,0.005591351205575804,-0.03322727634600995,0.04450670894611777,0.1492497086444596,0.05576039875403817,0.09360449699252194,-0.22950217183212548,0.1375195100555737,-0.08923730253122174,-0.04347130563312408,0.09791519829543488,-0.10834598292470025,-0.08036333362654047
750,-0.008018525222437478,-0.07374247454562974,0.03490033853904081,0.1329810451499343,0.042120224381282614,0.07936466708005353,-0.21663629409328924,0.13510415997054723,-0.049843859034052924,-0.01179319401269768,0.07995327273377469,-0.08429951818096883,-0.060089842765557344
751,0.008592790957440838,-0.04650825247954341,0.056837609855604335,0.13739631150170661,0.05751819644548395,0.09294290295633727,-0.15541533198472726,0.06226703140419553,-0.07977081321948837,-0.05132213324272401,0.09309347241404399,-0.0946528120606294,-0.08097897254770005
752,0.009054422970794278,-0.046908471566429424,0.056949372691904414,0.13586235486545747,0.05733961045143053,0.09226015046757319,-0.1510438117433525,0.06273322010931275,-0.08544371087745964,-0.05655133287787892,0.09165240905315448,-0.08962612019477596,-0.07627809334973064
753,-0.0007452903462570702,-0.06779904664529013,0.045238444291780484,0.1379390509078729,0.04969374025397822,0.08675897922915911,-0.1940282659750216,0.11894150311490885,-0.07488169464058238,-0.03620600778629987,0.08799487016120942,-0.0878751710118749,-0.0650311115535831
754,-0.006283900302721848,-0.06814405533751981,0.05418445629371491,0.15621642487701384,0.05184885730924618,0.09355747440229385,-0.19340483623601795,0.06086470951273465,0.0012225186697590546,0.010946580438938792,0.12235181263250297,-0.1546373125120096,-0.12872272974793486
755,-0.006799058845202126,-0.060155350776779144,0.056429565292805794,0.10273620729248617,0.05073700932287367,0.09174399399254966,-0.17833755034756338,0.033649705824487,0.03957335154818311,0.035972362556848006,0.13569037393588715,-0.16220607265956502,-0.13903453713701067
756,-0.006299741085790034,-0.06241568003544171,0.04611226506255679,0.0849038121609001,0.04780907851740297,0.0870378865232871,-0.19351540422709532,0.07701411152700521,0.00365015960427024,0.017033666699007043,0.11566699819247345,-0.11878052133107729,-0.09821663160749848
757,-0.018719639793359374,-0.08925828157882693,0.02272369044009408,0.12106708564291388,0.03313945814545782,0.07206241625390258,-0.25268514451828267,0.1673200672743662,-0.039507351200194024,0.00159599457849534,0.07373813269156777,-0.056696346419317735,-0.03478008151681724
758,-0.01248262294914698,-0.08004197910246111,0.033134997345296534,0.12711664202460987,0.03927798106618113,0.07753808048660081,-0.2195635530402872,0.12059287791540246,-0.029021921617956806,-0.0010850295293424455,0.07884962435791276,-0.0763558605626227,-0.0579592363941864
759,0.008616433933608912,-0.04653110772070777,0.0570403271249511,0.11091160122297894,0.0572282752166369,0.09235548400479504,-0.15096832335875696,0.057464146293104826,-0.06735530114039263,-0.04429791586595282,0.0954404980412553,-0.09150647447842991,-0.07839764327309089
760,0.014815398665394507,-0.039249540554473834,0.06332544954414676,0.11457266065427982,0.06299789417628779,0.09774070569626904,-0.14044927956367614,0.05553276588365529,-0.09529194976671894,-0.06578770976866426,0.09989293849043278,-0.09045073772530803,-0.07764859573162465
761,0.002358609582085676,-0.062129378289436474,0.05110278955466494,0.14221701663860134,0.05389722868132261,0.09155377407224943,-0.18547705054183464,0.09736640084497016,-0.08875578792072115,-0.05156609124750344,0.09514176179111508,-0.08103273535444314,-0.06467653781107048
762,-0.013923170304675995,-0.07583286846643725,0.04153937420202323,0.08077884954114138,0.04056108729210313,0.08009843817933542,-0.2075625378297881,0.08134634480698906,0.027182754783611783,0.03361456279362611,0.11050826317358955,-0.10911557874182874,-0.08919551942968958
763,-0.0196868773458628,-0.07142792777670119,0.03184995733029845,0.07042071821680485,0.031081335316693368,0.0678476724198306,-0.19794981598401454,0.0687111056775638,0.06204248650946102,0.05825812858897898,0.10942695498506408,-0.1153642715960893,-0.0952094663420273
764,-0.0016440212569696973,-0.054196737999876524,0.05526719562080038,0.12035427416914074,0.054604899380892996,0.09513303049370082,-0.19019999841612062,0.05249346254279713,0.001689243937170643,0.008674496900692715,0.11976169907691586,-0.14148975831884608,-0.12044778613029818
765,-0.0062458723213849494,-0.06595092425544433,0.037906459197805185,0.14472390223029158,0.04850049210607428,0.08951648924781398,-0.24979946648520973,0.1426954807585837,-0.05167616911213682,-0.013943274940607951,0.09110588772333984,-0.09553191681104697,-0.07130108733807787
766,-0.001744216458153416,-0.06963223531343028,0.04728866843773141,0.1407147159590633,0.0516081564619923,0.09075445240505757,-0.2030108790122956,0.10964405563471505,-0.07407164644466994,-0.03803646155305206,0.09088677049495873,-0.08131137710606146,-0.06309000350585563
767,0.018315561212674285,-0.03734156521923087,0.0694335859621512,0.13486190759840483,0.06833877607396723,0.10429995783768639,-0.1381508262208455,0.05179163171014538,-0.10109595855602639,-0.07108738711580968,0.1040361596942022,-0.11032383759338872,-0.09307800538393018
768,0.019522316780321073,-0.0333399801700734,0.06918609405035797,0.13916478050848186,0.06833184224468113,0.10345139539781549,-0.13448891351336748,0.05172987001468155,-0.10341207096458864,-0.0724774256277866,0.10284739440781464,-0.11439290023488928,-0.09612240289344816
769,-0.00038890861579375473,-0.06326023951049119,0.046734554167114105,0.13808165207330922,0.050208935447490693,0.08726024224359906,-0.1875026859619438,0.09764883312691863,-0.05187542036394174,-0.02352073981434934,0.08785045089274536,-0.10202983753310887,-0.07920683615154837
770,-0.019196145848808126,-0.07438928864364498,0.03702591487878526,0.12992563480327837,0.035636836172918664,0.07535087851424555,-0.20411110699467347,0.04913872428786585,0.08466091123383977,0.0723390058036316,0.09871528065381446,-0.1552603850040691,-0.12983625985718367
771,-0.01515483066368518,-0.06296253520157363,0.04235251709660393,0.0728874753679655,0.03915253775056874,0.07821466026527868,-0.18599384703729302,0.02829226330747588,0.09685554694434081,0.07801862256452063,0.11701236567238237,-0.15525914775591992,-0.13341562831066459
772,-0.017255505484583877,-0.06766393489829088,0.02798618436946185,0.061528029809992515,0.032544321814856926,0.06915986563493899,-0.20413990465964987,0.08175391606576182,0.05882409437845868,0.06132523125882915,0.09477860411259535,-0.1096952278358379,-0.08914567456653269
773,-0.021729180193535706,-0.09520911334322084,0.020784336382558888,0.11861481888575216,0.03199722256395035,0.07237766911345898,-0.267164461032689,0.17485570397321634,-0.023628918983354095,0.016127251869694666,0.07159173030410337,-0.060839054033690665,-0.03777800550624467
774,-0.00946654137350898,-0.07552724009568201,0.034862193347384725,0.12399327955109975,0.04101342103170539,0.0783500254107345,-0.2128340640949395,0.12108066692194865,-0.0414011270250351,-0.009882006697804308,0.07606641112861423,-0.07191277326506426,-0.05434224483945325
775,0.003380554769656505,-0.052856952876799805,0.047638667832455066,0.09568610365215899,0.04992454012175814,0.0838613953572746,-0.1629122853107251,0.07880164350851576,-0.056761505368134346,-0.03141077567108258,0.08237479674566359,-0.07557576513982761,-0.06215041762091326
776,0.009268999744468017,-0.04659631646409724,0.056879487212150553,0.132080448043054,0.057417399438454246,0.0922604821754924,-0.15130810930957003,0.06335818069856416,-0.08571315794525063,-0.056837860890100095,0.09034821665116388,-0.08697054617187255,-0.07418722318245671
777,-0.004339207243314343,-0.07003707953070776,0.04070917184180044,0.13312925813463114,0.04557595815241376,0.08231467158192371,-0.1980218498517601,0.11642618797720673,-0.0641393652577652,-0.028385191692611722,0.08206001286032877,-0.07738058317542292,-0.057911983796722556
778,-0.017605538830477985,-0.07316317606868243,0.038156264540629196,0.13837521544989995,0.03765217590061069,0.07750055737368036,-0.2016978993633075,0.056946538504562626,0.05884419206662991,0.05514741636172891,0.10396372747081489,-0.14900841999924766,-0.12511105340684076
779,-0.01825508228779149,-0.06323991886444542,0.038940039635833826,0.08081038079958273,0.036092715468837654,0.07500570093841666,-0.1903826096275025,0.027425966741359886,0.11459970598911748,0.09200215667091914,0.11683194745292494,-0.16636601890702585,-0.14346498401022678
780,-0.015909787743042268,-0.0626733748715718,0.03242028779333845,0.06804727189338516,0.03535172555164073,0.07267483415649183,-0.20960102825192983,0.07342024697049365,0.06612418501840302,0.06514043548582668,0.10087678790231318,-0.12345418113972899,-0.1024174027656197
781,-0.02015965300241998,-0.0854961491263979,0.021216520891536382,0.11785253810432098,0.03151687185901305,0.07034382388913042,-0.25559948755438466,0.15438110910824246,-0.009010535126586245,0.024352114538712718,0.07028275589386494,-0.07060416265420685,-0.04907574682082561
782,-0.012742190932767785,-0.07865528725393336,0.030053757283888236,0.12028546727347524,0.03732660858344502,0.07452818787900511,-0.22179630625581312,0.12834636006566083,-0.029300462370721893,3.777347554548315e-05,0.07236877823310385,-0.06938114841215383,-0.05107153756873384
783,0.0015308731351100918,-0.055051729233503634,0.04256658072952285,0.06380884541269591,0.0461038581676962,0.07879813887632857,-0.16616904131285537,0.09297748774025623,-0.04882879967830881,-0.022514069770033535,0.07698060245925055,-0.06176213879400017,-0.048440607732158934
784,0.0029885617812909597,-0.05193908923485979,0.042023410147420184,0.06218437428141607,0.04585600109339254,0.07736140877325152,-0.1609928457730239,0.09753191407863154,-0.06462491111839466,-0.03267924985942933,0.07557468891904046,-0.052961496301320694,-0.040322766787414976
785,-0.008702603212333715,-0.07310283435543723,0.03444462280803252,0.10848190206735785,0.039974969162829686,0.07593026629915846,-0.2035175243701264,0.11875884644702132,-0.042983718663651235,-0.01201701371172727,0.07580902284620407,-0.0650964594470228,-0.04797947587030537
786,-0.03030773468516833,-0.08625558253207181,0.0175573450367499,0.05974354493748611,0.021018491561528168,0.05874136815464564,-0.22602102677217056,0.08086537940967581,0.12198799745902014,0.10841823512347139,0.08415212221990565,-0.11581905495444991,-0.09408108495862212
787,-0.022407700034203542,-0.07090545888335086,0.032902710481351856,0.0726231756096642,0.031951533481125345,0.0711991160650892,-0.20156098515197793,0.034518885343947495,0.12464018665596337,0.10227994688781315,0.11133398790307156,-0.1544477778314979,-0.13212762052699573
788,-0.015362238535825731,-0.06841936733820529,0.03437367770745549,0.07140887278510431,0.03705108205160987,0.07531125016188527,-0.20648270494384988,0.07653195399407017,0.0547261263695745,0.05692024271613398,0.1019205616724663,-0.1195446768058779,-0.09843477983454098
789,-0.014783251389910013,-0.08404841690578765,0.029787045562966154,0.1259232058659563,0.038952266723987744,0.07907199481637808,-0.2483824154775844,0.15250340157126202,-0.03764108177290248,0.001304554531118614,0.07904241013231576,-0.07175764698141032,-0.049972066676389905
790,-0.008198224829115966,-0.07357912861917647,0.03997178690507695,0.12926596877957192,0.04515872777684734,0.08443350752241294,-0.21433845585754524,0.10543284344612341,-0.025468135224682577,0.0002761022325864106,0.08288595983075164,-0.09209454810796634,-0.07374640385488417
791,0.005685652436679986,-0.04779945262714387,0.054248411949110266,0.12467069997249189,0.054905000897203855,0.09053848575178802,-0.1586197266913285,0.05251842997690312,-0.041354253830298594,-0.025626463699595845,0.0894250262141398,-0.10655147665968193,-0.09204033369026812
792,0.01480164107486292,-0.04083235713122866,0.06478165860127796,0.1432625797262262,0.06440465169400672,0.1001660075835314,-0.14479121387419583,0.05515322652064379,-0.08589868275031774,-0.058774097204248275,0.09935129737963634,-0.11496432208609354,-0.09666038953410111
793,-0.002259617997491354,-0.06654776781077809,0.04401557239687308,0.1364100980814016,0.048357848405319,0.0855299686371506,-0.19522166622443426,0.10917393280028087,-0.055328887297395817,-0.022999942172668878,0.0857142989837503,-0.09478907053710857,-0.07205476726489848
794,-0.015495806341513861,-0.07041692892197861,0.040215840328049986,0.13738681425423832,0.03965840562634164,0.07945192218683411,-0.20309877918768446,0.058581621241956615,0.0562598358949418,0.05234467027358862,0.10257813321830583,-0.15132915058908003,-0.12613657798399983
795,-0.012459838687890004,-0.059094575895208105,0.04470834061377344,0.08022196007490333,0.041648331223400066,0.08024454241869677,-0.1809632646140094,0.03517572792468631,0.07813654161368105,0.06536857548972638,0.117407369663349,-0.15639334169932262,-0.13400036812578603
796,-0.007962459439476488,-0.05608180508511598,0.040278667172374785,0.07543054708233085,0.04391562518193327,0.08161484988890753,-0.19790255370773283,0.07734002532714156,0.024877295040670756,0.033957350341568965,0.10425562074291973,-0.12026863937704745,-0.09945452316847461
797,-0.011970385523118927,-0.08126135620610897,0.03172109692673397,0.130398771509505,0.04123315059362568,0.08099426170455948,-0.2455947312689466,0.15732025406467168,-0.05690836610399313,-0.013400533394869957,0.08038041349963784,-0.06719166655959802,-0.04572090924209822
798,-0.009332109265098719,-0.07765170401914721,0.03523943760475366,0.12483805798717279,0.041802616432117,0.0796714374353946,-0.2174190982719636,0.12900918248860646,-0.04965184437804376,-0.01617260766314695,0.07702874319140303,-0.06792228905406511,-0.04943982248798233
799,0.0036639411437966035,-0.05291015981274019,0.04756165081993804,0.08093503583445741,0.0499841464326678,0.08377913700474918,-0.16275446982330657,0.07978062790566115,-0.04976650184922198,-0.026984836784294655,0.0816250192347639,-0.07422702953095699,-0.06068656057551374
800,0.009376537240862513,-0.045314478475748175,0.05405749357513345,0.09349934046501598,0.05573641686563978,0.08945275413483623,-0.15251156583178352,0.07542248448661151,-0.08079788712670344,-0.050201155092882956,0.08753037771589493,-0.07459514221120028,-0.06165517574567607
801,-0.0033542169930480125,-0.06777503999830775,0.04238903447555411,0.13455502211813758,0.04699543530426969,0.08402932559111781,-0.19818192228914344,0.111787740328147,-0.07082582992949896,-0.03453567340589842,0.0833684830601831,-0.072759137488773,-0.05569322077273976
802,-0.020820961380443242,-0.0761495521364024,0.03323719362916303,0.13382270464830961,0.03429341369310419,0.07439967894984739,-0.21853372705165688,0.06047815430114401,0.06856569531940532,0.06326944024840636,0.09764174746991672,-0.13561315711111044,-0.11459063057968362
803,-0.032713528912073866,-0.07701508592930169,0.01180659074290583,0.05217585555174529,0.015187302196697283,0.050376574200639485,-0.22194393765101597,0.07117494157729279,0.14166187177606046,0.12304559306716102,0.0865573572220628,-0.12095455181149461,-0.09935898203067865
804,-0.012885564024774192,-0.05974671954750606,0.03455951707267907,0.07139460792581691,0.03859651907432651,0.076347947360176,-0.20898054045856357,0.08072310978213061,0.04996630166416889,0.05450979238723388,0.09940636281132786,-0.12242255088425949,-0.10146878316275634
805,-0.017955215186400104,-0.08877464495007137,0.026711510794624343,0.12388726787827026,0.0360024245980911,0.07628973493199653,-0.2511794050122024,0.1516404195930315,-0.019960401075711502,0.013472020183670318,0.07630242010215878,-0.07401241801131872,-0.05242371384613898
806,-0.004856578323171936,-0.07250800408401153,0.04156650922791078,0.1324533654267129,0.04741337016340073,0.08599850943450496,-0.21216105851394135,0.12455551768887992,-0.06822030572020285,-0.030452622719372095,0.08474531869071512,-0.07334148277766697,-0.055192538493757735
807,0.012885660766352015,-0.04310820135495575,0.06088167129606865,0.12892212468797204,0.06172517411896779,0.09711137209008687,-0.1518630856259337,0.06887123797851476,-0.10335813370873263,-0.06859920601867499,0.09580856418456123,-0.0862339604242516,-0.07304321798997462
808,0.015225000688046117,-0.03940211335124685,0.06389698228883409,0.13635779096754633,0.06400951464953301,0.09925051882604687,-0.1447632997350894,0.061250249231403105,-0.11132753394493847,-0.07620995456361036,0.09741023210108651,-0.08919467083699727,-0.07650271632061358
809,0.001356677802703296,-0.06430522992101191,0.04818839996430707,0.14147790572463131,0.05250977482811115,0.0900467064732158,-0.1913955856386946,0.11144651969485583,-0.09196116914122868,-0.0507991940825958,0.090208356724691,-0.07742328683751953,-0.05934987559146501
810,-0.01761680336436575,-0.07755159081935399,0.03307175729756316,0.13387763755304258,0.03671312100736687,0.07649059597288194,-0.21687027084207824,0.08429663098290023,0.02893834422993155,0.0383612655784634,0.093648699152272,-0.11756814314364705,-0.09579124360497668
811,-0.024320752938852528,-0.0763805105471877,0.025739514425836836,0.05957660002517227,0.027020946555107995,0.06442646756067395,-0.20995319050131286,0.0714894018072121,0.09873390771254102,0.09061497406494405,0.09053744172199664,-0.11946096106028406,-0.09802383882584763
812,-0.012092068669999317,-0.07206144418318232,0.03851965772014012,0.07142205437938963,0.0410090224233044,0.0798990573633996,-0.21187849164104472,0.09679265152356842,0.02248315272007701,0.03602558900374099,0.10033567509219518,-0.10567904841782888,-0.08477580731376008
813,-0.013539787793658479,-0.08797582140586174,0.031534625467531045,0.1274537229850161,0.04042466022765757,0.08069401372520119,-0.24709181889413992,0.16253225862406712,-0.05654631092652455,-0.01274732974099778,0.07989640295322013,-0.06308222387593665,-0.041552391345574216
814,-0.0024253733334527222,-0.07245906725754264,0.0439238125591623,0.12981380982442495,0.04979923059756055,0.08835575056301187,-0.20976099242537644,0.13116500898455905,-0.08628197825916581,-0.04252841991123693,0.08571306565067296,-0.06673189495095792,-0.048582952041659314
815,0.003594910199731061,-0.05246563064696642,0.04257169484484227,0.062231750384644825,0.04617409948244187,0.07743816012488465,-0.15800282254258835,0.09815972366030783,-0.07118103527348481,-0.036864649545544116,0.07564684018602616,-0.049834893539154386,-0.03746814733514065
816,-0.001787699830052061,-0.05724297298085011,0.03449613624447562,0.05500719499194558,0.038829876387839586,0.06878309231030616,-0.16156385470865678,0.10217086026203523,-0.051822139608284426,-0.020788779055062566,0.06723322581507732,-0.04268546710598858,-0.03062947272278513
817,0.001265830900599798,-0.0641119634930831,0.04852960488400395,0.1283504122285674,0.05195578626889654,0.08906371368313182,-0.18738605413200723,0.1036514034492179,-0.08193538541604094,-0.04433742333379365,0.08883847354450795,-0.07494051346348891,-0.05894388512051159
818,-0.006069412345800269,-0.06815798114147738,0.05099234603850897,0.1481243213646029,0.05155250943916242,0.09324509234760567,-0.2028058414223774,0.06189819068016315,-0.00674538967806335,0.0029161905774285554,0.11990462920054533,-0.132212176164913,-0.11264247889538549
819,-0.011054175446124711,-0.06360858445758374,0.047230472980013545,0.09090289618676932,0.045122756248258684,0.08553213676027681,-0.1897332784238342,0.03553443597440127,0.06437058909523863,0.054440157954764735,0.12645404031602,-0.1525359821602751,-0.13265546502792502
820,-0.0026320757169179523,-0.05858756780951544,0.05245556250041082,0.1168551181110166,0.05328118472629334,0.09370145215352793,-0.18785980911450012,0.05946883348438378,-0.0037575710026518123,0.007462531836524072,0.11867117138521818,-0.13461945818908164,-0.1144393723647076
821,-0.0031751099327868943,-0.04857162396271697,0.02965531803332633,0.13385948849228407,0.04442282336266807,0.08091892904163263,-0.25223842087978776,0.1482833425039999,-0.05138366830164824,-0.011297785681697441,0.08009024642228725,-0.08676163179421657,-0.06380190730334465
822,-0.010159972374492338,-0.07194661050706164,0.03505737576850629,0.12834616259252676,0.04090002196339149,0.07861090757850267,-0.2134873875012895,0.10498141976064965,-0.017252519340664563,0.004439858216745216,0.0774380469374364,-0.087428695907797,-0.06949860718645344
823,0.0021389369324994675,-0.04530625023527288,0.04342960902765175,0.06324780834541893,0.046212132718760394,0.07843662619709417,-0.1591987106925999,0.0646204986598889,-0.01667203920837701,-0.003913525304182366,0.07822372123436523,-0.08217084446077036,-0.06904796321447629
824,0.010278510210963016,-0.03625083670923299,0.05331052406099254,0.0789808686951571,0.05505568152427794,0.08763878525248851,-0.1468571276339851,0.05762469476076132,-0.05426517206076786,-0.033829747653058,0.08807433866736655,-0.08614537491455261,-0.07361514420041038
825,0.002168464861839063,-0.05373765811403421,0.049131884968426284,0.14015344881744438,0.05250375368531488,0.08937556184033936,-0.18512470303487658,0.08438010042849206,-0.06468711917377701,-0.035681186007815766,0.09301880020730498,-0.09392561136766824,-0.07757573711098915
826,-0.010210547481309496,-0.05870894847900271,0.04339795319531968,0.10371589031226493,0.04328101306220454,0.0819779420283507,-0.19183736334910806,0.04731163894954886,0.046733527030921984,0.04547683200398845,0.11347140384546464,-0.14241626483476041,-0.12219307628388293
827,-0.02151859570055311,-0.06560042654846196,0.029985465192446065,0.067464568844808,0.02816838498401869,0.064096377573203,-0.19669938154895883,0.04976432312412067,0.10092393151128552,0.08814493482994311,0.10674945110951715,-0.13598049537049142,-0.11549853800087678
828,-0.010947389215573589,-0.063334139092556,0.03758810643151916,0.07259794020205093,0.03955043430113155,0.07640032718245329,-0.1970262609413394,0.08349878670708398,0.025156377320372902,0.036208397075001654,0.10292978471139622,-0.1113025088093047,-0.09131985587223598
829,-0.01974122988278283,-0.09476448476960483,0.024512880581021017,0.124005618388545,0.03496582947138062,0.07596206481453052,-0.26248933247666645,0.16772665843747067,-0.0254326206151006,0.012793804470889176,0.07725576571248614,-0.06880382069876727,-0.0459911334334014
830,-0.004488335838485624,-0.07002324580255954,0.04281106118319834,0.13635946067961094,0.04772035427266393,0.08611217203306384,-0.20524603967815067,0.10938820716025842,-0.05627893833677676,-0.02428338454477619,0.08583669746574024,-0.08281191907977872,-0.06509608951400826
831,0.009765215214097768,-0.044842092547760795,0.05829536954767744,0.12690000753639719,0.05887021976228611,0.0944307461055085,-0.15433541140413373,0.06093622724013204,-0.07872216085735691,-0.0516550784545184,0.09491276260561957,-0.09397219426512468,-0.08058361048282402
832,0.011089449708410781,-0.0436572460325808,0.060561129939349444,0.12770551847794892,0.06019201318219794,0.09563193869631412,-0.1476586783814779,0.05413888245468622,-0.0805674925855314,-0.0549735917742833,0.0959636888075356,-0.09565446875833351,-0.08277114373423594
833,-0.006091490344488603,-0.06993931189135692,0.04252028326120233,0.13604426733740085,0.04581295923063368,0.08382291580670667,-0.1983068279177286,0.09430648396177835,-0.039331946233664296,-0.014973171735269018,0.08658353006868404,-0.08886250068787846,-0.07158519085602005
834,-0.0182051478618568,-0.07130561933267392,0.04041408507319346,0.1304213359367795,0.038678173832393935,0.08011575014167166,-0.2124937523009791,0.043290816297904176,0.07720235838708125,0.06576187972104648,0.11124866917732755,-0.15319899515520477,-0.13192955391668326
835,-0.023852387732427125,-0.06963409811055427,0.02904855125071924,0.07338196327301852,0.027969379691357932,0.06592050814791767,-0.20372018710608544,0.047081862676321966,0.11306735991101408,0.09571125180998193,0.11003330352374963,-0.14327136370913257,-0.12173614362588148
836,-0.01383726890957598,-0.0597192628893616,0.03226244286738735,0.07171502044580635,0.036458566282804424,0.07340224527673964,-0.2095673014922578,0.08164769988540117,0.04853091905890226,0.05296255454739804,0.10122765527150895,-0.11833137112126954,-0.0967518992234831
837,-0.021343830664164648,-0.08466253195041137,0.018041137119661523,0.1165749686764162,0.029246750330428065,0.06738487253426838,-0.2555680503593987,0.15404706969532686,-0.0029868431431092314,0.027748464605770632,0.06975853486306414,-0.07005607593889292,-0.04818446576895912
838,-0.012581150443941815,-0.07303571281464584,0.032434897139034635,0.1244748824003196,0.03863421844943085,0.07654855472075925,-0.2197694008558174,0.10701343844442812,-0.0056556401248852445,0.014228557836209889,0.07811944567073992,-0.08954971517606411,-0.07086237524556796
839,0.006226776485838261,-0.046091620221042365,0.05295655702994521,0.08617733376846752,0.05402263423551123,0.08874419208877174,-0.15846434437887733,0.06275597850146297,-0.0445849240671145,-0.025364856000228062,0.09090468809888388,-0.09054495340657562,-0.07673746213504287
840,0.010860885679806184,-0.04210900421686313,0.05966505849610526,0.10478332547520058,0.059473018455266695,0.09460464798478509,-0.1488641705475777,0.05449246562296318,-0.06848349719415715,-0.04538680592268242,0.09752005212733039,-0.09481470846833816,-0.08174126749183876
841,-0.0021630627830225347,-0.06415528966838528,0.04792348328128636,0.14389901223990265,0.05053813891082214,0.08904760421726489,-0.19413932870560133,0.08726716904982655,-0.052010520574670656,-0.02567717307329124,0.09453073436405005,-0.09613923361138037,-0.07892153364680136
842,-0.013706192831209846,-0.06516797833142074,0.04270890770598301,0.1255068173230988,0.042228670358535614,0.08273342306555942,-0.2024030034319228,0.04766324788090884,0.05333386183491034,0.04977714436889919,0.11361219001915496,-0.14875015162194166,-0.127536936340555
843,-0.01085172776511557,-0.05524933198458846,0.044191930985929925,0.08966728817488492,0.0423435442556424,0.08099069044785455,-0.18741872689483807,0.045383540199831596,0.04524184213627016,0.04504997952313319,0.12493542680954327,-0.14285970688704974,-0.12142474900149798
844,-0.004739106434543642,-0.055972501253564066,0.0475932538506498,0.10149753863556482,0.049251934720117796,0.08862160509427482,-0.19599308031504578,0.06850848928989561,0.0037494754114460486,0.01474423502965485,0.12065777966112215,-0.12939746043511546,-0.10852216325445678
845,-0.017798067982911826,-0.08638859380002467,0.026772451993506214,0.13267730212611484,0.03558295172710504,0.07546386875965568,-0.24935106931820414,0.14641377647071357,-0.022966003405255602,0.009449434585279607,0.0817713256144855,-0.07685685144240001,-0.05477052532806445
846,-0.00606915163955539,-0.07087959636822322,0.04233919731534602,0.14159036837087183,0.04705635824098095,0.08616298789122619,-0.2122857432965123,0.10718901814131303,-0.048071808795551715,-0.018874191095061547,0.08989844155259004,-0.08851240586366681,-0.06954347445375716
847,0.011743416320684584,-0.04410479701213764,0.06115308560023541,0.11671308485770521,0.06123487849646888,0.09701925505541818,-0.15198277926838788,0.060633874505535465,-0.08390232219922629,-0.056115851496523775,0.09944036021179721,-0.09269272685069994,-0.07913947822086945
848,0.01685362001510679,-0.038949711397602456,0.06771216108808299,0.1305268694540547,0.06682057825669738,0.10280360916473182,-0.14214204543184267,0.05530359077006175,-0.11066760674875326,-0.07763293773685172,0.10560900777310628,-0.0945309479393404,-0.08170618726745112
849,0.0034691753187269295,-0.06183886390606951,0.05424221713676865,0.15090160983819448,0.056679563620908945,0.09550997548458072,-0.1878298763404996,0.09625413355854781,-0.09400849611168788,-0.05583585848064078,0.10091619678818504,-0.0877100846952445,-0.0707496922117703
850,-0.012874377389822878,-0.06888604092979958,0.047628878718819156,0.14671542701169174,0.04552096648578703,0.08754528110200922,-0.20395388135663545,0.04381054579175735,0.042933605189710705,0.03900236990578302,0.11886738755571406,-0.1536295046509999,-0.1326806574340143
851,-0.016695087502050353,-0.06654325079395543,0.04215953356166018,0.08783259518270677,0.038864418589556644,0.07878806936804066,-0.19120362265662205,0.034765578393716266,0.08756726275250824,0.07324517909906152,0.11945385953337534,-0.15476377116199178,-0.1334707643660058
852,-0.007847541231989379,-0.062015428760351016,0.04797585136744403,0.12329151188912389,0.04762052875814362,0.08777692229110096,-0.19774967408218488,0.06444460852212061,0.008886149351815682,0.017895110019212127,0.11730389970403496,-0.13421968315761776,-0.11336225467085265
853,-0.008431901051459434,-0.0607252501053821,0.026056488879432255,0.13087631020834975,0.03906845810133407,0.07524829735313031,-0.2452690990841752,0.14604934758447544,-0.04161005912633626,-0.0035769891740478187,0.07844399507702011,-0.0788401337095106,-0.05728946495283067
854,-0.012583671047215384,-0.07321700106756626,0.03169306095261108,0.12677197120064462,0.03838122310163599,0.0761454524657758,-0.219690282481496,0.1103504402952815,-0.011256620703323077,0.011784924581836121,0.07791343764925276,-0.08728977995872413,-0.06900315498871301
855,0.004463507568411909,-0.049012371363347886,0.05339668918117776,0.11427170131055055,0.05383294548320562,0.08954300696971645,-0.15921064485581354,0.049715848774789365,-0.033843653748831866,-0.020746322157511845,0.09215138957330882,-0.10401365675307063,-0.09054843998258462
856,0.009200107189225844,-0.045282390756262676,0.05839732371280292,0.11845382689185611,0.058292381977555256,0.0937242216398056,-0.15043006349076904,0.0506667028816169,-0.0618880378511186,-0.04210515632815095,0.09462929249393538,-0.09838383176371872,-0.08527437659677801
857,-0.004040987245575033,-0.06843887107599363,0.04433591302835155,0.13744033124932428,0.04787792135079329,0.0858679554441187,-0.19486254210398432,0.09479425280117512,-0.04904849928026135,-0.022325281388076778,0.08809837868387407,-0.08842341849393076,-0.07127515296981517
858,-0.016218708035347005,-0.0710451130811409,0.04185891875134601,0.13228944766592116,0.04061106078635783,0.08156367310991122,-0.2002252189562267,0.04309250838783831,0.06408655015100499,0.05542732298048143,0.11162398374270048,-0.15203291216384016,-0.1310315133390065
859,-0.015712716103657976,-0.06233155579725278,0.042378439941369736,0.08426812759052289,0.0390246082477353,0.07819645401296592,-0.18620704496127435,0.03135689093757746,0.09042305973162926,0.07465267140783577,0.11741314202431294,-0.15723837968095802,-0.13622369735080583
860,-0.0088587057036555,-0.061570733255875656,0.0463273928135565,0.11893729089278861,0.046138911477357554,0.08583090148286046,-0.19702596960314292,0.059772844063049814,0.023956391778840503,0.029393242546776662,0.11095490395435496,-0.1373331675793612,-0.11652330286754958
861,-0.021363764126748164,-0.08675647698254796,0.022134575434212128,0.12242707951161105,0.031650924709510135,0.07128295573127114,-0.2520240499804913,0.13749773939269064,0.01661743560999342,0.038967458402419206,0.07173363601757507,-0.08682756513545711,-0.06533994858403833
862,-0.015071945954518091,-0.08014733622383508,0.031228025894642814,0.12468767388872391,0.037138070033975276,0.07568039504783254,-0.22121104591978344,0.1075940232232192,0.0033136644836548753,0.02198552686717731,0.07552425961572644,-0.08958382088557926,-0.0711374900712365
863,0.006500691741456163,-0.049053406057342104,0.05372217496086253,0.09446873203372874,0.054663957876168144,0.08961068630739842,-0.1577678269136834,0.06662995251627662,-0.055851760726331544,-0.03286793611990871,0.09120647855628572,-0.08730634068763934,-0.07395540348727123
864,0.011901129699019483,-0.044023390439739754,0.06233876509429476,0.12290203478045923,0.06147256682266752,0.09720675340956944,-0.1473987312205301,0.05396093562543739,-0.08254406685141379,-0.05644110445177031,0.09879033179586127,-0.09555666674417498,-0.08260855751968006
865,-0.002510322197316226,-0.0684572659727316,0.047849418908090156,0.14147243647581248,0.050353901330365186,0.08896040774689173,-0.19488291320991225,0.09559148008576172,-0.06156625139015337,-0.030857066800345247,0.09199942588058554,-0.08756141938798223,-0.07039183146906601
866,-0.01294249924314347,-0.07262129777117127,0.050693277238232276,0.1417274073712196,0.04692736761070336,0.08984093245887657,-0.20235403602787855,0.04391029535882871,0.03485888791550109,0.03316850834934243,0.12275293777852049,-0.14884595420957072,-0.1271158268294604
867,-0.011724189931043467,-0.06332722915448719,0.051961407472951984,0.0940342879940686,0.046115142975480465,0.08728093252186161,-0.18324367351139909,0.027918969902422635,0.06183977384176628,0.05227936086646718,0.1321367602739266,-0.15838690646511638,-0.13688463678689902
868,-0.007581779913643314,-0.06334603760577724,0.05332643915267105,0.14532698063697366,0.050589733255043075,0.09243760364519173,-0.1940878222957376,0.04759228021484101,0.010747564732066586,0.017230069242371478,0.12242277349420239,-0.147879236877476,-0.12677856768072662
869,-0.022704559293762767,-0.09472342974375117,0.02310020137573346,0.12748292553346757,0.03146342759279719,0.07181016122139176,-0.25260595418987836,0.1448511910325138,0.0001597311064182597,0.02715486179913151,0.07643442070851654,-0.07735753936557763,-0.05506543777700034
870,-0.008421631841816558,-0.07592130387960827,0.0410159230311122,0.1380134828475559,0.0455900283384332,0.08525963293752359,-0.21205743903264473,0.10498959531907216,-0.036062113370431824,-0.009346678428903684,0.08933648885734351,-0.09066054441973154,-0.07173544035790407
871,0.013790250637313817,-0.04178262639990811,0.0639820254047408,0.10404384867424556,0.0630017519923785,0.09847049478593448,-0.14350024833116604,0.054996393707879385,-0.08484295826760056,-0.05752765857350236,0.10299260552096146,-0.0931560541729596,-0.08046782497831717
872,0.01571205861416214,-0.039372620994932724,0.0651025199391623,0.09566517678852081,0.06398262908647492,0.09876482256990632,-0.13878868529972557,0.0576432798556043,-0.09545816833415534,-0.06521890830204512,0.10299323800630472,-0.08663939515867779,-0.07438594677059888
873,7.869166110800656e-05,-0.06462160869774349,0.05159052720605508,0.14291880252133662,0.05293852117841586,0.09140162870391885,-0.1845223151653266,0.08320018594490491,-0.06255273231672517,-0.03505174999387924,0.09591193406610218,-0.09388408064958534,-0.07740780445858175
874,-0.01636790737461351,-0.07650734129194162,0.044056646284225114,0.11441049405542156,0.04091374952257923,0.08203827639008637,-0.19612679805939084,0.043955989057838304,0.0623437352598489,0.05424629131736942,0.11057245266671147,-0.14221846048254144,-0.12131712734559282
875,-0.020373612350481664,-0.069931169441261,0.037959688623007075,0.07531284477303521,0.03379088120207287,0.07263645102525423,-0.19155525801228593,0.03114174413912138,0.10558636630343399,0.08608113776828437,0.11668519469326268,-0.14914897591372017,-0.1281852928097229
876,-0.014022646016490524,-0.06836563733861407,0.038849960777103995,0.07298966212635265,0.039076337942919384,0.07763599869358254,-0.20099201595107494,0.06835327532995021,0.04989408531881834,0.050954728948108305,0.10732603721010675,-0.12129498496002968,-0.10040480208073284
877,-0.010521584169265002,-0.05141523018874666,0.019125570111161866,0.12274956362927271,0.03505983387379981,0.07031161833808845,-0.2592375900859855,0.14211440643700046,-0.004944675689678635,0.02160243041606765,0.07277350607047514,-0.09065699210834904,-0.06696085663384144
878,-0.009580809388924201,-0.07182842713125696,0.03733091480678228,0.1276658717814325,0.04240865631090808,0.08069260652719033,-0.21026756470098273,0.09944307780422239,-0.017110334274136798,0.003502308318369169,0.0821891912408304,-0.09134060291037742,-0.07310488838405717
879,0.009864149924803011,-0.04223167871848163,0.05558693947092036,0.0785615319590337,0.056663304890219084,0.09060986906853608,-0.1492020130514345,0.06273860348216892,-0.06115074813176596,-0.03787404953441215,0.09258813694731778,-0.08456733360563234,-0.07158671270127234
880,0.011570320456289055,-0.04189649438195332,0.05768050453541727,0.07759018693576711,0.05821218884607664,0.09196669083286475,-0.14405323965627995,0.06242501632236039,-0.07117536015232942,-0.045864754416578814,0.09433867322482861,-0.08157934409259796,-0.06921438845386438
881,-0.0011610230940670957,-0.06288695044792876,0.04914977546378032,0.13843716586777574,0.0511292240137182,0.0892257999835838,-0.18657665586827493,0.08071014880070222,-0.049191571569447076,-0.02541378454992136,0.09417427157153137,-0.09704497824758702,-0.08055142192386539
882,-0.021686117018496293,-0.07272231606200558,0.03426917746972763,0.08616259024433602,0.03285566320820503,0.07219851118040972,-0.20032171151843747,0.0374711351597633,0.11390044329528254,0.0929299740506785,0.10284584627571748,-0.1492467542518508,-0.12865644203332988
883,-0.0301867741407872,-0.07694372138787085,0.023730718404385787,0.06448840187804707,0.021533062377856533,0.05878646692358849,-0.19424368089635186,0.029590628862048957,0.15603533507982786,0.12532077669398167,0.10242044689853882,-0.15087393583732714,-0.12965772485593802
884,-0.01746136193459353,-0.0679037681703962,0.031573547898808056,0.0693336797937789,0.03410719828918291,0.07169594911992826,-0.20191679343564298,0.06770038685452119,0.071143723343253,0.06846373568901784,0.09953504407012688,-0.12368545555382446,-0.10258588596415981
885,-0.03332148134152946,-0.10468169953283975,0.006440368903467166,0.10546270522726624,0.01874997023814221,0.058095922664603394,-0.27692950817038614,0.16872388778135802,0.04032587773359426,0.06421604057928679,0.06099173935948011,-0.06582503678596915,-0.042248786656473934
886,-0.01873583419032649,-0.0811488241546653,0.028124773243184995,0.1194336577858546,0.033220718461934716,0.07148229580158531,-0.21928397704707006,0.08972788799187408,0.038387278106686414,0.043396037236396796,0.0730907772065131,-0.0984073724428561,-0.0792874179991121
887,0.0016678493913485407,-0.05212452214545008,0.04985869193898842,0.09795480243199862,0.05053889142172158,0.08594087184487825,-0.16248396318576172,0.05220924826565469,-0.017971322231742342,-0.008272561897862856,0.08717537552320229,-0.09940564296290577,-0.08508771839406955
888,0.004662437705965816,-0.04856749609831012,0.05366418343255153,0.10978720820373941,0.05356728740264322,0.08889414176266987,-0.1556736817757356,0.047047022757770965,-0.03272116110475068,-0.019970085446939265,0.08889117215277872,-0.10154336236591427,-0.08803766662646957
889,-0.008295538446098719,-0.0701684173914669,0.04051880134085923,0.13223507140687685,0.04368081792680636,0.08170926009586367,-0.199908857901595,0.08685651047715202,-0.017998386899302797,0.0006216933222765701,0.0844772087847801,-0.09559687172256767,-0.07813129099358379
890,-0.019943668502236816,-0.07307049823337394,0.037527084494924506,0.11932517141197538,0.03628973263388723,0.0768081176573565,-0.20358498844543896,0.041965685360997616,0.08550003786851654,0.07273831455971479,0.1068677678196685,-0.1509770204227455,-0.12944573620324576
891,-0.02116277620341682,-0.06618560453603142,0.03401640127777208,0.07418595688665444,0.03169294212566014,0.06968240729921159,-0.19212289629645,0.03673609456176812,0.10893369878905806,0.09105738189583529,0.11122418365035892,-0.14993988075750664,-0.12811790869291353
892,-0.014424625912419786,-0.06564210289061317,0.03341946008013817,0.06997153695389181,0.036895228917423986,0.07445954071219707,-0.20727527656198733,0.08253457491659534,0.04681892809962872,0.05224971377626253,0.10186877927874513,-0.11604314784403456,-0.09483260952582785
893,-0.02694048518486456,-0.09513919565884113,0.013972128224820992,0.11178113503266782,0.02466107552996703,0.06344726742853421,-0.26051822478473574,0.15178528659904086,0.02481939663102525,0.047587887186369894,0.06470640056930027,-0.07122991004784335,-0.048932761525441765
894,-0.013979344710766348,-0.07868918453491881,0.031963516214626175,0.12542502556009788,0.03800099207016231,0.07639550097832852,-0.22027288265794837,0.10861001973170145,-0.0051762439920687115,0.015151644483508682,0.07710191192966905,-0.08677397816464129,-0.06775697690775065
895,0.0055484585019640095,-0.05048021097289006,0.05085168169530867,0.0724032316017544,0.05260349696601383,0.08686281961800112,-0.15973627025933615,0.07615690193136845,-0.05232450652371587,-0.02806506893433926,0.08810918847883302,-0.07775749469702563,-0.06417222740593652
896,-0.0020350273648956406,-0.05778907232971389,0.03741987428883204,0.05682655568958334,0.0409536575827048,0.07254039431850584,-0.16614235044824394,0.09376688824715486,-0.03783746963299577,-0.013069351006381286,0.07362954600922264,-0.05567811568816322,-0.04258552966560983
897,-0.006478507901346455,-0.07030831577275934,0.04072678267310868,0.10775700547910619,0.04442487590395531,0.08179335959699939,-0.19878826142921413,0.10148796739274574,-0.032778839200595614,-0.007425899588004032,0.08605303906230506,-0.08188323226657451,-0.06457997394972632
898,-0.015904315878478768,-0.07225920703237017,0.04359627742275468,0.10314369747450818,0.041440807211784426,0.08274388543261664,-0.20484299036710926,0.04962373446849918,0.06575124624527832,0.05768741783010053,0.11695406585291851,-0.14505452230608057,-0.12288009635442156
899,-0.016979037042485524,-0.0652266202528728,0.0427090779401256,0.08290408606961155,0.038661319242388685,0.07856519344081499,-0.1895598723268546,0.0291657096573156,0.09403307803763052,0.07591100195380493,0.12223054024079437,-0.15724069984880845,-0.13517377711146467
900,-0.01273209107701453,-0.06565967753018988,0.041462859287048806,0.08873336090472007,0.041970231504644094,0.08168689109254278,-0.20179963218638244,0.06358530432574794,0.04447775277859894,0.045165737448639276,0.11222951550986571,-0.13030286244180928,-0.10881738961641138
901,-0.0242576398985967,-0.09619137482458746,0.02148080106453598,0.12118414244657173,0.02995757322263618,0.07033674263121142,-0.25502369830367244,0.1454764328121477,0.008300707525370609,0.03406677202681493,0.07631186647444912,-0.07697210629042832,-0.05467021888645282
902,-0.01647899168925594,-0.08541022196697136,0.03428004333199743,0.13120026031052287,0.03794422588991701,0.07785300550900703,-0.22137868543062883,0.09823752469688254,0.010832734841447502,0.023409875830467473,0.08284232644951235,-0.09630441331607321,-0.07702768445682488
903,0.002053331601945154,-0.05535262150933114,0.05286911420896281,0.10207701547944796,0.05210606546650997,0.08825044909795682,-0.1619898019479027,0.05317138162089282,-0.025854898255463644,-0.014393182880694824,0.09177564086081105,-0.09941449592393381,-0.0852979978192004
904,0.009889024008100539,-0.04555785427563758,0.059614124070110096,0.09727753063714446,0.0587156566502182,0.09398147363324437,-0.1499935876348008,0.05761085941915355,-0.06568320838241092,-0.04298164931400016,0.09639153676988511,-0.09123693228060979,-0.07802697330039708
905,0.0017866661100448696,-0.06360953322195786,0.056899654363182596,0.15198007478453085,0.05707918036304448,0.09720967621853392,-0.18733380452268988,0.07717496634544671,-0.0640983075911463,-0.03823555730450813,0.10445317421141657,-0.10537469687639753,-0.0879314928795002
906,-0.011194441701059711,-0.07054805463889903,0.05147861373666792,0.0986815858685571,0.04774193698177782,0.09003761161061605,-0.19441486178968864,0.04171623033950558,0.05342622169760421,0.04607527047684429,0.12863130760144806,-0.1519985964249267,-0.12963282375844679
907,-0.0132873139619569,-0.06497512105081174,0.050893024744514084,0.09730963986541344,0.04470185588507764,0.08595709768384023,-0.1844879788992949,0.018461783956521153,0.082219694453636,0.06400068023026433,0.1328520063137236,-0.16786133747969473,-0.14578403174123203
908,-0.009294852130976706,-0.06603215816405597,0.050934273272899705,0.13119222518241871,0.0483096454962039,0.08972113095483045,-0.19634007370333106,0.0495890009261873,0.022672524660591043,0.02510222459383247,0.12196309282011927,-0.14460233113890925,-0.12321470276980974
909,-0.02076042336256127,-0.08828380532135202,0.02428443749738019,0.13244930942267755,0.032730673935984216,0.07264729404127945,-0.25250761410316286,0.14263629943235526,-0.005336512415047217,0.022761147653463064,0.0792553351179645,-0.08099346537023334,-0.05888267652874783
910,-0.018334715945299476,-0.08018141514543471,0.03031264459405796,0.13111358104036075,0.03480326120259301,0.07389671536645044,-0.22271446939075915,0.08709665184715364,0.037723133632637094,0.042631748733991,0.07933721172807147,-0.10747684883741176,-0.0882074988264103
911,-0.0005249004480193725,-0.05318015043489227,0.048432374334171704,0.09040773292085055,0.04830478491724755,0.08366672615599896,-0.16437871817853567,0.047279721549395304,0.0010703202034102405,0.005952220902959021,0.08790482799594103,-0.10468892652682028,-0.09024601339170672
912,0.006578536613954082,-0.045682783043035614,0.05514824458998882,0.08301081527484966,0.05472807595753022,0.0895666510472216,-0.15348071986453735,0.050514769909622434,-0.03295376140645426,-0.01912160668869003,0.09277750003080198,-0.09731689581799342,-0.0837688266032581
913,-0.005765247959181433,-0.06618579308198916,0.04735318609310252,0.14244652052868587,0.04829626851334033,0.08763520969615934,-0.19564724651929885,0.06636513745265471,-0.009357997667358415,0.0008680298776792899,0.09413360548759357,-0.114139991590655,-0.0960016808307328
914,-0.027795956318675655,-0.0793888422183837,0.030778514088209374,0.08096659629800292,0.028534846695062222,0.06917389637669118,-0.21144587708558832,0.02771253255927064,0.15528332846317544,0.12168502399636155,0.10398926717453746,-0.16141694078702232,-0.1380763892416406
915,-0.027541654491928073,-0.07341707025631541,0.03148777255211609,0.07793278877706983,0.02785352856721092,0.06752303518688148,-0.1960174780858389,0.010204426813404992,0.1616708279513065,0.1249622262382505,0.11476937799657648,-0.17122331482683872,-0.14820446642189547
916,-0.012806974622303288,-0.06311400303099414,0.043933737889543814,0.1149546407306577,0.042502586568808336,0.08240721359588876,-0.19878636987514445,0.04464239374396652,0.05516255327512558,0.04923847021824304,0.1128855401617394,-0.14643042028813477,-0.12458936836739634
917,-0.026391407858877922,-0.09014048150945383,0.01621214395665963,0.11890417267806441,0.025742672528827473,0.06486062035230179,-0.2597444920210763,0.13642627548762642,0.03812464102077382,0.0541840068505022,0.07020022389397147,-0.08559982418010835,-0.06277855119921098
918,-0.013919890023949675,-0.07203966202295821,0.032684235168965285,0.1291704846330587,0.038188495813633754,0.07665239073983189,-0.21794634476847033,0.08806080016827396,0.018480592779353766,0.029774436610748224,0.08055141171794436,-0.10473220569327167,-0.08492474512316003
919,0.001203910706186738,-0.04608055583051629,0.047685889030576675,0.09349141695605763,0.04895001380299365,0.08367714673278939,-0.16455850679871503,0.04641743335057433,-0.0029490601825756246,0.003349012169463543,0.08685126644762392,-0.10635739072769076,-0.09168057565676804
920,0.005432258362067688,-0.04041780220953661,0.052057141776534636,0.08405632424402827,0.05254655086995501,0.08673888765189215,-0.1552166688907367,0.044290212922842846,-0.018144827975212854,-0.008141598384899452,0.09091393961276946,-0.10384417438017549,-0.09027024359952883
921,-0.006517461505182623,-0.062051277184829355,0.04323347156372521,0.13837727551321888,0.04592233873822125,0.08425184894669854,-0.19782018183418834,0.06956663008124893,-0.004457289559168105,0.007446333436036287,0.09037160719887952,-0.11293485854289748,-0.09538843685176276
922,-0.023362664312962772,-0.06831688986482748,0.030470547489200844,0.09130610740265238,0.030472896642705694,0.06950109750709503,-0.20901497726543025,0.033406978167559054,0.13373189092343388,0.10876429889119191,0.09911214699793494,-0.15895525458657692,-0.13711617799197617
923,-0.026827595371788856,-0.06186037020776834,0.027747935191041,0.06681439088484253,0.02607767491388611,0.06415611114519425,-0.20213591649569032,0.006580798383461388,0.18517751275424543,0.14282898541392622,0.10737352071676609,-0.17884639390680052,-0.15708665342131475
924,-0.019509392508733802,-0.05417379677061981,0.0311224092382215,0.0726373349844395,0.03299898668085819,0.07122336877735963,-0.21054713419164853,0.03215987068505343,0.13699524519001566,0.11032125388859243,0.10013126503422677,-0.16245205623264541,-0.14090735477511937
925,-0.03993449735097292,-0.09220735335262739,0.0006545283778978282,0.09859085518454103,0.01123172625075648,0.04971541598367319,-0.27177565249722413,0.10708100949638431,0.1539846217181636,0.13777063107427773,0.05082115418076036,-0.11427211668480593,-0.09166032238082418
926,-0.029685845506032503,-0.08398493139433531,0.018190722723123165,0.10826505331182146,0.023495800685664512,0.06266104875489323,-0.2333787153681548,0.05925385377774187,0.14071596716203286,0.11453036426438526,0.06279186985305821,-0.13174041645794485,-0.11111477180625297
927,-0.008471672985789783,-0.057745950552044026,0.0369970921369955,0.05800813047190875,0.038369405642255015,0.07239657086315571,-0.16867437184351922,0.040961444692958315,0.06124394104603345,0.050124108678183836,0.07303585740686783,-0.10530882148846013,-0.0909357340685452
928,-0.0111021459965114,-0.06232204553415936,0.025729534699153563,0.04778016325239554,0.029858350183878838,0.06004326303046516,-0.17081797749197355,0.08123929312067357,0.018189643130416072,0.027353669521812597,0.06290895606675663,-0.061048171511276554,-0.04781253247163123
929,-0.009466978563675623,-0.06912781265699378,0.03534525353281769,0.06756349967164174,0.03949260834010648,0.07547641058680508,-0.19614151613799732,0.09237569811937009,0.00945400007961103,0.022492427711921725,0.08023356453434904,-0.08244432548056486,-0.06525282973739138
930,-0.029879659612777158,-0.07899621926868819,0.023675040831853462,0.06394166068828526,0.02337912659614914,0.061986761764329164,-0.21271926099580007,0.03386179106244004,0.16767962729411615,0.13450905071718855,0.09207739408317799,-0.1507899927798452,-0.128725320380429
931,-0.03468109469400792,-0.07352034308833759,0.014833125334235127,0.05677334207394682,0.014368136695342938,0.04987225993663238,-0.20457099598477835,0.02720486550806929,0.18843074576882557,0.14898923519346036,0.09390288722995009,-0.15177990411910203,-0.12982225985423654
932,-0.028314789939675625,-0.07241597834784541,0.02134339149241464,0.05842836430707183,0.023459008194949955,0.061270447206499705,-0.21341045127801014,0.037785272931034654,0.16736830016255658,0.13521073753574903,0.08963549993911463,-0.15081951797476717,-0.12954028422909256
933,-0.04949787320049203,-0.11579047162463653,-0.00947013039208393,0.09128290625064946,0.0026671891276831765,0.04205700196321033,-0.2922304941651844,0.1391194055678059,0.15906357126868706,0.14614095023826773,0.045059850800374245,-0.09139123471534447,-0.06701067111893672
934,-0.01900045955920966,-0.07407398938011989,0.02763141438915979,0.11044207258727821,0.03268754726964,0.07074754574466062,-0.21850059815469539,0.07408952987163374,0.06521542753934191,0.060927951129172944,0.07294929260849352,-0.11140464605794716,-0.09171108798740861
935,0.006701199346160626,-0.03982481677795616,0.05510776035864586,0.07643669313685707,0.05480433781094011,0.08955094951360501,-0.1496362047477147,0.034211320966180035,-0.011437986646466686,-0.005031656944090223,0.0940742219162284,-0.10938846004387356,-0.09556735788851561
936,0.009759990174150556,-0.04051662529061713,0.05995643807283891,0.08107302790765246,0.058462003444313466,0.09351644386866817,-0.1436979733462684,0.03565343479654824,-0.033209248306461166,-0.022374631311452547,0.09887797453752528,-0.10542140493958069,-0.09207942960731696
937,-0.00035383223345704086,-0.06060312536092334,0.054491033372415454,0.143056588143029,0.054158416095916234,0.09363008459154278,-0.18372133272010616,0.05656355250259195,-0.028724850806691377,-0.015514013339827576,0.1011696617555581,-0.1160028874680106,-0.0981492945320373
938,-0.022887701455311223,-0.07406073261653608,0.03606469344876149,0.07999959558424728,0.03313333178598858,0.07353403544034932,-0.20380536051441603,0.02311826272451824,0.13034593048789775,0.10301412083660934,0.10980518900965365,-0.15576745881783932,-0.1324939059139228
939,-0.027771022024067605,-0.06996827739498533,0.02612092065845609,0.07338835757994536,0.023530958244863367,0.06073718439390896,-0.19740917535220484,0.02477492337139571,0.14011114285353007,0.11332174215320126,0.11026334946870356,-0.1500437639356662,-0.1270563400170802
940,-0.020504440864110542,-0.06802287547325488,0.0316967251517396,0.075400377025227,0.03141044679030437,0.06931568505465716,-0.2113688579097777,0.05565092541789954,0.09221052033833238,0.0809701690244967,0.1036282814909262,-0.13116729282620268,-0.1092196632202371
941,-0.028996145907415113,-0.09930879066076381,0.0183923236307008,0.12498752649386705,0.026560117843219183,0.06805189679182691,-0.2700248729474548,0.14039687179941177,0.04196996017291767,0.05813075597819951,0.07688932822342782,-0.09066197264684848,-0.06638699877108867
942,-0.010526128031840888,-0.07204462191825664,0.042586012174294446,0.14406330530664196,0.044519125779039395,0.08468610976159106,-0.20760017759675317,0.06817300361183017,0.014394702850940216,0.020613026594683295,0.09207854752105216,-0.11988564351034536,-0.10105726254287659
943,0.0019854243892573585,-0.0492390594538016,0.05093593342147832,0.08823204445439954,0.05065804627429251,0.08592076197296007,-0.16145543742475066,0.046534346853211686,-0.007383210608895597,-0.0010062075955532726,0.09202678570526465,-0.10558821159884328,-0.0916212163890196
944,0.01044718699767056,-0.04083296551233046,0.05941916071559374,0.09654792345761305,0.05881932080660602,0.09379718884056223,-0.14969823388049655,0.05061032602850469,-0.0568813078310313,-0.03728024009073642,0.0990673779781148,-0.09853286158595254,-0.08548287592411773
945,0.0008595102720362203,-0.06027904621991821,0.05365221131673926,0.15307626285109516,0.0547001199291703,0.09390952301806123,-0.18912987760653288,0.07740554445645291,-0.058327234295617626,-0.032782584570150305,0.1013574360163516,-0.10580921141202458,-0.08863265375566304
946,-0.02230044374848292,-0.07187976473740708,0.034303537827531004,0.09943494479955972,0.03295133089917894,0.07297774365446232,-0.21029243716524704,0.040250633819748645,0.11145391788380368,0.0924098424050383,0.10350495640113194,-0.15240349459955313,-0.1304107674397642
947,-0.023331111554291777,-0.06786647906993326,0.03332092560295814,0.07416822480932576,0.030250408025095155,0.0687633098673611,-0.19863765901654146,0.028479848569862284,0.13473912037793248,0.10819789640465836,0.10494858691564081,-0.15762681479742766,-0.13540625613463975
948,-0.016912283132562,-0.06342926316374432,0.034770292273803544,0.08920968433356896,0.03583471023902078,0.07422737790454297,-0.2067207345076736,0.05761765004316641,0.07745683806473243,0.07020208507929875,0.09978233295586546,-0.1370894148051598,-0.1149492752848595
949,-0.02622281449322329,-0.0911934225049843,0.01698995447881643,0.11815149598454595,0.026357397706522217,0.06570921954900173,-0.25637039606216844,0.13624694573732388,0.03591558271988184,0.05500169840120483,0.06888500941413665,-0.0858604378489311,-0.06361023308212643
950,-0.02305952557755286,-0.08771223105753059,0.02363020773125725,0.11819007364827055,0.029152331548893694,0.06767812021129654,-0.22800174923174615,0.09835103819582183,0.051949734212423215,0.05667308642691992,0.06828301924851488,-0.09712326412083874,-0.07801084123572966
951,-0.0015823240466360695,-0.05589379031157313,0.047295117376569086,0.10606064350231391,0.04755468207511461,0.08314186672865366,-0.16595367661600086,0.04913487716227509,-0.00252796658493151,0.003195329393275834,0.0826018508856396,-0.1036796949042568,-0.0893469146604433
952,0.0036104929069585893,-0.051256056918569035,0.052628550776144895,0.1009428529950038,0.05230972876683815,0.08749752782701742,-0.15567426372505305,0.04981603973104865,-0.02791991159083883,-0.015764364687215406,0.08637388756923935,-0.09807506664034699,-0.08448941701022747
953,-0.003857989665034602,-0.06797657011824423,0.04809363400993465,0.13875625804233996,0.049960854576614935,0.08917641089730936,-0.19480348787531193,0.08101534225764649,-0.03443684435003842,-0.014484535200341396,0.09207093185637337,-0.10060543272345926,-0.08290857170778891
954,-0.019768227985428603,-0.07718105810635535,0.04066026072361888,0.10798652308210159,0.03864756951459093,0.08084271479890912,-0.2122080152384754,0.0441147555699852,0.08716369975626105,0.07291121966395615,0.11302576724896901,-0.14929831940379834,-0.12689688962433415
955,-0.021165865340128234,-0.07059110703543277,0.03868977201404959,0.08187357580870101,0.03539363203578951,0.07610454259361289,-0.2051839849207948,0.028859332260640885,0.11614668626794367,0.09384609018482759,0.1191356411998855,-0.1578893687360694,-0.13521894633302525
956,-0.02510423837411654,-0.07579194177810859,0.02672897126909736,0.0634255721594529,0.02828358808430038,0.06725441794016286,-0.21895188797837054,0.05832194608071777,0.12584569586847083,0.10633898152887135,0.0946569897878727,-0.1365680000383201,-0.1144400945500303
957,-0.021158106497829298,-0.08604349090707694,0.026564663641732267,0.12467714814319009,0.034153075660590726,0.07527599064951263,-0.2511215235779595,0.12058909329726722,0.031231992324358165,0.04411152033989786,0.07833296187016693,-0.09984459326604149,-0.07676873167780873
958,-0.010586395597897353,-0.07003952168661494,0.038370616106900055,0.13033492911860667,0.04297436234326946,0.08235193729608425,-0.213835297274481,0.08734936518386613,0.002019087817286269,0.015427823746504095,0.08670991546420823,-0.10548184564177142,-0.08559497687596054
959,0.0028125332720594955,-0.04434242794885334,0.0491245340668086,0.06978315851705895,0.05005590488047522,0.08435980989142702,-0.15856692234188322,0.04709966177267014,-0.003775639225274467,0.003081439501867325,0.0894731818136809,-0.10157298163553391,-0.0875322525645026
960,0.000887204498980572,-0.047517940363318974,0.04713639260070816,0.06909686723449178,0.04774536959968799,0.08175550688221914,-0.15899903810478744,0.046133465963467374,0.005608515936410297,0.009693844676553261,0.08446757536091377,-0.09993574446016033,-0.08607201982516549
961,-0.01150125195155005,-0.07027661597532307,0.038383369172946005,0.1287061911772422,0.04094640364196812,0.07931212958247023,-0.20384818779826916,0.0728789501365496,0.017077951243074267,0.022565686487106475,0.08403193464542696,-0.10831631411158732,-0.0899602462500543
962,-0.02898726044420768,-0.07845463282002381,0.02631165603080435,0.09446426791844789,0.026395041034686817,0.06653634733038906,-0.21793650122558308,0.0341638399258281,0.1522695161090681,0.12201520558632661,0.09552892917450677,-0.15769238730520302,-0.13461402131503986
963,-0.018102826916258766,-0.06293206247836308,0.04024078405425298,0.08175847320023251,0.0377683500421308,0.07787283957102104,-0.19438313753326142,0.019618186914267935,0.11959644773178953,0.09412449000229249,0.11706642503336982,-0.16749507749045026,-0.14513289213102337
964,-0.021267921224431906,-0.06517150060054287,0.03213604840058559,0.07061186919350053,0.03277709591223218,0.07209363359097638,-0.21251124336876986,0.0431017374012647,0.12694349396661875,0.10445423782221464,0.09889467226171943,-0.15211123491601053,-0.12995088843935676
965,-0.028724921860763735,-0.08865752499281665,0.01656754018787296,0.11447027965186686,0.025295590181728826,0.06559611606559446,-0.25840245947138735,0.11306781729655083,0.07947925678874003,0.08156833233611567,0.06860847306989629,-0.10617883395909444,-0.08268966529430377
966,-0.02083659618436647,-0.07864233055231312,0.027567329315994867,0.11600575585918159,0.032317709539136624,0.07142989779966288,-0.22384497787003405,0.07371667419251109,0.07490906081426346,0.06876995630475427,0.07160966831517246,-0.1165907933117005,-0.09641135422226307
967,-0.0037574177196048244,-0.0523539078544408,0.04146766569498259,0.06334725726619202,0.04296585950387193,0.0769466510634439,-0.16612795271413555,0.04649271938276802,0.03131684940819703,0.029393698497474675,0.07715147374641933,-0.10071258122922074,-0.0861303150459475
968,0.005299337144731985,-0.04267301279275387,0.05145358306238883,0.08809752475239292,0.052290495097246155,0.08638339123738187,-0.1552080167700283,0.048261300135929025,-0.02422879880855066,-0.011578423889761751,0.08582360124940457,-0.09874312789539026,-0.08517785252299043
969,-0.009878463306201039,-0.06780762942477404,0.03859979677387132,0.1305381227795538,0.041972868856936615,0.07996574836228333,-0.20255820445531114,0.07791196122505119,0.0056553595649314345,0.01604132568488714,0.08199959841220864,-0.10508273209072098,-0.08735775238271629
970,-0.0318272804887086,-0.078031798189375,0.0222630680760356,0.07554862841471584,0.022575029192693802,0.062084672931581396,-0.21870277015675527,0.03059629717304399,0.1800449467635838,0.14247891786284275,0.0892485701323607,-0.15974722861335325,-0.13653105309866556
971,-0.03244181809750961,-0.06937321333385095,0.02406779653246313,0.06417807969537907,0.021373983738454855,0.060129030255160795,-0.20880659819402403,0.007175192434796408,0.20732758206026095,0.16001402762849182,0.0994455199701716,-0.17824324010127546,-0.15484634258851834
972,-0.03033720467111176,-0.07697746147292134,0.022786484534357488,0.061207900874552724,0.024038924955857684,0.06356486390301672,-0.223239760128304,0.03804805959391967,0.17703698002038995,0.14174381591826146,0.09187788239976663,-0.1563106444020219,-0.13343984152576324
973,-0.03472037628668041,-0.09454116510943927,0.01085231014275999,0.109085278621849,0.019428256143437184,0.0597608175603893,-0.26329063485193477,0.10320918758715862,0.1210290321077562,0.11098990020309443,0.06316209796256327,-0.11446105894494761,-0.09050364513600585
974,-0.014881519154881681,-0.07098785540333588,0.03502653533109138,0.12254618814860915,0.03907251307186054,0.0786556711535434,-0.21634341320007308,0.06758818695572186,0.05018530378136327,0.049186303683858644,0.08317886804080131,-0.1218527497651804,-0.10137403264337841
975,-0.00112246753575667,-0.047233885559320024,0.042634151132163255,0.06326681113991807,0.044518362948843114,0.07781418153003201,-0.1638593200712705,0.05161244323394304,0.009460332220590496,0.01588277776915183,0.08428416077077386,-0.09585618942023075,-0.08140135815883766
976,-0.0006167234685626951,-0.04612242468667778,0.046439058655196985,0.06792126144842624,0.04670575724894176,0.08100613147726894,-0.15997077760610123,0.03399123722818705,0.02729300383644045,0.024988187543926534,0.08612877781478928,-0.11099152410508861,-0.09677196538674673
977,-0.020271866902236143,-0.0762300822824415,0.030740709607560836,0.1230168454210692,0.03274249653719244,0.07148666448208452,-0.2125765151295767,0.0551307821023838,0.07942272499582732,0.06894416855281646,0.07737509236011143,-0.12437168700260212,-0.10540933274218947
978,-0.0499173435305522,-0.1129436373861823,0.011371881304141539,0.05570764715048241,0.009416112191248448,0.05204185545900186,-0.24489559061026936,0.02309233736515588,0.26695265109796235,0.20673233424172713,0.08538102746678224,-0.1638386744242328,-0.13910060032526506
979,-0.05025812380306026,-0.11267152604554634,0.013936016816942032,0.05522001198276968,0.009232528465630467,0.05155204027528168,-0.2284636273339038,0.007853433420999869,0.2718512040326774,0.2072640036764876,0.0948895205330008,-0.17264930034473402,-0.14775618167654495
980,-0.041507955974147956,-0.10108482433526689,0.018223206488867032,0.055028052099078684,0.01680972344811186,0.058816104868897955,-0.23184676309086613,0.026458478943010337,0.233662925680389,0.18019106498745355,0.08668872455318859,-0.16302429344106312,-0.13841444422765267
981,-0.03831804829934372,-0.10841622736782108,0.012105799422009154,0.10981978304075869,0.018721956185750753,0.060902101106817895,-0.267334335839091,0.10098012299151737,0.13491709925229942,0.11729682472043255,0.06349677840822981,-0.11441675087884942,-0.08975510274271045
982,-0.015023106416675553,-0.07746808237890833,0.03651123423280346,0.12829406144832076,0.04010749061680516,0.08047044620147989,-0.21793221720476938,0.07409705060839013,0.04012152733436687,0.039828441691569655,0.0820834307521936,-0.11574142290100249,-0.09534885398457378
983,0.007656488893245578,-0.0411896449120557,0.056160512809965604,0.07503969371159475,0.05558902505147275,0.09015612510492405,-0.1467196090879807,0.036693543920595637,-0.020918285290543806,-0.012184642578628172,0.09266703049209339,-0.10331909771455289,-0.08963114040013041
984,0.007952634347386007,-0.04273725252031891,0.05644044784381429,0.07661526788497172,0.05556843982826753,0.08989122967046294,-0.1449910607284622,0.041237800635911995,-0.03071630313219973,-0.01857873972073228,0.09136629480783501,-0.09762595653115815,-0.0844228023857781
985,-0.00386135473396909,-0.06557231528380875,0.04921385633108995,0.13952467553905945,0.04959634544092167,0.08832788246282049,-0.1844211445807001,0.06271395479475608,-0.01931910863707059,-0.006524105049545732,0.09130038186652235,-0.10883034607533207,-0.09214872207474357
986,-0.01877257131417605,-0.07972478273797334,0.04545416465554084,0.0813043029969053,0.03990423174331509,0.08165040317698698,-0.1971705359315774,0.026063339108591224,0.10023851143635079,0.0806540998325082,0.11372767195430533,-0.1469374161337407,-0.1263914187870361
987,-0.025835333710160783,-0.08254089420699277,0.0387149684245011,0.07793823340132072,0.030899329969563134,0.07107654726489884,-0.1993722721254868,0.018052033812519786,0.12785820632881947,0.10034330705520621,0.11632394305784136,-0.14713320255163592,-0.1263248667203942
988,-0.017097852073059926,-0.07434703280444364,0.04488263967909983,0.08015124242082997,0.04012065450525977,0.08117503971050895,-0.20135735118566725,0.03497846546511011,0.08846593211764062,0.07304265854413579,0.11076604133969581,-0.14083068326326897,-0.11994975445584087
989,-0.03563515364193527,-0.10973796746470806,0.017212463600792642,0.11584402344219555,0.022695593732361137,0.0657521692646044,-0.26622037960103395,0.10862573012157165,0.10680839704416492,0.10113948990149993,0.06958949222849373,-0.11021345240793595,-0.08586040622007078
990,-0.010526505258720325,-0.07326963974906082,0.04490136145943904,0.11105283876087452,0.0452875668366531,0.08576684228023701,-0.19877350487261453,0.05328209187378602,0.04093453414573967,0.03656091233149259,0.08992841344416373,-0.12235088976827264,-0.10279402148371725
991,0.004797321349373096,-0.04591760956298348,0.053070221250419436,0.07184979331107354,0.052333061045658276,0.08663640282495934,-0.1480766802793171,0.0401603220747186,-0.014064513078894236,-0.006623067896878237,0.09095221642387363,-0.09942420352492604,-0.08569326393707671
992,0.007968036735825098,-0.04176551174890036,0.05598303587664251,0.07570241974823967,0.055130879019395354,0.08916786955264358,-0.14433453307650088,0.041231714456060414,-0.030231899173642992,-0.018590873835308032,0.0928757200282906,-0.09810096728781996,-0.08503589029492495
993,-0.0005933270575789888,-0.05967639475274532,0.05280498177704315,0.13776598500840742,0.05275033901882544,0.09142922640490461,-0.18090109109372415,0.05787640998280781,-0.028877316866145676,-0.014287455110960363,0.09723073142323813,-0.11138669618889607,-0.09413539254517594
994,-0.00964779244415831,-0.06761676107181908,0.050353648937898836,0.08881340868013522,0.04688756307450286,0.08784817483348407,-0.19514943037562485,0.04347419617470663,0.03839933356490466,0.03482207921159764,0.12176466684512874,-0.13076635959223032,-0.10918272783852596
995,-0.03547276933098243,-0.08686635044859221,0.011204159721007235,0.052835938502816204,0.011673620153153465,0.046380882192085596,-0.21279174187584934,0.06277514189436552,0.1369244152061276,0.11447199709706853,0.090397158609669,-0.10631356681037579,-0.08521888491049329
996,-0.0337062083685191,-0.08724742540532053,0.012883178389960477,0.04894800179162627,0.014951234210783102,0.05059225819749913,-0.218313493156551,0.0666202802024247,0.14206935213260588,0.11853561369092187,0.08004060827398594,-0.1084457870232801,-0.08692761293613668
997,-0.021749058026608734,-0.09529676399208992,0.03260594926925471,0.1254378343616895,0.03761084134567473,0.0812837650101321,-0.25075099687830527,0.10849010682025972,0.04038331138882011,0.04723756517298811,0.08866344423534396,-0.10909380004404357,-0.08482219866311563
998,0.00023894091617497,-0.0611545447426626,0.052804812841937034,0.09148749051843225,0.054171429724769495,0.09345997550496135,-0.19065103105748113,0.07638240918413432,-0.02395333938197199,-0.007595914010359413,0.09991836839942544,-0.10185795717473019,-0.0832506407226295
999,0.00934904738996896,-0.04181531891703227,0.05868827004541686,0.08142293854248243,0.05797071537197543,0.09313969517878266,-0.1520856863294063,0.04966853994060922,-0.04287729021850542,-0.027002336083613278,0.0967963388324064,-0.0986194400074042,-0.08463547374568037
1000,0.004066612040178943,-0.04842089726698314,0.0523798116513275,0.08424132489233414,0.05194084107890804,0.08658934773399793,-0.15576261198110905,0.04968517037235516,-0.0223018005007148,-0.011914624776631265,0.08821616823378972,-0.096282794514745,-0.08243654696270816
1001,-0.012593884411110447,-0.07509213031593832,0.038274654641635625,0.12960606703194918,0.040248727096819356,0.07885665683363961,-0.20617622612714637,0.07826152587495383,0.013118476649535655,0.02065586223451302,0.08216986875981981,-0.1028546530127736,-0.0844749452558974
1002,-0.03046776708174247,-0.09548942068520365,0.03360973712125977,0.11263906482816656,0.030006167232641677,0.07339333975931334,-0.2229832012903257,0.03646373208291093,0.13590355637586518,0.10515407515071798,0.10358424213452365,-0.15291191306604998,-0.12890161256207716
1003,-0.029755560938549367,-0.0839943294033096,0.03236616324464282,0.0742523894467565,0.02937639183079688,0.0715185928318212,-0.21848038709363446,0.021575917223933226,0.16136757999434637,0.12629822540015895,0.11450556315532359,-0.1616220007945144,-0.13740854489777157
1004,-0.04098187339658053,-0.10148700986452686,0.018962266114379223,0.05514663717109985,0.017783773200245122,0.0601733613050011,-0.23727552657344866,0.03077131577856539,0.2240467884000478,0.17625479322656654,0.08738043003151634,-0.15769428497979954,-0.13308067041306562
1005,-0.03531601679246348,-0.10769550790220639,0.01765593550264484,0.11429989739926334,0.023315441854875982,0.0665253236144782,-0.2646333880399125,0.09848018994500908,0.11771751406791928,0.10285844951607045,0.06969841396853467,-0.11434188827864715,-0.08856436485556632
1006,-0.005486561614140272,-0.0675180245327387,0.04911050118911557,0.13736360889038776,0.051186992717768685,0.09251979457859422,-0.20713190152694885,0.06969941178663991,-0.005820474600194887,0.0040417297603774225,0.09512645567321991,-0.11717944554089717,-0.09591208678118353
1007,0.010081463139655395,-0.03644234578625984,0.0579189764627946,0.0771887132881204,0.05812329743809044,0.09292408223999155,-0.15058832437448985,0.041445825484721206,-0.03267934407992509,-0.02015336070509876,0.09633136712968887,-0.1044462784653158,-0.08970407177197295
1008,0.011740053946646694,-0.03346107092424936,0.06066699799325228,0.0794413467538827,0.06032006750867123,0.0954135016022287,-0.14679043942588968,0.033988934435432834,-0.029397450968441926,-0.01934715948101205,0.09655599029281274,-0.11156556869289325,-0.0975652030404408
1009,-0.006482980270370205,-0.06451362006196174,0.045017584274370165,0.13399268568846484,0.047370378542055155,0.08665482539193867,-0.1985203387442116,0.06476755369452243,0.0066666378969961705,0.013687110562862287,0.08759271869531088,-0.11722407898081218,-0.09900847668916486
1010,-0.02815038982271975,-0.08481825634641665,0.026239453105705555,0.10508588361993543,0.02891120856027102,0.0704462571659864,-0.22766984785615155,0.04382089971051329,0.1428582769221807,0.11009399962963064,0.09099968018072545,-0.15055493087638558,-0.1272622339932748
1011,-0.02179959602889497,-0.07088278401729058,0.030944929043702447,0.06412673125934644,0.032738742108218456,0.07246625976249352,-0.21289495681822304,0.043650924956536635,0.12897045651563507,0.10185731363042579,0.10308873706370673,-0.14777246611540218,-0.12449429136025418
1012,-0.018354728353030786,-0.07109229917324497,0.036935697274113236,0.12052483039122058,0.03736164921014115,0.07789748169789047,-0.2159834913198103,0.04999310992298796,0.08533481525280161,0.07038207524327186,0.09864825921789608,-0.14700524983807853,-0.12464214952615828
1013,-0.03754413558071859,-0.0985230102766486,0.0021399894093534493,0.10089930022276944,0.013186627551235263,0.05143383416124195,-0.2728150638368023,0.13458476971149147,0.10324282664935637,0.10166613283826531,0.05088400121504281,-0.08616831840606008,-0.06298695365852655
1014,-0.02492945664554566,-0.07764151420854756,0.019364998736683833,0.11196595067985177,0.025792832897032148,0.06337043412066723,-0.23052955170122708,0.08260968223348919,0.08788582704530419,0.07945893492743515,0.06164556763644939,-0.10930839484302317,-0.0896853108785694
1015,-0.008277596482439134,-0.05195839131292559,0.03609902002794449,0.05828525639378033,0.03789274748682775,0.07151291264519424,-0.17078442014005604,0.038286951673948515,0.06702437120404978,0.05420673981578485,0.07073219628191534,-0.1087228712554224,-0.09429691633860202
1016,-0.008320025907471384,-0.05430913515097586,0.03609178105271047,0.06403150408486967,0.03777183601670674,0.07129481485101845,-0.16934011552649064,0.03904493321573639,0.061277266402434485,0.05062962745125864,0.07052280671163462,-0.10637560462988964,-0.09231968857154187
1017,-0.009037429613526448,-0.0680766502637783,0.03960042981059466,0.13176918976879304,0.04331744535528237,0.08162811801151702,-0.20255443638878454,0.07767840831852257,0.0007469982690278958,0.012490194901681944,0.08442035463366099,-0.10498651299018256,-0.08699610981280864
1018,-0.02384684201161488,-0.06567186044696657,0.027996339015088537,0.08010042856106123,0.03039964952994971,0.06992954496426516,-0.2232341714066404,0.03498923943318372,0.1471322192901423,0.11579236103156514,0.10029857739675327,-0.1582661880852058,-0.1356192972715813
1019,-0.059712356181027354,-0.08496488499487943,-0.019435005619277853,0.020595427088388674,-0.014647261101127402,0.018813362065659818,-0.24692669354724248,0.023801481272588434,0.3407065583207266,0.264851165849196,0.05912416296052854,-0.16268172148203783,-0.1395242346314956
1020,-0.035160746076479364,-0.07231959921417211,0.010561531357668647,0.04556449662234767,0.015127986733867862,0.05221815252501463,-0.2313645183009527,0.04322860868484422,0.21277255824080332,0.1680243422630015,0.07759367251532712,-0.15433978625187786,-0.13190669909939284
1021,-0.040361535436134875,-0.09588853919520823,0.0036744739553463985,0.10103421294231091,0.012891358226194157,0.05270613238739188,-0.2706016997330744,0.09736754065518327,0.16177958562815864,0.13986867283922982,0.052674786544774505,-0.119668526784644,-0.0954764620295282
1022,-0.023320318794212393,-0.07276414816264867,0.025000617128989534,0.11363133228615872,0.029902475008317036,0.06905021645202872,-0.22597873705056104,0.05395227842953552,0.11813744140630646,0.0958143000974305,0.06819312900872448,-0.13600972388930244,-0.11560886192076629
1023,-0.00416227711328809,-0.047620980216635,0.04203019178703995,0.06233707651252767,0.04308902132883156,0.0773975431971143,-0.16624453339823023,0.031377821521297596,0.05687314703316234,0.04361978128458686,0.07934882298692404,-0.11619884414945972,-0.10184677077387112
1024,-0.0011200596896662092,-0.04708195990801181,0.045364595688754124,0.06693362738547648,0.04589897198711637,0.080007855330335,-0.16153878245292722,0.03813345652283165,0.028604805176069184,0.023910689556830674,0.0824045539732131,-0.10771824264894089,-0.0937995109210803
1025,-0.009592843572216882,-0.06391610527877412,0.04031712392114661,0.13223319764976832,0.042923165374205284,0.08132335209572623,-0.20147944099797088,0.06607488493835169,0.016436485747350415,0.021648733374716365,0.08718958403186185,-0.11568977938202417,-0.0974683579021406
1026,-0.036260149131794435,-0.07418821616477564,0.014668852003489195,0.056242196693931816,0.016469898869602703,0.054817079733374074,-0.22261094136833331,0.019810768088043298,0.2290046896907959,0.1769849283810629,0.08590048343259943,-0.17183158927593958,-0.14900800095205613
1027,-0.04168226893408536,-0.07445357144412917,0.009387605109645045,0.04965965287860966,0.009517241185231659,0.046534963540813615,-0.21551975313029736,0.005683401906588914,0.2595718309674391,0.19867957555745788,0.08721430812418468,-0.17895431078784982,-0.15563867497360853
1028,-0.03152085618979293,-0.07711329988681184,0.020941363468722364,0.057750669267606615,0.02250793978808863,0.061657711847192403,-0.22064566374431183,0.03420816276174877,0.18901370102256448,0.14944005365009244,0.0890766931776482,-0.1589668693148594,-0.13634960584788786
1029,-0.030663788836781836,-0.09673762932002433,0.01750316582352055,0.11531562863766841,0.02515565454184709,0.06655884083341476,-0.25922389467781093,0.10980829185044441,0.08993752863990297,0.08742771873202479,0.06805818502432107,-0.10839857207423896,-0.08474112917428804
1030,-0.012277528052809083,-0.07256059202855132,0.03996269016938127,0.13132283787285595,0.04331029956547999,0.08392309341712766,-0.21323002339819117,0.0697300776878922,0.032711820368017286,0.03457060826261702,0.08382445371255393,-0.12071057933321468,-0.10057715824315898
1031,0.007934160996687157,-0.042166132435892616,0.05619312242382091,0.07714381164339647,0.056552183262415845,0.0917264936426504,-0.1538181556690809,0.04862271901298163,-0.02906563540530017,-0.017096029653374617,0.09229983395140963,-0.10106653578981924,-0.0872598359798944
1032,0.00947415778067584,-0.04369914246751849,0.05694979593246501,0.07790940169188501,0.05732570511583568,0.09195990436232675,-0.15037077555227285,0.05858442291040823,-0.05235895758144369,-0.03208013314465222,0.09175062377851825,-0.08933232892835584,-0.07611267389787164
1033,-0.003816249475611159,-0.06724783410309823,0.046599958001614636,0.13697035812393665,0.04920122316924534,0.08790027556381017,-0.19536037446881047,0.08809641493016532,-0.041634623157741295,-0.017555654223732182,0.08990165981788756,-0.09534925253752585,-0.07770590164014046
1034,-0.02018756176362865,-0.07345230905543064,0.038003918367218704,0.10942966185847972,0.03665097532747089,0.07756997747144469,-0.20479295375625056,0.039855672174854494,0.09761273894233057,0.08081264351800667,0.10574689880545392,-0.15463172164879424,-0.13261794024115534
1035,-0.021798046961310834,-0.06687154519622696,0.037429772535151964,0.07755108241666932,0.0340301573093352,0.07394925373688302,-0.19379213691222433,0.015409094307637851,0.14000389896063967,0.10856145890216583,0.1151261011921056,-0.17087020392488206,-0.14872888636594403
1036,-0.021986974499235798,-0.07065072375313247,0.03394933317728797,0.11534302495145086,0.033534446110927735,0.07363944856883183,-0.21095830923613776,0.03761047558074256,0.11263043495961135,0.09098482066686939,0.09930963942091751,-0.15750452031970089,-0.13590109562843206
1037,-0.036834106091433894,-0.10195713871416238,0.006371358718381257,0.10496163862254174,0.015769187843173053,0.05511968928625528,-0.26826764152537125,0.12864610614996552,0.09924799954399866,0.09891073307849145,0.055947323885566724,-0.09053786765757554,-0.06737728313983067
1038,-0.02585773991280612,-0.08488350128960721,0.02074436911098119,0.11327195794301374,0.026217193976410133,0.06464100026142577,-0.23014640906299044,0.08256541109076215,0.08619361060744127,0.07775924847597225,0.06355311160887712,-0.10722105442437506,-0.08683719838510484
1039,0.0005241562271116497,-0.047185321296199664,0.04791783250810034,0.06631698955521478,0.04773055368900099,0.08182946933617993,-0.1528703523511068,0.0322368177524881,0.02304026388746509,0.019361752728722533,0.08318991345230713,-0.10779517468489756,-0.0942969008043864
1040,0.009087277421169762,-0.03947770311961729,0.05634588070888777,0.074585099141378,0.05605361570689929,0.08996389576490836,-0.14369411370176738,0.04093773209646652,-0.031163706562779527,-0.01958409089646489,0.09255091573219142,-0.09918168195954082,-0.08642312033173108
1041,9.88354908765548e-05,-0.05693993508710294,0.052582504231327536,0.13838670751364496,0.05314173118195073,0.09160860179814463,-0.1792661819442178,0.05469707453098973,-0.023608508548451045,-0.011210139024808588,0.0971728527271614,-0.11652612618785255,-0.10013741668166255
1042,-0.020207907753981562,-0.07580139925263535,0.03922318242682542,0.07322168899855327,0.035531870131132806,0.0754738271854229,-0.1893509519476775,0.02022955346605216,0.12328194311762443,0.09741485513737223,0.1063393219331557,-0.1532589533777037,-0.13209703006414059
1043,-0.030417363168416568,-0.0848417924343572,0.026272948583454043,0.06569708879424395,0.022316367314413728,0.060078731641870414,-0.18552746911395523,0.02109844538012127,0.1495106692697137,0.11685419018391296,0.10284265017008783,-0.1427632707487962,-0.12112119587229263
1044,-0.020667501654747185,-0.07550237269851717,0.03572380245633686,0.07105544278518618,0.03346417086019155,0.0724273458289722,-0.1897936190853836,0.033529770731228994,0.1055039728668532,0.08262445847614085,0.10242500220070815,-0.13663475148127152,-0.11415572128569833
1045,-0.024041919529749472,-0.09787730093974971,0.02902687267245691,0.12729232461672907,0.03445988218339169,0.077582562380238,-0.2519106124302906,0.11508495907764921,0.03860337192652872,0.047870349268029036,0.08397553849629108,-0.10231760814939793,-0.07774841957212598
1046,-0.002908198918050014,-0.06350231909862147,0.05243214764665164,0.13889663813966835,0.052686074847595854,0.09300168661556409,-0.19159497891920604,0.05820163169503681,-0.01259429386564491,-0.002188651516371553,0.09860782361021989,-0.11986666375271682,-0.10117089648412575
1047,0.00900519275335291,-0.039455468718952606,0.059479642401908846,0.07853070473679773,0.05729871390969049,0.09206286498634604,-0.1434856587850125,0.03293170524981355,-0.027341010605253756,-0.018131783199591245,0.09714076667599011,-0.10585689316703979,-0.09217877623804964
1048,0.010567687247862508,-0.03773425804940193,0.06020416414446625,0.08206055497792712,0.058245740337418604,0.09260510863973792,-0.14137541330489684,0.03702553650911347,-0.04145110003453517,-0.028075763718525146,0.09737567129623709,-0.10137343069532875,-0.088074497350075
1049,0.003477275043200791,-0.05379221334754793,0.05905775048900697,0.14550502106082952,0.057579321629563564,0.09667083573646156,-0.1744280727046707,0.05005005180486777,-0.04181972563174461,-0.026236403028313034,0.10466862617905028,-0.11888310721106594,-0.10184936001963818
1050,-0.025558067244065046,-0.07414131708883558,0.034587189026649943,0.0718549614723502,0.02901692277051533,0.06801640642117475,-0.19031981351393337,0.007779538950971008,0.1555665589968392,0.11782579427023335,0.10524693238951077,-0.16076902034379284,-0.13910608610761746
1051,-0.03310768388735144,-0.0728546268390822,0.023513363813899565,0.062425959070697756,0.01723520320871342,0.053097907864361735,-0.18823832982285948,0.0023873203834641503,0.1903526616464507,0.14289197407301554,0.10148497782063917,-0.16009352689703776,-0.13909520043491092
1052,-0.016676164927088854,-0.06211076460999663,0.04388579589773697,0.07841989080289621,0.0380792352927079,0.07732105901073003,-0.19180565666504018,0.014295979295498345,0.11842942271679163,0.08984084861242528,0.10961798799020064,-0.16010187934054856,-0.1391957540763126
1053,-0.029298138587292414,-0.09890816475439178,0.020477057987202445,0.11963114302510695,0.02662708035947687,0.0680866082501708,-0.2596074245395867,0.12024569544054993,0.06318614133725847,0.06906864672043618,0.07468921468524777,-0.09916019903780622,-0.07503766088637247
1054,-0.008742256149593945,-0.06575949679709768,0.04580011226525029,0.1313178697556242,0.045869072131602885,0.08553071017528711,-0.1971727232069896,0.05022483542908948,0.02744996529759402,0.026279273269359353,0.09219951018169353,-0.126140245870328,-0.10685662648149152
1055,0.004795954748523921,-0.043436026765476796,0.055561150801421835,0.08018952492898244,0.054030346097167864,0.08957062240283133,-0.15466474259193422,0.033099487188102066,-0.003570131662568999,-0.0010050865380322844,0.0975859427783296,-0.11342387306031897,-0.09873316832702768
1056,0.00863642748852981,-0.04122550254214061,0.059338944234019524,0.08704271101485443,0.057876063424852034,0.09338528084853066,-0.14927588378525836,0.03807495862917633,-0.031618736766877355,-0.020072231306621658,0.10039281492396493,-0.10816504941050785,-0.09438979675252174
1057,-0.007879453632158046,-0.0689865082975107,0.0483858028882238,0.14429915404868904,0.04799234770184434,0.08848495133898573,-0.19813696728760405,0.055976902709259715,0.009556758649554268,0.014015548541306093,0.09697016440509618,-0.12455933953954341,-0.10611936152614282
1058,-0.03288652688454779,-0.08548034566327709,0.029973758074235083,0.07148833716132394,0.025265094406484168,0.06702833985151167,-0.22081489764645942,0.018590674114336573,0.1916487638642263,0.14743860917870635,0.10246211030670782,-0.16923869020687304,-0.14547522655637435
1059,-0.03378483504783464,-0.07486968466035898,0.02846277071203853,0.07097711255868452,0.022017363441510725,0.06207860817151773,-0.21181459705763406,0.0012267997927720598,0.2082726809848741,0.15739827559386227,0.10791405607456209,-0.180550574024612,-0.1573279765393821
1060,-0.026322859512028386,-0.0719024292292157,0.03221101047452489,0.07789304948082393,0.02933388845850385,0.06959259368344412,-0.21579070369674314,0.027281508741792256,0.15731884207613972,0.12320505378916771,0.10190414902903132,-0.16375359100561093,-0.1409705122898294
1061,-0.03531539271302008,-0.10076590626692532,0.013097460967031141,0.11263367859272005,0.01986834308694406,0.06084824927408993,-0.26317274906740346,0.1066214737783597,0.11124081292649234,0.10333408334704805,0.06791623855943224,-0.11013173097775387,-0.08617456150701482
1062,-0.022858437723150538,-0.08072790444503208,0.030143734020520917,0.12006124228483407,0.032344822066516725,0.07271146491825198,-0.22327535697703038,0.05526337265579825,0.09886327485642159,0.08154303095929617,0.08017405555438256,-0.13261145065989627,-0.11163184751091297
1063,-0.004089000607826284,-0.05090061769536282,0.046421457236061094,0.06958195542653065,0.045133025853879474,0.08067536292356492,-0.16368736680200094,0.0226724999061963,0.05404234996537687,0.040644365042562844,0.08827730676118561,-0.12201368866369461,-0.10675764934647293
1064,0.0031372387875899014,-0.04651413818462372,0.05413532362360853,0.080853003231905,0.05259852273107004,0.08824759604931567,-0.1551435245049727,0.031087719997450566,0.0038453044206406503,0.004932194714401178,0.09491786320936889,-0.1132384858747546,-0.09885861820099927
1065,-0.006372816295490223,-0.06686074181000105,0.050918901557162846,0.1455896544184366,0.050255154866837765,0.0912456443209248,-0.19601558290401394,0.05050843325509458,0.006984988565531136,0.011448470637116709,0.10090543505290192,-0.12877570790231552,-0.10983183376218554
1066,-0.02992970255783291,-0.08171810510833141,0.0318823458546954,0.07379408754646762,0.02847776455034495,0.07050691020676604,-0.21688926135699355,0.016938539608638958,0.17887575788655727,0.13770795101814695,0.10582427200654419,-0.16994647000423063,-0.14552408965077265
1067,-0.03819975628389969,-0.08149526091069502,0.020847164453391298,0.06671599711127338,0.017509631721533025,0.05762252055404752,-0.21840720633460428,0.0011127805549890008,0.23322592340928036,0.17537639216253045,0.10429231389386984,-0.18127654423717543,-0.15732395609454017
1068,-0.034845230909829945,-0.08496232345671294,0.022588831530137306,0.06943234936674421,0.021304662985346702,0.061979270189137084,-0.22726564257786183,0.026756582758253437,0.2026749001269617,0.15600792378401962,0.09063920613279655,-0.16374625941753934,-0.1405642705114524
1069,-0.039869249589182996,-0.10805135578944984,0.010065850566763129,0.11005359452477347,0.01635244115974932,0.05800495636190867,-0.2680946314160077,0.10243110757616662,0.13578663939630436,0.11935033343905331,0.0646098953198587,-0.11264832661241823,-0.08799125493751885
1070,-0.025698270469209868,-0.08561156120293043,0.027900932197795224,0.1191187148241149,0.02994790330543272,0.07058286042572497,-0.22583233364218686,0.05377965535872965,0.1124247549574143,0.09047681027063234,0.0780020733626661,-0.13319925355670206,-0.11189228583148099
1071,-0.001482669576653827,-0.048569455514321194,0.04978502193418543,0.07769590434192782,0.048164672806026786,0.08398061658759857,-0.1612475200814824,0.021786325807748138,0.039464209988167354,0.029657335059918077,0.09209887392221779,-0.12328983290421923,-0.1080434823711131
1072,0.00624482182408362,-0.0432695146806191,0.05716892663058724,0.08590499264986373,0.05562040052416742,0.09121539509473281,-0.15216895008186854,0.03435873719592198,-0.01603920110073112,-0.009356613708800244,0.09792516499200539,-0.11085195035389685,-0.09675220898544624
1073,-0.0013631465425514447,-0.060681187874880346,0.05428787212221828,0.1510536866545401,0.05452093364651925,0.09503038933373428,-0.19094565328933671,0.057573744794877924,-0.02358724850635446,-0.010675134350973786,0.10424977051565935,-0.12381674154279636,-0.10564728496065597
1074,-0.02864701654991857,-0.0747518998169113,0.03012291205986433,0.074302333050233,0.02820602863140103,0.06922791601964198,-0.21298975332547787,0.01011189500151002,0.1882954327027761,0.14418359473230477,0.10581360941985847,-0.17867683859865083,-0.15519821332663086
1075,-0.037495558391948486,-0.0713810522361243,0.0169149571098518,0.0637977293745068,0.015369026042550372,0.05360637788116226,-0.21535575690128755,-0.0035644283329427854,0.2420007059429751,0.18298624808804548,0.1008902907868242,-0.18573641612102665,-0.162032123242586
1076,-0.026133099867968947,-0.06463219901219573,0.027778756196993357,0.0775537327349925,0.02726121761641246,0.06616014912410619,-0.22010685490571827,0.02645232460745603,0.16485844920738285,0.1291907353113664,0.097720914588357,-0.16436737672056945,-0.14173674888061422
1077,-0.03962292995323726,-0.10267484665951458,0.007397152433228357,0.10833465320366098,0.014713169529296116,0.055189680212811704,-0.2675975831973844,0.10378721653169072,0.13771280669860927,0.12526063269632912,0.06168009929623481,-0.11407748398244137,-0.0901025668092835
1078,-0.029532348016538184,-0.08798935598955988,0.023185302787900902,0.11602896493463503,0.025447020827473923,0.06566274726916783,-0.2287247634784001,0.052281836732822516,0.13227218987852943,0.10747451316862733,0.07210465199161241,-0.1347506282516187,-0.11346013185465241
1079,-0.004437598570124994,-0.052294703753331166,0.04738017537016008,0.07454324727204115,0.04524910783036775,0.08106673574553279,-0.16307361581114876,0.020261166405472576,0.05428244965523582,0.04040882983392942,0.08897564275941697,-0.12388049835681747,-0.10848093838073398
1080,0.006097474894732809,-0.04375546160490137,0.05787334598426412,0.08832672003164187,0.055609530872678094,0.09129064170797571,-0.1519101980777024,0.03419517915454972,-0.01852521783881104,-0.01099620533150034,0.09859682543428323,-0.1105416341994863,-0.09626100102772404
1081,-0.00013163446586411117,-0.059616127681331905,0.05633813991713918,0.1561069429368439,0.056016038622324814,0.09669755730516173,-0.18970024709957845,0.05790476835984773,-0.03408586765162133,-0.018743427330107955,0.10648962689193776,-0.12284430995646868,-0.10443145984828262
1082,-0.02485226831903387,-0.07265762995852593,0.037547134325256706,0.08306755935447503,0.03361669153152442,0.07562065799612942,-0.21148081856138715,0.01212389609074384,0.160217166031312,0.1221142469157417,0.11401038248868933,-0.17658119987253654,-0.15274581802238876
1083,-0.03179583112694803,-0.07422046872069878,0.030529444089077016,0.07597240708670036,0.02446762314316789,0.06481218111953117,-0.20928311090585067,0.0006915518594454858,0.1975423777098762,0.14770709155943984,0.11353473994529965,-0.18169149419362604,-0.1582665115654138
1084,-0.027681132939629434,-0.07531275628549867,0.03104354790822709,0.0879349008309663,0.028415436796487288,0.06900563783514803,-0.22044511309677545,0.028775600916609332,0.15698809633394223,0.1220883481111042,0.10146508322346909,-0.162237877793687,-0.14003977184036287
1085,-0.03818763828773236,-0.10562724468101467,0.008701070840834598,0.1095986629188028,0.01609625901848031,0.05655168513170016,-0.2694501640042592,0.12044799243258157,0.10951688842151319,0.10426746684599426,0.06135737181818443,-0.09845159455682911,-0.07482075589825614
1086,-0.024454111163389608,-0.08426376562223206,0.02684613578561081,0.12128348904674749,0.029957325701722947,0.0698352219740613,-0.22595007839817982,0.06582494684997224,0.09296738434925368,0.07964278131165686,0.07524479037453952,-0.12369744402272545,-0.10323667618703786
1087,0.0008900122454508129,-0.04609200386321492,0.050416504291859794,0.07725648020694512,0.04964449560580273,0.08489509717919633,-0.15915144589310784,0.03100204422236682,0.02061799413633042,0.01734529528420796,0.09213908652931166,-0.11662190190856624,-0.1023416580365825
1088,0.005735932568515518,-0.041870552138044574,0.055314715495866695,0.08411764849791088,0.05445098234058888,0.0896291882937688,-0.1530840164997808,0.03479212359518119,-0.010939009472470949,-0.005650132557523053,0.09598089694468072,-0.11117337927164914,-0.09730439779704406
1089,-0.0094296764146615,-0.06425528717227845,0.044267280694342194,0.14080713006911486,0.04507411831579917,0.0847033033305708,-0.19946644682516393,0.05177891907108042,0.025720489926087286,0.025874624074201727,0.09329577801105293,-0.12844238406484462,-0.10992784901530078
1090,-0.041182718401330816,-0.08411642551361898,0.018105756274917128,0.0613333268601613,0.015368529486857055,0.056098510847801104,-0.2255336017330756,-0.0018124562628686885,0.26531349962594664,0.19904806054637414,0.09358129083975089,-0.18998333767955786,-0.16622043489135602
1091,-0.046526094903254614,-0.08260708560288954,0.011205240278101955,0.056930426496609565,0.0069116447314179616,0.04545542415968589,-0.21814795227411712,-0.007705705871083024,0.28152801405452293,0.21085878140926767,0.0934980134633521,-0.18763436533119235,-0.16376634061042103
1092,-0.029969532407374946,-0.0738556655531373,0.028219548385633553,0.07594954742190084,0.025501199770193682,0.06562071188059443,-0.21845810175495173,0.023534313136877153,0.17594237074566726,0.1370464007312703,0.09827459311402849,-0.16540596539141894,-0.14239942007928258
1093,-0.03979090487314411,-0.10552667935979256,0.009349246898683276,0.11124706798884454,0.015571835825721145,0.05665407196730494,-0.2658172877433076,0.10361423835925558,0.1331872695246865,0.12067323863959488,0.06418681130979757,-0.11355428046193433,-0.08979462807571005
1094,-0.021585973584144328,-0.08139535310012184,0.033709410017596975,0.1318914137049931,0.034912140476476984,0.07607200025283198,-0.2212241732943031,0.051676240111049924,0.08929981307277704,0.07309656139629099,0.08361022156407806,-0.1356752108976231,-0.11438708971990265
1095,-0.003869832022224571,-0.05101803754639125,0.04640065722283231,0.0763369970800794,0.04398120669048937,0.07846233406012504,-0.15683907949044443,0.021326752088096326,0.044245040011484826,0.03191157123704405,0.08745523437613541,-0.11635290403212195,-0.10203993967510439
1096,0.0006139670252809406,-0.045704126196484895,0.050126436700245885,0.07952677046540121,0.04808450751013113,0.08230704207367937,-0.1519734452431957,0.02504211646049953,0.018039378067939524,0.013660838076102702,0.09020224523835829,-0.11187392874388559,-0.09805180143407226
1097,-0.006161474098456299,-0.05848647003673176,0.04740847439438562,0.10130935416324544,0.046734760824956485,0.08508133293465579,-0.18511120435033337,0.03985265182912429,0.03814309211124567,0.033267658751678336,0.09464334076755061,-0.12717678335292665,-0.109504733938394
1098,-0.044758322029320605,-0.08172412418370324,0.009057811207918055,0.053836149689326734,0.006181361978496025,0.042961829858829126,-0.21352019228952407,-0.004965236380155175,0.26967113710197255,0.20273798943180166,0.08035358718164021,-0.1713038089101563,-0.14852818265712472
1099,-0.053666381668441315,-0.08427288443699626,-0.0014275789227678303,0.04553472591716711,-0.00571691453686804,0.028878602222639164,-0.21858913799115565,-0.011611308418462965,0.31115227195587947,0.23371209473452523,0.0775832546856441,-0.17171324551596037,-0.14986349802520255
1100,-0.036667950662102315,-0.07694934925621552,0.02002220224258912,0.0621073120009864,0.016328613011599682,0.054567876718428054,-0.21515717889013214,0.0015299923860157027,0.23364809041521453,0.17456932653189633,0.08722027514618325,-0.17118346031521525,-0.1500357493292475
1101,-0.03710093832087706,-0.10715963171748669,0.014504868796877683,0.11971429232674165,0.020150621436859743,0.06251616462028878,-0.26742183868249914,0.10682788854672076,0.11230513069746122,0.10287109261810086,0.07065271239780814,-0.11121648981586353,-0.08664387290413239
1102,-0.01651124468474439,-0.07667143947714253,0.03983082223765802,0.13145794294440716,0.03972437355358955,0.08045621163668762,-0.20437821609730716,0.0388426589845074,0.0770609349269961,0.06075307128005307,0.08855712996527322,-0.13899368309437843,-0.12012856217559949
1103,0.0020510975259711646,-0.04499094233708428,0.0517453334582648,0.0820254494763128,0.04986739060151323,0.08434612581375275,-0.1512744148390656,0.026518684522518255,0.01094660615351381,0.008648858814631342,0.09261451957564086,-0.11307205516371775,-0.09942665360225122
1104,0.013009955720005852,-0.03216107921758154,0.06318552149001568,0.09360740284263044,0.06099008970044954,0.0955400686481601,-0.13929384938054493,0.030086030252806106,-0.0482797467105259,-0.03532955570886036,0.10285539291317221,-0.10869254248733635,-0.09551768806239073
1105,0.001450018567898722,-0.05262633679026327,0.05630318312004117,0.13955182573150676,0.05527213485991465,0.09418814809917543,-0.17682596007678053,0.04312024537581934,-0.018943288890938423,-0.010672731190108439,0.10321494972686275,-0.1255792759194321,-0.10845291261369598
1106,-0.03719283494019828,-0.07647225620392246,0.016290651826519884,0.057872042679587725,0.014203925513414312,0.05129532120806052,-0.20300144739194162,-0.0018656085312638874,0.23371882717477427,0.17670580059466076,0.08779160867544208,-0.17059005666594315,-0.14875597393918988
1107,-0.04298964858931022,-0.07551517105105549,0.0059155060510969375,0.04887087671330841,0.004732317343611939,0.0391763524985686,-0.19660011225654905,-0.006133716249548894,0.2578689585255407,0.19548803309011467,0.08451051626907234,-0.16842520851216286,-0.14689870383268683
1108,-0.02854632106304438,-0.06729181798158465,0.02229801591358341,0.06008721801062492,0.022412667965499934,0.059347586635697516,-0.20400909637127418,0.016134050495555483,0.18508714320990768,0.14255504090297672,0.08815337684378047,-0.15836047860251468,-0.13786738595920803
1109,-0.04416272189846442,-0.10471339356043739,-0.0023848031025992273,0.09931465038873026,0.00764411580163778,0.046577566525655346,-0.27696630717100484,0.11969367317232897,0.14920390278788845,0.13690219486062366,0.04890542275208038,-0.10169291655255819,-0.07832138400388097
1110,-0.026174030887990866,-0.07272842341257281,0.02250582019762401,0.10754033281625076,0.02569100596564682,0.06370200445906943,-0.21549074348457337,0.03321325447253073,0.1465026116015318,0.11500559380857864,0.06619946669710815,-0.1427864363601612,-0.12318045587304198
1111,-0.004872587957139829,-0.04816082355413827,0.04398172852118121,0.06595614028231297,0.04374663695890225,0.0789120413477172,-0.16459085852834815,0.01833354508145824,0.06758135365509599,0.05029961716414263,0.08578715955929563,-0.12613050895602718,-0.1108434435744525
1112,0.008249010408746585,-0.040264608944241234,0.06012990110435479,0.08626750023557717,0.05856263274669478,0.09474952610080707,-0.14921475777607499,0.025696894397632924,-0.014133410130239533,-0.010728460994923339,0.10215073337808875,-0.11804394239287128,-0.1034210181335515
1113,-0.00188898735220986,-0.06054395382341238,0.053580711463031144,0.15066563801526925,0.05401100367471638,0.09451162054075685,-0.19061220060394007,0.0526208102242468,-0.014934067170879388,-0.005900538449087987,0.10360569412400089,-0.12691118695162698,-0.10820454369086452
1114,-0.026849836080596316,-0.07215010659444147,0.03114281231962664,0.0744942800105951,0.02955962788740178,0.07012673699286025,-0.20903128297002843,0.013958956274821355,0.17412732986281523,0.13424362063905576,0.10531960119635704,-0.17418486225141108,-0.15075687728705567
1115,-0.03912618580859764,-0.07652742348016961,0.016419555398543263,0.06151694696669882,0.014364527405199248,0.052756404281835305,-0.21008809095658598,-0.003461549782835607,0.2458306327389495,0.18718119240506634,0.09800862911498612,-0.1852982042646258,-0.16157643401846378
1116,-0.02832865143104237,-0.07172320227969053,0.025597490322366353,0.08938108365754255,0.026510638818869232,0.06634093248212619,-0.22206226904811374,0.02752569448909261,0.16781950394432674,0.1314218791481941,0.0965566301649831,-0.16558846162489413,-0.14345126864375984
1117,-0.03881464230193663,-0.10122153112109779,0.004275199851783437,0.10532229332626838,0.013606536027461763,0.05287924787810454,-0.26794836793797905,0.1190654688868235,0.1191205492158076,0.11486623346693633,0.05662296079793911,-0.10037442857282938,-0.07739951951728191
1118,-0.03343954650573001,-0.08668262679778983,0.012133927269306014,0.10528056789864391,0.018019462943700677,0.05604337150861597,-0.23539605128628285,0.06310047405020962,0.1508662884029873,0.12320392304658676,0.058233568910747935,-0.12598282248386364,-0.10538053695713176
1119,-0.005527022093538585,-0.05161282549442141,0.04130332007710375,0.06342381238499074,0.042182331911833945,0.07676372297623822,-0.16618657600895784,0.030417895468093974,0.058270774714828694,0.04538216482163093,0.08114413676081567,-0.11521974365577976,-0.10034199186283817
1120,0.0052212598214399775,-0.04473279713151943,0.054914277469014144,0.0787340370008168,0.05438853389129145,0.08985209037409636,-0.15330795940314532,0.035925231025186445,-0.009599124892218756,-0.004763308902859265,0.09625975397178897,-0.108629680625735,-0.09426231259815625
1121,-0.009912060198611477,-0.070312980460311,0.04513171750145396,0.14114030551411402,0.04582871287208235,0.08625186583248834,-0.19960899029274465,0.05266427237659423,0.0252864082741233,0.02400804769650965,0.09533509069495977,-0.12727817315659143,-0.10853421665406698
1122,-0.03366192128036856,-0.08472405769572881,0.026797997301500773,0.06943920646157048,0.024364381479593376,0.0660717968155796,-0.22057437711740704,0.012207456456661733,0.21009929953213316,0.15889601439635037,0.10258351593839266,-0.17751788811513394,-0.15398142417314362
1123,-0.030537487047755434,-0.07234752940195584,0.027735540491049912,0.07250563244087145,0.02545417013178471,0.06563645535418353,-0.20587669326546398,0.0011713502913652193,0.19770397539344461,0.1503782425672477,0.11039449950106783,-0.18269553212511003,-0.15952262433072947
1124,-0.024554110150874674,-0.07274612776687465,0.03165157023118323,0.126251864633242,0.032145302059048246,0.07319985416131018,-0.22197827113052815,0.031152691917042348,0.1253236729844661,0.0996712065287258,0.1020797441665239,-0.16212628973266963,-0.14007110790059452
1125,-0.03976952571744315,-0.10554982748430841,0.004578961062973499,0.10629606824154297,0.013555674264333399,0.05339263616209862,-0.2688794605516241,0.12041386208681316,0.11943243979617288,0.11505062703294278,0.057728788067712825,-0.09954378252153923,-0.0767064604396755
1126,-0.028703908644618976,-0.08614359938130368,0.020500420659025034,0.11448991005039388,0.02480313092170742,0.06410028446987676,-0.23014853690755785,0.061619430901037615,0.12282611758367538,0.10156377244352432,0.06933281918222314,-0.12742033052484286,-0.1068195107531401
1127,-0.0010842702796959327,-0.04964907502198926,0.04873777099439433,0.07388788389396701,0.04820083088810593,0.0837623325678705,-0.16003435795122173,0.027275393138678966,0.034019599136280436,0.02603759892459451,0.09107275868465795,-0.11853425879361897,-0.1036922061820236
1128,0.009179101110625934,-0.04209917918812059,0.06121200125037794,0.08956682073321252,0.05951230251801587,0.0957049873222927,-0.14809175872413335,0.03384356623575136,-0.03164683624507673,-0.02198599240997272,0.10364370793377368,-0.11146934151112955,-0.09736937902561697
1129,-0.0028716011039117513,-0.06590815971496865,0.05348134955350672,0.15278085799687185,0.053625984565769606,0.09452694440439399,-0.19220085873576429,0.05987797404319607,-0.023350559046956307,-0.010806871860539349,0.104009872028628,-0.12083909529356016,-0.10232583683666564
1130,-0.023471783022067354,-0.07809440487149888,0.0389050941917388,0.0841602437853329,0.03588437559715007,0.07850793619576718,-0.21022412973698293,0.020428226306152604,0.14574930679132603,0.11158026516081034,0.1163751061323627,-0.17145541637623404,-0.14834482015385714
1131,-0.0223010011963488,-0.06828452610167664,0.04073678409866948,0.08708795677462404,0.035918413653513885,0.07754808750312388,-0.2065403024484857,0.006372453298073669,0.15144887100825313,0.11305001157453815,0.12488040118360696,-0.18104827036343207,-0.15886887898445973
1132,-0.016698196397568334,-0.06642328779284415,0.04206128457349318,0.13115794422228066,0.0408978359196656,0.08230958683183759,-0.21040474586833616,0.03357303542587463,0.08389630874292073,0.06643188825758509,0.11387399605620231,-0.16099694505156614,-0.13967870491954482
1133,-0.03840744298782746,-0.10414441851898847,0.006621073609180689,0.10811023935799302,0.015224041304052886,0.05523135850725107,-0.26822512958069683,0.11902353970161327,0.115677941354624,0.11083395947842459,0.06167444445089095,-0.10202692028211627,-0.07959268639440148
1134,-0.03546506956124422,-0.09517118023146141,0.014705209485342404,0.1116649478531053,0.018514341768106506,0.05811672281567538,-0.23632784110161162,0.057332235366707174,0.15943447785481654,0.12739829886723197,0.06462825850235694,-0.13256137100150794,-0.11226903061751692
1135,-0.006261536364089213,-0.057171838485430705,0.04313154956818564,0.07324911146614049,0.042785426085732374,0.07821686180772244,-0.16654111565373608,0.03130922209254681,0.05407110019962004,0.04087298548533199,0.08320496465245848,-0.11570059987208771,-0.10116613098239441
1136,0.007392679264112399,-0.045957146392030544,0.0587140808465666,0.08830524802858059,0.05730804737488801,0.09324363459446967,-0.15099187871395262,0.040121832046951474,-0.029116646536800996,-0.019501951083420926,0.09926392113842392,-0.10625790116842442,-0.09252391939936307
1137,-0.00318246187117072,-0.0663890439525132,0.05241577653446819,0.1493164812075825,0.05281072559986548,0.0933785289981884,-0.1936550151137266,0.0643653221087846,-0.024288002729889478,-0.010500827487707086,0.10231478839908573,-0.11736443987166861,-0.09922183182129904
1138,-0.022335806067474154,-0.0738889350175372,0.03857840063915072,0.09056556581996104,0.03573162005121715,0.07745310715555534,-0.21068969677783014,0.025918239048178384,0.13339034617939405,0.10403187974200193,0.1144808082177991,-0.16756635941057701,-0.14566916957983897
1139,-0.025748773562995708,-0.07217517342103046,0.03623427470402983,0.0798557647131756,0.03142117562194792,0.07223974780217203,-0.19631822750054417,0.004027977027254367,0.1693140463793703,0.1273427459814267,0.11880073855646062,-0.18319599464844202,-0.16179830165282463
1140,-0.021171936438237192,-0.07046406740127148,0.035155527478301696,0.11825280576217606,0.035220281196980056,0.07594860746332423,-0.206718674255393,0.03197037076845274,0.11009806485176243,0.08762939860561861,0.10699670673990302,-0.1620695443910228,-0.1408475403805942
1141,-0.035678491636957445,-0.09492889480212816,0.006700682042859392,0.10801551403560124,0.016181149662354823,0.05507727225672206,-0.2662315366027653,0.12186903454393608,0.10227321296752036,0.10149719262626666,0.05994060450955711,-0.09874383425258954,-0.07597190535037736
1142,-0.03890000636724171,-0.09171241774110928,0.007644067864588734,0.10171462410547308,0.012628791643766586,0.050693531740761744,-0.24082834903082054,0.057614169760540526,0.18349109703841474,0.14822439718675953,0.05510688861025793,-0.13287056851579404,-0.11280622629559728
1143,-0.006131351597527563,-0.05449370300901686,0.04194194143224275,0.06955141689832083,0.042118750248944126,0.0770446266609341,-0.16667643232995463,0.03130171277402667,0.05638753177691386,0.04343551928047989,0.0810707715531191,-0.11513187339571013,-0.10041891029277206
1144,0.003311653521356533,-0.04791107715778677,0.05286310684570577,0.08441877697303372,0.052289052364966664,0.08763278701805999,-0.15571944639408236,0.03863558611055855,-0.005581870149818962,-0.0018415209033868136,0.09306156169988924,-0.1074722833123626,-0.09368632661613287
1145,-0.011671321148805917,-0.07315232828018564,0.04112281483274111,0.13772136775584462,0.04267509215177393,0.08219701117934967,-0.20196774711379362,0.06433656215666957,0.0205823072058548,0.023744488505388187,0.08953599375829079,-0.11669340717049233,-0.09843083383263512
1146,-0.031655546404990506,-0.07849172007790459,0.02582510993803303,0.07395654310711305,0.024209871951709094,0.06439696556452265,-0.21661948089560515,0.019606469769276498,0.19168256767561637,0.14744458766826488,0.09958371048680341,-0.17109253046102615,-0.1488465483218124
1147,-0.03283081195734931,-0.0727266923769073,0.02572499195574515,0.06733435029859076,0.022271586232639654,0.06168173740086978,-0.20490058566133737,-0.0020436342268176115,0.21594140362843875,0.16265332430083665,0.10635550417993006,-0.1858494112855985,-0.16361176248904044
1148,-0.027880301203805018,-0.06944753881543164,0.025809513609789322,0.10201742940506733,0.02614604329197115,0.06525297876184091,-0.21493455009772794,0.028607422012098534,0.1553464185948559,0.121132242979741,0.09406099692996826,-0.163951179884653,-0.1421594755837147
1149,-0.043821705121851386,-0.10219247204496051,-0.003661308842007649,0.09819645044565677,0.006683205098810301,0.044736391145097976,-0.276152445594476,0.12383413678456412,0.14271395672415246,0.13186582083048087,0.04666548419947384,-0.09601115697543414,-0.07285635664950686
1150,-0.03915529989726552,-0.09169437989886599,0.005744621805192362,0.09886020430325805,0.011641454150283085,0.049247438318447675,-0.24226514282027486,0.06192121498393622,0.18266437578079278,0.14710545023384505,0.05106751496823129,-0.12772514156650613,-0.107412310361074
1151,-0.002909639953126527,-0.04471418780583659,0.043614787678596875,0.06464453746562655,0.043591679553815404,0.0772306626658304,-0.15677766922116834,0.02047366557536801,0.05466509949838453,0.040270298578855876,0.08253573043815629,-0.11819162338957846,-0.10443334108492389
1152,0.00376756408029707,-0.04206932850357279,0.05151546821900225,0.0742157404850999,0.05092121717493181,0.08494969352618117,-0.14914683489504685,0.029673333454667463,0.005819877346371323,0.0060896255951942285,0.09108497994259915,-0.10987859308840704,-0.09694274333731756
1153,-0.003797271629155959,-0.0574212223616236,0.0483433492561906,0.13700574583762476,0.04892128639633002,0.08713274966003806,-0.18325180100344493,0.04670093281040613,0.0032666196738727754,0.007676747707547049,0.09492145251617673,-0.12310476843055436,-0.10639382043340716
1154,-0.02730794865515766,-0.06296317166257713,0.026633277538107156,0.06181638895660391,0.024496833481304228,0.0617248356517274,-0.19686321262582313,-0.00029022591644921347,0.19529217765641219,0.14633366741924925,0.09689929465897809,-0.1729630895271585,-0.15280882697521636
1155,-0.04434315291921589,-0.0734580114284455,0.004405180998866312,0.04238025966699383,0.002806536177359465,0.0368127297337105,-0.20038688451496858,-0.009205543892683977,0.2784051827261325,0.21017411011955583,0.0802767440712013,-0.17419416442454003,-0.1536729863139656
1156,-0.03205664553990904,-0.06443169135675386,0.016265831714486412,0.05082639688454575,0.0171157538662084,0.05281207566712581,-0.20356628724393602,0.011878749881277762,0.2149554123546615,0.16516677522408266,0.07992550952559255,-0.1645835163798034,-0.1443083645975783
1157,-0.05684742166622167,-0.11353391705136043,-0.018718524878158768,0.08166315325129614,-0.007610929396423189,0.029673351895715915,-0.2881401942373022,0.115401618319942,0.22224784281963184,0.19134802755868427,0.030407091163039957,-0.10471764016970833,-0.08117245760913573
1158,-0.037514026808635886,-0.08582535291686834,0.008904009450144456,0.09739521609807808,0.012717835669869728,0.04966576363198367,-0.22735424381144012,0.0392864984911092,0.1938725580536662,0.15161029465207615,0.04961558242435775,-0.13614031499385354,-0.11623381994048729
1159,-0.008667368520693665,-0.051519890483323075,0.03796427624496526,0.055860466932459746,0.03775315219575108,0.07132971695064617,-0.16215256003019032,0.017689366310032366,0.08837345884939228,0.06552837725499455,0.0745596426205198,-0.12033355490204393,-0.10638508342251012
1160,0.0023469114977599844,-0.04328775358128521,0.050014432657804864,0.06980758463634741,0.04937531395949013,0.08332475795357731,-0.15088398038549763,0.029119591936898344,0.015058544079869198,0.012552687026411857,0.08898009867116786,-0.109782925144396,-0.09662526330814794
1161,-0.003781990845101211,-0.059080419665293565,0.049157552414916955,0.14061296656103067,0.04940386672864628,0.08791595616288538,-0.18274860780664073,0.047339084139118685,0.00037486457765557857,0.004205079372577903,0.09595789911452922,-0.12298837642353733,-0.1063678743307877
1162,-0.031170399456583734,-0.07878037515923937,0.02706865116750348,0.06535418313058196,0.023301986294897072,0.06219797817517734,-0.19643110737301905,4.695770747377029e-06,0.2034650891272488,0.15051948931201378,0.09758581995115555,-0.17188063026676192,-0.15123538067372105
1163,-0.04481795710708816,-0.0914274305448214,0.011760185288319104,0.05184199877845796,0.007268124330586407,0.044345306147458775,-0.20206057714327305,-0.006413782001967678,0.2650289274551275,0.19774240259366846,0.08907553239437353,-0.1715445378776124,-0.1507981923132288
1164,-0.03502726223055527,-0.08255473729138714,0.019691593683891808,0.05600235428056855,0.018208789193614506,0.05662064526179273,-0.20846649733270622,0.01251093759645383,0.21901932981069938,0.16547238980231635,0.08539749101082532,-0.1636576819976212,-0.1432173517878924
1165,-0.04888119359858665,-0.11721612041654866,-0.0045761507973284,0.09576820907341613,0.004354598341663129,0.0441578094371867,-0.2816431964950606,0.11945791808690567,0.16799086867473656,0.14855469125942977,0.04666785564276875,-0.0995050687806035,-0.07513022042797902
1166,-0.020777869385491927,-0.07467751870228263,0.029772757134729752,0.11845555645747606,0.03197643637906171,0.07051781860160893,-0.21211045092105638,0.04720521522947628,0.09801014164642204,0.07855999765765888,0.07475310546239038,-0.13051858409519804,-0.111166605464795
1167,0.000134987050880338,-0.04513264656515627,0.04869242314139693,0.07058652690038031,0.04835594360217876,0.08326686231354107,-0.16044436184422653,0.029831568872892043,0.02850685338666337,0.022844316237497487,0.09156840420959968,-0.11648124096993955,-0.10172963633570756
1168,0.004961130050978374,-0.04178191470943385,0.054027998328496064,0.08267726119933985,0.053408744877949124,0.08841818576287505,-0.15401020386714662,0.03338676006153399,-0.005015438589771885,-0.0021014703368959337,0.09572850174881815,-0.11194204726032718,-0.097757507266415
1169,-0.006976642153821522,-0.06640308219848828,0.04669342066743286,0.14541384716157332,0.04772314398309318,0.08748769733848646,-0.19780619041230374,0.059457109318157626,0.0035410837740257593,0.009107853550669783,0.09661182145350806,-0.12162203974802982,-0.10322802273430369
1170,-0.031168811564539215,-0.08425392011945712,0.029879482678949455,0.07635628887574236,0.026739234052858434,0.06843496745853704,-0.2192454177031228,0.01923829420993855,0.1871286416115386,0.14359620958655664,0.10394242253879173,-0.17193842205911317,-0.1487089695666803
1171,-0.03332625650534532,-0.07865347097093772,0.027836973438479636,0.0727642078697996,0.023501733406352768,0.06422369953177309,-0.21195412380404885,0.0015060953653459432,0.20906308280263075,0.1576830087457035,0.10994091892848887,-0.1829876009243496,-0.15959826788389245
1172,-0.028198795130087013,-0.07902228605910695,0.029207377702486825,0.11160955554552289,0.028310127635193055,0.06911851160326932,-0.21813110331567853,0.02905625465958978,0.14833779163904537,0.11654156052710228,0.09822541744785285,-0.16375427302442455,-0.14130013923076515
1173,-0.04191575452547893,-0.10833743950966016,0.00420774787574141,0.10616633457368269,0.012163401794644334,0.05243740344683516,-0.27003506188718046,0.1126958543394001,0.13530703652303308,0.12338995562619318,0.058195876973213316,-0.10412918258305763,-0.08014617264736626
1174,-0.03152456947270165,-0.09070447562684633,0.019867057919941873,0.11689028567244095,0.02277760197411601,0.06254543131222187,-0.23229881643365655,0.057188616688204894,0.1355951929049774,0.11014903171782217,0.0684601516215457,-0.13011673454055062,-0.10882877373751561
1175,-0.003915542485292707,-0.05506851880425581,0.048049533647922436,0.07511881128498815,0.04574097367861685,0.08153145716917254,-0.16341136021946556,0.028455188547375682,0.04016084544955695,0.03126683661074075,0.08977137495171739,-0.11645997725364338,-0.10123962257743319
1176,0.00764627016535941,-0.044967184911182456,0.05932059068573314,0.09271718669665487,0.05734421816259978,0.09314261161925551,-0.15088810542492914,0.03935875104131864,-0.03503831898219295,-0.022739309691869897,0.1004840817016811,-0.10532338599698429,-0.09105740506544362
1177,-0.0016617500467657363,-0.06446282035351693,0.05369897906887277,0.15534091624176827,0.053806878227561035,0.09406201145519011,-0.19200203151801587,0.06840784948853285,-0.041537716872379525,-0.021222705608097026,0.10333674509286041,-0.1130101345766566,-0.09475622059935372
1178,-0.020136375589053564,-0.0734438726207436,0.04232932991002163,0.10144225076202738,0.03834712885613054,0.08038552128234042,-0.2091613746305684,0.028675835038208527,0.10899807245898174,0.08669443708221312,0.11562999453475625,-0.16165600025131488,-0.13810494683299893
1179,-0.025784832364193627,-0.07217256263285432,0.037197010244416566,0.08483790595722332,0.0319605149227096,0.07327200570244834,-0.20455477682631407,0.004199152807232639,0.16295950820678987,0.12204793051672386,0.12103687923439552,-0.17916417457696657,-0.15583456119161082
1180,-0.027921564169953304,-0.07840007332191787,0.031106665796761024,0.093680137320923,0.02867061474546902,0.06946739201013566,-0.21349879402075386,0.027252073581447905,0.15101878659174972,0.11750082138760257,0.10324842049470107,-0.16262678182910884,-0.13949769858705588
1181,-0.03326303263153642,-0.09981303969010444,0.014593470404742882,0.11714347441889303,0.021574799920073596,0.06234352436823036,-0.2624560612624458,0.11863683683724732,0.08170215782950284,0.08355840967924513,0.07122629738569226,-0.09948476358120366,-0.07576207367833725
1182,-0.024360397664204787,-0.08333833432638196,0.02750850402702305,0.12860056260894007,0.030152925036084226,0.07008040525999645,-0.22565537589439655,0.06430408528333885,0.08870442274534197,0.07663739243618933,0.07869370484399585,-0.1257792361490635,-0.105548658206863
1183,-0.0017495443644497959,-0.0511541246962014,0.04929678932917733,0.0830085983759922,0.0475794784876284,0.0831792654522719,-0.16135275887107614,0.02950730471591886,0.027808560479018977,0.0212106842120098,0.09148144564524724,-0.11675634279518106,-0.10205935597035615
1184,0.0016055790315992265,-0.050637366699247274,0.052533961492108365,0.08709134275238047,0.05080840443459515,0.08628219813655724,-0.15699107772573123,0.0367725482460432,-0.00020623816822351053,0.0013871416114685895,0.09316349744127195,-0.10803536067727935,-0.09377462987554272
1185,-0.01242575071543981,-0.07660246103017099,0.04141457305713645,0.14053150326898395,0.04215499096499976,0.08184434716281308,-0.20333718139895202,0.06840444647430698,0.015331867427137985,0.020751043483059266,0.09006023476197089,-0.1135080949770554,-0.09461951847879017
1186,-0.021782896518426777,-0.07905411741620319,0.04142435274967704,0.10887183947223647,0.0372756264785667,0.07966720388045018,-0.20612335041906418,0.029225792888736078,0.11071863426416821,0.08835655665431788,0.11632495617827157,-0.1640969969903888,-0.14080760122234096
1187,-0.015735633936762965,-0.06539990271709202,0.049076770583106846,0.09347647439182963,0.04245848792024311,0.08378854253989881,-0.18289628456427645,0.009204096160285577,0.10459762665236319,0.07847788639328773,0.13172045046919836,-0.1759937509220381,-0.15277476297004344
1188,-0.01930778931389689,-0.07330816813145331,0.04163821170874669,0.13495581211441687,0.0389023015154508,0.08065625063066015,-0.20419760100823564,0.028835249282929427,0.09195460221580351,0.06996920873524079,0.11309641939187798,-0.16300950034543799,-0.1401849967961022
1189,-0.040591718176030626,-0.10776338450963514,0.007065977672396012,0.10811973914031772,0.014226343655363112,0.054948412074334894,-0.26906793174729426,0.1112662000724164,0.13055754638989506,0.1185074613431725,0.06196653161296777,-0.10710732168849339,-0.08212785583941015
1190,-0.017752877989248246,-0.07746735547863938,0.03523122433044489,0.1325241432615026,0.03764227976532551,0.07809829079718028,-0.217309547026643,0.06358684289412651,0.05981780196861971,0.05441203324496341,0.08674930748016323,-0.12828453392452446,-0.10724760932327107
1191,0.0026267586774115274,-0.04430240474766583,0.05267663870826636,0.0833168801447639,0.0516517058627948,0.08705133162396358,-0.15696622229792084,0.030063439758968958,0.012451723761952332,0.010844442593737845,0.095610515475645,-0.12010813650760772,-0.10491667305430977
1192,0.00676047132538729,-0.04264778663169113,0.05689913280582271,0.08933348082420393,0.05573646014476126,0.0910793019287373,-0.1516917024748052,0.03706047659136647,-0.01931751284315104,-0.011320741915719528,0.09826356313589657,-0.11241100049019605,-0.09774414240061247
1193,-0.011187236083916372,-0.070631305763529,0.042093408430702244,0.13922619816369605,0.04309679658131691,0.08258484097027537,-0.20115637004745104,0.061190427519747036,0.024307530794246218,0.026756459463810705,0.09103362262186757,-0.12324709856516769,-0.10406727408559799
1194,-0.038027821545266724,-0.0930370113802876,0.024724467778784703,0.07595244772001652,0.021105034397542265,0.06341080943179508,-0.2195936382185437,0.01773040508987801,0.21070253435753283,0.16415279658880452,0.09938660405012192,-0.17532610046732644,-0.1511805278030513
1195,-0.03767935816471963,-0.09247241915357272,0.02985795112544593,0.07402812332473668,0.022698281606772674,0.06571915127055895,-0.2146498160605258,0.0022685533280170866,0.2127526134006896,0.16295477913804787,0.11053867870052632,-0.17984103154996786,-0.1561755069660088
1196,-0.039972452627932246,-0.1053106461296605,0.025834574163232534,0.10226167663383273,0.0210567096043531,0.06483864384315646,-0.23772295915615005,0.024476956974020955,0.19698601312261563,0.1555905159147578,0.09612894484423216,-0.16397447342406166,-0.1401935037623969
1197,-0.04404442936016612,-0.1194862298385994,0.009542974597639902,0.11033769601638635,0.014279071044063098,0.057238559646064814,-0.2746026518693213,0.10023589493816265,0.14837032142163922,0.12900602975797895,0.06522747049731274,-0.11118238394783547,-0.08492232290332538
1198,-0.018332093850381224,-0.08155235667283407,0.03721889497056982,0.13187564724539153,0.03847388188605571,0.07986345829544475,-0.2199315383727425,0.06083457537154408,0.062087514639596345,0.052629173418602765,0.08915333408387698,-0.1270263492713392,-0.10529414174378496
1199,0.004950660527937859,-0.04564992474337004,0.056278433569316014,0.0893398134193191,0.054814049629958145,0.09077106896764411,-0.15509943499620055,0.034557747645292826,-0.007686343055434012,-0.0044948175442639975,0.09887508868123862,-0.11605520573376482,-0.10060113636767304
1200,0.0056373166820611305,-0.04739576479764922,0.05677853715835622,0.09328948265682409,0.055304599265690244,0.09108364600689604,-0.1524910548342209,0.03867924296728256,-0.021773254582008704,-0.013762126414808746,0.09755068593987194,-0.10914226608206778,-0.09375904396622671
1201,-0.00891160709581654,-0.0735402787791666,0.04544877202205489,0.1416831160084885,0.0461742170350112,0.08619249562741761,-0.19969633012296037,0.06874448209059612,0.0004534817581815316,0.008789818963618329,0.094648301748013,-0.11495848863075975,-0.0950279806246779
1202,-0.027255280177708337,-0.08165837044322909,0.03403955431521431,0.08998826465825188,0.031239990854124336,0.07337458771263032,-0.21267328040327801,0.024877171416312484,0.1515395982839508,0.11738552614933197,0.10936979659519042,-0.1673468279168937,-0.14288073104389715
1203,-0.027854438799412178,-0.0709545247536315,0.03357797269121856,0.0763044553598829,0.02945509109680633,0.07042203080015735,-0.20916848114318304,0.0014565642776681758,0.18322651909054166,0.1379613363408894,0.1165298065301268,-0.18237744684000515,-0.15857888465105893
1204,-0.02763412605114306,-0.07916338239074272,0.0320671247392225,0.09348054636633206,0.029650030806824306,0.07096672008857945,-0.22282455593617945,0.031003259387185032,0.14978833531436914,0.1170056733142581,0.10112903890810417,-0.15966743336761574,-0.1358012311791936
1205,-0.03953580791210751,-0.11069875407831826,0.008462629001419815,0.10890999628844293,0.01567790245424316,0.056694477766309176,-0.2699754345461065,0.11870870310942375,0.11450825573808673,0.10731587901894525,0.06341264632926603,-0.09905132681381978,-0.07442916635578481
1206,-0.026877324810638984,-0.09037223213995176,0.025044433574086096,0.12117764070907007,0.02800204188250476,0.06816960017860207,-0.22799764852821164,0.06818010995484003,0.10088629656065456,0.08530796455233412,0.07612151552295943,-0.12474800485261095,-0.10289439260363781
1207,0.0027712338771309518,-0.04685518744655444,0.053947799351853565,0.08217523771588016,0.05169410534335309,0.08684668925999518,-0.14887963269576315,0.02465496839872213,0.011103090584243863,0.007868100972117206,0.09507877423328162,-0.1176304879803289,-0.10277469161393113
1208,0.005403857929788942,-0.044312783383580516,0.05529837367100567,0.08319930002301197,0.05352066467809453,0.08812864772852148,-0.1458420568703297,0.03126240167056025,-0.008708645842706274,-0.00545470361011637,0.09507930636942882,-0.11105980366089234,-0.09651455870278636
1209,-0.004982051943884099,-0.06344189681956128,0.04994061826167663,0.14337195053989382,0.04906343101592616,0.0880888326597367,-0.18191667356347146,0.044655851474122675,0.007225591205570705,0.008951521786301797,0.0966288214145437,-0.12792865068169154,-0.10965734534916372
1210,-0.02850096491021549,-0.07225948948319759,0.030098544221824557,0.06864327054240506,0.02603200643908184,0.06504698833334913,-0.19521746322087344,-0.00048250026759493695,0.19298271783253151,0.14318646051306308,0.09987877602874505,-0.17587436825494815,-0.1535339777741703
1211,-0.04154700969544102,-0.07785145762633663,0.012404801211549245,0.05187785795446719,0.0083373696781154,0.04390055368422674,-0.19363878536542334,-0.008952665972944647,0.2547019436922853,0.19003584374613405,0.08804668164463517,-0.174896071155633,-0.15241906179563425
1212,-0.03007065252912504,-0.07221937254988811,0.02538246803155466,0.05921155111253494,0.022617637442513158,0.06038134940183836,-0.20110185234843547,0.01006028677212452,0.19653739344227628,0.14860020393749246,0.09020724569532676,-0.166046676517856,-0.1435595818903564
1213,-0.04778273855902911,-0.11487519191705031,-0.0014276262967082732,0.09895767584210809,0.006077836242759501,0.04618135697793587,-0.27452750501416234,0.11017663360112305,0.1707422404819528,0.15018577886388892,0.052140116737402584,-0.11070331324090674,-0.08514526371931412
1214,-0.035461088108548845,-0.09584522679994407,0.01568980955580291,0.11139814045846493,0.0186976542002805,0.058369067513654956,-0.2354583476677991,0.05607304884834676,0.1610989858204153,0.12809642520230557,0.06567664028754977,-0.1354401641727605,-0.11289494513776809
1215,-0.0059330561640712695,-0.05218383730278275,0.0440972365642167,0.07344793532104028,0.04207859045286185,0.0766511835578873,-0.1576894537844095,0.014982800987388746,0.06870119740430208,0.049111176416356955,0.08507021789123195,-0.12704627023988044,-0.11128772110414173
1216,0.0060400262089486696,-0.044562397862440616,0.05794551289628369,0.08719470615476387,0.05532884956960393,0.09068179893423219,-0.14423716085231822,0.024156903669451894,-0.004646737244468276,-0.004208337788956262,0.09838990984787381,-0.11850817732786459,-0.10357489620510991
1217,-0.0017617887346346292,-0.06344729496229892,0.054417589458595046,0.15148388711379315,0.05327429780204444,0.09297876875990525,-0.18046183025823473,0.0506542371188533,-0.01835875255300039,-0.008951861073392875,0.10215756567280965,-0.12528124938680282,-0.1067035689576364
1218,-0.01896045557398537,-0.06875873211427964,0.042472627983599354,0.08346916848565857,0.03720626630738005,0.07717506374047362,-0.18413867447361912,0.005344505692672325,0.13426886141741215,0.09998399950985365,0.1133424189862793,-0.1719217336107317,-0.14948331635071294
1219,-0.035128088765510074,-0.0726547177265878,0.02027861007696558,0.06280923077815229,0.015178387864079561,0.051074009042358,-0.18550959279641213,-0.006065973572501247,0.2146528452603838,0.16091960187324664,0.09860019260334368,-0.17286898625662975,-0.15128551838088836
1220,-0.02693916898171653,-0.06437258302851807,0.025706249647301505,0.06207884898475559,0.02429755685308153,0.06120526981568214,-0.19469722621087915,0.010090411082599776,0.18163064771227586,0.13819137987728214,0.09178700357276658,-0.1649378401960074,-0.14404054912862374
1221,-0.04640987785416574,-0.10982547680850503,-0.0024110461066304983,0.09797991554784703,0.006105938576095639,0.045375765626024744,-0.2730248056303686,0.11072829440433783,0.16663059985995127,0.14953128012108874,0.05100006350029912,-0.11029011716958975,-0.08539053406638479
1222,-0.0412218751093847,-0.09930423894389874,0.008190249074891054,0.10378267795554354,0.012072471045806232,0.051217803040315084,-0.24126864496705197,0.05163142465158042,0.19940604358948752,0.157984945571811,0.05799249594369826,-0.14177582069485495,-0.11870753115794279
1223,-0.009535076777219513,-0.05629844933313214,0.04013020747603495,0.06772807465065661,0.03908656100326425,0.0742197637415381,-0.16883712842836673,0.020697473124786512,0.08750958128912141,0.06548790252001202,0.08222978676714095,-0.12966128057902787,-0.11275741545480845
1224,0.0023362359907741197,-0.04775095941493556,0.05307003517559299,0.08098915950645919,0.05176518376066181,0.08738613768169105,-0.15556706042801216,0.03118318432877299,0.012531894672206606,0.011525111128359702,0.09501870176484592,-0.1190081032843912,-0.10347952088202528
1225,-0.005492287223873399,-0.06665963985248188,0.04867200509993586,0.1467167412702162,0.04951584357518328,0.08948338128040251,-0.1957042593378391,0.06488371702034106,-0.00963806228873858,0.0013098094465411882,0.09844500866880464,-0.12092234320855506,-0.10060991444993664
1226,-0.028111666337495844,-0.07675508920882472,0.03030611727037495,0.08618291402268477,0.02856327645939217,0.0695193023408428,-0.2147466092323125,0.021800680475309545,0.16939684355232812,0.1312886330330416,0.10468649176720674,-0.17348918368668267,-0.14864171045586472
1227,-0.03871371432539854,-0.07959741355283391,0.018779321957667346,0.05973007869885238,0.016512479008343274,0.05627375427590133,-0.21015208439447478,-0.00492776123873519,0.24947461186363507,0.1884014508553008,0.09914851385850632,-0.18958070909746316,-0.16534852790930074
1228,-0.03973642496276508,-0.08219079098826007,0.013344771115986032,0.08770061275497826,0.01434106457358221,0.05374637299413452,-0.2266065163250397,0.019033757088860688,0.2256858031014805,0.17444952138254777,0.081028460021827,-0.17204807795407334,-0.14874855280325858
1229,-0.058635815268163596,-0.11986667041411092,-0.016206711811693267,0.0831773276520476,-0.006809908360878321,0.03207625248089938,-0.2861324198869701,0.10196983782862745,0.24383592749234376,0.20496468053509173,0.036141722068947175,-0.12005986545254353,-0.0944543568635974
1230,-0.03771940725497411,-0.09277298592275644,0.011470690754985744,0.10429321784638845,0.015748000762311507,0.05501084768358303,-0.23790737685648367,0.04821295065360738,0.18818234844822584,0.1485653579698128,0.06163686023726027,-0.1441799172947266,-0.12054058702723404
1231,-0.008283706265851088,-0.053744605987297266,0.042711752344690865,0.06736547408881963,0.04141823821966151,0.0772318657408339,-0.1664934055488966,0.011066002736611283,0.0936170940656038,0.068561009827482,0.08617966660062315,-0.13856861949954558,-0.12106076632273538
1232,0.0006787230759774154,-0.0479192597853732,0.05177230822960831,0.07838499636496718,0.05022761152771398,0.0859319633496214,-0.15735254773241758,0.02562272905208781,0.026325901992506163,0.020153915342448262,0.09386672019792013,-0.12231466792415972,-0.10537839369090006
1233,-0.009684636812617945,-0.06971997918715643,0.04583078683599335,0.14460608981490347,0.045953164571237826,0.0863069739952441,-0.19952080328333088,0.05238243976392927,0.02620901131282845,0.025153838102411424,0.09580088187161012,-0.13210779104143983,-0.1112099759436128
1234,-0.03873256568748689,-0.08521269136729173,0.02026589365191345,0.06406027831238705,0.018001716557703842,0.058820573895658174,-0.22202364479398917,0.004346115798323524,0.24906304375143692,0.18923933346158098,0.09540478361984193,-0.18978152764473574,-0.16345130955534207
1235,-0.03844398622315393,-0.07498141943042405,0.018734817431838583,0.06470505570584537,0.016036378912554692,0.055331220893710245,-0.21469177118326543,-0.008018132770002927,0.253163626614745,0.18841027303357297,0.10109129874949657,-0.19353783652921366,-0.1677995252057031
1236,-0.03315427653343212,-0.07519528800858015,0.02172621022032071,0.11452759629387495,0.021624295636303414,0.061371018367605265,-0.2275893303681707,0.018943615517468364,0.19026107236958806,0.14434314236584345,0.09069198417659195,-0.17584582858598724,-0.15170421145142576
1237,-0.04709887665542597,-0.10750580185406203,-0.004009604149703397,0.09718637216979906,0.005064973844374452,0.0441628826447389,-0.27557171381041357,0.10825119960005698,0.1769925085185066,0.15515382893300686,0.049057562305222985,-0.11395037944733732,-0.08773295209876358
1238,-0.030990220469982035,-0.08556707202022928,0.01763196259305109,0.11301417450706804,0.022086527691111083,0.06111894794099514,-0.2316132185399484,0.056659429454708705,0.14529032540897957,0.1185109746321361,0.06831840125361616,-0.1387947857892339,-0.11566544666227214
1239,-0.0025470594159861136,-0.05025808047011912,0.0467194226322283,0.07408441786649507,0.0462476555423271,0.08150309794503208,-0.16185722562081425,0.028051213609376225,0.04490426178899727,0.034508501076880416,0.08988721713874305,-0.1242378152732638,-0.10700560681989606
1240,0.0021633508558091667,-0.048993939290406914,0.05248944320430602,0.07924799972508274,0.05152329740402753,0.08710841698796971,-0.15600425591424247,0.03336463833296395,0.01203068428765104,0.010852963113392086,0.094379056858828,-0.11731955872060934,-0.10084209684477143
1241,-0.010014621228181468,-0.07007406946087803,0.04349140676832871,0.1363640648580892,0.04472239047512396,0.0845064054731669,-0.20040808602994098,0.0581453331928472,0.025967470473492103,0.026870964891488432,0.09260098671711652,-0.1267017026497061,-0.10547054348094648
1242,-0.038087210715082705,-0.07922955995664442,0.016908090820924853,0.06006269638820636,0.016481439851373028,0.056079118475450176,-0.22741925896770482,0.011970497299552305,0.24689059077728098,0.19004413517832872,0.08737685492035856,-0.18352957664727607,-0.1575478174247668
1243,-0.04819736569366871,-0.07857490127057848,0.005176155201043564,0.04217317839124752,0.004083260436610387,0.04201595156520639,-0.23384285566801905,-0.006424545596660547,0.3196111957411244,0.24066718602265738,0.08120438799312935,-0.1959105435190322,-0.17198110360305965
1244,-0.04057117811235785,-0.07570654435164062,0.010311449297258173,0.10672208329634776,0.012195207199103128,0.05070775325150446,-0.23804136138101203,0.01545392300859645,0.24052302262708494,0.1829053145846978,0.07678060658427563,-0.18228679716959326,-0.15899347883426437
1245,-0.05329902017205684,-0.11266896984555867,-0.01365126646177969,0.08560681235331194,-0.0030875296661060686,0.03480278259569802,-0.2853223852704478,0.11482568423268813,0.20620826177783808,0.17851343488091387,0.036423666316280225,-0.10626626450423785,-0.08208520623654346
1246,-0.04336106509273249,-0.09531559420151915,0.0005460823858465129,0.09303804314926109,0.006792059758609585,0.04400938759220985,-0.24666671237427304,0.06077547420628185,0.2099533648613635,0.16793364053634108,0.04569107522846724,-0.13307155776161983,-0.11032419828823625
1247,-0.008509665082787497,-0.04978258946410836,0.03720962686407227,0.05842876310878898,0.03819164995582514,0.0721296991069852,-0.168426565920112,0.02466888094987207,0.08845288690138534,0.06785812352301754,0.0780146171181345,-0.1278958378661213,-0.11033958919495172
1248,0.0014724747573464855,-0.043022599304073796,0.048305915990751604,0.07860331129676598,0.04873492840650759,0.08299654380991744,-0.1572500945747163,0.03382866950749931,0.020071723557344844,0.018228077042206553,0.08868554418325593,-0.11864239452612284,-0.10201210014668262
1249,-0.011494506948728521,-0.06722597771571619,0.03828984087555691,0.1321720695461429,0.041019459412991004,0.07940768037927352,-0.203912483950296,0.06523665042449668,0.03281404073396321,0.03352564415859874,0.08605788759282397,-0.12339186714845372,-0.10249843736065249
1250,-0.04339282415503159,-0.08083490423906615,0.009285990702523695,0.06655458987550142,0.009759331394896325,0.048362113527847625,-0.23665067378205104,0.011410444648795802,0.2776559525308804,0.2117082377461976,0.07877865224450437,-0.18881692677866108,-0.1638199837163371
1251,-0.0499532074687736,-0.07476704004801406,-0.0010937827427913796,0.03639444911213275,-0.0006586362651851464,0.03517248848560245,-0.23401751830456557,-0.004453421416877032,0.3374633052431538,0.2561317466887331,0.07499044804413287,-0.1989952685595854,-0.17621356276796254
1252,-0.02799778154910506,-0.06014259427129663,0.022209896911284062,0.10521822595483306,0.024168810362922084,0.06209022440866704,-0.21879525427044655,0.017146771853327282,0.18962688928819607,0.14607381373819486,0.08719322980794775,-0.18439228114781173,-0.1623999510867119
1253,-0.04056150624479347,-0.0941509590315411,-0.0008822795015959449,0.09748788965023644,0.009720308625000946,0.047621800047192936,-0.2714582487096261,0.10987653842056021,0.15813887488437425,0.14160864486201696,0.04995398107331792,-0.11538583521289773,-0.09196920886224545
1254,-0.04469165368067798,-0.09020774401451635,-0.004012886712519026,0.0882377815827529,0.003527200377601238,0.03952529849162953,-0.24827984155686394,0.05847567316703691,0.22167435323798831,0.1777823547916594,0.040816616504017335,-0.13156140626941723,-0.11128574591869103
1255,-0.01571945748259225,-0.055738328086449906,0.02692000567542223,0.05905397572142763,0.029345208253493765,0.06226162917653454,-0.17758339094895495,0.02718435344719516,0.11769178804757266,0.08998175130284519,0.06268971740174144,-0.12115887957499329,-0.10492837293324209
1256,-0.0022110439913163664,-0.04635544503759586,0.043439016269177844,0.08475410930696285,0.04452405304999663,0.07845290985580071,-0.16224841965926012,0.03276936235033232,0.039919938877615864,0.03218642364959239,0.0795354435113883,-0.12072565560530592,-0.1040406925773885
1257,-0.014109910753901451,-0.0675668551988638,0.03347076993785708,0.12584564005934934,0.037133718040169184,0.07470808166683678,-0.20625982011339675,0.06750326934307432,0.047897120452432274,0.045753909904860716,0.07892897952302602,-0.12223076928458182,-0.10107413357686186
1258,-0.05230240470946046,-0.08616103018640821,-0.003807184627154445,0.05117862381229352,-0.0015412920511183054,0.03546116416120164,-0.23842737511969164,0.008812839641675788,0.32879736936200427,0.25098098704528665,0.06205975046385506,-0.1897632354685983,-0.16528821232388533
1259,-0.057020104080547356,-0.08238298056310517,-0.008764396976937747,0.02906219217433584,-0.007785876945588464,0.027864779121238806,-0.23024302893847023,-0.01665128161822403,0.37946740503384974,0.2858098153460092,0.0676267720223786,-0.2048152537894379,-0.18216804078550103
1260,-0.03405446108017381,-0.06391279582943613,0.008855507597309527,0.04691014799610568,0.014562241011579017,0.05030679302852557,-0.22705021545355106,0.03490859499605579,0.22414477979430208,0.17667078247559767,0.07571378062680094,-0.1643481857675596,-0.14270696939555552
1261,-0.049998585997037326,-0.10036957360185163,-0.013155426906547845,0.08516196225770578,-0.000979492365962219,0.03614311221407521,-0.2816099143275602,0.10515505529690182,0.21256622267983555,0.18105226575538497,0.035774863762848254,-0.1161260660275412,-0.09361442274025128
1262,-0.04249157428020507,-0.0841890364133008,0.00014585507195945073,0.09124680315560418,0.007319484636753005,0.04432064509232393,-0.24550350082662617,0.041232135427868286,0.23576993144858768,0.18524876818304112,0.04329490202862219,-0.14839118814806604,-0.1280032253765616
1263,-0.021638633852236695,-0.05128386270475105,0.016607399620187202,0.03659548541214049,0.0200417028420838,0.050632491304257135,-0.17705655114659902,0.011919110995121215,0.17079141301410583,0.12758500586956592,0.05112198926426338,-0.12477975291788043,-0.11053579770025762
1264,-0.009675974694828232,-0.04620127684760569,0.03360632738330142,0.05268872282349052,0.03492759868487029,0.06732418673436945,-0.16253127404554443,0.012365718050672587,0.10960626171731411,0.08032946998761692,0.06898127288060228,-0.12869801991941549,-0.11272301275484357
1265,-0.01801898838312725,-0.06796984339808795,0.031586567945225234,0.10670571876126395,0.03317802666320116,0.0704070582535702,-0.19627246655538874,0.03312642380642241,0.0991363175868402,0.07768861533332262,0.07507696876261043,-0.13134945769128645,-0.11329494108456573
1266,-0.052079011229401374,-0.08426777796634481,-0.0031433220739258017,0.02889547185218995,-0.003032516453255258,0.032435246680230775,-0.2200711487798724,-0.014689967518358731,0.34896871338870006,0.26081542938647256,0.06264450641170394,-0.18960343505967678,-0.16687218863846187
1267,-0.05470406263346219,-0.07849506271974843,-0.01119609430824384,0.024304389952599384,-0.01038413825596959,0.02168700831304867,-0.2116624235211843,-0.010442746737026248,0.3424485537453833,0.2567652261918499,0.06280119361956138,-0.17621504276897343,-0.15490680087783434
1268,-0.037727729501758886,-0.07039901814635943,0.007979309724702467,0.04085522089702544,0.011026721433978494,0.046511085908699304,-0.21673092786157708,0.012659408271486608,0.2512305906725511,0.19017098134338145,0.07217255294457782,-0.1641459231451994,-0.14360227254150765
1269,-0.04727207259530424,-0.1052105892018619,-0.005038350004238607,0.09272365205035038,0.004892767993214631,0.04398183686732698,-0.275436723285336,0.09898773757704238,0.1964801475100556,0.16730374907848605,0.044610249777928795,-0.12001528298727808,-0.09600712278038598
1270,-0.032093411436193764,-0.08382671790176599,0.01366230074232359,0.10677174171134847,0.019590868907852294,0.057756434933161016,-0.23410714616517111,0.05776747268267119,0.16193978495949127,0.12991590444374235,0.05893674940169469,-0.13957619511333277,-0.11673778716582119
1271,0.0007904440774541801,-0.04094012201680992,0.04770826145335027,0.067741676692055,0.047785352440020745,0.08171859471935243,-0.15150388090261857,0.017646477854920867,0.049277173801804325,0.03606129954386919,0.08736347187472354,-0.13018622185923184,-0.11346252767889
1272,0.006605671447190564,-0.04026454322383786,0.05460860155035497,0.07610309737372531,0.05410640677355209,0.08832647293249327,-0.14474478714778144,0.029974634263665957,-0.0008560838598881651,0.000272561132751511,0.09392628360990991,-0.11716970893600355,-0.10088860591613238
1273,-0.008290366735452016,-0.0651808686045409,0.044949800518019396,0.13869742795607193,0.04529586525782135,0.08403178878772918,-0.18558124486842514,0.04067438387874371,0.036709772245241676,0.030582525003569505,0.09092831865933493,-0.13642705701716693,-0.11639034508094655
1274,-0.032597222126377536,-0.07439999001347176,0.02318306297783111,0.05920860800205142,0.020672363617648685,0.058798876575194364,-0.20271161369434934,-0.004621965161947208,0.23364301185297406,0.1727936644311254,0.0914550559053495,-0.18437011306606108,-0.1610537392999673
1275,-0.03297393726571147,-0.06782174630532535,0.021601048361817185,0.0590719433176571,0.018294521327731926,0.054898496234010566,-0.20183357758317905,-0.005592136889638432,0.22605148975719516,0.1669598042889789,0.09663453541664856,-0.17850521238710632,-0.1567852282730785
1276,-0.017102094447165917,-0.059680156070868975,0.03589510735058141,0.07127510925387978,0.03574160263572976,0.07385873191835284,-0.19926462017620855,0.027722504866539696,0.12460124463358077,0.09570554539492594,0.09894496301313162,-0.15384720986021932,-0.13385072851225893
1277,-0.03403656946124052,-0.09820156256243698,0.011573636345357494,0.11006108840934535,0.020201216673862703,0.06059414349155548,-0.26126565310944316,0.11243615994048203,0.10342444886865293,0.0989014737069262,0.062114353690605695,-0.10476187458572059,-0.08104086140794672
1278,-0.025234163287490487,-0.08537069608426191,0.024098296787821917,0.11753944311462575,0.02863451934044184,0.06814649995068094,-0.22571852162065992,0.06639161869474615,0.10274093619629934,0.08676139223074425,0.0730993425700132,-0.12600619259974213,-0.10508247529321887
1279,-0.00794413491040076,-0.059536094592616697,0.04061621632324398,0.08159623051910318,0.040880047111662585,0.07613988781665161,-0.16803042837220183,0.03097163758557587,0.06424372183889746,0.04837346879824235,0.0832774192525364,-0.12399180887935261,-0.10659616249134136
1280,-0.0031792707523684775,-0.05483517169961901,0.04592624445115694,0.09438650651154988,0.045796955610491644,0.08112928392808871,-0.16173864896713125,0.033343424815425106,0.03308391118355821,0.026864369265081074,0.086272616604589,-0.12197600568729293,-0.10507421526352875
1281,-0.019127395943684296,-0.07814203927688304,0.029483655854246713,0.12622826916947827,0.03297879494299581,0.07111858098637028,-0.21129262853516564,0.07118641170467443,0.06215075309529027,0.05734363605645492,0.07680596136523647,-0.12005421486621884,-0.09867978455279525
1282,-0.04413252989379384,-0.08714705551714032,0.011274873062183095,0.09122296711919985,0.010948552626216822,0.050872202247883115,-0.23901222523023524,0.011225831537340374,0.2672606666068745,0.20281211564211593,0.08187147272676645,-0.19145449140629092,-0.16574237952111948
1283,-0.038725748902729354,-0.07403253217855879,0.01595744242748971,0.05547548426322567,0.014723152621732757,0.053528605991404306,-0.22961073971021245,0.007080850899970835,0.254774365570421,0.19317902794215527,0.09415854216584356,-0.1846413823180958,-0.1618670687726465
1284,-0.028851270531289164,-0.07074947104627909,0.021127240151166755,0.062188928230701566,0.024416685999336104,0.06336035476738364,-0.23146193030046078,0.042095112364238275,0.1779075693289734,0.14056709822636584,0.08945096752321095,-0.15610763262534755,-0.1339436520879998
1285,-0.039808360747928484,-0.09923240184866006,0.008241226639988402,0.1065238176351623,0.015850235286266612,0.057171413559168036,-0.26916670110800184,0.08745525653303875,0.1663726962553723,0.14083502382125307,0.06065783443401934,-0.12962442330743307,-0.10527561715224541
1286,-0.029849341702345555,-0.08155900186323055,0.022825694151076336,0.11174532193072409,0.02582626808881311,0.06648271556256921,-0.228622855194579,0.03003129916547954,0.17505817776592988,0.13374490198401537,0.0722937665763508,-0.16015890364036073,-0.13781804282444235
1287,-0.011996262114573579,-0.054538700526833704,0.03539443412735318,0.05882813727214106,0.035803857762533184,0.07044021498421303,-0.17173447801615288,0.014764352871589894,0.11550861795356508,0.08544242320656699,0.07865651563019153,-0.13696195959174648,-0.11960715355884714
1288,-0.004849620172121528,-0.04848364471514249,0.0417822460996671,0.06927151990070693,0.04216845932963037,0.07627010739623269,-0.16390883950428295,0.02772352205170608,0.059645372239313835,0.0466238824684604,0.08284765159250598,-0.12282361718656161,-0.10626703950011471
1289,-0.015777152537617672,-0.06736256628797611,0.03288313599706492,0.13046694398140818,0.03594624072916981,0.07385009374798518,-0.2081955511570178,0.059753709768592435,0.060377872563487034,0.05358324438233419,0.08129429228891386,-0.12929959686162304,-0.10752066661472091
1290,-0.04577142521826447,-0.08059374060959244,0.004753357547474774,0.05034671677685639,0.0069343227623279565,0.045384986086704285,-0.23489005531681628,0.004242409738824064,0.30446932919641456,0.2302973847527004,0.07847275837279313,-0.19527202442887887,-0.16837401966054316
1291,-0.04501867291514426,-0.07083244885224829,0.005021107272224574,0.04851860458887001,0.0066247055789189525,0.04422214378991476,-0.22629493012491042,-0.014235720545394721,0.31393123320093774,0.23509028152804234,0.0871219701674438,-0.20533066320717014,-0.17881761048148404
1292,-0.0327312323012478,-0.06677751596142993,0.020307825467679626,0.05857673488207049,0.021603279758933978,0.06128396374606166,-0.23437011936537613,0.011620343426697028,0.23459483930406136,0.17632013845797845,0.08979348585250009,-0.18186819849289593,-0.15835354477503266
1293,-0.03939240566661412,-0.09338936066415787,0.009380882818306615,0.11006201138320235,0.01639874762702726,0.05780786429530204,-0.26727631960706244,0.07336365173492684,0.18589431951339971,0.15303387540528662,0.06480768683140886,-0.1483913549721777,-0.12229959869884807
1294,-0.035284663067939974,-0.0834257786428632,0.013781752088849094,0.11073406890082874,0.017925021396163414,0.05704720359707639,-0.23541328254815855,0.03692252049225059,0.1970825168643932,0.1537389792538132,0.06460731981124346,-0.16104102310280677,-0.1366746350428494
1295,-0.01182939750664782,-0.05025438197128219,0.034025174206574735,0.06305552555728454,0.034865653430449464,0.06880321702635923,-0.1723429239340465,0.015854992056977497,0.11484421875423981,0.08584258158300777,0.07751753421957845,-0.1394425312064371,-0.12093966221605762
1296,-0.001009589911384459,-0.046600515380253955,0.04697351228354465,0.07746379779833075,0.046846898449593444,0.08148334193497002,-0.16025589433351192,0.027165404084176104,0.04318175069253812,0.032998748881628376,0.08907092586128602,-0.12740876547953614,-0.10990961488138082
1297,-0.007868403154452124,-0.06223550216946516,0.042006309390658254,0.1414780873643263,0.044691821796188975,0.08310704808965777,-0.199374250879605,0.0637500168202194,0.017221219796683465,0.021758215482899322,0.09128760571504466,-0.12878094103226162,-0.1070412272198941
1298,-0.040513539485158324,-0.07819097681034128,0.011995671855624028,0.06590850951265431,0.01302910824980436,0.051907958113985575,-0.22861313791396162,0.009348929404389635,0.26721121184534324,0.20411099967025506,0.08588859826090554,-0.19418293130155112,-0.16790040140194917
1299,-0.04492029911741543,-0.07063320962003061,0.005988294243950376,0.050878310048663354,0.006863354095762267,0.04460399161615554,-0.22915958042136725,-0.015436307097346736,0.3189686752677897,0.23811275906746326,0.08893824628051016,-0.2099758598336544,-0.18422837453047994
1300,-0.028420887002275103,-0.06228542165718261,0.023397727366953305,0.08628984151616312,0.025233961200776606,0.06449211456388113,-0.22811231098224144,0.017721204601694802,0.19997566279240842,0.15325365894789605,0.09180384303830355,-0.18390366023761517,-0.15944573414876242
1301,-0.04547566530167689,-0.1023835889759307,0.000789074688104261,0.09983673925154925,0.009038940022016157,0.04963927110925699,-0.27429483695654083,0.08507367421073085,0.20647440174446155,0.17133860744752416,0.053336121864630076,-0.1394489222449829,-0.11392381685914202
1302,-0.03907307987020179,-0.08856244772503423,0.009261629165233405,0.10200114466089537,0.01394445966484392,0.05296019618636251,-0.24045719100214757,0.03862958648489842,0.21734726668356386,0.1683979893243291,0.05856510169158348,-0.1583175217826858,-0.1346971334816404
1303,-0.00943565950253903,-0.04957952216015619,0.03677610593190917,0.06042690735360596,0.03769613670271753,0.07191273224283347,-0.16948530972917528,0.0190825499292673,0.10305180258548952,0.07781736640280462,0.07932393884972114,-0.13786801116964972,-0.1197190374368283
1304,0.0006210756701684808,-0.04643744200127279,0.04914056119758751,0.07877414557730522,0.04897792475622316,0.08393009358386079,-0.15814873736542928,0.03176718499118783,0.02772042497643866,0.022709459861626924,0.09111540539294682,-0.12399961132872357,-0.1061704853119196
1305,-0.011345090012929028,-0.07247265264044386,0.03914807177076139,0.13551241393147104,0.041599229393441656,0.08026263951931027,-0.20310074148855756,0.07583600899455817,0.014791042623208989,0.022485823971396188,0.08758015207985852,-0.11626703674439272,-0.09402986139768302
1306,-0.0334058899226475,-0.08130881191696651,0.023844036363033522,0.10543375649366826,0.02302719695862334,0.06380574463852065,-0.2200473595153023,0.018480817499760868,0.1958770242155721,0.1495101958709812,0.09528428044621948,-0.18367684502277495,-0.15682414610868786
1307,-0.03249205809883055,-0.06865177375632739,0.023005662000946222,0.062202615857964695,0.02232606829343432,0.061925946306962826,-0.2046624741000275,-0.005107095209837081,0.23262787217640285,0.17450969647342254,0.10262309809917601,-0.196905778163035,-0.17140177988025168
1308,-0.02898177021231481,-0.07404742874370668,0.028123436404222855,0.09270042016073739,0.027739347195958608,0.06889301956645304,-0.223584176545384,0.01954955438036055,0.18961897177525638,0.1439503285895212,0.09501998463965047,-0.18204657054420373,-0.15693511666655102
1309,-0.04910888675981974,-0.11477242762851637,-0.0018056828625310547,0.0960834889143742,0.006031801542217768,0.04703635878972885,-0.278164442164718,0.09799869688316042,0.20335288071762572,0.17140710205837065,0.048366083861688745,-0.12623900732484525,-0.10018596602673603
1310,-0.031548193032254666,-0.0911352057914049,0.01635551544335626,0.11022047251513123,0.0215045766030485,0.06053289424517834,-0.2336210850197622,0.06878421372003053,0.14209875481440684,0.11786704075089363,0.06145362966955169,-0.13314611564606618,-0.10936649827210908
1311,0.0011003094995474668,-0.04788975250516702,0.050430888283255766,0.07418847131475474,0.050382379898255863,0.08595111029856184,-0.1585011222916479,0.030810013765334415,0.034302879229322715,0.026504827314324176,0.09031090512648099,-0.12780858042321688,-0.10978232950980597
1312,0.004538389335498753,-0.04722467546075009,0.054609304751401126,0.10981379323417888,0.054099985548599974,0.08981234496929204,-0.15409002339895667,0.036509852903894996,-0.011015552836950228,-0.006480850141159832,0.09431787335472196,-0.12127294045719184,-0.10361750180257892
1313,-0.012891398767803725,-0.07511317600343292,0.034771793139435264,0.12894166769370818,0.03866470935078683,0.07644675749522262,-0.20552438510454324,0.08820818082439204,0.012587862438782486,0.02357913394919674,0.08159863216517614,-0.1064206000520461,-0.08484917712887437
1314,-0.02852488192212779,-0.07872405331948801,0.027855456449689397,0.12698797733855025,0.028174465652807318,0.06904203283889827,-0.21446047189706552,0.026101808595789994,0.1552601444837252,0.12075368151541563,0.09831397997026184,-0.17782025435341017,-0.15295988535304617
1315,-0.02849436451635757,-0.06634220017868235,0.026553143774891107,0.06355267187715397,0.025563900299132428,0.06435980443007028,-0.20054699951794813,0.007283787626779997,0.1962097601288012,0.15043565486908386,0.103802673104252,-0.18262075108794684,-0.15975708080922965
1316,-0.023736252933031016,-0.0670811366640908,0.02982598924498716,0.10960912132945018,0.031606102658016874,0.07172309130992664,-0.21973788509251518,0.029588031257164756,0.14181300020654733,0.11214354521775456,0.0966425412581863,-0.16714117211156707,-0.1452549756808295
1317,-0.040283777457756055,-0.10105531086743795,0.002741273823697902,0.1023710993725548,0.01239622086923289,0.05181971831395522,-0.26900738000505375,0.11285187107271955,0.13840378355388633,0.12875436454638434,0.052222862822367336,-0.10714442135184131,-0.0840703046927094
1318,-0.03155720962546773,-0.08693435218200955,0.013707530815449369,0.10851935648727529,0.01983574071557933,0.057802227750380755,-0.2332962515833576,0.07144776687821218,0.13089815602800223,0.11174599590532037,0.05718485932744729,-0.1196342620724154,-0.09971955844441655
1319,-0.0028713050217935264,-0.050560737203595385,0.04331016453946534,0.08085635965709576,0.043760061780935854,0.07746193266348764,-0.156111637209463,0.03283146342231553,0.039904565395483295,0.032028895347290795,0.07662363915047148,-0.11698723622010823,-0.10024616630158542
1320,0.0026042503039134554,-0.047350978149033204,0.05014269892946498,0.09183786740773607,0.049827731475678226,0.08386047215867913,-0.14890576397211097,0.03603038385286906,0.0029679973760959526,0.004372901582418605,0.08313513928471246,-0.11262656525343687,-0.09589613499698678
1321,-0.006827500596287377,-0.06568736669780813,0.0424063610638352,0.13305823777064033,0.044423169772500486,0.08170846869197436,-0.18709572594862758,0.06746572663350324,0.002588730194625197,0.01066082803117633,0.08268778409899466,-0.11281099321897237,-0.0925777197955543
1322,-0.027902863197782714,-0.07460201610572235,0.025280623054747386,0.07379464593672494,0.024784959967556308,0.06275910379248191,-0.2037743261178667,0.02130596007126184,0.17485391764238334,0.1341020735002642,0.08610950087402265,-0.15922223174793074,-0.1374893476701399
1323,-0.02612853223603088,-0.06686558803340385,0.02811318116540688,0.06384855259799548,0.026333696971806406,0.06387647851769532,-0.20125967176618384,0.009549660503483121,0.17605637711354283,0.13150455674339873,0.0998136547077393,-0.1622668801922772,-0.14257548609317205
1324,-0.01428878397006473,-0.06179728823686898,0.03877577083974952,0.08388977702239675,0.039287801433337044,0.07796247562670622,-0.19732161321972394,0.037334726017128186,0.09038557513864723,0.07132802331128418,0.10263528735040198,-0.1438332163327052,-0.12435853498028807
1325,-0.03439854769055292,-0.10083877457158262,0.009855702088658831,0.10958975113825169,0.01903309697368533,0.05891171489450291,-0.2647779830159592,0.12600367579339802,0.09063297538961113,0.09187461984329788,0.05988334715291041,-0.09470349806730319,-0.07106607992891835
1326,-0.028537827943768336,-0.09082448498652482,0.019314743971060876,0.11329929656291408,0.024530661736199513,0.06357228273977242,-0.23177586582915333,0.07871543583767698,0.10610503571073608,0.09238771997333181,0.06410319804353916,-0.11575443610367818,-0.09513575971210621
1327,-0.0038009396979636796,-0.05243029381219756,0.043514427188029565,0.06215841129681652,0.04349398915332916,0.07764025156119359,-0.157294021317838,0.02896275205234257,0.050302250621479284,0.03855091974922156,0.0797012894643667,-0.11246822415226213,-0.09833081210651744
1328,0.0004699791049959739,-0.04863436354443831,0.047245400133429205,0.07943873442018065,0.04724489979607888,0.08101857026531682,-0.15170713183451118,0.03601474639089057,0.01362811547251446,0.012375766899492182,0.0831662495284696,-0.10755749987278966,-0.09270346675962905
1329,-0.010214463951321865,-0.06768017905338967,0.0391142042318424,0.13021118274541266,0.04106408676156902,0.07838824279421609,-0.19114818181269191,0.06036178823864888,0.016642114337972684,0.019957632109026343,0.0822015025637151,-0.10790099954247748,-0.09099692942252219
1330,-0.03474787398692506,-0.07784191852170408,0.017288285023575635,0.05423446420303619,0.016682766076590808,0.05392499185475927,-0.21789098329664344,0.01709674781206171,0.22374167149056964,0.17027654710098597,0.07947573724960313,-0.16145679267421775,-0.14078364233169186
1331,-0.03108523220678152,-0.06241260425889961,0.016984040774450877,0.05074796406241224,0.016977855610027667,0.051723998255308386,-0.20854701555462793,0.01513276716811874,0.20657743827893515,0.15674124862355535,0.08534534119515808,-0.15852803035526195,-0.13965777159239526
1332,-0.02320499949459376,-0.06121399423713505,0.024366943264033325,0.05817487693690402,0.026964704740458163,0.06342042655789218,-0.20934855637686964,0.03418233835531383,0.15541815282096333,0.1210549858010029,0.0861786200381961,-0.1478314351596876,-0.12816206324647764
1333,-0.041943772305058344,-0.10387633125920283,-0.0002624282858386985,0.09882525823068822,0.009863676773175713,0.04870662242597064,-0.27310257169531954,0.11907263358151933,0.14101120900534322,0.12853593074639277,0.049102587592197766,-0.09942290907152888,-0.07650990573833945
1334,-0.036962105015243094,-0.09179675794761459,0.006699618741287448,0.10106190076451411,0.013268050062929165,0.050488099084853896,-0.23977596657764366,0.07052081901153985,0.16136525913205427,0.13214957117957185,0.05148993938015534,-0.11932312119537226,-0.09918530662103235
1335,-0.019864607840646108,-0.063155847652972,0.024897915665727445,0.04514380330276239,0.026394416262154847,0.06005913180183555,-0.1802064662319481,0.02005079420926216,0.1466241778195949,0.11036979514398743,0.06406366305674488,-0.1251375782619908,-0.10923919727451244
1336,-0.012127990124891788,-0.057819951281267594,0.0349082931460369,0.05533126963293922,0.03528669283059596,0.06964437642757677,-0.1709586431891903,0.02177466504278963,0.10424652265264871,0.07755983640382524,0.0748124403909323,-0.12489219615538036,-0.10776531577661452
1337,-0.017922570381625248,-0.07247701183601066,0.03210128497391365,0.12460856670295771,0.03469693645194736,0.07318055923012354,-0.2102285142263557,0.055685269395386955,0.07619807968734028,0.06514757626626139,0.07938592387699055,-0.13123473612966546,-0.10914136401126429
1338,-0.05023998518724175,-0.08485945661785478,-0.000595772127771694,0.07132162947044025,0.0019482336798011973,0.04019253644005191,-0.2487154725731255,0.007272667400325306,0.31453703268761457,0.2419512496496869,0.06310889745404619,-0.19087562848692755,-0.16504593178904478
1339,-0.04459824392361166,-0.06490495085473288,0.0024560187355856565,0.036537625843725025,0.005233690176469078,0.0417464476789121,-0.24045299874396403,-0.006350349620658775,0.32404387205888724,0.24477586165920737,0.07361555100782244,-0.19763642139117976,-0.17446610262646162
1340,-0.03049758471230554,-0.06084389545116086,0.01283710629622882,0.06159748851761357,0.01921233196942085,0.05605375793705074,-0.23771840896597254,0.04205329304373314,0.19767191754933927,0.15596992127901022,0.0772352425027491,-0.157966056183418,-0.13560511378228848
1341,-0.04105038141595871,-0.09388743039126728,-0.002023486470606559,0.09616588726257475,0.009297440714844089,0.04729813537645947,-0.27585631674821565,0.11225979198299735,0.1562873727689167,0.13814025463367693,0.04746760490962796,-0.10862763769291947,-0.08547123493012965
1342,-0.030065139454156595,-0.07623897897016693,0.013030512998173191,0.10709882055206185,0.019860664855592996,0.05693455185112085,-0.2344455597546485,0.062047518700492146,0.14477576659622954,0.11850050925755852,0.056855261443165425,-0.1291091745560749,-0.10924475351934751
1343,-0.013445022058522509,-0.048693625191626025,0.027905294476598192,0.04830661204034415,0.03078229643719504,0.063169206125888,-0.1756394802309076,0.023637491922992068,0.11830147288575589,0.08924676877312591,0.06497838031564393,-0.12170986275992399,-0.10683953273656292
1344,-0.007012375549285199,-0.04137440336345618,0.03540297472684203,0.056720066402613095,0.03754979871063063,0.07009824269700692,-0.16738741057919038,0.023866864502010775,0.0904250092097695,0.0694299992750705,0.07197369181428513,-0.12812290604513485,-0.11156955180116188
1345,-0.020147227524672916,-0.06550577781467881,0.02503655574085502,0.11710486530391072,0.029471566502600435,0.06605596762838899,-0.21423289989041025,0.05587958448525599,0.09975730498677135,0.08349446302222742,0.06887024470481316,-0.13383415507187463,-0.11195049207318632
1346,-0.05207038537459521,-0.08448966689906577,-0.004095562074778275,0.07919242426588917,-0.0008587555834968128,0.036647946539464245,-0.24847027955698384,0.005217287877525471,0.3288106414079429,0.2483172382529764,0.0573202851525035,-0.19511791809289003,-0.17040325591449149
1347,-0.057777520536416965,-0.08065072981769163,-0.012274664615614404,0.02473106791534816,-0.008690986650087388,0.027269418716079463,-0.24939279757185048,-0.010839675551107006,0.3960245370846107,0.297737416754668,0.057488466573317784,-0.20379750866515925,-0.17982702363609668
1348,-0.04105502935873257,-0.07425275651699591,0.006175476220673807,0.07046886485281145,0.010995590297549167,0.04931239282618234,-0.24900309281658034,0.02109541735357204,0.2680696121305712,0.20369749933319695,0.06819481062713055,-0.17834194274668164,-0.15535684220269683
1349,-0.03747360645888434,-0.09288464647390035,0.00733569336912037,0.10610267736773894,0.016047108045220106,0.056058335714774525,-0.27068598775761654,0.0979864708070393,0.1514411823470016,0.12799536743639336,0.05818562275663671,-0.12187040975300366,-0.09823780740052003
1350,-0.025099040805755885,-0.07031133079953367,0.019549325021489355,0.1132190141244683,0.02551360172494691,0.06302088218856061,-0.22922914730843452,0.06152183862558589,0.12042491661761254,0.09713658283559926,0.0662864323578021,-0.13108758362594597,-0.11094549095639483
1351,-0.0045498577746553035,-0.042877779596270295,0.03974564271588389,0.06408886168814339,0.04127941063622111,0.07467712904622757,-0.16550462907098262,0.028862277660790733,0.06610685578509894,0.05106848770281526,0.07673720100522088,-0.12236758267770544,-0.10726601712078798
1352,0.0007020388308932205,-0.042965515599298544,0.04651488516287257,0.06863545771785333,0.04723317546134343,0.081033334518532,-0.15885374564224583,0.0360083817145155,0.02390070385176414,0.02101394917442251,0.08283458893946875,-0.10995610496685246,-0.09610114916326848
1353,-0.007851535308321077,-0.061370857715580804,0.041508998009817215,0.13494704929617687,0.04426981532915345,0.08241520676077331,-0.20007455673543792,0.06523721222363325,0.011345572211566983,0.017258168326161612,0.08552736254671031,-0.11582780901581774,-0.09738462592883541
1354,-0.030305198073874277,-0.06583276707563225,0.022100327082670124,0.09011431648783837,0.022859415895244307,0.06153459952012087,-0.21966390569322275,0.015027857146759858,0.20866245800045455,0.15925786332015446,0.086039756059618,-0.18821963824055388,-0.16157508442957708
1355,-0.0399950479861177,-0.06791724529664961,0.012054488886393107,0.04804189225761403,0.012010950951420383,0.049855865012368425,-0.2223756699183707,-0.008305913911297466,0.2864032527970331,0.2128950243654968,0.08662313694980488,-0.19724365450239878,-0.1720470796052961
1356,-0.036232902429813314,-0.07426765532585686,0.013328607543492962,0.10738051957588263,0.016545721639157632,0.055225778387901416,-0.24060979438468943,0.026796242708708173,0.21235333036501813,0.1623765181545407,0.07243725476739887,-0.1691502538958201,-0.1461833671059207
1357,-0.04731174337417904,-0.10513877636652362,-0.007321458500589827,0.09169045964413367,0.0032246422868195883,0.041340981541858925,-0.278520779496766,0.11473924001082454,0.17513187833055213,0.1547864505715518,0.042029654829273566,-0.10505028855437394,-0.0796002609225819
1358,-0.029532999780174544,-0.08160804305444079,0.015687229945624683,0.10943639642764029,0.021428766857649127,0.05910524218423718,-0.2314468723067612,0.06843078146562549,0.12784569204583504,0.10876522647810828,0.06105104626524649,-0.12553203201528096,-0.10363043451330912
1359,-0.002365033405283599,-0.046118684268459165,0.04422095363150442,0.06916994505954921,0.04482528368341912,0.0790522325912336,-0.16268785445624592,0.03129822809870735,0.045314712301248235,0.03682770174436105,0.08448478227877228,-0.12015858047564565,-0.10386368678316078
1360,0.0039045864328814735,-0.04289956303945917,0.051695097882318256,0.09383801814151463,0.05181203018314415,0.08646878320864936,-0.15508571544393712,0.035741074225924284,0.0008457463295852088,0.0031328995012950152,0.09157630823573996,-0.11901937356410591,-0.10200989209354994
1361,-0.011870889711133465,-0.06837814233322635,0.038834379451718276,0.13843411649017445,0.04127248909124124,0.08009513069450627,-0.20379943949330295,0.062410922839762094,0.03566651538771977,0.03591456835312428,0.0872489465080641,-0.1288780849309842,-0.1069505123476635
1362,-0.040550345155586524,-0.08135742722986011,0.012677669930261707,0.08416939230947922,0.014433764590755297,0.054560462674973983,-0.2346905693095452,0.010969598972069294,0.25405073828085517,0.1932030185215785,0.08501577582178627,-0.1900668232853119,-0.1624152561214555
1363,-0.04343204799874551,-0.0695305025259524,0.0069288103945340275,0.05159976057248445,0.008776847310898226,0.047068066238308656,-0.2385650483831842,-0.007218291886011956,0.30198638029442293,0.22590194501002067,0.08555546281659403,-0.1974673536558608,-0.17160402818750786
1364,-0.037304330377903865,-0.07559972000614056,0.014006798430779694,0.08859644009226723,0.016921071861195704,0.056747030216076806,-0.24285333224844055,0.019351269239477786,0.2324187824310217,0.1771009161307606,0.07890125604836042,-0.1759958352912185,-0.15229034652623624
1365,-0.04193793187890899,-0.0999644464511607,0.00645680786662353,0.10696240291995752,0.013647254146721655,0.05496518997596972,-0.271658236975823,0.08265718888582693,0.18892075352445567,0.1567265669537268,0.060723506678002956,-0.14222944330258913,-0.11526961234280289
1366,-0.0358850045926503,-0.08685784168208639,0.01075356199651634,0.10451496744904878,0.0157697201458021,0.053911202705057074,-0.23801080376107972,0.05505585942811994,0.17905036395912796,0.1426911064994704,0.061020562393257836,-0.1429926211981845,-0.11902107334239943
1367,-0.008164323648352413,-0.05169610257393631,0.03805011698698204,0.07465918201219715,0.03873688977785482,0.07280126814376194,-0.16866714216899148,0.028149976923536997,0.07474422332801041,0.058039678358407384,0.07989360061832408,-0.12708810519660063,-0.10945926256119383
1368,0.0014162993426123174,-0.046319696742005895,0.0498182137727932,0.09167967624741853,0.04953128289717764,0.08433083904265795,-0.15711405190261632,0.03433372160385363,0.011033619884273947,0.011555819754975863,0.0910629492148014,-0.1190122356698763,-0.10231643744606583
1369,-0.012484175138865438,-0.06961990303302362,0.037899722725338446,0.13777174551225282,0.040298253491768445,0.0788992263176151,-0.204349101214982,0.0658689323917801,0.02889624418334014,0.03238915904883424,0.08689313488422845,-0.12168687015562976,-0.10077636901265682
1370,-0.03967191268922268,-0.07808199527963887,0.012236973033065875,0.07133185947773507,0.014237737115678712,0.05374712200360243,-0.2348034907716455,0.012569335549370297,0.2518642800231186,0.1946339442023821,0.08503617010737724,-0.18425148535008568,-0.15884853742173735
1371,-0.06155582646019974,-0.08922344962582965,-0.012592798008753247,0.034294120905284456,-0.010249705166795653,0.027432580342765175,-0.24969546527770228,-0.019386934696800567,0.4018244045106258,0.30081842058306735,0.06646140801485324,-0.20664834739638657,-0.1814784077241279
1372,-0.038675451654101314,-0.07681635926137037,0.014710675285408936,0.06299607926437148,0.015909450698800447,0.055758165494757476,-0.23908755410484855,0.013612838818747917,0.255874537943154,0.19232317328387358,0.08015511003642288,-0.18005314698381408,-0.15670751882140216
1373,-0.033747831262429855,-0.09455084001111952,0.01812999103987375,0.11907381619258967,0.023490783458411504,0.06580734123202986,-0.2615899487118807,0.08467140771782544,0.1377970582964807,0.1165027942450225,0.07307483639228286,-0.13765397265952894,-0.1110054359295573
1374,-0.027060653164084625,-0.08095704189684898,0.024862675855830137,0.12428260001648662,0.027182971117238098,0.06693370443716118,-0.22800564815953173,0.05148084044824523,0.13413681948886844,0.10654733919032512,0.07519321632872268,-0.14952566468005588,-0.12507115898235618
1375,-0.0035877094401667153,-0.04511126095401914,0.045209777941403226,0.07320630427711465,0.04327982570264252,0.07711857920082535,-0.15595711027593231,0.016535576044676942,0.06564501525466529,0.04788533322569468,0.08591185386848416,-0.13397994658168466,-0.11615623826370372
1376,0.0033490972921274174,-0.041404793943906955,0.051848258590020145,0.0837719651350432,0.049949661687821625,0.0836063215946449,-0.1487253907460145,0.030148832015159978,0.012281701245239586,0.010677206000805241,0.09036222191794978,-0.12151021708055149,-0.10435486370833878
1377,-0.001061233916714813,-0.058697109563235324,0.05190233610141466,0.14880999069725492,0.051330778471596686,0.08933329962488265,-0.17996098206395772,0.059539037133022256,-0.022313552559127342,-0.00997964012574637,0.09700284428758964,-0.12327913613378735,-0.10262663195319177
1378,-0.026981830578294258,-0.07096578383422242,0.03275606535700093,0.07258088625126558,0.027497310964018685,0.06645393208276881,-0.19200673628709855,-0.0026365650616741385,0.19134579511221084,0.14209407636691546,0.10132651706038287,-0.18345485808528156,-0.15800880934799189
1379,-0.05605851313042391,-0.08357644535351193,-0.00433704173587345,0.03980995127581019,-0.00826464789447719,0.02629006787300201,-0.22017468007615157,-0.019812326552275522,0.3451247304979021,0.2569782018817646,0.07622818852623166,-0.189183524627345,-0.16302396068465178
1380,-0.03910722661830073,-0.07267621961608041,0.014666927958972958,0.05483328077963594,0.0126922360096914,0.05035750180401677,-0.22124344352145328,-0.006249573446887743,0.2672951920300819,0.1978351789508637,0.0827094951275798,-0.18255962444944482,-0.15855372500867523
1381,-0.04498321101940246,-0.10485554959460089,0.0005304505186813425,0.10276200477788396,0.008088411500940211,0.0477283640977224,-0.2735095526081447,0.10295244698668185,0.17361845773352935,0.14981644555696103,0.05733249410706579,-0.1238755420633611,-0.09560521999395687
1382,-0.029389190276107598,-0.08488384374651285,0.020439254902011483,0.11999519933499697,0.023252277613122128,0.061942594092101726,-0.22905699947450953,0.06122305243375624,0.13041728535009475,0.10694298111064579,0.0711666930176813,-0.13865632421116386,-0.11339298014611647
1383,0.00115374382450467,-0.04469985114986918,0.05078995449060059,0.08294409241618589,0.04848084440275587,0.08261482590042205,-0.1504936876607381,0.02490378028670259,0.026649648585060855,0.020712162368906432,0.09129583663351795,-0.1261968164274295,-0.10815453367061999
1384,0.011517160840186499,-0.03626883166343054,0.06139576814950292,0.09843150209841654,0.05907349769705371,0.09332425652753877,-0.13933401234575576,0.03587161170898242,-0.042519966697509695,-0.03003289445771686,0.10129437902253528,-0.11476617714121076,-0.09798629373859237
1385,0.002937688424753093,-0.055601062638936515,0.05648716847004802,0.15573268389530742,0.055820624231049325,0.09414812430750881,-0.17567666394000192,0.0612944052722362,-0.04823864964588178,-0.02859013614824217,0.1035824105859462,-0.1211300568030525,-0.10076653601073411
1386,-0.019199705441119163,-0.07258521395159187,0.04086527048349499,0.0849102979275703,0.03656187482779518,0.07655808551670407,-0.18853086521248774,0.016406217853219985,0.12186225412358202,0.09183800733978457,0.11052269631329577,-0.1615142873270814,-0.13769463245316652
1387,-0.04758434560586678,-0.08730367577110744,0.006254919053460159,0.0508357679079084,0.0033844113490281626,0.04011785384918044,-0.21261663374678755,-0.010429789056986653,0.2878038469303079,0.2143592785938244,0.0850549004152938,-0.17652938307889784,-0.1533471508393568
1388,-0.0378096925190987,-0.07683269728902062,0.014723730604904567,0.052679464613856156,0.013977960736027906,0.051505722375658744,-0.21696867654787516,0.0045117308349930975,0.24903422780250187,0.18664694913902977,0.08096655049685489,-0.1730201864976101,-0.14941508375022217
1389,-0.04670382258613412,-0.10967647531163854,-0.0027742264133229773,0.10039497857277743,0.005555963038486637,0.04469411750596829,-0.27624606217475356,0.11448910810043476,0.16644466121947235,0.1456001509694443,0.0510512605665545,-0.11020933777682144,-0.08262031571046771
1390,-0.03198943186865448,-0.09029041251065743,0.01788467973817334,0.11655741861067115,0.021094448961359032,0.06006764618020926,-0.232027955067512,0.0623345445864141,0.14053061886419926,0.11397927939365718,0.06771318902059563,-0.13512132499518012,-0.11073270091327478
1391,-0.011421695491507879,-0.059194658026981165,0.03725468213654815,0.07505474389145361,0.03651029282028079,0.07122220449772482,-0.17172170533326925,0.026794577951969142,0.08859735731500963,0.06662694030186046,0.07874129997789829,-0.1284422971281017,-0.1100217429128848
1392,-0.002392974718915902,-0.05278263641616388,0.04718188588962036,0.09640619576704165,0.046170604896193866,0.08125322161348525,-0.16170930931184505,0.032174892071687944,0.03129188428042682,0.02444478322681031,0.08748084991780504,-0.1238472438269329,-0.1056721533892134
1393,-0.006844632302245299,-0.06660949352185198,0.04322397578481708,0.1427345425256201,0.04568851619621781,0.08411863778869785,-0.19962464897496365,0.07740350363983245,-0.0057489195140337235,0.006966412902011109,0.09209300966163404,-0.11792873719829132,-0.0954721669874444
1394,-0.02425576377164533,-0.06561799180934617,0.0313049706423451,0.11319854628348396,0.03098701818716631,0.07111716236220335,-0.21393711299981433,0.01885591035880132,0.1580384715417956,0.12284487927873487,0.10536685695863651,-0.18739117761571686,-0.16051176941664408
1395,-0.04148230517305709,-0.07196966078297136,0.011164180326444506,0.055464162755374115,0.011021711776617059,0.049257761807649875,-0.22369903633727864,-0.006486113815955676,0.2854846971710886,0.21574166508396786,0.09230930314433422,-0.20151965498134572,-0.17528671097486753
1396,-0.037989894118856546,-0.0768173659286483,0.013090843651703302,0.11756701120818404,0.01569495537244624,0.05496975874403259,-0.23871701560234027,0.0200110885484592,0.21254657431037616,0.1620223015751705,0.08361329172561001,-0.1744943673140003,-0.15149718217213645
1397,-0.052074463490948436,-0.11218461729069101,-0.010730939485947723,0.09013990519610214,-0.001011272790819237,0.037416320826853346,-0.28303118777589303,0.11280359634011736,0.1941892872440426,0.16830183245142855,0.04274978839913636,-0.1058999562644826,-0.08066829335889847
1398,-0.0359454132742695,-0.09046213736433698,0.01137843140115266,0.10672287693657978,0.016002999163929332,0.054326441684424055,-0.2379393608497775,0.06045209042727919,0.17244026412524754,0.13976383986953259,0.0613645564803952,-0.1413186336942332,-0.11678595490592311
1399,-0.010648046743682004,-0.0532137697808234,0.0361083373438243,0.0659093239852526,0.03650938130132913,0.07073003917912173,-0.17068452326617126,0.02215295031894239,0.10286721933199176,0.07805258594366625,0.07943935608350446,-0.13822800669889318,-0.11899484699806255
1400,-0.0026179895343050475,-0.047057573533563817,0.0441831172704651,0.0926447324387428,0.04454707293837611,0.07874723509235486,-0.16211397543874215,0.03005512789111179,0.04163452752169857,0.03353610348802618,0.08536150315956906,-0.12871391349400982,-0.11020596779972347
1401,-0.00843934273658653,-0.06408025775211755,0.039670074514900996,0.13935558294536984,0.04311042376308455,0.08091047287805148,-0.20143234066391275,0.07463081455646282,0.009246989392771023,0.018093424118641975,0.08875469242308301,-0.12132847750947251,-0.09849205593027638
1402,-0.03320582899957513,-0.07279468839182177,0.021272402850273354,0.0842161172491591,0.02144025375582488,0.061161652818971055,-0.22389753512727487,0.012890246277808343,0.22260614984653593,0.17013275891023175,0.09535355153678807,-0.1933784620695465,-0.16579661865737386
1403,-0.042964574931295164,-0.07559254399482708,0.00941910571547121,0.0551871146045207,0.01003330002729864,0.04864261321959525,-0.23248267669108216,-0.004715907324303924,0.2969878526536267,0.22343767979193427,0.09161124729549494,-0.20266110658425152,-0.17690210378218157
1404,-0.03296381844185954,-0.07490042168644334,0.020394950511755463,0.12554962489766322,0.021740386177054122,0.06154915313905869,-0.2350953410479087,0.02552377634176268,0.18885607055282722,0.14425446510077178,0.08817307760341322,-0.17860287546184786,-0.15447904768624668
1405,-0.04695166483725447,-0.10799838826985336,-0.004112276936926609,0.0968277019827436,0.0052593731670217405,0.04440226421508021,-0.2784975356388976,0.11206558268002147,0.1722753635130708,0.15108562038513762,0.04902375530522999,-0.10905830512548101,-0.08432149043989252
1406,-0.03359589954040512,-0.08624215547455599,0.011277012281341422,0.10775887550844623,0.017181668608536912,0.054775740239378784,-0.23699179810264276,0.06902520370477336,0.14966574103224872,0.12304889963358226,0.0611172355039872,-0.1303176256123889,-0.10670289778230206
1407,-0.004059463322881363,-0.04857352829610429,0.04317211521717398,0.08016631222689707,0.04363916208377381,0.07821083802618295,-0.16395043474654897,0.0285978656664444,0.05609309497050977,0.04348243183264951,0.08630904091055586,-0.13099396894143406,-0.11209346562721853
1408,0.004774788826573043,-0.043825396626418496,0.054181950850812795,0.10294608332159148,0.05371116036763158,0.08902245318463682,-0.1532398366005455,0.034195484297045185,-0.0043600321895550095,-0.0010995944747076894,0.09641791819098416,-0.1256941972131349,-0.10703078193491335
1409,-0.012851032674596257,-0.07303318082897443,0.037209978910669114,0.1362629631237847,0.039956389928502346,0.07853876268581582,-0.2047107527790867,0.07274912786938911,0.029306652537892657,0.03180103263426425,0.0865492352455883,-0.12248193349742525,-0.09929724315582361
1410,-0.04067821258095602,-0.08599275418562902,0.016103103575682065,0.08371950614707731,0.015224726742679764,0.05567151685845442,-0.23149364169663542,0.012006641921561572,0.25291732196877487,0.19094787287337067,0.08923700869006368,-0.19285629482060843,-0.16480679549383523
1411,-0.048492867346245715,-0.08003234899148268,0.0050972577969477795,0.04855721227146694,0.004452996507933132,0.0430842414060691,-0.2328763764514426,-0.008998088593525425,0.32050887656531385,0.2405905469566109,0.0859986308956727,-0.2023627940413427,-0.17552728697597503
1412,-0.02874081230896093,-0.06683432842682958,0.025462227208341598,0.08807362287251241,0.026376530869771566,0.06661304705911268,-0.23003480833449974,0.02074635072445288,0.18885949578104483,0.14439121766772403,0.09481959137611486,-0.17733629863945147,-0.15239583584933286
1413,-0.03479455870913676,-0.0924143146455309,0.013940623866931132,0.11388116158025828,0.020834176302583482,0.062160729125337086,-0.2651232808855867,0.09042312017181638,0.1354924482414233,0.11667540153173074,0.06812843047597528,-0.12723646416863846,-0.10196747288716287
1414,-0.028784518251668896,-0.08186036032810598,0.022350874602712345,0.11772834399698894,0.025484480738064332,0.06526344277147304,-0.22939297012597087,0.04720212866961383,0.15226190042197563,0.12125369734783525,0.07354504821645126,-0.1551170257043425,-0.12993504235502626
1415,-0.005637152637683617,-0.05260543062572872,0.04298823556692822,0.08765107503314967,0.042627437021284166,0.07753933411641223,-0.16469556776825564,0.027846063994985324,0.05932361354944862,0.04667353758365277,0.08641845887129397,-0.13353886583942107,-0.11459073886606577
1416,0.006358833529633711,-0.04529999893856119,0.05755676863610711,0.12283475942077839,0.05617746873259954,0.09204008733071146,-0.15139552765154385,0.03528894915263443,-0.023797314795853224,-0.015865383820517033,0.09943150565946711,-0.1258554374585623,-0.10747470979689407
1417,-0.00975709310119893,-0.07353502956576474,0.041289368945587074,0.14243500547554494,0.043485641074789416,0.08234273120731524,-0.20152261638377023,0.08100086315553515,0.0005535335780735369,0.012327361196670859,0.0908262337403102,-0.11610960646062309,-0.09333639286246943
1418,-0.022335015718760905,-0.07905728738088685,0.04110540436573705,0.1423843054833753,0.03766278207745393,0.08063800288335443,-0.20688451781267853,0.022774481126574257,0.11900563247749434,0.09229413456884067,0.11513232013217209,-0.1850396876873639,-0.15768055451531157
1419,-0.02067261410522956,-0.06739138605013774,0.04194946644211823,0.08785187974732808,0.037441616214592424,0.07905323599609794,-0.19450208226175172,0.007730460514379933,0.14374268066499712,0.10837124535057084,0.12544110636157488,-0.18782798619654525,-0.16118762267799489
1420,-0.014809540951530233,-0.06642922358080677,0.046607685376195924,0.11371195952724734,0.04466358952317936,0.08751309241177958,-0.20921090065355652,0.026779476211127765,0.09950314981424432,0.07656837586092452,0.11807253201674042,-0.1743276156321555,-0.14864257992338992
1421,-0.02918226354345442,-0.09884036449762987,0.02072447239626291,0.12103872459148839,0.027202811128767913,0.06895528626038275,-0.2562331659484516,0.11521620652904657,0.07660139553795793,0.07910869122900448,0.07580713434627831,-0.11414292235391903,-0.08625600567573438
1422,-0.021655443777518126,-0.08403246140893168,0.029140990554733945,0.12798750952093702,0.032773318915756466,0.07264638778085175,-0.22268497343111393,0.07314296995170569,0.0815710906676165,0.07354539231399047,0.07960159520087205,-0.13333355646224646,-0.10870281982665367
1423,8.925629597529978e-05,-0.05177640909622448,0.05090938407700109,0.11752211262508322,0.04988895480106403,0.08576684402162553,-0.15880389012462182,0.03232837634379102,0.012300061730412074,0.010992168843065513,0.09337081706655327,-0.13071532732834382,-0.11187234925538082
1424,0.005279222786890236,-0.046564859555255876,0.056188294411274334,0.13095582760581176,0.05508236799978028,0.09093304557181314,-0.1524929540379196,0.035243026944035305,-0.0231627240129453,-0.015288503337779957,0.0973229138482997,-0.1259249890752143,-0.10757066914878957
1425,-0.00986046611751857,-0.0728407577942148,0.03975071854427689,0.13894130533646365,0.04264375219085173,0.08103944009716249,-0.20276202760289075,0.08475204623766017,-0.000789343103962377,0.012232489404382716,0.08860093465575243,-0.11209658726397882,-0.0896115045839848
1426,-0.020833244088831537,-0.07372204289705518,0.04074975599636497,0.14486298741427894,0.03810735157874678,0.0805169005180931,-0.21181171926967862,0.025080437605748962,0.11348915762962607,0.08837387783446284,0.11406744250768366,-0.1828549076471528,-0.15602599718228696
1427,-0.025021345819316202,-0.06784394506247475,0.03309198357628468,0.09567224685327812,0.03054486050298136,0.07074670070849266,-0.2138874841091435,0.01924578171578708,0.15863880101950795,0.12166251637086609,0.11426988399485906,-0.18146570559122016,-0.1556542941599022
1428,-0.020399010970434686,-0.06784802096244225,0.03483065071485355,0.1403352606890135,0.03534636123260043,0.07586385825309615,-0.22210465938377547,0.04377363570228565,0.09764667558357373,0.07866054081805593,0.10338952178065697,-0.161875110988376,-0.13761970246910737
1429,-0.03145901926739655,-0.0845884006515266,0.004226897481017345,0.10812479594901649,0.016425683761364208,0.052823255546320606,-0.26512945309657643,0.12614560716465376,0.09592033703493219,0.09716689720057342,0.057802506308712705,-0.10212889787096792,-0.07533020956012314
1430,-0.034550249146234197,-0.09298009286677478,0.01276074590915386,0.10866962696237314,0.017484692334393894,0.055838937650895204,-0.23584044400414614,0.07132281991532101,0.14387737891952335,0.12070915343477145,0.06377849173623497,-0.12693896819957642,-0.10413209264593533
1431,-0.00450598727143413,-0.05087510873786033,0.04300400644825392,0.07267197211012529,0.04215602931958489,0.07586132652773621,-0.15695875506819615,0.02758169896214649,0.05455361656490876,0.04201371762116897,0.08377264400222544,-0.12334157420365802,-0.10593358627500112
1432,0.00814111907764572,-0.041218601987940966,0.057120583145874225,0.09551776489763189,0.05592989772927185,0.0903363186445371,-0.14320645102473878,0.03544888387578537,-0.02257656441005438,-0.015042046296280764,0.09719145152933165,-0.11756734891111181,-0.1000750062699509
1433,-0.00033636650900302354,-0.0574131012656198,0.0514118660728145,0.14706315026443784,0.05205317652630681,0.09004995801596723,-0.17858042540234695,0.05940591733363107,-0.02321881606288654,-0.010397834877271996,0.0984268452733751,-0.12490867658171653,-0.10355569278768757
1434,-0.02686605762624814,-0.06852115739680557,0.028524843346231118,0.06526890497284628,0.0261534931785369,0.06425582714638559,-0.1929093193044043,0.0012910968715030523,0.1977807275933281,0.1472499616309382,0.09838124952821256,-0.1832652264511847,-0.15734434348933876
1435,-0.042642634008822525,-0.07246889098422675,0.007080471049585018,0.04836614613962568,0.006065471475485139,0.04147363679276183,-0.20471890000711687,-0.014414834988450635,0.2874361083578271,0.21586270927015988,0.08571064857472568,-0.19202833532525326,-0.16572159634629996
1436,-0.03178339073537896,-0.06676246586944659,0.01852928661130041,0.0543377253560518,0.01917404356313021,0.05625640564555083,-0.21284157143617372,0.009092527041490703,0.21778718950946768,0.1653860769992785,0.08539141545234522,-0.16881713828652373,-0.14575010385109216
1437,-0.054686938534115256,-0.11228637355450634,-0.013660918921763373,0.08590821020378166,-0.003850150481958317,0.03436857785545287,-0.28161604632483683,0.10348009743179666,0.22556488563151544,0.19305941275189262,0.040215803656733634,-0.12198843344133631,-0.09450812627265656
1438,-0.03739271575368595,-0.08703784608158456,0.008165720806047648,0.10280914344402772,0.0136231586697205,0.05130602038034421,-0.23714487596421904,0.053753110283255086,0.18958533642495598,0.15131656673794353,0.05886857965959145,-0.1466944757337222,-0.1211577228726742
1439,-0.0007094942923867671,-0.04308392725696108,0.04785915304439127,0.07359251116901294,0.04670873888495645,0.08089505957330892,-0.15233198354619956,0.015183369070333949,0.0565151720553251,0.04093820325607343,0.09024627937611077,-0.1371449193484948,-0.11866816198547045
1440,0.008240505804132823,-0.03869144523391247,0.05804610569935197,0.08252329111932223,0.056444567913763496,0.09111304095352236,-0.14260107151387597,0.026178883431060555,-0.004109540859295568,-0.002530300880603534,0.09987281287536436,-0.1262493844746343,-0.10823746483419575
1441,-0.0036724276654246427,-0.06017108191760354,0.04921683199184699,0.14166596745197524,0.049456972251693244,0.08792000098039543,-0.18125681059136903,0.04879628765600022,0.0076674513714709795,0.010423854716296165,0.09648896831110995,-0.13427935212724823,-0.11225666242914265
1442,-0.03679289278008917,-0.07445565000056434,0.016766822078575147,0.05138263713919486,0.015542098237148319,0.05319112534826139,-0.20496097590645052,-0.009418889966478761,0.26482905716936467,0.19689204797410934,0.08510855739497737,-0.19228917924745037,-0.16579475744059766
1443,-0.04785604778454016,-0.0793733873679912,0.0035032562206816363,0.04218391749019034,0.0016591030185013637,0.03746735729103884,-0.21287119873441226,-0.014884013319024924,0.311861641273193,0.23227761077256978,0.0806597503166121,-0.18999724727387973,-0.1646307419029385
1444,-0.024227255795112628,-0.06399944579534725,0.02988510334969285,0.06386149437683114,0.029018323762731453,0.06763015522841274,-0.2072733898822478,0.012802313814661914,0.1803106299948348,0.13553888007034395,0.09553283543445072,-0.17147150944838466,-0.147608135110867
1445,-0.047108189523525426,-0.10840353483362665,-0.0035700226240357514,0.09602322321916419,0.005358917516807516,0.0446338658629543,-0.27539882339661204,0.10820368676288547,0.18199401337911883,0.15813560691055065,0.04766688986880234,-0.11715216360792316,-0.09038346953456032
1446,-0.04151124318118303,-0.09644999393565261,0.002647906079331404,0.09728066687852144,0.008777538492814365,0.04600253183812546,-0.2426216635661128,0.06737896377776613,0.192304106680923,0.15611278512076945,0.04932894062340823,-0.1316921666342275,-0.10755837217448355
1447,-0.007107129239502236,-0.05407227153712084,0.04076167802694392,0.07752984355911442,0.040965300566658286,0.07576045695395507,-0.16690952217545238,0.028159445245723048,0.07211305371419824,0.05555761886435604,0.0831116919295465,-0.13243894239001958,-0.11343122351840033
1448,0.008392938988812111,-0.04065115036251734,0.05857024889953253,0.11321649049603584,0.057723319363987335,0.09329246109579345,-0.1498858568158178,0.035969817024004314,-0.026152375108942805,-0.016925468582581017,0.10038016248808204,-0.12617162203616739,-0.10775896545022115
1449,-0.006090762573375982,-0.06791779523383036,0.042684553089526386,0.13733208388115953,0.046027673515420905,0.08418161963686589,-0.19904150238118748,0.08945626069437529,-0.0204252061428555,-0.0015768196464593705,0.09125532772524839,-0.10942806312666524,-0.08645736943822237
1450,-0.02696285033808808,-0.07932152189526846,0.03224621926018978,0.1341826258104128,0.030998836504143885,0.07268506573589996,-0.21394637738082117,0.022422152694951104,0.15123288199990237,0.11650575156230955,0.10471172236596003,-0.18624364935379167,-0.1585108569657999
1451,-0.03946187435311483,-0.08024196667014026,0.01621160148687139,0.06359110414722828,0.014735860897056623,0.05392458568377042,-0.22573020775606806,0.009522795505615701,0.2478800120638166,0.18978591519084534,0.0956591966909568,-0.18580523016541664,-0.16007179272142116
1452,-0.03246802011007207,-0.0765343738771726,0.02184539410356067,0.1256777573723991,0.023070431011191384,0.06347928857907985,-0.23411284980695468,0.02835009702676587,0.17352891070865234,0.1362105521408317,0.08887094257785873,-0.17066896924422742,-0.1472491604819127
1453,-0.04250624094795561,-0.07949917815525712,-0.016964645356960736,0.08589889106380241,-0.0007071320981463344,0.031876725612799826,-0.2791110239373143,0.11536926335382475,0.1910644520856725,0.16890156032536868,0.03331644422831494,-0.11707366385066431,-0.09056545232348479
1454,-0.04788164083788502,-0.09944698739486738,-0.00722157474419576,0.0869115939288669,0.0004623490352279505,0.03650987753192162,-0.2512422967504103,0.07219950912486384,0.2169658943505542,0.17528227897463428,0.03867349304539363,-0.12222361882135435,-0.09898887744274971
1455,-0.007232466291117272,-0.05027376631262475,0.0385980140372397,0.07720802891966677,0.03982620687407186,0.07398027268115719,-0.16771670760912744,0.027713305093418794,0.07492366029404979,0.05736674234298462,0.0801787036046677,-0.13184482867368116,-0.1127271649607056
1456,0.003296743443568147,-0.0432235178283828,0.051578724238122396,0.0883993606299657,0.05177773493707495,0.08680300649588907,-0.15529287423646598,0.03248406976306696,0.014753357108190599,0.0127980990970207,0.09471707282767265,-0.12858312460623628,-0.10950865186948597
1457,-0.013067734912715928,-0.0714894460216405,0.03682889371767112,0.13210706411886244,0.03973680232794683,0.07833489408654595,-0.20582683745779254,0.07086643373525855,0.036565832286060994,0.036875915490282046,0.08658648975222724,-0.12558683776297863,-0.10193146935972751
1458,-0.030665789398416198,-0.08101680954779195,0.028671593816133694,0.11001107159427709,0.027307464351097474,0.06911104258685258,-0.2187167136329284,0.017173896822550796,0.18366482816000743,0.138740592413353,0.10352371408241041,-0.18824740413439636,-0.15955748711314932
1459,-0.030102669119240977,-0.07405161740885041,0.030357190229617605,0.07388438013259799,0.027094488802341214,0.06811893316107387,-0.21055110547133818,0.0038662013721716027,0.20356738647418635,0.15212534384893428,0.11431317179513632,-0.19320460588145705,-0.1654170979351723
1460,-0.029745255332373537,-0.0800293458726381,0.03084837909488765,0.12443663553461351,0.028881285334865822,0.07112012090466102,-0.22760805734978196,0.01894941287563356,0.17202907695234704,0.12933749981641945,0.10052924159105626,-0.18267167453821234,-0.15607731901147806
1461,-0.04584944538880724,-0.11183156520694475,-0.0006831114271186091,0.10117093610352944,0.007678412746831995,0.047619239325544106,-0.27545856883182895,0.11494106610921512,0.1623687288906651,0.14359757462755943,0.054116444032259105,-0.1129934507424781,-0.08467626023842666
1462,-0.026241694131943515,-0.08687476525789044,0.023494153055319305,0.12185035081293172,0.02734023592286169,0.0666463085661886,-0.2277166113935388,0.0722971964284279,0.10447453558388092,0.08946763928111245,0.07564174776063347,-0.13295851243050172,-0.10742058419748145
1463,-0.00043742083946281886,-0.05222579579863321,0.05068157438173214,0.09747975443701755,0.04938020958285877,0.08526474652399003,-0.15962104783005263,0.031581442989398044,0.026016882590017665,0.020060099916320816,0.0941977710933496,-0.13074759113352413,-0.11163062591301166
1464,0.006521062271179417,-0.04622694630021057,0.05817474315725602,0.12299323239610963,0.05666432465394073,0.0927397159609969,-0.1515382750228314,0.035327674035963666,-0.023457261186441633,-0.016158232314955126,0.10024535030169501,-0.12692713747320836,-0.10835825047949417
1465,-0.008772820482641138,-0.07115237226284758,0.04167826956050203,0.14099955239036827,0.04410599390557248,0.08274235327960175,-0.20126556179596816,0.0820660906717903,-0.0017129356771325834,0.010795520347619842,0.09077548315595446,-0.11656149689631315,-0.09369807619650647
1466,-0.02611874900023693,-0.07770078729223942,0.034756566638716936,0.13599249733897034,0.032269560438422384,0.07426279948099548,-0.213678825905073,0.019927772435932023,0.1497639192606246,0.1151301179539193,0.10614521797015808,-0.18913655219963685,-0.16161353712055276
1467,-0.032317230965391935,-0.07503650348168332,0.02604641355228934,0.07243145957936781,0.023171494867737764,0.06326166127875398,-0.21588587607706192,0.010514112995250046,0.20756615893362426,0.15844101056050375,0.10545242967519715,-0.1848054609074755,-0.15883967001111124
1468,-0.022712796939881524,-0.07000091091560447,0.036351134322874804,0.14151725949955937,0.034876971971675365,0.07644501084748824,-0.22227430139980298,0.026403998264805606,0.12123974077705552,0.09293794941918516,0.10634632238927051,-0.17258398653919874,-0.14854639169742667
1469,-0.044591896480692575,-0.1085971803668871,-0.0006093786888695978,0.10487485060037553,0.007966855659095785,0.047246130032214236,-0.2738487590461578,0.1177936043385141,0.1488124184988917,0.13599182936619558,0.05606526616287201,-0.10895469921480765,-0.08214904086074434
1470,-0.034340820759124834,-0.0921202284747021,0.013592736519717059,0.11690332929951958,0.017781515619842276,0.05615291778778953,-0.23572010491117948,0.06922969028812663,0.1473847921523016,0.12278496678859714,0.06372253155555523,-0.13531399051913806,-0.11005733534730452
1471,-0.0007956687581373186,-0.05122567747796353,0.049779266488750154,0.11821854063508695,0.0486231391365959,0.08424402949083176,-0.1594268253864297,0.031007303669813226,0.018344680233401404,0.015127949084460359,0.09210377971451822,-0.13266480851285792,-0.11333570831806938
1472,0.011348652107546082,-0.041869565974364434,0.0636382645577548,0.14599102134274852,0.06186150350305925,0.0981631949242052,-0.14614070027461548,0.03821464912521894,-0.06013567311250617,-0.042774767470734096,0.10484970023578817,-0.12574310928198154,-0.10740316968211905
1473,-0.007275876202563581,-0.07198111793812863,0.04294317862793079,0.14149871924356397,0.04550228033189129,0.08407730740860289,-0.2001382179347213,0.08975834690911848,-0.019628627157272066,-0.001115695489332191,0.0917705202679096,-0.109173925052568,-0.08623689301443119
1474,-0.021983090614524522,-0.08060962980499568,0.04191808637805346,0.14656012353212947,0.038181184946383714,0.08136602618386922,-0.20856313547752053,0.024327826596787862,0.11665878396835015,0.08985319543272502,0.115415439904565,-0.18525047769181216,-0.15787433335401072
1475,-0.033012228482451354,-0.07771109826584169,0.02672210539834956,0.0713917931243727,0.023192109867561757,0.06352451402272254,-0.20900412222147172,0.006348139995668908,0.21772900860179847,0.16571969976374754,0.10906827473754166,-0.19573419121268054,-0.16823400532931762
1476,-0.029052817426832123,-0.07673630110281573,0.030710152429778422,0.09417698561871467,0.02845859966262388,0.06985428965516657,-0.21980581655825418,0.018633419445359903,0.18664457645667257,0.14301115387458654,0.10020997173523116,-0.18605121546585526,-0.1600529983243762
1477,-0.043787353431280034,-0.10865452750800494,0.0018064821258484305,0.102317569846232,0.009853756156647579,0.04981572544508761,-0.27205769313707084,0.11224143482849695,0.16470037633744683,0.14695211877524672,0.05486277834126981,-0.12297879918013181,-0.09507186859978824
1478,-0.0398073599724695,-0.09465563200829348,0.0053743881236796125,0.10037015013751659,0.011125265374627158,0.04879915835080095,-0.2419773109460328,0.06697252125177315,0.1892372845233838,0.1540136019426163,0.053470174778170586,-0.1393233440557616,-0.11359889750001056
1479,-0.010939446308245025,-0.05475578097082637,0.03557590744824558,0.08383852983165917,0.036082210376853184,0.07022566567227934,-0.17130663739186056,0.024802982819367762,0.09472053542972299,0.0721782183919526,0.07630696260670418,-0.13831971253335548,-0.11840943537249723
1480,-0.003707862049569563,-0.04693639032116815,0.042888157532804096,0.09841194093655845,0.0432732382190788,0.07735999941401582,-0.1632918606832253,0.028354618810556398,0.04879758182204302,0.03790126081262505,0.08323800757912983,-0.1330122187970148,-0.11327647327583343
1481,-0.01654552367264374,-0.07313463353763554,0.029365116333828722,0.12297970188354293,0.03355144674109604,0.07041827842914086,-0.21055475612197821,0.08293672315506087,0.04386075717975023,0.045365460740507506,0.07674633278492043,-0.11443251811738527,-0.09055638579820473
1482,-0.03740677624429222,-0.0807611595191914,0.017929795599667356,0.11738570374400038,0.0174573230712922,0.05708918892509526,-0.22328819175334627,0.018293337609429337,0.2135243753496463,0.16363752402874907,0.08654181234215372,-0.1893380147592947,-0.16106491839390885
1483,-0.0488749186455337,-0.08217552568555357,0.005612977484077044,0.041778697869125116,0.003395370509919063,0.0409015060054135,-0.2199210987802247,-0.006007830360123485,0.32402638525044974,0.24373465561474478,0.08129197599703504,-0.20579275378631837,-0.1779694414730102
1484,-0.048352731777397566,-0.08676914037910287,0.0037549973652134397,0.07822813450492187,0.004997789696783366,0.04361964597305744,-0.234395844705633,0.0064446962101386345,0.30454806202059714,0.23076467105617302,0.06925716938208659,-0.1991217865936591,-0.1729756627531787
1485,-0.06719020336426468,-0.12108983949132221,-0.031472511437012934,0.07022649487159591,-0.01960745206705354,0.016567596915699645,-0.2957296663812305,0.10791314973958516,0.2990695662990304,0.24970630037037833,0.016331719492122608,-0.126537907028625,-0.09818724791890343
1486,-0.049738267197893316,-0.09973078094786586,-0.009793887440122504,0.08400251328509846,-0.001956040886748998,0.03373954166436334,-0.25280783453116856,0.06714144937854519,0.24518104445597885,0.1960509488061277,0.03154613513190124,-0.1354098924612507,-0.10822492925696478
1487,-0.0161874357865404,-0.05691383901997245,0.028022480229250992,0.04673029672666753,0.029003313002235832,0.06179020465300842,-0.16975705785938836,0.013405921630044372,0.14717359627122362,0.1089505296456917,0.06464054080383126,-0.1385306725619078,-0.11832787773414458
1488,-0.003437850860127917,-0.048750432438098804,0.043129780865773126,0.06342403792381857,0.04299467729312071,0.07654798583988943,-0.15584381402292413,0.02423517965714571,0.06426364671060786,0.0475336552352754,0.08294904468741697,-0.12820371429639274,-0.10884219659550405
1489,-0.008640902594840828,-0.06241141465317614,0.04083809901981597,0.1333022665839134,0.04236797917535428,0.07949154598922299,-0.18850928206868184,0.05380428288155451,0.031373693121327303,0.028896026996764478,0.0868997308629207,-0.13007833014036174,-0.107333695173813
1490,-0.041959942936276265,-0.07707713472883093,0.009630042108167187,0.043891516229225935,0.008638513975809442,0.045096060948427844,-0.21223466408124583,-0.007340860752443354,0.2946822624793602,0.22135111987810294,0.07749397824779043,-0.19421404392693853,-0.1679568474411488
1491,-0.04826059079591616,-0.07126401667708686,-0.00031386597974790794,0.036371005054322295,-0.002135107357364236,0.030989731844056418,-0.2010941793205305,-0.019949700200303688,0.3289410050667534,0.24597739260904633,0.07423327532381184,-0.19941260302155545,-0.17408234654548518
1492,-0.030846013089743166,-0.05805218176999028,0.013801907457666495,0.048667010303930495,0.015353005567448168,0.04900561215636534,-0.20083980609634816,0.02054377658270049,0.20216660251006682,0.15806568869527698,0.07627269699112196,-0.15726994440658648,-0.1368683549019085
1493,-0.054917924584320085,-0.10870643898532639,-0.018417503756149547,0.08011466601745458,-0.007083017181082657,0.029217992084352714,-0.2839876717903728,0.11564792326841902,0.21169246785780158,0.184656557656298,0.031947616074246094,-0.1018022249644465,-0.07836244169687401
1494,-0.04878744490802398,-0.10045542226713827,-0.004390394961851178,0.08872967001859185,0.0012864586998504444,0.03838698071284636,-0.2481368505709235,0.05112780767609977,0.2493983226806592,0.19669267172876329,0.043691747861124446,-0.14594685464159365,-0.1215966920284047
1495,-0.01668694947532645,-0.05676223143036007,0.028980097766535325,0.052538555353567135,0.029158472394664226,0.06235942350069607,-0.16946097537459062,0.006468725972450968,0.15546824992678673,0.11340041904339547,0.06986858310614648,-0.14741416506827373,-0.1279182057156913
1496,-0.006662935686538781,-0.04897001309779974,0.039031827780271346,0.06360711385361013,0.03928458438752388,0.07252306917247284,-0.1579264190159616,0.01971653247969198,0.08499726196495969,0.06384593937690804,0.07962485783821796,-0.1340415158456353,-0.1150303032077202
1497,-0.01577167374029357,-0.0691681507556204,0.03627158032028575,0.13062390052767653,0.03670959410507665,0.07476689378757333,-0.1937794954982207,0.034902869621473036,0.0863506895024005,0.06860188787979334,0.08308537704594975,-0.14781260507923635,-0.12478086771685756
1498,-0.04250220287944548,-0.07716183416800725,0.011360337833956692,0.0493417787612345,0.008873961374122137,0.045868795533442835,-0.21363398128085048,-0.013731743579078862,0.2979433237048745,0.22257707121963996,0.08097204477740848,-0.19824718113585368,-0.17166037016144312
1499,-0.059842787442338834,-0.08010298623637785,-0.012336315679407616,0.028216102430757242,-0.014335231613127788,0.018691681051288444,-0.22100148333606626,-0.026258101125541937,0.39399518166017994,0.29420339704760123,0.0648455537362937,-0.20606012806303772,-0.1800148824302222
1500,-0.036803908007863165,-0.06780611185615226,0.01624076092520353,0.05081588121944086,0.014203440713274727,0.05100918884110474,-0.20775519470851528,-0.011171172806022487,0.27721927973594923,0.2055956706898801,0.08044036355285435,-0.19862533983932268,-0.1733628584598314
1501,-0.05114977882606134,-0.10780672990599995,-0.010588635422358567,0.09069049584423812,-0.0010659206918918736,0.03664789918826999,-0.28006167102008006,0.10914815416435153,0.20951568101541873,0.1788002502462985,0.04573281431787655,-0.12398196503995107,-0.0958805938701106
1502,-0.04376582797544825,-0.09639408023504759,0.00112590062755064,0.10206782226624456,0.006199960925532208,0.04323120392217736,-0.24434586811866976,0.0596626046221424,0.21548888224606763,0.17213347765995093,0.050816259018925246,-0.1458764093396101,-0.12034392561981518
1503,-0.010198654793636729,-0.056886732021320593,0.03767619351500299,0.10089112105983769,0.03759562886089362,0.07221872747301021,-0.17005121901692388,0.02529340365512164,0.08234095668679113,0.06163592124896243,0.07757167384767664,-0.13897653909357652,-0.11911048142183843
1504,-0.0003068410708609954,-0.04973711637241681,0.04915346448313843,0.11844788848602292,0.048642610743708424,0.0839622431520685,-0.15881765673953294,0.031190280564011567,0.01847308379060297,0.01482635156593561,0.08902650715986536,-0.13215960827385273,-0.1127012074886902
1505,-0.018525945858152586,-0.0803942218696881,0.029415124091240193,0.1239564721969496,0.032986184906328,0.07074406539455934,-0.2115372753478069,0.08213992527500644,0.052027719996836745,0.05220834129407227,0.07701376154836935,-0.11691233759354845,-0.09312181403416585
1506,-0.04491081754687739,-0.09322694218833874,0.011968112762582923,0.09430005195577353,0.011088758035497538,0.05143043034938273,-0.22927950994633753,0.01095189784845348,0.26856157904270644,0.2031333447619374,0.08349721114285202,-0.1979597467265357,-0.1695543694910963
1507,-0.0444083909076082,-0.08053651459865434,0.012082221372970669,0.05133182676589322,0.009473905922523245,0.04808874561112617,-0.2163741243763274,-0.009589189554099533,0.3018333706672225,0.2279224662952739,0.09151564668395211,-0.20948933613203097,-0.18185062775024116
1508,-0.03261374457307539,-0.07032279989171465,0.01981358719990388,0.06689864554716912,0.021319799359788043,0.06037233394890261,-0.21863378044468337,0.014266584261849654,0.224235321154727,0.17219287211159578,0.08900729445092931,-0.18564872498505552,-0.16088738814033615
1509,-0.05148278466370788,-0.10297808431314923,-0.01270876030860544,0.08612094549114234,-0.0016323032262347645,0.03597979168759639,-0.2819984481290404,0.10068918907709926,0.22065349648498003,0.18730819112853692,0.038743264003859634,-0.12168989944319242,-0.09700459778928448
1510,-0.04570543630984915,-0.09056074272084075,-0.005076506892868501,0.08938827108494327,0.002789222217862423,0.038937850454296895,-0.24675538315314005,0.05245014153484181,0.24640117312526227,0.1960331682142695,0.041280061942975885,-0.15200862118405573,-0.12717319831369778
1511,-0.01304729571192811,-0.04953841365007617,0.03067544555254132,0.05240792676354804,0.03280127837638129,0.066209930672526,-0.17335261752807712,0.015470654105579847,0.13827298454620723,0.1038709598158462,0.06934438974147812,-0.14689353221937948,-0.12622171046464697
1512,-0.006971801126195832,-0.04784057377494182,0.0392235120067374,0.06014534776870192,0.04022493097568533,0.07444774999487004,-0.16632398797903036,0.0205911675435217,0.09706636499878392,0.07222909462564936,0.07698676608301627,-0.14012887650674427,-0.11964969461005345
1513,-0.02138923943682058,-0.07781411027863858,0.028281976853662724,0.12114760002527732,0.031476344105632915,0.07009617254353173,-0.21351695811345023,0.05667595122642012,0.10206989289521019,0.08419303017772939,0.07364892344651854,-0.13982865306814715,-0.11504093037692634
1514,-0.05285023932791237,-0.09005213099878479,-0.002546986386509066,0.07288117379520567,-0.00036714262608493405,0.03777287329747214,-0.24115228289164997,0.005525022874135303,0.32526323403350266,0.2477576612728951,0.0639910294211431,-0.19638323126896745,-0.16983898119444518
1515,-0.060510568689158196,-0.0835239132913429,-0.0154633470621367,0.01946659697024486,-0.011974103373560434,0.023287492149323234,-0.24144522596193987,-0.0143435280351614,0.4092751219073426,0.3050627230215913,0.06170856734434477,-0.20728438736253674,-0.1842554276170102
1516,-0.04337591035669069,-0.08016572541813767,-0.001665648896676806,0.033238586427159426,0.005399168734249459,0.04135583475313719,-0.24607876367339798,0.047904499260953824,0.2584714786885811,0.20147420490030885,0.0660875681386576,-0.15197185598877277,-0.13067343656937133
1517,-0.05462578557123376,-0.11014544482700886,-0.018025029654058902,0.08099302040122502,-0.005695061754744241,0.03138389451992516,-0.2870372874245504,0.11452974759333141,0.21857163477957958,0.18750787696117066,0.0317480444791377,-0.1060766731371218,-0.0831289363656517
1518,-0.04099905154410493,-0.0913739039382101,0.0006522764863232107,0.09502537573273373,0.00821899513143692,0.04482963812455377,-0.24478999181380368,0.0667709648178626,0.1925740893533019,0.15466520419655497,0.04454042713641536,-0.12552199484971424,-0.10459202883334952
1519,-0.014259489885538337,-0.05815898208307282,0.030569141375341554,0.08132376934708957,0.03227274645986747,0.06610695952747137,-0.1755774893533099,0.02583203789326494,0.10813456305654086,0.08092985572198245,0.06585410851842691,-0.1308187397729183,-0.11220848080514559
1520,-0.00850529825216681,-0.05787076440519377,0.03917006215043274,0.11642579545325174,0.03959890065764234,0.07439432864543376,-0.16772076731129335,0.029056531884039217,0.06081889231983711,0.045761997768105855,0.07371343736133325,-0.13213022800936272,-0.11271288826205922
1521,-0.021179506625801547,-0.08191329768643907,0.023715819244627293,0.11706101053029316,0.02871924214465421,0.06547262709317138,-0.21611222493371693,0.0897243470670085,0.06222350531261935,0.060890526151618524,0.06675231637747235,-0.10958956875534309,-0.08576479592016417
1522,-0.04860230752907795,-0.09130609517668672,0.0035948133674261963,0.10143858563010276,0.004749189178668377,0.04348864061469009,-0.23975408427151707,0.016235989226958816,0.28476432214297975,0.21870614221648954,0.06685978408545541,-0.19334404227238342,-0.1668309372131056
1523,-0.049717334757908925,-0.08133041203498668,-0.0009611924120876191,0.035213654825235335,0.00019078797578028222,0.03640112805502516,-0.23597270765800835,0.007184326542577954,0.31947024654466133,0.2410084623902787,0.07252634388297625,-0.18313257817898007,-0.16088072517456314
1524,-0.032854570368049486,-0.07134095380473562,0.014985215388413242,0.10281193455746736,0.018393205037428435,0.05586211135018952,-0.23228307301829282,0.03835225517102257,0.18330976381280326,0.14213507948634724,0.08079520646110858,-0.16086358605876533,-0.13930258801493672
1525,-0.05791852712460338,-0.11222658651610012,-0.02195451245825293,0.07707337267134078,-0.009619378388756901,0.027033594477691127,-0.2894420026047653,0.1103070502108308,0.2432839843916913,0.20463992560559024,0.026665520452742515,-0.11093153820116909,-0.08691090251623904
1526,-0.048772597412281515,-0.09713807499152309,-0.007939754720561725,0.0849810252285716,-0.00019226039660916403,0.03598497213755693,-0.25142994536760477,0.058876316433588045,0.23990095516684526,0.18950788282858333,0.033679125569835294,-0.12919408803071292,-0.10826355644568723
1527,-0.02371900374010514,-0.06444842496284846,0.019161006501770897,0.0612961344326391,0.02157106593901673,0.054596780895121044,-0.18510052050099607,0.019404356887711232,0.1727813593824317,0.12938381293644155,0.05331470522565328,-0.13930004172351787,-0.11894123127331788
1528,-0.01667466859976398,-0.06270797378139897,0.028562435195417048,0.07273158984748922,0.029943699275205415,0.06378670784640926,-0.1767236991215759,0.023418277153737885,0.12781065098110936,0.09565464132590634,0.06394620634803555,-0.13506980522319392,-0.1146780612473772
1529,-0.019543684514022604,-0.07410562108270441,0.02841839543464145,0.1203717002296715,0.03195855526885588,0.06973906214154343,-0.21274714976161865,0.06303656465919348,0.08591447657700241,0.07325801835917664,0.07440081845849814,-0.13278936222346543,-0.1079117735467717
1530,-0.05517594065570813,-0.09137343818091438,-0.004813452840321367,0.04894499154629557,-0.0029383748473946402,0.03521604621652083,-0.24852657761817604,0.001537329465922904,0.3573574486419836,0.27155519770105585,0.06603711496117799,-0.2031833411072276,-0.1746370032832144
1531,-0.055565962884088514,-0.07923428936691242,-0.008407206439172666,0.029513459484713195,-0.006214878320715009,0.02968304274018591,-0.2406679634448585,-0.010755937287536666,0.37069637142275175,0.2794238446017038,0.06955348349075936,-0.20115592816019906,-0.17686803583663097
1532,-0.03782008010721383,-0.07399246340842809,0.011227240404086434,0.11071753376058927,0.014068469787264466,0.0519577872644543,-0.23670775478945458,0.026685672917480384,0.21468421616135513,0.16467903669331346,0.07536947420002482,-0.17141239814625692,-0.1494567347372147
1533,-0.04974362621916076,-0.10520101597733077,-0.011394758446240529,0.08780163788636147,-0.00040816834810681815,0.03689458089532942,-0.280841919823119,0.11537001435481084,0.19194462317961153,0.16698830274138904,0.03896073471447627,-0.10746812815026792,-0.08290227680775286
1534,-0.03209863197806487,-0.08428326951801311,0.012317226996302706,0.10642021013834783,0.018526229630095977,0.05601617211804764,-0.23455084944415733,0.0684806244155553,0.14639733842114214,0.12142274625298473,0.05832886619022321,-0.12993993067070342,-0.10703673255176069
1535,-0.006392458050752568,-0.05307816413864276,0.04114822309487649,0.06935250808503525,0.04171584417611346,0.0765275905199776,-0.16612675102848562,0.026693785227161034,0.08021987400487192,0.05950644454522607,0.08081831676523041,-0.1352929711940705,-0.1150922420065406
1536,-0.004579594111696065,-0.05436917839776339,0.04404837422181399,0.07974718911092313,0.04401810940653178,0.07910888204041859,-0.16329038761452577,0.02868909082226658,0.062282822677422786,0.046907732332345915,0.08366693218429497,-0.13320190566364662,-0.1130280670083857
1537,-0.016358941940424084,-0.07452475882987807,0.030626013660935404,0.12656970938889822,0.034596331808928536,0.07202237794669718,-0.20994084323614362,0.08003247904961604,0.0454114066819936,0.047346773644371384,0.07750803831043086,-0.11874757735401291,-0.0945410091314125
1538,-0.04592168895676502,-0.08998929561025988,0.009427879040200713,0.10901444589597899,0.009228997542569391,0.049190549407790496,-0.23919179077891,0.008091772229388767,0.2795985851902514,0.21237011645168932,0.07712905081783973,-0.20378275950090718,-0.17516586172886633
1539,-0.041603411845642785,-0.07263118725782318,0.010726157933462,0.051971243441517295,0.011226858949430927,0.0494967480318674,-0.2280385229449441,-0.007616574028925793,0.29855770188305963,0.22343978785560742,0.08920553734886812,-0.20485739519827223,-0.1798769441682044
1540,-0.03215367577530962,-0.06961881793240565,0.01913278501987986,0.11086036903749755,0.021482794817884544,0.06050193541264132,-0.23047703791520327,0.020621660789959483,0.19949101382874593,0.15085127119175715,0.08545514861879899,-0.17874828024448935,-0.15739916684975672
1541,-0.04523449989360819,-0.09910508106664241,-0.00596094730587063,0.09306260945978996,0.004987374933398217,0.042852401270925135,-0.2773435250495885,0.10905270536570771,0.1874974333539551,0.16089662428900806,0.04334341617765255,-0.1203835894976562,-0.09366492203707084
1542,-0.03557593461365286,-0.07741210467590677,0.006439321144207709,0.09964403965484775,0.013697277409666789,0.05031702240217459,-0.23818464606600867,0.05254145487235481,0.1947130142483642,0.15562399279868896,0.05087728428015821,-0.14821018289219715,-0.12447053856269748
1543,-0.007986525459659789,-0.04124747263608714,0.03466547654057814,0.055663351907978074,0.036334858949306076,0.06857528914823087,-0.16154113600110234,0.011956215374610701,0.10647590423007793,0.07848919221349997,0.07245579835318688,-0.13570461375070264,-0.11813633886991652
1544,-0.011649974661958596,-0.05416259292661787,0.03245987854449253,0.05304875251086282,0.03347230663282865,0.06619886093150737,-0.16450420653809536,0.0202801344632611,0.11604355595611111,0.0854461850234471,0.06809846499655316,-0.13209865978085517,-0.11263270515153674
1545,-0.024891776684225028,-0.07834162952204969,0.02218184250572878,0.11233057996131289,0.025073509121012295,0.06155877552933941,-0.20577435487797943,0.04622868726654577,0.12729503828388922,0.10007226018297745,0.06354897410863218,-0.13630209505216687,-0.11297981082301684
1546,-0.05169607247132466,-0.08345062901103462,-0.0073035732014911075,0.024942949529312336,-0.004291116302053279,0.030318621189572906,-0.22416369291750923,-0.000242362029104167,0.34392394824981604,0.25977640650463985,0.05247153447303939,-0.18156260708060434,-0.15872340693325893
1547,-0.04910276537332166,-0.07017877898569312,-0.006353930031005058,0.028891798887205222,-0.003976693480274887,0.028770534688083636,-0.21584632535032383,-0.010501956958495741,0.3309659798696661,0.24774310236080893,0.06372063012575171,-0.18180005528233095,-0.16233154047007012
1548,-0.023251167052657278,-0.054211960157083766,0.022263776381527,0.06631765690216716,0.025268525308645144,0.06066794271622519,-0.20809348578610481,0.028667710857365733,0.16467124613646084,0.1268810145111778,0.08382109835669585,-0.1557231840984894,-0.1372791740759293
1549,-0.05260167788001415,-0.1063135136438515,-0.01573966045727831,0.0833847877806279,-0.0036799509350540103,0.0333599639549033,-0.2839564754254935,0.11197275063713714,0.21239677186494335,0.18218056389945425,0.033522684133826405,-0.10873747858479368,-0.08578876534440719
1550,-0.03794548535272092,-0.08678942094365345,0.005523293200920887,0.09876457190776071,0.012260972111341433,0.049451726327159266,-0.24004355253060244,0.0571203954961884,0.18990227305266943,0.15074900422017626,0.04900199303852873,-0.13458275496978972,-0.11341301555797854
1551,-0.006136010332659754,-0.047084036506646706,0.038502640009710216,0.05781216178472109,0.039462941749261335,0.0725179465713173,-0.1599028868883663,0.02209298890137679,0.08409622879460875,0.06329191203547255,0.07334497683662265,-0.12765358280072572,-0.110345280154692
1552,0.0019529300784748539,-0.04469524898611215,0.04853847811575633,0.09317500410690886,0.04859311126604763,0.08227744925976614,-0.14997184779464184,0.0314759874866034,0.02033286400637876,0.016877997753937418,0.08322867693934581,-0.1251236362559873,-0.10666176597647775
1553,-0.016067524178207584,-0.07375857369859594,0.030610974320282647,0.1217089768087266,0.03357945481956289,0.06985161674385833,-0.19650710284420825,0.06530018010394979,0.05992302586021786,0.05324200445525659,0.07203671375535986,-0.12123473669569937,-0.09868500945050335
1554,-0.04122976920068441,-0.08088689817787428,0.008757199953737194,0.04556952484024135,0.008537992147226666,0.044453520839720116,-0.20910379355943978,0.0066287877094070085,0.2748752773015535,0.20744791473736351,0.07206035116738392,-0.18088678219848645,-0.15622332556014795
1555,-0.06923521386764182,-0.09056237451031472,-0.03143069570755583,0.005035850019496103,-0.028047724687515495,0.002080694729882054,-0.23506741605120043,-0.001640164524122552,0.41154423415968483,0.31251298871496985,0.04189386048939506,-0.16863604029153287,-0.14844799847354406
1556,-0.04889675891284336,-0.07704205461308153,-0.012805575980946707,0.02069072319411325,-0.006574128539793302,0.024749532710905253,-0.2322184350183007,0.041918611070859674,0.2800216822129243,0.21898108628694857,0.04975997112124873,-0.13866092570757818,-0.1199237278244559
1557,-0.0591194145850313,-0.1115564524652326,-0.023927541296198063,0.07453146148311983,-0.011432905255579398,0.024809014285526194,-0.2902032325703903,0.11144702690152829,0.24623321484561436,0.20846774680308564,0.024863690896898334,-0.1083518877697514,-0.0857607212735898
1558,-0.046059349915288005,-0.09230044533912807,-0.008010645659582706,0.08587991657999673,0.0007644242014123723,0.03582817995444897,-0.24954279023807777,0.06926013945818742,0.22242269534061465,0.17947224215033727,0.03411129274869175,-0.1276473529311762,-0.1041783063504364
1559,-0.0070458972871683115,-0.0489767096668469,0.037555719058613414,0.07734567970952336,0.03933987191368817,0.07309008762593239,-0.16828613718800609,0.02877042454186374,0.0742734858785877,0.0566772337406857,0.07409197986886179,-0.1275599498993839,-0.10927578829635083
1560,0.001800654398279759,-0.046691570148240505,0.050083745373842206,0.09907488866300004,0.05027746838470461,0.08530801436125494,-0.15724681060679352,0.0322679669004484,0.01944766493557467,0.015711317715643037,0.08848650584446993,-0.12902483783578045,-0.10949500798640295
1561,-0.015478480327569202,-0.07546811759447665,0.032490029099046115,0.12516189018259466,0.03618334630196932,0.07404958575295953,-0.20857135051163248,0.07802566079741718,0.04569904758213911,0.045352523897959164,0.0778646510481004,-0.11995911515570447,-0.09534967107280269
1562,-0.04756174326747836,-0.0944046115403363,0.008516221273045608,0.10080537259387978,0.007895265684636821,0.047902659101937826,-0.2341542989458987,0.008024621880137233,0.28601611802516697,0.21646442470669047,0.07370033223621311,-0.20112919545032032,-0.17207516629767383
1563,-0.05343798061106546,-0.08797179190374887,3.8941491261009064e-05,0.03582850228795551,-0.0017137673069686121,0.03547726488735787,-0.23069728396636907,-0.006421952381119555,0.3537707000269005,0.26313747941864385,0.07346490445912222,-0.20377575349145546,-0.17769926291051372
1564,-0.03927302240586952,-0.07880777391245013,0.00789039873521957,0.10918369474460535,0.011559761797238038,0.04865022122073416,-0.23599177115194456,0.0380656157430394,0.2038056587681868,0.159088408122055,0.07398596775377128,-0.15973137887726513,-0.1384257805373201
1565,-0.057758854424021566,-0.11423857980124488,-0.022330237580882897,0.07965703485201348,-0.009906745784205606,0.02644671790141767,-0.28870283323057333,0.12213703956779504,0.21767416481048338,0.18987347479716998,0.026730555773081834,-0.09662436927225976,-0.07295736760877357
1566,-0.04396116815910901,-0.09481756787078757,-0.0027284474948125687,0.09147098681980947,0.004834262351205063,0.041170004921046714,-0.24695019098177876,0.06834002185931538,0.20522951334812822,0.1650434542727819,0.040070455749048745,-0.12462556320256891,-0.10307576161227856
1567,-0.001764371002049121,-0.04623776549113186,0.04555010268619274,0.07142869631270678,0.04629452358996854,0.08108450094831152,-0.16193372371327516,0.026971443017794305,0.061970354770171564,0.045927297291708094,0.08282514394913053,-0.13621279898914476,-0.11590340337038295
1568,0.0013027328995649501,-0.050481129572843474,0.051410256850237444,0.1090231505133949,0.050898160753377795,0.08663454730184926,-0.1574186725471397,0.032186704709941664,0.01697935334943035,0.013229988586124905,0.08773905732752557,-0.1308534813425642,-0.11065066882889932
1569,-0.023109424087217126,-0.08494349111968666,0.022019613159303394,0.11585110601219692,0.026835552814086425,0.06361403283506592,-0.21780421095260485,0.08980064076031957,0.07063019513761587,0.06696500471220905,0.0650625182632743,-0.10963387660242525,-0.08528766093213758
1570,-0.042365821866677915,-0.09109780386295321,0.011468068866631896,0.109312843867812,0.011736545645107834,0.05088675571359501,-0.22964648343888128,0.029017921456739315,0.2300874847356037,0.17879676058665525,0.07683527834209897,-0.18153058919927903,-0.15350096084645232
1571,-0.04112343372359248,-0.07834823720520083,0.011625345989381926,0.06540281297759402,0.010460215212205212,0.04756650947584868,-0.21296797225339134,0.009577115640521671,0.26078370479530943,0.20039408766944874,0.08541482201274068,-0.192199225509372,-0.16658574508149349
1572,-0.03642384549052728,-0.07658796819420352,0.011275335422969728,0.11484953913724434,0.014580619615895862,0.05183595172831902,-0.23269779566398105,0.040062716558910944,0.1867566453458876,0.14738941521240814,0.07719658497953633,-0.15962414073665135,-0.13861305791580858
1573,-0.041085872637445675,-0.07859412841286567,-0.015590691018780176,0.08788881754513275,0.0008024412468228165,0.03340619429716174,-0.27647497664659,0.11696870954565713,0.18074097730319136,0.16223883311587212,0.03407484412635856,-0.11432179455542019,-0.09005335390909482
1574,-0.045297625428500264,-0.09247338744345422,-0.006970278435198042,0.08870867267387357,0.001881824876741282,0.03720713607458736,-0.24893680242071323,0.07265861802644394,0.20669977878042475,0.16867846185268653,0.035751477729380254,-0.11893351910963056,-0.09897435717664133
1575,-0.014304550607462826,-0.05872903566147936,0.029557816217692538,0.08083324717463304,0.031635052486312445,0.0650922158840152,-0.17614845562335252,0.031800039980123276,0.09010095357749558,0.06898851679446429,0.06374895928296832,-0.11382842969474789,-0.09874632981066199
1576,-0.01259793326504968,-0.062405741824908045,0.034891953344098316,0.11491045542916677,0.03539256084100935,0.07011624469965687,-0.17198608091238785,0.027739941652844262,0.08060354554073805,0.06029450016099107,0.06821222171936758,-0.13242757924533158,-0.11274408814019499
1577,-0.03292531523460002,-0.0917402331621948,0.010432750685158169,0.1036812283217182,0.016013122278234152,0.05215084854710773,-0.2276419300119099,0.0823959644465434,0.13207995782688461,0.11207648943289522,0.05121025295843434,-0.11595372834712746,-0.09177940774114368
1578,-0.05106688594993033,-0.09294764632205793,-0.0009202798431854321,0.09746909189768461,0.0008448072778442316,0.03861386555697207,-0.23940615087595304,0.023133737910595992,0.2922853687287984,0.22395700372770766,0.058625487480798925,-0.18919008856524136,-0.1613983110240335
1579,-0.048212876376872514,-0.08158505071145812,0.003050026712442076,0.053492335755583494,0.002269835460684161,0.03866815889421968,-0.22076150779522502,0.0033771360749762333,0.31522737159752207,0.2379664133438908,0.07474296271680397,-0.20227689917777122,-0.1759579064947953
1580,-0.0413670645395313,-0.07883452105072512,0.004790667175611676,0.10628485490806452,0.008329092122437357,0.0446939765907603,-0.23781101298840523,0.04030318283782847,0.22055365125024712,0.17339955391595316,0.06828590913761269,-0.16571450394681947,-0.14291378541303404
1581,-0.04574971891610585,-0.07998559909561113,-0.018266795105859743,0.08466022993292174,-0.0027334445045514837,0.030584649717797674,-0.27957590628158574,0.11461241287491532,0.20180529314819648,0.17789380953158293,0.03038811999170706,-0.11930468098816091,-0.09432837030524645
1582,-0.05391684658097055,-0.09708811894425805,-0.019753324873095657,0.07449482252740293,-0.009278306368471356,0.024431716385269718,-0.2588034928810874,0.07446084630403112,0.26405479753393396,0.2130957953096637,0.021803705589607616,-0.12887724032585182,-0.10462435367617416
1583,-0.023349856920380642,-0.06288550276374011,0.019108231506352966,0.06149848976585774,0.021739853122892366,0.054642626683866595,-0.18460534004457738,0.018804236630014896,0.17464979801203792,0.1302718544082337,0.05252913440578189,-0.14132743502416956,-0.12107608978217019
1584,-0.01696775141052926,-0.06411692912839378,0.029188135726646483,0.07953290608168385,0.030213857682902058,0.06441241826254741,-0.17633831242079218,0.022967992747249446,0.12699176133426776,0.09490576989174403,0.06295949033878945,-0.13725018067802935,-0.1164991584280858
1585,-0.0320977884894937,-0.08984836789844888,0.013004856367733277,0.10602840973780195,0.017689901733217755,0.05437852168089762,-0.2268645017991862,0.07291962339651915,0.1391165211648694,0.11548225295784993,0.05452190976574939,-0.1246783871297316,-0.09965295148777806
1586,-0.054357136723854796,-0.09753973558881307,-0.0012651569766225844,0.09354662205792662,-0.0007635326531651926,0.03813664134879617,-0.2457669460846714,0.00932260581427732,0.32266015016950084,0.24494497611393018,0.06064587566035438,-0.1984289887917346,-0.17113537434592363
1587,-0.056856633010215776,-0.08660203121197277,-0.007467584289715162,0.028210880746753653,-0.006398063012757359,0.030196203355344377,-0.23885588281136774,-0.008464214526622018,0.37525117249104983,0.28278708162605704,0.06877275866114686,-0.20263898817070303,-0.17793469984699764
1588,-0.045838409648612806,-0.08050820938820549,0.0014726685681616704,0.09171111991769554,0.005562759242514992,0.04312983926351845,-0.24282612817197496,0.01649759821169018,0.2729478109197738,0.20692030986977236,0.06823652370676189,-0.17954931462848372,-0.15775656786261183
1589,-0.0670848732649234,-0.12082993074694837,-0.03257208603016007,0.06721873818364704,-0.01986172153242239,0.016105566120366822,-0.2986539110354073,0.11177891577546162,0.28235049480605684,0.2354576617753593,0.0159490668729052,-0.10676160207384425,-0.08309631885009122
1590,-0.04853756468763966,-0.09608841106834995,-0.007721272824034202,0.08534875183578743,-0.0001749119727478335,0.035879945185119645,-0.2521002919536465,0.0597250630318465,0.24019185504818633,0.18958723547772696,0.03379642597366888,-0.1308003664616575,-0.10910645758426003
1591,-0.01730837028050292,-0.057261877767585734,0.026846067080828737,0.05192170949205528,0.028428549732431516,0.06174478884316847,-0.17832232788498872,0.019309340429104507,0.15307640407587364,0.1138656376046019,0.061053054400161906,-0.14191697336777015,-0.1214360023573783
1592,-0.011009600586657859,-0.054653195838930684,0.03475022124404395,0.08106472051744176,0.03567565927453432,0.06956206916934338,-0.17073545092939701,0.024780421454583403,0.10001515994094429,0.07531171123452192,0.06898324554866157,-0.13712461483125502,-0.11662034619783382
1593,-0.0237334576264501,-0.08232021439831089,0.02377358634666326,0.11614262689524507,0.02747703729064356,0.06506033209594593,-0.21712563292179926,0.07082412027885003,0.09967582828555065,0.08502910822907817,0.06635560606502199,-0.12791884246640864,-0.10324009807402974
1594,-0.047322064599639106,-0.09254188081351311,0.008618890715317698,0.10283336940641805,0.008059943080993661,0.048199126262843214,-0.2399854079721381,0.007388294172384494,0.2956940329802462,0.22311616601747924,0.07026854055445517,-0.20628512446523614,-0.17804388533961113
1595,-0.04822534486751848,-0.0804552322341875,0.002460912687960938,0.04926763978955402,0.0025973801595380163,0.03959289389511744,-0.23367214083029852,0.006556275595879907,0.30933087852474,0.2351203545522567,0.07304978898732402,-0.18985598918516597,-0.16576741707520037
1596,-0.029598968871467145,-0.07011965986702486,0.020296690016375307,0.10832605155335859,0.023158270163501752,0.06159481780141736,-0.22769767528565824,0.0381475128797113,0.16192505623894932,0.12674371540694132,0.08608311792556665,-0.16022008662609405,-0.13863884133557716
1597,-0.044130718626043675,-0.10284666121799133,-0.0046036458681979284,0.0938964074952166,0.006092847475378692,0.043939073757830654,-0.2741488766225337,0.12168468084785654,0.1518606331640127,0.13845569625689208,0.044515633421012,-0.09882293619032405,-0.07589213389310874
1598,-0.040689668639985105,-0.09221003992884273,0.0006754108818404104,0.09457789225676966,0.00827418875769504,0.04470383017835334,-0.24429344817058854,0.07303706447748798,0.1801616072342955,0.14790761845065994,0.04333448466206375,-0.11775637244507331,-0.097722567714676
1599,-0.015837282339563052,-0.05332528580443024,0.02558112571532387,0.05060325939094544,0.027793350112197236,0.059596313321755176,-0.17003518282603425,0.021416305909166298,0.13471897996473015,0.1018921727353078,0.059153523877273774,-0.12976058455749645,-0.11179669549917556
1600,-0.007274178877724916,-0.05133854345458321,0.037669249110187555,0.06747517259311601,0.03836266742166058,0.07140823728886773,-0.15993237189027731,0.025957094514556425,0.08224644062860195,0.06275526659242169,0.07156430486959577,-0.12922985574548707,-0.10966348305093503
1601,-0.012529111145016553,-0.0683594149431158,0.036699302519392296,0.1276785885706273,0.038668432703345586,0.07592414663502374,-0.1923626363258504,0.05307637203424006,0.05712927217272823,0.04856925825094019,0.07875932895263099,-0.13315839101641722,-0.11009514840852828
1602,-0.041797073770051395,-0.07796620570232572,0.009981851409692651,0.04311754006865322,0.009090818980395245,0.045774036207305184,-0.21359674995077343,-0.009364782850278714,0.3037618295668411,0.2269299733741836,0.07561202250005325,-0.19883697224998406,-0.17270628758371065
1603,-0.047981526876118404,-0.07388601472908703,-0.0020460043909237714,0.03607855388578372,-0.0014293606487733792,0.03233892008039746,-0.2208369372359716,-0.009015471247148353,0.32013504410628857,0.23800900175745882,0.0735682558121043,-0.1831921438620974,-0.1617423166519127
1604,-0.032043114515631084,-0.06545496980694514,0.014572729715397395,0.048199348594721136,0.01637712578911212,0.05176706143529635,-0.2204815295801164,0.027023262347178105,0.20848637929045785,0.16007706087720303,0.07683891750863511,-0.15258978159546702,-0.1327724900598414
1605,-0.04965964065186705,-0.10638856141170099,-0.009716786965658681,0.08920544835475953,0.0008853463278306418,0.03892467600027627,-0.28089249575243413,0.10938551597817393,0.19520088941602995,0.1669761004181441,0.040672019928787384,-0.10910816194849762,-0.0854843496938434
1606,-0.038829765665324534,-0.09072324440977285,0.007302063068657073,0.1002465850737492,0.01283234639515475,0.05096164160460994,-0.23992237755021226,0.05265729414933741,0.20077050125986612,0.15908739201877675,0.05202663063907621,-0.1446904784873134,-0.12171858809660428
1607,-0.005325772499462788,-0.04500442639646141,0.04060245708927721,0.05942729134632068,0.04094695434645146,0.07442183849951704,-0.1573921433385932,0.013866268221986985,0.09047908054618842,0.06606967494303856,0.0776198636563589,-0.1371007328344317,-0.11861035358018998
1608,0.0033470515407369303,-0.04272081329572535,0.05054563812277024,0.07092312520735825,0.050273694101849946,0.08413102987769215,-0.14799632014073505,0.02893832505432159,0.02365802955550755,0.018215810632445158,0.08786795878783875,-0.12291106786192514,-0.10427246158213489
1609,-0.011972740228600556,-0.06867170244113432,0.039476869985104995,0.12977628446591688,0.0404383379154253,0.07846723774851874,-0.19048545927102678,0.046015083760069665,0.057670121205909135,0.048523583339577736,0.08318587237637615,-0.1376866701320728,-0.11473681872406406
1610,-0.041720572056253936,-0.07941559301889792,0.009165635624380837,0.04010273582401723,0.009333403035622731,0.04630098265212261,-0.21658582031940923,-0.0021429346380249844,0.29392414243811416,0.22234874719762682,0.07172407407017944,-0.18943548288580142,-0.1635993179236761
1611,-0.0588189608393205,-0.08286359694733816,-0.01323527784012999,0.01930128528702351,-0.012359346792491786,0.021446923965982894,-0.22937265031462978,-0.02069637902314947,0.39470509397591247,0.2967726213101456,0.05348877179394103,-0.19606752759471574,-0.17230095698122977
1612,-0.038282045860091256,-0.0725666920299081,0.010056399183583569,0.0430513259554659,0.01242065025430658,0.04941216981278952,-0.22160593471577478,0.004649078014582411,0.2686057021920531,0.20031943512180625,0.06982871741376995,-0.173343675769458,-0.15254512957312483
1613,-0.045452854954029245,-0.10776160203140588,-0.001579685944656024,0.09695337473323896,0.007227282174199613,0.04661950374543377,-0.2741991402575304,0.10928627480916303,0.17525175612091884,0.1526162063271293,0.04810944343503289,-0.11654543169251431,-0.09052512646498061
1614,-0.03614632931944514,-0.09199081420792618,0.00946504123445914,0.10311427110074785,0.014817317563775407,0.052462673266973424,-0.2359951432297972,0.06915099133624997,0.17322784046088355,0.14156442102089384,0.05182303679875065,-0.13842395950865313,-0.11306934651691215
1615,-0.0070750007357481175,-0.05337573887540465,0.04038829801809929,0.07864783831224545,0.04081245320382379,0.07547172583571941,-0.1666992505772655,0.02712288133815166,0.07991676376948818,0.05991159298728576,0.07608654573626883,-0.1358331642444787,-0.1153749447681852
1616,-0.0009052259651174041,-0.04999920535858305,0.048200839337879116,0.08072723306450823,0.04771581300352898,0.08282286105884286,-0.15949982885550903,0.03083882502028942,0.04101575032074039,0.031237482505177088,0.085642833239418,-0.12878819934860006,-0.10900917802257433
1617,-0.014936211486511464,-0.07200248502227866,0.036390981125546576,0.129905181705997,0.038459066517597465,0.07742462577596779,-0.20683949792360465,0.058178730862406526,0.06776335557776679,0.056257196446856776,0.08258184939959935,-0.13876933982360837,-0.11441345315573505
1618,-0.04474375411597197,-0.08591727369271636,0.010287218089351903,0.08942968292459962,0.010344292483415968,0.05027316441911397,-0.2334909697737175,0.00579849543044812,0.28476198927277757,0.21431613753249498,0.0796228982304705,-0.20503270986014835,-0.1756491709401182
1619,-0.04846006729814116,-0.07701018379850534,0.0026120679610162427,0.043865464295083735,0.003525618345883939,0.0413469528979477,-0.23400398879781906,-0.011330752984264319,0.3313039715465792,0.24894854875264968,0.08328133853408642,-0.20553179021622833,-0.1785471792382885
1620,-0.03688028780198396,-0.07199460048242556,0.0080252120586745,0.05335254175555386,0.013608305958404553,0.05084246544277474,-0.240995805326363,0.037880172862188685,0.224491320856789,0.1763812558804598,0.0760051317746794,-0.15700600783055,-0.1337097051482018
1621,-0.04687435195121805,-0.10396960732052879,-0.0062664691016072116,0.09207735051779946,0.004204335227703163,0.04266591965086046,-0.2765599865612094,0.10871334147000998,0.1762351040045414,0.15471786212358918,0.04484700239454279,-0.10723418033092266,-0.08255632012356037
1622,-0.03182595461754567,-0.08333947442903934,0.015094793504937044,0.10727257806722142,0.020223340887594855,0.05858089631851888,-0.2315654824153449,0.053837695393942724,0.1570854854504623,0.1256814930864619,0.06297844592637779,-0.13817030586138138,-0.11585351131220559
1623,-0.009751213445548981,-0.052971793415677135,0.03796052744090909,0.05711552611549064,0.038143440950989926,0.07281951144240197,-0.16952276200563426,0.01626737097814717,0.10678599255753861,0.07814632431023087,0.07906032893962493,-0.13582479720981397,-0.11822845665865868
1624,-0.007774146074073286,-0.053324473620718474,0.039194818554018115,0.0659743298128362,0.03959964111458884,0.07392715863518749,-0.1670453336403525,0.027157785653137312,0.08003619828784393,0.06089835823182055,0.07838220515534354,-0.12801893247654741,-0.10900760963308415
1625,-0.023958495501622212,-0.08297199202172398,0.025519846287847932,0.11990635552512725,0.028492974013352552,0.06687703362101502,-0.2168315324430773,0.06272443513542675,0.09943752772637258,0.08245789718747876,0.07155018719747633,-0.1284269239232443,-0.10477731280442931
1626,-0.043719640322026014,-0.08762055867839089,0.012019747261914727,0.09534345771430104,0.011831195687908512,0.052227975521161527,-0.23834342868708833,0.008673396603378118,0.27090611332527864,0.20638043477587825,0.08050734202173382,-0.19843189364756858,-0.16977414157648055
1627,-0.038031058952251735,-0.06972497906918616,0.01390820871932551,0.05674297661227534,0.014541827940322162,0.05292036445304486,-0.22989917500137094,0.006663763468880435,0.25684619774818457,0.195881408834961,0.09222705484380832,-0.18860367068215578,-0.16347291891583732
1628,-0.024301127977946948,-0.06359405965955091,0.029102102206040967,0.1303873912794704,0.03074803090185351,0.07091409498822963,-0.22627537990753574,0.027816816382761383,0.14165846870062002,0.10940786868896415,0.09469257515223348,-0.1712587906899609,-0.14929799006517885
1629,-0.040736206698186415,-0.09929632117924865,0.003241047544285251,0.10142193167217395,0.011999948380749755,0.051463667474414394,-0.2718773911510548,0.10810886704821746,0.1458387327884486,0.13116047866980013,0.05583528870764583,-0.11077688309161055,-0.08638316016563491
1630,-0.03191662482668935,-0.08351218772244523,0.01689162338162569,0.10950468925268324,0.02087095802434235,0.05969399979124579,-0.2324405098180306,0.0498075224280077,0.16866803504694544,0.13302743113421656,0.0660250202706484,-0.15031787830046792,-0.1263020786620819
1631,-0.007153794503382873,-0.0518311820242284,0.0399454716113023,0.07347675701485241,0.04040259769106983,0.07486540987028913,-0.16697558292292944,0.025338621754977374,0.08400869552090097,0.06265937152240209,0.08139674775451455,-0.13810375255494078,-0.11802936073482698
1632,-0.0002817717880382142,-0.05008171802657109,0.049208913518861266,0.08935131912893465,0.04870080337842699,0.0840360103007085,-0.15861559883148868,0.03110244771049232,0.030764197027393823,0.023568806081408017,0.0904098710121633,-0.12885460122127526,-0.1093086782910155
1633,-0.013995441060867473,-0.073734310753774,0.03786346379726083,0.1376213794330712,0.03988754395986797,0.07916844065264664,-0.20592077875616754,0.06329924970973501,0.04838905661142432,0.04416852702117417,0.08708873699515741,-0.13412538115111436,-0.10971048645841414
1634,-0.04039886688303106,-0.08818188750550318,0.017611513777161962,0.0827886675557366,0.016658404213051214,0.05800335568770973,-0.2329360733257014,0.01000380821266902,0.2581454895833324,0.19547522859325855,0.09207042552159793,-0.1992798414089646,-0.16996022402131689
1635,-0.03153697028254577,-0.07321491758249275,0.027465690220622334,0.07230451304923727,0.02543550599004667,0.06657361617420955,-0.21622968419048536,-0.0016130611327985242,0.22382534526971107,0.16783879379570996,0.11088343463408472,-0.1992097088302602,-0.1725225571150387
1636,-0.024039326431236577,-0.07057591696822908,0.032092196126679316,0.08166966409173615,0.032316510291215836,0.07336251402779657,-0.2243734969756496,0.033820263968049345,0.15131354580247824,0.11743954839462416,0.09900951569594034,-0.16246749291708304,-0.13956752510632142
1637,-0.03749542281524379,-0.10094514325290135,0.009791376455931818,0.11005456191476776,0.017313507326985344,0.05812317775782672,-0.2666261628600267,0.10603448354626525,0.13420288200144773,0.12088211533700954,0.06261679812563885,-0.1204293775944657,-0.09352279594323544
1638,-0.029217347226037648,-0.08481242525139228,0.02050314905151726,0.11358332818691667,0.02419269301453117,0.06343144126835247,-0.23018911043457385,0.057761700985669275,0.1470323953841343,0.1189791449921143,0.07032864619321633,-0.1489340006947434,-0.12265961546970458
1639,-0.0027756165955733487,-0.04427126537400315,0.0444743321651497,0.0745009555456909,0.04441609287771569,0.07864627853937434,-0.16308262969280574,0.026169259122275183,0.061388240071928855,0.04723256570858041,0.08702856339771521,-0.13688576999317265,-0.11684100577287525
1640,0.0011343327888316617,-0.042026058679671845,0.04889095152830133,0.08899341962226164,0.04857015595554713,0.08293481788051424,-0.15789704709478214,0.029144811381219722,0.03156955710593336,0.02583661571393417,0.09008506055038838,-0.13323929597926953,-0.11399732077320793
1641,-0.007277756771263571,-0.06058541361240508,0.04133506021462178,0.13991769282792146,0.044245409725005555,0.08203480930389807,-0.20030422968200393,0.0728146839180511,0.008204039410923281,0.017190769339634513,0.08880833593355561,-0.1252447953890717,-0.10113860521886699
1642,-0.03363172766298831,-0.07618152863569337,0.022200240888484043,0.09799980308839358,0.021428712249043715,0.061302158437879006,-0.21962789974037344,0.013168685421682586,0.21585801584784775,0.1645805406988443,0.09393927036144475,-0.19499492906084473,-0.16604134189371966
1643,-0.051898477676082744,-0.09188247586537453,0.004811540251562577,0.049724930256624014,0.003199371411023565,0.04297953632034077,-0.22768340412055985,-0.017621338328861473,0.3441045337907338,0.2557185178272096,0.08853420145108613,-0.214657588461977,-0.1853293468557246
1644,-0.05264220873794487,-0.10066856495051038,0.004176413317297488,0.04282937935869722,0.004019383307637997,0.04520804299572071,-0.2499576328625674,0.004415944577652931,0.3305093438879198,0.24666740200057313,0.07200664063906205,-0.18581797712578324,-0.16074616640775524
1645,-0.05889089244779238,-0.12393732747700688,-0.011685012635690944,0.08715429491957738,-0.004409606700450917,0.03616351817405789,-0.28708749062923283,0.08862995675740847,0.2674021630224087,0.2173342414034781,0.04013422604078729,-0.13999600982695837,-0.11081206060058554
1646,-0.030731120086442063,-0.08540453279681602,0.019491688599280122,0.11148178286027038,0.0230058528255176,0.06244277020277413,-0.23166969687188038,0.04943849025242102,0.16734972967127723,0.13151474769892055,0.06732751707815103,-0.15570727939296486,-0.12853995004050864
1647,0.0005521214690610649,-0.039397573565312885,0.04944657511541642,0.06900844484064758,0.048496959969851976,0.0832132372762526,-0.1589550918076213,0.018315277752925362,0.06242730775841854,0.046645481913117674,0.09184847867409494,-0.14604619528573506,-0.12555502411111663
1648,-0.0028023448102825754,-0.04540761677238959,0.045142398079480776,0.07300415779787968,0.04480138228463907,0.07927041464863194,-0.1615615381288625,0.022620032188375546,0.06757060643791256,0.050414756624468066,0.08715552995779006,-0.14012747860996497,-0.12008029969767782
1649,-0.009787658275043354,-0.06721464469969209,0.041662454231165214,0.1415970270679972,0.04367682073763412,0.08268861699890037,-0.2026185287149842,0.06427395862346774,0.029768242030918053,0.029528952325345432,0.09075450090668045,-0.1344184454872684,-0.10991129574512043
1650,-0.016255469274352657,-0.07151559914867589,0.04378379651830418,0.1499879883587443,0.04287892452565562,0.08554456383014772,-0.2095219293809736,0.033856303485317624,0.07566449636500913,0.05840452563781636,0.11616807459274002,-0.1683832761386475,-0.1406123993710851
1651,-0.0327651521548206,-0.07713197133076458,0.02423563628729509,0.0668914590570008,0.023138798227803865,0.06354679507348443,-0.22022093588658492,0.010995536992681333,0.2036805500351267,0.1551199844180521,0.10691045327911504,-0.1750287069849073,-0.14937244701348168
1652,-0.03709460806715373,-0.08551354513735217,0.01901130465590697,0.11236035853912678,0.019703731393171404,0.06083226981859174,-0.23708635133100614,0.019217205904283812,0.20920984071592472,0.1575051006432636,0.08792237651539274,-0.17479549971679462,-0.15127218393335487
1653,-0.042283387438393195,-0.10690519285960423,-0.00029477639298098723,0.10129713729243055,0.009830678784907614,0.048925427196774326,-0.2740802782677401,0.1255535963111856,0.13277086865549695,0.1230503246858973,0.05092704490285765,-0.09706064091009194,-0.07173080196073961
1654,-0.031765598448695566,-0.08822820730925199,0.012327350296079856,0.10660928934261926,0.01878934138579292,0.05623165478893805,-0.2351998769421592,0.08131453697447866,0.11776045687291398,0.10326179298387629,0.05843740406234588,-0.11012624279323789,-0.08941190121370031
1655,-0.0016574689809660073,-0.04521925874969715,0.04331069823396667,0.07258642436656594,0.044165871028968226,0.07734985417051721,-0.15481778277714686,0.03006884124460152,0.04458742361740468,0.03575220500498127,0.08057232835742935,-0.1222412407810592,-0.10445789473556544
1656,0.006869533398668669,-0.04019203951384496,0.054212498602932355,0.10489859602693424,0.05397411969123793,0.0879514975073922,-0.14494675356102443,0.03424347716695484,-0.012852287201000796,-0.007009654848938081,0.08963634530239414,-0.12268741219479415,-0.10409792037691175
1657,-0.0031262918965441894,-0.059013801583802865,0.045410414127788234,0.13733464148329363,0.04767988826233325,0.08469769319372475,-0.18350409992782113,0.06683179310712617,-0.007864908715329324,0.004223600125976658,0.08866505670051032,-0.1216697152341523,-0.09966426964310318
1658,-0.030986086039973704,-0.07122195874275221,0.0212688787428466,0.06176373800209581,0.02070003089517556,0.058023408792884666,-0.2131546770707361,0.012696660849475816,0.21837138468631664,0.16435267402656578,0.08676666689013073,-0.17671391608226955,-0.1518668049497599
1659,-0.03606347947136704,-0.06497827200154918,0.010958124706369473,0.04594699469121643,0.010669659421424562,0.044392160775615634,-0.2110241499634312,0.01233372085543258,0.23014384240329389,0.17317213250815364,0.08428273466190225,-0.15923304315182324,-0.14060042543523757
1660,-0.021020052562098636,-0.057182431372184366,0.02317813550866717,0.056483890147211585,0.026353403137141077,0.0609255264060138,-0.20374925079998565,0.05131350468932915,0.11774891620568344,0.09750147378164822,0.08668733986037791,-0.12862027192905418,-0.10962018307274941
1661,-0.039765532660395585,-0.10073196844236162,-0.0016561292149382476,0.09849728754664704,0.009921377746381417,0.04745009717351497,-0.2716847178323529,0.136411583951983,0.10696223516718663,0.10760861798121865,0.04753420556253729,-0.08188411093979994,-0.058662946039620814
1662,-0.04140972854054562,-0.10219375484513894,0.0018752486650059888,0.0962942545886316,0.008783728529733978,0.046013054314855875,-0.2437210321990376,0.0821130692838306,0.16485877495252277,0.13817558744988445,0.044571947831518126,-0.10778293201015629,-0.08757821802110498
1663,-0.012021852696491694,-0.061066103933256975,0.033422551621276886,0.05356595352945853,0.03407678102708413,0.06743773228354548,-0.1646932752481395,0.02988757033748929,0.08744929744072248,0.0656700420259671,0.06724820176921784,-0.10748223959943594,-0.09349465855743753
1664,0.0003913429463270419,-0.04873095339120672,0.047377642537921684,0.0757116683779843,0.04718226103599143,0.08094693256959631,-0.1510709537456253,0.03551894851543819,0.015339754152592394,0.013933190532248568,0.08203119167831331,-0.10694824267977117,-0.09168278252980998
1665,-0.010303372916566812,-0.06823967487184197,0.03939231477233622,0.13112480005676722,0.04096060990734248,0.07826510294317428,-0.1905257045309605,0.061476540374579995,0.025644826162819292,0.027206756480327568,0.08149064952093513,-0.11893199599897022,-0.0975608518999426
1666,-0.03031839061225431,-0.07627869608727397,0.025206667988795707,0.06616118964867326,0.02280583490544305,0.061114807616691795,-0.20775422278137123,0.013706498844134543,0.20319672771317387,0.15516799929992597,0.08845495070506178,-0.17317764775961872,-0.14828571948138156
1667,-0.037321562926634286,-0.07610371165526213,0.016748301403105317,0.05493661979239932,0.01412084131265949,0.05126028358632029,-0.21494250713216548,0.0033024233838682754,0.23952342248120287,0.1783506452061293,0.09204014812066791,-0.17116835731513247,-0.15074654625715822
1668,-0.030336825762432608,-0.0772172682126193,0.019518620025539783,0.053150220284032,0.020547915723688262,0.05756153548693629,-0.21943117774787052,0.044192099667243044,0.16697180493442298,0.13240536886790372,0.0833090197008394,-0.13547243176051538,-0.11519888120716745
1669,-0.03671605502681811,-0.10524413988891601,0.010131378571549512,0.10807398543550768,0.017820622454844778,0.058358034216076056,-0.26577237350439575,0.11856046370684489,0.10408040465265715,0.09877402000253135,0.060693486762955544,-0.09643500098024904,-0.07232482640258825
1670,-0.020183957016675327,-0.08132996713877173,0.028914589978876113,0.12360449583106567,0.0331275601954211,0.07225365249394138,-0.22092134784969092,0.0790176581386445,0.06647424487878378,0.06178108043058357,0.07453810757090469,-0.11988483421868171,-0.09739128329440108
1671,0.003066212002365277,-0.04845827506067178,0.05370389042624534,0.12705497292336643,0.05287966055968726,0.08877221288551086,-0.15606650288611426,0.03414298494949612,-0.002772290800191487,-0.0010224531652603802,0.09081824979722711,-0.1305306495945838,-0.11158801203707644
1672,0.0030645283781727192,-0.048855071463910764,0.05270265779607199,0.13563783279280137,0.05214296802171086,0.08753762916719615,-0.15568478616794626,0.03844980319591689,-0.0139643964671211,-0.00833958136159832,0.0884282656858244,-0.12505964606819625,-0.1060602035089216
1673,-0.014987890189903732,-0.07571039205577623,0.030601853861262,0.12435313605684574,0.035034847146347,0.07186900609015663,-0.20950915260588662,0.0957013976383064,0.02115311581762045,0.031749770613281755,0.07436538912095894,-0.10415091414677399,-0.08047016734643836
1674,-0.030159496200676317,-0.07917210017356568,0.024995492577066732,0.12624485773215546,0.02508974360956849,0.06520637201450147,-0.22045840092460206,0.03411338347324468,0.1611759534294678,0.12679867089131713,0.09161418700389709,-0.17649163590807823,-0.1489570275242964
1675,-0.02743011786352192,-0.0660612511769241,0.02641995881952639,0.06679654260899366,0.026137187138274506,0.0650983917770191,-0.20606891684055406,0.015507587636534016,0.18411685206609213,0.1421103641392288,0.1042915197202836,-0.1777333995567849,-0.15318471846816703
1676,-0.021666489850780752,-0.06909132196030093,0.03419943281630646,0.12491914105974528,0.03434627183276279,0.07509166478265673,-0.21909012206224804,0.03520192546997902,0.11298678971160442,0.09034078343710406,0.10178582683077736,-0.160754543461792,-0.13826935860581424
1677,-0.03402611801195613,-0.09706869066131302,0.009227880809548611,0.11040126957747744,0.01816101934378895,0.05727860151807066,-0.2635916906945399,0.12662340495985755,0.09554031800447871,0.0970201600017262,0.05843788024262629,-0.10222006315980055,-0.0757839719299649
1678,-0.02870657559823135,-0.08548046791530106,0.01657766714311509,0.1107511830078527,0.022105041055120733,0.05971102117350523,-0.23178007935297146,0.0831172531254497,0.11812555884026499,0.10418917944652265,0.05922590681546374,-0.1266155517636646,-0.10122013597712633
1679,-0.008395616312316187,-0.054163545525209696,0.03964804748419832,0.09898526521994065,0.03929367034819019,0.07384187842524248,-0.16817460999921058,0.02615966767271392,0.07450725210090003,0.05726988489482326,0.07673157546334566,-0.13799113768590077,-0.11771233208671715
1680,-0.0018200352043717919,-0.04847373917496468,0.046624145685123186,0.10072484345219683,0.0461020989947247,0.08076325199998999,-0.16050019537701252,0.02971247625642591,0.03724719420008789,0.028808230157867903,0.0847227226261372,-0.1320365864577421,-0.11187440715846234
1681,-0.019836393510732474,-0.07552086958453783,0.0292487300444931,0.12436090183649838,0.032097115102979565,0.07013866018080266,-0.2127763919205253,0.06308125881857282,0.08161673645787217,0.07036587882217483,0.07549799383965458,-0.13146090031621796,-0.10681271977103439
1682,-0.046817763868910116,-0.08921729000461798,0.00925163881344891,0.07809905476200113,0.008947618947232646,0.049439724040050904,-0.2446207933546103,0.008454632047509767,0.28739623259807473,0.21765935800883002,0.08125310236369063,-0.1943169269321916,-0.16552858742050858
1683,-0.0378731128549038,-0.06678221335009682,0.016695164727922884,0.059440985322221196,0.015261493100507935,0.05381605959614746,-0.22592526149768452,-0.004462791753786145,0.25262879063285504,0.18967245430069665,0.09878344113496389,-0.18785452719515086,-0.1634004821636927
1684,-0.034832677189801986,-0.07107298139829715,0.021538333048703766,0.05878325424626906,0.020817567752310303,0.0611946188753892,-0.23029298578399993,0.001338226202300386,0.247108094786806,0.18496427369009447,0.09070356090809073,-0.18743565017616037,-0.16281363496170426
1685,-0.04844141012450114,-0.10845432128258367,0.0037068327069333024,0.10233005692121952,0.009185914328219186,0.051690908192332366,-0.27414684854016924,0.06446249293033184,0.22860792268395455,0.18296685327075815,0.05961053011941312,-0.14859389137700096,-0.12292503982890705
1686,-0.03575788145478718,-0.0882313857409626,0.015431666131560698,0.10825535854188643,0.01849988023176913,0.05822162524121075,-0.23558920194875227,0.03713653797861936,0.1867360158690766,0.1445204978020059,0.06542277404656166,-0.14822724448057717,-0.12641864221761118
1687,-0.008880667557473604,-0.04939597064552432,0.03612268245418644,0.05808192570627085,0.037183580597016465,0.07071121493653165,-0.1687706218526947,0.02517968265573674,0.07978533403754072,0.061920032435532596,0.07739691664461969,-0.11754636606693449,-0.1017877433448079
1688,0.000114041227146412,-0.04426003881283369,0.04703051581044315,0.06768216648583537,0.047071383819325054,0.08114314961438493,-0.15825450247767708,0.03342794846489894,0.023198458951018044,0.021095728060872967,0.0876449208142119,-0.11102935205364152,-0.09486441990398432
1689,-0.00720830419974222,-0.06509430032564503,0.04335438244283054,0.1350107187888373,0.04557770507764895,0.0841733365735576,-0.19884595326079874,0.06922523838419521,0.009574782150849876,0.017125604353698885,0.09052376191615868,-0.12347822813683668,-0.0999387437647543
1690,-0.04735064301154297,-0.08529326354585567,0.002246124969973023,0.07217261618923707,0.005531715628863218,0.04433403846221105,-0.23823336125213726,0.005172198705636875,0.308349436206462,0.23376627142618375,0.06817637333783255,-0.19932580934947425,-0.16954569776738912
1691,-0.062108785785294336,-0.08191197721045775,-0.016086172107015156,0.017570635796945462,-0.012630288075748435,0.02393790026492406,-0.2556973438045235,-0.02292417284134879,0.4330057569948266,0.32520376236099596,0.05548007653843406,-0.2167651871012344,-0.18707420503050334
1692,-0.048206236826317354,-0.07068140019171418,-0.00368780983561329,0.0471223373258464,0.001807720862704729,0.039019251549682256,-0.2532267674320469,0.0033544022661566083,0.33782742732531523,0.2550546810531136,0.059507134648432686,-0.19791129782501002,-0.16997944292054962
1693,-0.05143860656779987,-0.09792165922193456,-0.010795401848083195,0.08729237324026919,-0.00034231584493668495,0.0381463341630299,-0.28186666313957903,0.0825835876119856,0.25239811094941367,0.20641165523784433,0.03950348079385386,-0.14712300036936354,-0.11684789500469957
1694,-0.04002640580498762,-0.08416159308416916,0.003301056133220479,0.09537559357790788,0.009770452303256075,0.046754439198053374,-0.24342338266811892,0.047860265284756086,0.213262817264353,0.16742017769196668,0.047845023234686174,-0.1437849773103805,-0.12019346582054348
1695,-0.019816864191244923,-0.05519990749512562,0.022855938092534354,0.041353093020063014,0.02482448918427698,0.05747400343648538,-0.18100888635516346,0.013774812109400852,0.1558515079889749,0.11865967167674965,0.0598253020506465,-0.12755619034158153,-0.11103696917601595
1696,-0.01001445434405357,-0.049295190742028934,0.034565569362584966,0.0541039539359971,0.03529958144232346,0.06833443234797938,-0.17029914012201017,0.02429582930200481,0.0963124638830927,0.07538476934429089,0.07156958795107322,-0.12418721398420066,-0.10607018837705309
1697,-0.017687765381629014,-0.068876121094611,0.029726222878103236,0.12134873504222254,0.03290484255407238,0.07010534346412402,-0.21106841033944487,0.06263775272554921,0.07581051621798374,0.06716499551085449,0.07505335164128182,-0.1307178117007833,-0.10640165151772306
1698,-0.04994703478155995,-0.08605917174325498,0.0008367752741368782,0.04845324384441365,0.0023309227292266483,0.04064960687326095,-0.2420028076854722,0.004609760265827512,0.32194076896583684,0.247377655882747,0.0711875975114284,-0.19418777747078478,-0.16518953966580574
1699,-0.049340763870622965,-0.07538451401755047,0.0017867732950490505,0.042375590551987134,0.0024574056076505126,0.04029829676511765,-0.2424099597673779,-0.014918639465581716,0.33721442017432196,0.25309276558868005,0.08290490701050572,-0.20305100461548156,-0.1750252772566971
1700,-0.03485540894643377,-0.06933102302799037,0.01697243154633275,0.05806960316625902,0.019224695383849945,0.05888300819922559,-0.236515792247718,0.012582029088309505,0.24137661590667858,0.18185433767543518,0.08456244994892166,-0.17889597657783946,-0.15392697011503031
1701,-0.045914978462499784,-0.10370106145523504,-0.002698368632132813,0.09614653260503866,0.006420221514947723,0.04567214858929131,-0.2777224702769291,0.10491488894378795,0.18568962457243013,0.15969107217809045,0.04785668722672654,-0.12250043912764717,-0.09385385767586898
1702,-0.033405461594390735,-0.08924855427361969,0.01388466393834706,0.10775166139643896,0.01858506280760744,0.05694484108024968,-0.23597609745216952,0.06676130035007467,0.15598631422954862,0.12890425024679805,0.05960280293220375,-0.13792471458756553,-0.11186606907352271
1703,-0.0011916783928804797,-0.04927041524692363,0.04853861461453657,0.08710042713866516,0.047655434131962035,0.08295874209049833,-0.16069018901159493,0.030145018806506777,0.04185635286290514,0.032683679083662674,0.08794213536582901,-0.13389291852457,-0.11383520291859651
1704,0.0060042621240910116,-0.04546468804691442,0.05744013006245894,0.10492293863518326,0.055839920705536235,0.09172788844122484,-0.15222915698967987,0.03414568157037418,-0.00610889429743677,-0.0036289540182395824,0.09692853824272873,-0.12953555178547382,-0.1100421146438526
1705,-0.009351524951978569,-0.0718687268641009,0.041606207766160884,0.13768102761958462,0.04380326335951092,0.08260772951374616,-0.20127998031580208,0.07847378883001821,0.010351154921455243,0.019776214259731112,0.0892929253725746,-0.12230768914945833,-0.09878439036144182
1706,-0.03351759690110927,-0.08759356716161991,0.02653280965823258,0.12830841142623745,0.024693282780802708,0.06654836491346418,-0.21872808078552705,0.019228079996608492,0.18320366523069098,0.1400587251326971,0.09748056159358544,-0.18678252956017116,-0.15943212632389128
1707,-0.03355995662835707,-0.06763374348730523,0.0203829099428268,0.06237879041718413,0.02035344961160078,0.059474061877180316,-0.21332581757523453,-0.003304227665671214,0.22860942184790478,0.17406698360282052,0.10314151403648412,-0.18746232076936706,-0.163121065210066
1708,-0.031037921551521606,-0.06952566015259298,0.021619462308119623,0.05810492750706422,0.02356340016093062,0.06351631539953363,-0.2234103929353522,0.015497363195045154,0.21314733967237734,0.16578041059967918,0.09293070649798149,-0.1769739240916318,-0.1532120266096325
1709,-0.04065819921338161,-0.1024451054111635,0.00854628966991761,0.1059259508873446,0.015294087644834786,0.056801267522066275,-0.2656406055072644,0.08470749884913105,0.16523709503666797,0.1412460386714006,0.06304239471955544,-0.12874141507318626,-0.10331529779592247
1710,-0.021278851640330408,-0.08029993852915793,0.03349110879214207,0.12367114954033072,0.0353094393715162,0.07649772633234703,-0.21850474244471813,0.04541018400263256,0.09881393265609544,0.07864140552058575,0.08376794230385512,-0.13886153147618974,-0.11665782442910856
1711,-0.010494362742830552,-0.05269515958639739,0.03502989063232614,0.05622759912977003,0.03455176705072501,0.06722806658502921,-0.16309647119731344,0.02297259270306962,0.07920398630128588,0.05965666093805714,0.07642444390300099,-0.11020374885330451,-0.094805264863418
1712,0.00016845298540323447,-0.04313828358385103,0.0460701819133699,0.07218817798694857,0.04574317054437073,0.07873934466679185,-0.15110009463813154,0.030731834974507048,0.015309629777188433,0.014618843335497895,0.08693786592214137,-0.10505616855312126,-0.09121295533111509
1713,-0.0031676956433829254,-0.0572286631166508,0.04931436171559076,0.1443136241627498,0.049532959182601255,0.08779938315858854,-0.18120871147373505,0.04658924615489463,-0.010152129297274522,-0.0026854651141916576,0.09644008450104612,-0.11875196158240583,-0.10079503264783014
1714,-0.03297140532033378,-0.06772297928588132,0.015619131507706998,0.056957480597605865,0.017947571751548094,0.05513283249292347,-0.20637692811643554,-0.003319664014782765,0.23443076872875426,0.17554995968789783,0.08696448653415341,-0.17873503403211716,-0.15347622053103918
1715,-0.04847433821109097,-0.08070411953211125,-0.000848626354005477,0.04025487184519122,0.00015697914720346558,0.03567157799325358,-0.2207314188271753,-0.0124816312107041,0.3117490333080586,0.2348934705067177,0.07616935076015668,-0.17983123411865895,-0.1558239153068349
1716,-0.03694436265974653,-0.07694175706054629,0.016233893913195643,0.0517401327057425,0.01611218221672558,0.054665518626318375,-0.21644251201083803,-0.0016944486850941256,0.2552284194764985,0.19139347701065784,0.07756882070341921,-0.17663485140596602,-0.1542845128303664
1717,-0.0389625508950037,-0.10246032155022715,0.00926736378696041,0.10892196541347296,0.016695145736629544,0.05798299066344132,-0.2655534096867294,0.09474154029878992,0.1536310060586537,0.13297117687749382,0.0611182045086028,-0.127704761966697,-0.10064834924538718
1718,-0.03291500268784969,-0.08976872442828626,0.01414879862021184,0.10840924282978914,0.019145683261836886,0.05749806577752368,-0.23339615618137288,0.06486028307316219,0.15229565021268884,0.1249398394159052,0.06216165281425916,-0.13625766368022266,-0.11112166902764542
1719,-0.004944963169076725,-0.04877827669857188,0.04139019090050295,0.06130046660399894,0.041334966093907,0.07481703480642886,-0.15733184926454336,0.02238247588281328,0.06989165478736027,0.05304626250339863,0.08128448534901603,-0.12627018981665877,-0.10812225797857508
1720,0.004601735262758893,-0.04308530864659243,0.0531892581485553,0.07687407693215391,0.051994486912586756,0.08615370689959567,-0.14656350299596466,0.02936084606677593,0.005671764886151053,0.005052804269496752,0.09325512963678803,-0.11661910773092975,-0.09988588964137533
1721,-0.003488009707208914,-0.06212625620038083,0.05042282600517839,0.14698274068673978,0.05003494665833327,0.0887815519333517,-0.18237847307522007,0.049711116831356573,-0.0037754026549629187,0.0017513873717698999,0.09773528944999235,-0.12661987116501433,-0.10703184613393481
1722,-0.02959686897186067,-0.07280534810602036,0.026333736279155962,0.06819541309507113,0.024526223951948936,0.06360176674116418,-0.20160110203133935,-0.002674665092423568,0.2112475739476589,0.1585882364674066,0.09538047975254561,-0.18308512388203615,-0.15811032215127088
1723,-0.042845153480745975,-0.07784441499382877,0.008381989700234202,0.05037434045952567,0.006970966233930624,0.043154593301709315,-0.21344824578073077,-0.004325091693508111,0.26659601004380773,0.20009400124003093,0.08361243012476148,-0.17080077648094558,-0.14992064867424054
1724,-0.03280644883688152,-0.07533758134858687,0.01997358930916093,0.056658512378947395,0.01960510857597953,0.057698498937356645,-0.21630263994962118,0.01702226594808836,0.2048986993547428,0.15741784308486406,0.0858744571074407,-0.15824031545774497,-0.13646198910374577
1725,-0.04134204273272189,-0.10716260130214823,0.011426295078422346,0.112270955112629,0.01652488825905349,0.059197308396185984,-0.2660201179694554,0.0810198675765122,0.16595750282321467,0.13886499531838145,0.06693574151987994,-0.1312557543799379,-0.10641703770001568
1726,-0.03490191435072671,-0.09598002626902914,0.016508817689913264,0.11417828272345172,0.01934840266996975,0.059044102160420595,-0.2342010836841044,0.05697619832913868,0.1533327197562814,0.1223941713453945,0.06592705089243223,-0.1323498123927305,-0.11027690887041136
1727,-0.006766558014161343,-0.056619989965557074,0.04225424918944809,0.0845197958970064,0.041719776665728354,0.07677974838486232,-0.16649781819022313,0.03133830422142044,0.053898896535041575,0.04220633834906519,0.08391796908973748,-0.121840894519295,-0.10490981764307317
1728,0.002875968630907462,-0.04873360541482995,0.053459921861295175,0.11166649940078131,0.05221386790516849,0.08778775280482788,-0.1554313345890987,0.03542125420242543,-0.006624456569128884,-0.003014150175899129,0.09429318894605147,-0.1205844942808971,-0.10333041272160338
1729,-0.00776747981813796,-0.06983437645309407,0.0430053166080091,0.1432193503188656,0.045288208983719436,0.08405617011920782,-0.20083157117641687,0.08076373898011756,-0.007372334412233203,0.006319298889630488,0.0917560696053636,-0.11556339786624022,-0.09303899377879128
1730,-0.02470195478480356,-0.07149647793717609,0.03421290653067545,0.1273749232705458,0.0330229754081841,0.0748839458221451,-0.22002535779688812,0.01957906590400309,0.14939798222844808,0.11524859180792313,0.10651111851039202,-0.18527437411795208,-0.1587333448454967
1731,-0.03505482962887916,-0.06928606791263656,0.019314634449537828,0.06044660171913626,0.01895242499197175,0.058316799655105646,-0.2310836226968705,0.0062531674399776424,0.23699937997015363,0.17994885210997436,0.09612757706198809,-0.1824284065073345,-0.15850651065212426
1732,-0.023079537565696164,-0.06422116327781364,0.033101519650529064,0.08731060261789186,0.03315452976322919,0.07405241842471856,-0.22669656337656188,0.02657970254615242,0.1541659163655332,0.11852747861434564,0.10066253048387236,-0.16846321192460506,-0.14509422232159533
1733,-0.034621351703401124,-0.0973838282488246,0.015207917315634483,0.11671751000812684,0.02185302337427472,0.06369364424715095,-0.26412057563315394,0.0964340341303998,0.12068198268715971,0.10912919070298585,0.07152794339279993,-0.12158434089240307,-0.09753514938074967
1734,-0.032490986817837055,-0.09269783316564882,0.018338489873870538,0.11870102602152582,0.021485398333500928,0.06105894472308675,-0.23260612185056495,0.06224116070011228,0.1313899145113672,0.10932434983427848,0.06894999162343554,-0.12707968558951785,-0.10661464819760871
1735,-0.0016963757765242778,-0.05289504834737028,0.04857706562397499,0.09064394181441113,0.04751212052098274,0.08302172235262546,-0.16095051340747013,0.034129030633481376,0.022440816162113953,0.01885206327011665,0.08992528886010424,-0.1182390090450796,-0.10132110266136611
1736,0.006576088037256911,-0.045553875692826644,0.05805836147151086,0.11721460027638432,0.056581576153090854,0.092576705937616,-0.1509622181215971,0.03600968420834056,-0.02293814424755672,-0.014599126516928199,0.09822383030704664,-0.12462272839334794,-0.10656475341898934
1737,-0.008123265316346029,-0.06992159238581427,0.0433892981828746,0.144137386906941,0.04552577177476174,0.0846705049219415,-0.20032967703576618,0.0757708843111196,0.0033951856763859254,0.013389163860018982,0.09204100119827792,-0.12343068466252008,-0.10051397743187467
1738,-0.02426578503318678,-0.07418805389711224,0.03618913603481919,0.13703233187141636,0.034368394741722,0.07677058454554621,-0.21739822614430004,0.018864904303350766,0.1499052596753822,0.1136347816145659,0.10636602210654882,-0.19188596312901898,-0.16539338668973314
1739,-0.03218588471185097,-0.07108382224935039,0.02702570246181933,0.07061375713854585,0.02479329112847828,0.06600937759346077,-0.2231005866305021,-0.0015432324979839731,0.22882865040094488,0.1694010370668682,0.10533692349569716,-0.19461593567096888,-0.16947927752515787
1740,-0.025795003410188456,-0.07359467146951346,0.031014120556621862,0.1271101731521309,0.03212612168984402,0.07418440011013773,-0.2290750942019344,0.02585536076484552,0.15102060513937868,0.11386533317992652,0.09607041257608517,-0.17315346816749566,-0.14962828991983823
1741,-0.039190744190410215,-0.10601192191772191,0.006908624754890376,0.10735767941248646,0.015244384293716258,0.055805822439781806,-0.27027338147254215,0.11741981986924449,0.12086737119385808,0.11203196851169227,0.058840681529657685,-0.10169069029126447,-0.0773096141333888
1742,-0.02724892424585827,-0.0866511831362926,0.022469412671873322,0.11728776949004399,0.026211196215181323,0.06545222997132602,-0.2288516390672149,0.0704953671491521,0.11143694083663745,0.09449906237590322,0.07083986129179688,-0.12941798076052163,-0.10652211279202689
1743,-0.0002819170545761451,-0.049594634176953305,0.0501925117469936,0.08360475474167146,0.04897950809291116,0.08451114692399783,-0.15934773750740877,0.030625918515311698,0.03637395704940193,0.02817909915483034,0.09071779442986228,-0.13150159404438513,-0.11245880787165675
1744,0.0038371752518543676,-0.047971588507249606,0.05514902659774385,0.11445861580955827,0.05356616094906601,0.08937237256614079,-0.15422503660496656,0.03420327772002932,-0.006172960239825963,-0.0029250574400715265,0.09477436109643196,-0.1265207675988181,-0.10754557959989264
1745,-0.0070661837607427416,-0.06948326510200159,0.04362547066012019,0.1438683357238294,0.04589308473923559,0.08460723579006671,-0.20015235649282936,0.08391521524000944,-0.013893799229515533,0.0019177354268258694,0.09191248665389178,-0.11394644589805332,-0.09119751375083636
1746,-0.021543949114354005,-0.07137889025593497,0.038816261648903734,0.13716000224394592,0.0367170877781664,0.07887858301428981,-0.210915507325336,0.022926138210885134,0.1171262808384382,0.0899200610672447,0.1131133975262292,-0.1778778703946582,-0.15294159523781972
1747,-0.03492284470720278,-0.07540187626643732,0.021656930636838153,0.0678034915100529,0.020898163047797402,0.061396013154787626,-0.21231846103837157,-0.001687972824346194,0.22577083586178734,0.16956861472075746,0.10637585858456197,-0.18675120990862942,-0.1623875427715953
1748,-0.029157067972891675,-0.07503033264827837,0.026712087847918578,0.06889002093566624,0.027644373514727313,0.06900257610405451,-0.22816266281842573,0.02372602279676447,0.189890274793654,0.14587520113951633,0.09623627320086432,-0.16967162888787796,-0.14595513800569182
1749,-0.04446889104432084,-0.10725487155019918,0.004602824483335469,0.10439744056645485,0.011424045282704798,0.05290680320604701,-0.27151202026419563,0.08991100488411079,0.1872441041759965,0.15769943303188855,0.057960778448437715,-0.13511867554702336,-0.10779197567323658
1750,-0.0392833792694953,-0.09729144792983295,0.010179881964490083,0.10457081017391064,0.01433318433450232,0.05366932515287645,-0.23948757372774127,0.05360807761193291,0.19723773302222297,0.1571056630870218,0.05889771729836652,-0.1498155549440329,-0.12372443677422111
1751,-0.010612704697997827,-0.06088432582217488,0.04040772042259859,0.06629244131611294,0.03892082171346843,0.07461206016251225,-0.16898381993261047,0.01952347712871218,0.09721212218874535,0.07175668064857721,0.08299758000333536,-0.1351935097238122,-0.11604854340746672
1752,0.005535060622151547,-0.0466197196496513,0.05759572551096287,0.08778041874772749,0.0555993466196403,0.09162084270889723,-0.15219670841168076,0.03352938160216072,-0.013988204376251588,-0.009494935399376677,0.10014727496999865,-0.11247759952344732,-0.09703088342113098
1753,-0.003636139099099697,-0.0662949088266291,0.050729296682596535,0.1541252726093323,0.05160103249382461,0.09174856862615048,-0.1960855824203305,0.07016737706028743,-0.029047924159873735,-0.01290654303493146,0.10117279995550546,-0.11588619281121412,-0.09568705707561821
1754,-0.025738892904511656,-0.08086329706286405,0.03593078144027943,0.1259042034900863,0.03478923240940977,0.07845008605357343,-0.22327435666803977,0.019375198018973683,0.15216045848169146,0.11511655803416883,0.11347132275044895,-0.18655767930950545,-0.15876361473371076
1755,-0.027802613909958102,-0.0754896344194689,0.034156501787083085,0.0860464887382323,0.03126686905844495,0.07364375022715862,-0.21486385003610328,0.0034016790812871176,0.17890268376675575,0.13167666378224693,0.12258419574310328,-0.18451567349199002,-0.15900706032679152
1756,-0.018936287651827362,-0.06980434138796414,0.04127355980937115,0.09874831975290871,0.040086602217269826,0.08278382204182506,-0.2163712025450135,0.02649496197285403,0.12196793713505269,0.09308409118968025,0.11410738166326309,-0.16881922367767394,-0.14461562051974572
1757,-0.03495474654048871,-0.09856272180320459,0.014611454747795308,0.11935676615301714,0.021409821425363067,0.06309478516624956,-0.26229252405431713,0.09771289046053315,0.12662423647390045,0.11286294445069783,0.0724082871114187,-0.1306398756085361,-0.10163131798242855
1758,-0.03183349973268868,-0.09010186740303192,0.020020268606152684,0.12228551357873457,0.022594169479072886,0.06238244076330063,-0.23213001497667288,0.055489731435642044,0.14688663029813606,0.11768912588551532,0.07174232563817155,-0.14502787405868992,-0.11999694951364237
1759,-0.011945243349536177,-0.06211052530638178,0.0386181862237961,0.07143775659264892,0.037287465238429324,0.0727960972811468,-0.17051103556876063,0.02183103902654389,0.09909575536590438,0.07319555032281977,0.08177703148889462,-0.13520802795934736,-0.11626404935615767
1760,-0.0035657928780117106,-0.055802552434449655,0.047262555431097274,0.08379845346197579,0.045855725612230884,0.08146286396761508,-0.16128892314435117,0.030829085700143134,0.04027808767129063,0.03129429072323188,0.08916197256808302,-0.12359167183204578,-0.10569409484680921
1761,-0.012637734710052775,-0.0741734021254973,0.04001882757469228,0.13963605639843113,0.041544730520111456,0.08101673367449876,-0.20416095388832486,0.0666132059282834,0.028981502774821262,0.030878737201485092,0.08988139149810255,-0.12505442306865225,-0.10254467177789868
1762,-0.035414796857287684,-0.08412550915695835,0.022901887866481657,0.09112849492485733,0.021876915625352666,0.06335935290030702,-0.22512857948194956,0.014005116470317085,0.22041632854218166,0.16857778434599732,0.09963820803555838,-0.19256193838345995,-0.16467326483139727
1763,-0.0429592959471658,-0.08093927436894717,0.015365185615455058,0.06364885532494956,0.01301138576822382,0.05347117301709318,-0.2295355795838324,-0.011007067209621057,0.2869574327238108,0.21266050118129667,0.10108252068173407,-0.20349940071150224,-0.1782564364914942
1764,-0.029019575157109772,-0.07503603957699631,0.030098132142665514,0.07098786008000182,0.02891051148404395,0.0709209509047533,-0.2304488295501054,0.015510425685820232,0.20016303873978714,0.14914263462403896,0.10297631049786954,-0.17855309212495668,-0.15565232774981214
1765,-0.031045755656265724,-0.0983072408087087,0.0266936324572281,0.1264698141319123,0.029880529675812343,0.07453963627887517,-0.2570798583731792,0.07322774008739119,0.12948252839904023,0.1081075293197721,0.08518875304919983,-0.14689793075392313,-0.12025937780715446
1766,-0.028284919668355526,-0.09036748029585015,0.026449810649622933,0.12822790708313997,0.028170899993469913,0.06930865057577495,-0.2276322453439299,0.05069772211277036,0.1316903466121323,0.10447801527769916,0.07867086879088012,-0.14769454277391453,-0.12371503301343943
1767,-0.0019033090426124099,-0.05048003645356186,0.049420762309423404,0.08256660439523163,0.046683364563703665,0.0815971653983824,-0.15306839272038103,0.019619334075668595,0.04797214327700667,0.03498205129304861,0.09070216222049712,-0.13310079179930265,-0.114991057517104
1768,0.007299965006237085,-0.04210109478505574,0.057112870546901603,0.09654782417122945,0.05527425064964617,0.08979215409749813,-0.1440426677177672,0.033736296052849384,-0.016194185416192736,-0.0101747903708792,0.0964589616541308,-0.12084420779309218,-0.10286537609550545
1769,-0.0015485897438074676,-0.06062030666669606,0.05010526464493249,0.14869372584567456,0.050677646928254,0.08857369205865517,-0.18051554943589862,0.0648783350090882,-0.024430901967709442,-0.009480591998586306,0.0960579370111972,-0.12195053940528308,-0.10044012227982062
1770,-0.016616313622183014,-0.06614213100692,0.04315121642911834,0.08672736099347374,0.038549291886761615,0.07800833848430827,-0.1851038075844774,0.015762484798334944,0.11897560822527738,0.09164208459084777,0.11397246496574256,-0.17175336388989196,-0.147173234270392
1771,-0.030217236960629206,-0.07074361861223741,0.02786701095480678,0.07206835000561705,0.022064361293406786,0.05947193654213852,-0.18971971630111872,-0.0030688921792550576,0.1876592528985991,0.14172133618775057,0.1062559172885564,-0.1728571712870849,-0.15050152983054968
1772,-0.026472794022445716,-0.06839628686384906,0.031534829349899526,0.06843438422434492,0.027983687608013418,0.06715166183617458,-0.20388201888769933,0.0017238973114288138,0.1888607323137063,0.14183546740075342,0.09772806889300363,-0.17412201665284782,-0.15237961251048243
1773,-0.047063855814173425,-0.1093795610140425,-0.0009372766195784987,0.09915632405658666,0.006779849008068862,0.04688159964773965,-0.27306106960603577,0.09932170392764081,0.19146717915422815,0.1648242651173683,0.05275438913934557,-0.12962879894088347,-0.10111474805626443
1774,-0.038590664360706024,-0.09799169244669874,0.01310554825018399,0.10785017841082008,0.01573551590645342,0.05546401502299295,-0.23788891817186644,0.05072602138113785,0.19252987310312672,0.15335919982131324,0.06328367377579096,-0.15179439638750042,-0.12578835430504748
1775,-0.0006198043023914841,-0.04728864245976047,0.05115752239796042,0.07931262521905537,0.04819859409503841,0.08325279760538241,-0.1513399022078751,0.013368774258369317,0.0549588292091321,0.03888876004196432,0.09252135178818516,-0.14072051853110396,-0.12169038711395627
1776,0.007294390182669607,-0.03847722491686222,0.05692197526755708,0.08692066178620445,0.055110544049636445,0.08952243753007169,-0.14333285424669248,0.026154499570416295,-0.0010801794249323665,-0.0003942472262933371,0.09734088984213064,-0.12730519415907354,-0.10867569825483213
1777,-0.002345513325324856,-0.05824710500816252,0.05175458722887416,0.14874781290430977,0.05110387778956285,0.08977891500590503,-0.1803356766257973,0.047107637618033556,0.00023899409994522286,0.0047698018162561475,0.0987486823025562,-0.13668313498449286,-0.11463887882166532
1778,-0.026609081352103388,-0.06727945412149425,0.030860004468769065,0.0704399511051201,0.027180015743634173,0.06591279509872149,-0.19538077175590746,-0.0037732903062867016,0.1987243655511805,0.14820975038092196,0.10210532847012103,-0.18808257790312174,-0.1623070353795544
1779,-0.026964337604070236,-0.05874871297007397,0.02729099980665199,0.06972582004867632,0.023472333040047567,0.05978659534988964,-0.1924572904257651,-0.005257520277897488,0.1915578238855697,0.1416995115895175,0.10741045347784327,-0.17971902238561693,-0.15779665353477199
1780,-0.018503588119809997,-0.058722703121522134,0.03399307020955898,0.07227464553693543,0.034032941500515446,0.07205939312072121,-0.2008733359477962,0.021086251943645495,0.1352473207269653,0.10356788006600968,0.10276425286839512,-0.15865355001681275,-0.13827257876680543
1781,-0.03588507162331126,-0.09595735345727768,0.011579408865185171,0.11056788812211198,0.018798245969197654,0.059440507410760124,-0.26252156417210304,0.09720167672860855,0.12992241276745076,0.11603004613616495,0.06729592039678216,-0.12048119752450463,-0.09599091961906468
1782,-0.032456075204416374,-0.08453027773037193,0.015697425568469776,0.11197499339931108,0.020234554906004103,0.05892572013158298,-0.23025520896221555,0.049066328688439034,0.16717152004029232,0.13327423984300382,0.0671042811572476,-0.14972133624843387,-0.12648616558891285
1783,-0.0038346126128375223,-0.04703022101342266,0.04288923570266173,0.07758004515422803,0.04360733217751626,0.07797189573469555,-0.1635775701915074,0.02733121170419283,0.05835097940571362,0.04547872164619084,0.08569455016804545,-0.13132709844034493,-0.1131344694351316
1784,0.0042139522432366894,-0.04299479355985646,0.05311228510528947,0.09545094607745135,0.05278594758398082,0.0878698770606619,-0.154166638326983,0.033492628355734126,0.004302552935993627,0.005504160545439109,0.09448052406453301,-0.12610616799159563,-0.10794527409388487
1785,-0.020907870310129622,-0.08059728290509718,0.029388458292436845,0.12422038595952041,0.0321205780643489,0.07085643785962772,-0.21261294019957605,0.06280236316080387,0.0852027605476364,0.0734366118894134,0.07727758649707027,-0.1325860476970901,-0.10860104115896481
1786,-0.044419715644257535,-0.09292657025362118,0.012615033641083082,0.07308253279197252,0.01226404882221121,0.05329579492990686,-0.23569737941017319,0.011642361421760776,0.2686307182684873,0.20405643218968023,0.08620547612962878,-0.18822404601566514,-0.1605246868710135
1787,-0.03998638906828282,-0.07979678520503192,0.015409725599367773,0.057796971927556326,0.015008215096444184,0.05479632794820626,-0.2210068170411748,0.001793252941812483,0.2504569302673683,0.18751864632467188,0.09974718779845872,-0.18298743353961347,-0.15874983304978263
1788,-0.030222516827691743,-0.07848320165011569,0.023511338756459308,0.1280889786080748,0.02495582891803939,0.06514521373979906,-0.23203248434681695,0.042397911617681194,0.1409556745217616,0.11033225650344972,0.09034332227701522,-0.15363981830718648,-0.13135250381046928
1789,-0.0399767173528198,-0.10342074003687463,0.002745808174501284,0.10440980314882214,0.012428665167905232,0.05171010677168867,-0.2716805764785651,0.12439404860865759,0.11985579796733924,0.11519219505934848,0.05394467801343823,-0.09747218666049055,-0.07213088238295097
1790,-0.03298302667208319,-0.09103772645477227,0.013496565655950614,0.10765843570829846,0.01895674699571585,0.05726839738615208,-0.23518370120797502,0.07332052116010583,0.1342424265787825,0.11319390542743883,0.06281587550798202,-0.12177585558479188,-0.09997256450080377
1791,-0.0002631516444968412,-0.04991459323741102,0.049517908060516494,0.0824165844609464,0.04908303305307851,0.08467221078817963,-0.15952482430729256,0.03145717115451247,0.03263493532845572,0.024792179504438298,0.0925605868204307,-0.12810633664632712,-0.10932570333503043
1792,0.008410917701507502,-0.044920116697392556,0.06013054648841447,0.11936640271358723,0.05891980705949815,0.09521263469237476,-0.14933906997375168,0.035922203740056585,-0.028036647843697547,-0.01987208700176981,0.10102558764547201,-0.12777406310178666,-0.10904611542251232
1793,-0.0107389495068872,-0.07508693414307396,0.039162433542317736,0.13314771694096006,0.04204873909488745,0.08061099615242026,-0.203157695842343,0.08559376881345473,0.008453837657889427,0.019206702971083265,0.08623784783297507,-0.1142669557094307,-0.09121150780425305
1794,-0.026664570656677537,-0.08189478597897623,0.033766629664465045,0.13544924999181387,0.03144443136060903,0.07315195081824039,-0.2131661352030557,0.029945057869663016,0.13641477819449102,0.10685568801985067,0.10404104702018878,-0.17792302026133117,-0.15142032083928095
1795,-0.0263821894629054,-0.07480873642030757,0.034067611410615074,0.07734090691033232,0.030101442865202974,0.07043701254816202,-0.20346439850954812,0.01912765425666873,0.15659863140172184,0.12050479287733123,0.11328022139208228,-0.16989879133197267,-0.14690415793738257
1796,-0.01392069220717551,-0.06623120827076302,0.044842227919053096,0.13342500107763108,0.04419610617799015,0.08591845827737797,-0.20610596645548562,0.03752633527666701,0.07034690870003543,0.05868626320686237,0.11164898652825589,-0.16157186750885655,-0.13876055272159207
1797,-0.05103507285039932,-0.11414221634196672,-0.010198320859409379,0.08957702615928684,0.00040649584859536123,0.03902547842160381,-0.2786333428957636,0.11768917513132258,0.18259686629214605,0.16184696991569372,0.04001650088958578,-0.10038121314797926,-0.076768346562716
1798,-0.04345857378769764,-0.10259240347868033,0.001954931473983014,0.09749790581750646,0.008083679988984564,0.04613232052781724,-0.24645033748817524,0.06991964701329337,0.18958880691369484,0.1536377564949339,0.04573177535929203,-0.12014379579015959,-0.09990171304479266
1799,-0.010779038198836589,-0.06165299732495335,0.03781504736095849,0.09872845489518772,0.038062823255222734,0.07334943183786771,-0.17088065827390503,0.02902241666456502,0.07499417873562994,0.05592737865091297,0.0734329352297762,-0.1279838313081692,-0.11003614152425646
1800,0.0040716954226909016,-0.0501257643679971,0.055367049294360204,0.132716328838118,0.05439540405391028,0.09059132992365909,-0.15414768726696051,0.03592945268450907,-0.014418603558713492,-0.01010753365742785,0.09006651055024133,-0.12645441717922515,-0.10788376473716454
1801,-0.01877823371303474,-0.08589595024820118,0.0292201288474178,0.12284460401124878,0.03299166329865454,0.07092800945922856,-0.21221929285416646,0.09264113572389034,0.04110531365703988,0.044466829111342185,0.07232098272067053,-0.1063597007374778,-0.08326548927661251
1802,-0.028693018570701834,-0.08730461663961316,0.031152919815268014,0.13277170176901743,0.02917091317451323,0.07070020404180484,-0.21665222697264566,0.03728681481404055,0.13709845187475814,0.10878421813115162,0.09973383818732623,-0.1700038367562156,-0.14404536286870365
1803,-0.030171932350547968,-0.07914976563551906,0.026651120115215424,0.06730885594096361,0.024292000989824092,0.06325286968940913,-0.20786115725975435,0.03011153735636595,0.1663446132105969,0.13182437923642248,0.10376104121396586,-0.1592906848924838,-0.13707287761445808
1804,-0.022628547384966752,-0.07674205498299617,0.026293626868122123,0.061375759344995236,0.02924557423208425,0.06708176792458857,-0.21965445258513144,0.08242426858344296,0.0871770915061526,0.08096037665729416,0.09444602876286506,-0.11561496337053705,-0.09436447555591354
1805,-0.03996588715043176,-0.10247773930768718,-0.0008083885514927728,0.09702657918667622,0.01051225035193243,0.048535263670882324,-0.27056214641786425,0.1347625926207431,0.10963678168444242,0.11067439109375361,0.050315857661695614,-0.08541752905526581,-0.06223202578738403
1806,-0.03731813833055311,-0.09708813312932721,0.007319055697121662,0.10164952106155231,0.013711433030889833,0.05141978339854626,-0.23921685567858933,0.0803241548514442,0.14684721658923072,0.12455696536465678,0.052419954833272796,-0.11231892907226192,-0.092306028615983
1807,-0.011121623957784895,-0.06388390105429362,0.0384624973759173,0.10179375467812449,0.03829814728372048,0.07391833154214726,-0.17076432960736607,0.027839268428465753,0.07978003087395116,0.059459258593807386,0.07499469279700834,-0.13359866177279958,-0.11517746518089793
1808,0.0004260841060645104,-0.055146350940430196,0.05215877256854569,0.12188503464738074,0.05102127682970373,0.08738303761249852,-0.1576084461097696,0.03345284316691878,0.010394656300560462,0.00791782689001493,0.08764486994679772,-0.12919902209029466,-0.11033058292799046
1809,-0.015553631111364883,-0.08149198117775379,0.032628367120850536,0.1260239821184143,0.036384244162583276,0.07441537141975946,-0.20860529549321288,0.09214273175776261,0.02607731955814518,0.03294074124325591,0.075793715253399,-0.1070398542053551,-0.08371571064648363
1810,-0.02943773157965817,-0.08842216971301205,0.029809122061389342,0.12961645707240338,0.028254493958287673,0.06973262864825663,-0.2195722028936538,0.04018049426812426,0.14124754411666876,0.1107038801857545,0.09774078709872495,-0.167933916413619,-0.14191938680966637
1811,-0.037441766337351017,-0.08951936576546798,0.01804348970932382,0.05620425677782785,0.016723552379299816,0.05562253577891323,-0.22289560867553676,0.03700792751554005,0.19585749415036177,0.1539087380161476,0.09555562165944015,-0.15071554617341076,-0.1283513290350876
1812,-0.022501523014158156,-0.0788734681175955,0.03004142848889711,0.06683766668683386,0.032370188392061454,0.072139763922349,-0.22108090021647758,0.06796190678710567,0.10743045855002749,0.09206956907392062,0.09748265414227826,-0.13252416294075653,-0.11135358175448558
1813,-0.037153872129817835,-0.1013420598885409,0.007803192014351036,0.10735786062896965,0.016861490678627293,0.05713092871678786,-0.2659772173697925,0.1130754852814341,0.12428810749150929,0.11777676432403719,0.05761660454179642,-0.10977419222832631,-0.08766309206103524
1814,-0.043523517138204945,-0.10117832369670211,0.0017860092636151868,0.09724185455876166,0.007948921197109424,0.04596336903062789,-0.24567941903839546,0.06580221418084312,0.19710756509713398,0.15883458840833545,0.04509528833396471,-0.12473796822824813,-0.10466058196884076
1815,-0.01133330124851086,-0.061181352543166714,0.03620100953621626,0.10719864323482496,0.036901390249622544,0.0717965762218601,-0.17140430136558119,0.030442737254742606,0.06799669243536856,0.05123074629099492,0.07024712674111867,-0.12249609494758266,-0.10559987185990707
1816,-0.003179650227482203,-0.054371905457681086,0.04579961892520834,0.12219494308976586,0.04572922026399797,0.0810238795270823,-0.16237784048868972,0.033396959463165,0.02300280736746204,0.018038856107568293,0.07965915038549731,-0.12352063951646768,-0.10539539943942629
1817,-0.0228280934141892,-0.08380048751789304,0.02450001226311222,0.11776464332679784,0.02849144901341609,0.06613997933873655,-0.21631351811040647,0.07845191190832702,0.08222072646752743,0.07324909510289701,0.06756552487212737,-0.11953642682516463,-0.0959048164252881
1818,-0.03784480184051527,-0.09111858934634134,0.020465351180216914,0.11836418419799805,0.01898231389104951,0.05987775681153236,-0.22262812205019686,0.022649153198838208,0.20289362333613284,0.15582553422877196,0.08637542664302425,-0.1797359171289888,-0.15410591312152158
1819,-0.029020458490808563,-0.068715958396807,0.02459874665187239,0.06299786837682647,0.024001674691189835,0.06222981562137901,-0.20812842722116157,0.022485569390162094,0.1772288278750461,0.1382685666513394,0.10296683472982684,-0.1655339374736016,-0.14337912240526315
1820,-0.025792597532182385,-0.07125761120668557,0.02040303513328834,0.05580385882445544,0.024561480564843016,0.061464180494856184,-0.22341882882808783,0.07324383873584626,0.11972266746417239,0.10532507669918326,0.08897457684714709,-0.12512908423232894,-0.10390059296450721
1821,-0.05061274856592376,-0.10878456315333628,-0.011280938378213014,0.08743842655061089,-0.00014900293901821512,0.03784761615642221,-0.2765676810346248,0.11229928640639796,0.18886392441614397,0.16901179721312426,0.038797996562879675,-0.10529462077875004,-0.0815694924557129
1822,-0.046421945153547535,-0.10219466566414344,0.0002567484095624396,0.09441957257338063,0.005922491638134845,0.04444424363908958,-0.24701574823026626,0.05102830906302981,0.22593088126727384,0.17682497984977474,0.043729933178293635,-0.13439677494532715,-0.11252802562525506
1823,-0.010355295339528697,-0.05850796822094773,0.03745875255250437,0.057700740420911015,0.03716165982275697,0.07140779253723044,-0.16284281408140727,0.019992470659832333,0.09243285412327311,0.0676895697739368,0.07166092953598963,-0.11987005222453051,-0.1039286395600203
1824,0.0009263816903174406,-0.0494097480211279,0.049692569100525684,0.0709265727136643,0.04878253569771854,0.0832229432375081,-0.15037277210102212,0.030440281265221778,0.029860232154738982,0.023124665927921475,0.08401039459217144,-0.11958896657428976,-0.10161508968334779
1825,-0.0074645975789634205,-0.06532958892945613,0.04301966585580537,0.1333430814314251,0.04448145872986718,0.08221766343013064,-0.1866443051640948,0.058434459482273216,0.017703934612562717,0.020117452215878354,0.08561271823044532,-0.1238721213985614,-0.10161982091731203
1826,-0.027971827803593592,-0.071509522117952,0.024719557718513797,0.05963494886517714,0.024366589541056746,0.06210126656646825,-0.19850130042269917,0.01457420835992089,0.19090900933022775,0.14594283737099004,0.09036147869393549,-0.1689588486109156,-0.1456683974911295
1827,-0.038215230437403734,-0.07730474463293034,0.013434485863606845,0.04730691549999546,0.011209765035414605,0.04663142100482209,-0.19757264953124828,0.005020123206189529,0.23285183305083107,0.1769618308218155,0.08726796039656293,-0.16393885156484295,-0.1436528587128125
1828,-0.025150594719481664,-0.06784139474275232,0.02549039507905332,0.05902595233903763,0.02605953719711164,0.06304232706217114,-0.20097171269814035,0.027207253359170448,0.16209540565672703,0.12701523293971118,0.09009752902190432,-0.1527335392779818,-0.1333363912165304
1829,-0.05552177100284923,-0.11429912674442841,-0.011203937098074173,0.08707568357416451,-0.0021493655091784844,0.03767487756078192,-0.27972301082655376,0.08473361749949407,0.2545101927743484,0.21004458825095465,0.03792848411694982,-0.1367229850175846,-0.11234724757802476
1830,-0.04574624869631641,-0.1064984916216913,0.003349311243046271,0.09806624413435135,0.008172146692465075,0.0477254566793346,-0.24555808385574895,0.05097482540472591,0.2203929641565164,0.1736066294335333,0.04654193149329818,-0.13634710617135173,-0.11467957889216257
1831,-0.010044483341508427,-0.06052229473104843,0.03705760425275732,0.05741579825707119,0.037086889184979446,0.07108211695411648,-0.1626182689054108,0.027090367057574317,0.0791445280156809,0.059443131532874796,0.07120538398759249,-0.11067080556168019,-0.09566996670299899
1832,0.0016972003295399065,-0.04859789422418121,0.0497099542688071,0.08388154023457386,0.049215736851577,0.0834489199031871,-0.14994619758540084,0.03333592333309369,0.017133888284110655,0.015529097730249313,0.08349978627222468,-0.11851421694977764,-0.10039373844800345
1833,-0.00991715874484307,-0.0666601366227596,0.03854691811408264,0.1295216020813473,0.040874915899228,0.0778579811064145,-0.1888312305453865,0.062281941086636386,0.028500980762256233,0.03019037775416802,0.0805528766979477,-0.12246046838987924,-0.10045859919921224
1834,-0.036064332445090004,-0.07593392221222506,0.01343399383139712,0.045579402909184455,0.014552060209022834,0.05100663868296025,-0.20138396329025596,0.007223575978640943,0.2406779037871111,0.18342119668107107,0.07973828228951288,-0.1726258387336544,-0.14962499768767504
1835,-0.053748423490582696,-0.08025859514343293,-0.0073170247307527,0.0269737944812099,-0.0075027638322784215,0.02583162487778449,-0.21268723089704414,-0.015209749078151768,0.34598916860527124,0.2613590227112017,0.06623840731164485,-0.18573748284979266,-0.16393074796507662
1836,-0.05823040686267081,-0.09413945648195206,-0.01971437774228424,0.012745687571724703,-0.014621261637717469,0.017472134877333605,-0.23989985882094716,0.04049357376782215,0.3139364257673955,0.2477648333428306,0.04427726478788574,-0.13518644770142554,-0.11489811086799501
1837,-0.0630186099988613,-0.11999176083809708,-0.0227980614323656,0.07528350486438488,-0.012117047339588629,0.026141022176824798,-0.28953177250355416,0.09249740680651439,0.2812409103035364,0.23268189560106142,0.026314845075131717,-0.12509369873050064,-0.10160863398448615
1838,-0.038464624069021465,-0.09438229737985923,0.009248384570949677,0.10421699871483883,0.01460710333955055,0.05366534247563599,-0.23916597430724654,0.054515992793197895,0.18337381540158837,0.14575549340257782,0.05316142241409016,-0.1339509145783632,-0.11258074277793884
1839,0.002008102417015592,-0.05027872568331849,0.0516384851083102,0.1114543115814391,0.05153785291028463,0.0872375062588359,-0.15784655285058033,0.03840342620953456,-0.00692613746375246,-0.0030790093667632744,0.08706901906999698,-0.1135517004023766,-0.09766657778862572
1840,0.008250156211638751,-0.04584202743145051,0.059524692525775504,0.13902121273459556,0.05857151098907175,0.09474895959361666,-0.14997800406440295,0.03931071657881442,-0.04335155633644738,-0.030958621426169234,0.0945026772641788,-0.12097776588866714,-0.10282195075055409
1841,-0.012095527047065707,-0.07663882861091659,0.03724092587022276,0.13017319381133394,0.04026465891747153,0.07855499963096088,-0.20433621396751253,0.08752545917961424,0.01222298041393194,0.02141580905906227,0.08135076314839808,-0.10935609399828855,-0.08632212640721221
1842,-0.02778166732149093,-0.08288943458535167,0.03330367325574123,0.12732043046008673,0.0303754814487516,0.07210908581159495,-0.2113639037686894,0.024743578611466373,0.14947793674431917,0.11629456666733272,0.10071962784444138,-0.1791383998931245,-0.15317097527507742
1843,-0.02428050069845105,-0.06788346911736742,0.034837608437111964,0.07136933981590991,0.03129747022563427,0.07129887782854298,-0.20384962857227834,0.01668488589800669,0.15637121975294077,0.12170253629685998,0.11289000514730643,-0.17165379349723875,-0.1487845515169773
1844,-0.017126992585059495,-0.06709110313725962,0.03924641650743528,0.0994858832055539,0.038891537696608726,0.07943416820644289,-0.21096622848708935,0.04608353449645452,0.09032777058059388,0.07501414129689768,0.10509199566737949,-0.15033132278150388,-0.1280598006664539
1845,-0.03766210313236676,-0.10439363990532977,0.008875127308935547,0.1064508241597149,0.016482978563976916,0.05676488817502406,-0.26531352221643323,0.11773150248167451,0.10951190057694024,0.10630953853696587,0.059448988610345456,-0.0991770512967259,-0.075029431862722
1846,-0.03866982694538421,-0.102593315385162,0.0103566002802088,0.10299933842434071,0.013922118269722195,0.05256454573288679,-0.2389312128541086,0.07442749078091569,0.16079673886601728,0.13343679914345977,0.05514365506903865,-0.1229553942972688,-0.10049753708466629
1847,-0.0008681491528487926,-0.05408890026767153,0.05150591971063162,0.10428007865002763,0.049207090994173495,0.08522111492307292,-0.15933015432600234,0.032521019903152586,0.022625824229961598,0.017484739050728625,0.09009001062265806,-0.12884743257944886,-0.10980116175843484
1848,0.008585933080800086,-0.0444951182726507,0.06095949649807747,0.11913083406348218,0.05884577389722045,0.09497594633649419,-0.14856846480748634,0.03772573553151267,-0.03601394537502515,-0.024998879096582993,0.09872884496115658,-0.12147226493605097,-0.10340389188094733
1849,-0.008915727655651866,-0.07216272223295998,0.04299386806037114,0.1345394817260167,0.04447549028881533,0.08342226033273013,-0.200604668548247,0.08054128487955314,-0.003195688107806387,0.009680892472083742,0.08845025675845013,-0.11037363013070134,-0.08885109784265377
1850,-0.02977158416106384,-0.08495765564015413,0.03218184636725254,0.12247199788526977,0.029074505812174505,0.0713262364433184,-0.2180754784274996,0.023221605157296696,0.16209474046833164,0.12482963252451999,0.09467639728829158,-0.17654428708458494,-0.15052795663315238
1851,-0.032110048047363095,-0.07561694488133563,0.02611970372713488,0.06212925027256433,0.023306520166733218,0.06307578353927992,-0.21017325040114848,0.009551090658111633,0.21276055892076345,0.1620505699616937,0.09215423686205423,-0.17812005146927493,-0.15512741930921306
1852,-0.025492749933751536,-0.06807508574705286,0.029864724802161527,0.10079120762906361,0.029908909573651287,0.07013348490614796,-0.21960223553762812,0.024868411414742237,0.15981075468584097,0.12484853676885548,0.09425455225221832,-0.17183623797039607,-0.14947427284385262
1853,-0.045894986089371786,-0.10528373199364198,-0.004951012657096621,0.0951866341857492,0.004943722087293588,0.04319756708885625,-0.2765360745400644,0.1206204035875922,0.15759000385168137,0.14353606279682302,0.04527982570743641,-0.10112166531259244,-0.07656674871266485
1854,-0.04903404671936754,-0.10158556121306654,-0.007822348271703673,0.08652889581465932,-0.0005432911763958309,0.03555844790405289,-0.24971799980347856,0.0685231904312923,0.23063944140312084,0.18734717589236452,0.03544464732486121,-0.12934274639304302,-0.10599580519329596
1855,-0.016101847649752202,-0.05481802096683347,0.027292088180701727,0.05237124990773295,0.028984591457813083,0.06186648858743426,-0.17610537220001213,0.02232852872786099,0.1331785880843865,0.10126075134138797,0.06394415078819991,-0.13151064901532597,-0.11269054724359348
1856,-0.007935678551776553,-0.04946578387314949,0.03787757658842151,0.06017748845500739,0.03840455828505548,0.07208693947629764,-0.16709784275539225,0.02471268940975082,0.08917061223072952,0.06786682821800355,0.07573036108903938,-0.1306015268529172,-0.11092622171906964
1857,-0.019890071586787093,-0.074377505969628,0.03103506236402545,0.12424700212847309,0.03307248358473451,0.07175041196655556,-0.2110352627878166,0.0516781618777632,0.09369156125423331,0.0762580521673222,0.07904292270062022,-0.13992552305643205,-0.1155472946430637
1858,-0.04569519354482527,-0.08310796241524769,0.009416926767617989,0.04920790595724626,0.008562456351095971,0.047949699269818215,-0.23178233381789637,-0.001130802144496788,0.30812455478202705,0.23172170532948247,0.08322104223526625,-0.2028147847393519,-0.1736732140307359
1859,-0.05258063588364177,-0.08239775624590476,-0.0006133506587217185,0.042604674396184275,-0.0009004804479563511,0.036652997147840684,-0.232390708068335,-0.012708871031896614,0.33537214573475405,0.2529068686474796,0.0826661254819685,-0.19717842666843305,-0.17143258240333747
1860,-0.030350083780157775,-0.06402267987222604,0.01911750424576931,0.05959306093666046,0.0220041888983998,0.06045883747410885,-0.22929338677364006,0.023933884446218155,0.2077115771581206,0.15964202417003054,0.08701929279809932,-0.169541063058473,-0.14627315664291005
1861,-0.04123313206268635,-0.09254085577518219,0.0049776353908621215,0.10325405366817444,0.012766289742152923,0.05302409470161915,-0.2665814564811778,0.07650298900596564,0.20095687582878635,0.16626779788729085,0.05523081452518897,-0.1507936938906875,-0.12183141254030644
1862,-0.03828770956367081,-0.08542555411108703,0.011547569431634217,0.10253942247145471,0.01497753728185093,0.05408724843976939,-0.23595384676635447,0.02941775855052853,0.2264149431505559,0.1758489713986401,0.05911802262675216,-0.16985739342708034,-0.14442696948299327
1863,-0.023929753585679323,-0.06719730118693902,0.025674876958743004,0.04306529263768835,0.024113943174643417,0.0588398511162736,-0.18163941066264505,0.0012168296934474666,0.19123661138483264,0.14049213725553417,0.06701966296753936,-0.14939281183439554,-0.12949992791904286
1864,-0.009276285665049535,-0.05794928842423252,0.04146784165516288,0.06195984176244505,0.039540046797013506,0.07476067873203035,-0.16686580423349318,0.019428914561362202,0.08475886442492263,0.06300792829222622,0.08256697457490139,-0.12584656242467276,-0.10755315005261606
1865,-0.018331365787018772,-0.07672414973449758,0.036656245818893984,0.12973705611277012,0.036750494013572596,0.07678149465561564,-0.20824157565956952,0.04482244693790394,0.08243556375950196,0.0662309350898689,0.08503928863898756,-0.1391072228871742,-0.1160492109588545
1866,-0.044479668979445726,-0.09242936441242688,0.014630040516347803,0.06647205246230863,0.01250643746661588,0.053728266339162396,-0.2398426561271669,0.011698454656122563,0.2707830507930681,0.20410929049439624,0.0845578533764583,-0.18492882257740978,-0.15680493400803044
1867,-0.05136465774884007,-0.08804284584035554,0.004373863429279375,0.04271152296765933,0.003075366351254875,0.042644447156790125,-0.2405340047257982,-0.010902842829935021,0.33313013122577956,0.2483391435418595,0.08092835309122474,-0.19471120442216788,-0.16964727219675052
1868,-0.04129065449417643,-0.0842650277730027,0.01312031407589955,0.05672816883309965,0.014054571013222182,0.05449505768072594,-0.2421393117480616,0.01450091155050785,0.26784424498232784,0.20171661741687316,0.0772923670385248,-0.17806692402983168,-0.1539903345461084
1869,-0.044498886596971356,-0.10441927333369622,0.0042154809685748884,0.10118308677074875,0.011028366069120983,0.05225124215529626,-0.27217903839831853,0.08519305033094732,0.18932953704179137,0.1576069584544643,0.056018942733715694,-0.13044484169495388,-0.10528462450071965
1870,-0.03115043356666756,-0.08667555018592868,0.01983910148552368,0.11138385035429026,0.02285420738623473,0.06241228832074815,-0.22941863299210435,0.050773928914830686,0.14850163952354503,0.11988254066244776,0.06614969848658948,-0.1382774412475298,-0.11627519714197923
1871,-0.012869805092081866,-0.057053162438338266,0.03626328985458129,0.055489638420622316,0.035282054035386895,0.07010609773001339,-0.17076160059526538,0.014146955578197245,0.11028498957379139,0.08284279357275533,0.0765857354903696,-0.12818900849101783,-0.11212797763901396
1872,-0.0043819256831525355,-0.050206917370202796,0.04354185680113661,0.06471815325035572,0.043252524482817946,0.07774819420747567,-0.16273753198574173,0.028657834171023532,0.048449254762412665,0.038332304851390046,0.0838053759085954,-0.11324623966545472,-0.09793288373065567
1873,-0.016893719528795613,-0.0730290996353481,0.03404224315881694,0.13043775867707824,0.03599397128933892,0.07464466842889705,-0.20791213008337647,0.058770225992997145,0.06010613423139307,0.05427782328670638,0.08217793819021131,-0.1272005552725199,-0.105415258735399
1874,-0.04065961628611013,-0.08421505301715515,0.015227715416152449,0.0640305380909337,0.014804200644373147,0.05509047822874251,-0.2275856983532419,0.010323865129698672,0.25598311409820984,0.19543933354301105,0.08897481003754865,-0.18739791146162554,-0.16001577607053694
1875,-0.04362362626968276,-0.07958268530809366,0.013107979439597172,0.05729213946944714,0.011061238990499853,0.050717889913675006,-0.22832743038509692,-0.009899557736985597,0.28452853154195645,0.21270578527922976,0.09792013857937414,-0.1955526338385329,-0.17034776967538742
1876,-0.031410252790302774,-0.0715175722228511,0.026014542008378685,0.06444685098330792,0.024756010880660255,0.06563250322871948,-0.2288715495791278,0.009332556170421506,0.2248003269801316,0.16906245152789826,0.09702541362811287,-0.18726307640127238,-0.16200820441407623
1877,-0.03992271157752839,-0.10181285263750828,0.011352738744331936,0.10899883978813142,0.01657435467865104,0.05837399878649527,-0.26604088202029685,0.08623668409852402,0.16770559613999547,0.14276068239556364,0.06851950244636687,-0.1406775535015304,-0.11206839734119563
1878,-0.03218265402625166,-0.08837765948866948,0.021436101794509176,0.11740479476254116,0.022937444729933375,0.06317019479707385,-0.2295422110859807,0.04296504136981103,0.16677929026236027,0.13164838321668135,0.07174692929727475,-0.1565860165559597,-0.13139963907332328
1879,-0.006678905792445685,-0.05182623188405988,0.044836364955027075,0.07475830122550121,0.041190945290511885,0.07561355028307845,-0.15656129558594487,0.012283430612219039,0.07460941514028786,0.0548687612621616,0.08492948942374363,-0.13281048315969798,-0.11521334177038219
1880,0.00650241871545744,-0.042046355389043874,0.05989361342777655,0.08798544537907776,0.05570424063030205,0.09097798358936848,-0.14280708325079514,0.02033070511245055,-0.01007580181419511,-0.007908012110974203,0.099721996464714,-0.11666729599887181,-0.10161185475526653
1881,0.0032105811213885248,-0.05384053097737427,0.0612714932593749,0.15635975941477145,0.058185513746769855,0.09779184596547834,-0.1726529522360954,0.0419579261645325,-0.03190671986150084,-0.02036228135727859,0.10776450039355154,-0.1341431921930994,-0.11363594344051851
1882,-0.02614365235389275,-0.06867942191321688,0.033067757951485956,0.07769477695057055,0.02782292907167909,0.06638185602003606,-0.18749597841815288,-0.0037694574192470684,0.18290712547069665,0.13575833346711186,0.10555477906082796,-0.18452736932382174,-0.15857167856407656
1883,-0.04320961893910849,-0.07582355096004255,0.011778615042568828,0.05534039560627688,0.006467007625589225,0.0418705210782653,-0.19982706713866955,-0.014627876590300026,0.27376104503189425,0.2032096746369284,0.09325852569387233,-0.18932341900929725,-0.1628742520779771
1884,-0.03226326149639494,-0.06695499345630805,0.02347593588852819,0.06039640300464033,0.020374037026871784,0.05809778159466581,-0.2071733789025601,-0.0071275983524075786,0.23853463214760842,0.1756161248216425,0.0918564930643022,-0.1902619604059164,-0.16457021493467186
1885,-0.05104904106278422,-0.11085905435118845,-0.004984696182397102,0.09401506255634565,0.0023950546522923757,0.04213790458742785,-0.2769689469626978,0.094446987704229,0.21704767554772003,0.18207585020863748,0.05033119691323988,-0.13401602032632354,-0.10457197328450117
1886,-0.04305249308845484,-0.09727082134723816,0.008310014272755475,0.10075914675443241,0.010682621526146702,0.050005694834197284,-0.2400468350236211,0.03784743463267127,0.2321387385938546,0.1801432285012214,0.05814440198827449,-0.16182690939114608,-0.13583422225309338
1887,-0.011148566754076206,-0.05245382484259263,0.03670411151913019,0.06093850570756993,0.03548337916687828,0.06917057323767418,-0.16245860499525785,0.010636801156294626,0.1129650464489596,0.08360985227021121,0.07851691315987204,-0.14058372646661121,-0.12138045960805195
1888,0.007956030380094186,-0.036973751564815686,0.05865135008161893,0.08340531624444947,0.056681825654859304,0.09168218655644722,-0.14238724985360413,0.01778701819601425,0.008529573400361949,0.005000087471786843,0.10007683368304854,-0.13429118253233352,-0.11611803771792714
1889,-0.0065501575846851805,-0.06185824019993023,0.048466265190535714,0.1375202142624419,0.04765172386226028,0.08678502420559915,-0.18335018651127863,0.03208586322061483,0.045072962452769365,0.03391716884874499,0.09588956893704306,-0.14897992194169615,-0.12665028474241888
1890,-0.04536076713404962,-0.08234531452616482,0.008246623511505088,0.0461996928942319,0.005352746310496279,0.04190774883125863,-0.20869348693891837,-0.014368581617358926,0.3034229962858807,0.22417975041445018,0.08130014119832936,-0.19329892994632838,-0.16654261928333175
1891,-0.06493280847346745,-0.08733490311089198,-0.018285906691817067,0.022005553349056406,-0.019910254464893976,0.012828009835519514,-0.22209436538681832,-0.025584362586125994,0.40303786322443297,0.3014445641038694,0.06272189911278342,-0.19503147233788326,-0.16886381657376337
1892,-0.050560183087662115,-0.077104331116141,-0.003331881839087395,0.033064761739317945,-0.0018421586552180092,0.03360788983493351,-0.2250569145283247,-0.01293967890240008,0.33258166823886304,0.24753042097405759,0.06595627509950258,-0.18225087142725327,-0.1596549963305879
1893,-0.058455592103644205,-0.11311745357921991,-0.011707871940773624,0.0857209595470359,-0.004507163328379273,0.03566487434380584,-0.28164754467295355,0.06861422669392124,0.28729590603638094,0.23061272741727376,0.0411854779768054,-0.15414744929897162,-0.12551109709128086
1894,-0.03920801590379426,-0.0861277665414513,0.010636609213494377,0.10079728672810567,0.01431375297590059,0.05354921828523013,-0.23465922151274726,0.02235531436429727,0.24095710455595187,0.18352266732539738,0.05971947170242151,-0.17617815228351794,-0.14967826890928773
1895,-0.017324748579484628,-0.0582356296522261,0.0315620574270439,0.054973463522195114,0.03049701318485058,0.06508936313946297,-0.17526307589855225,0.004854182257174051,0.15526054387266838,0.11386029412230547,0.07398832677122681,-0.15022507775313756,-0.12903671241352652
1896,-0.0027834417146143805,-0.04960820829999674,0.04937649931490604,0.07839827205623041,0.04702819371951578,0.08289545000710863,-0.1589956813359066,0.015067035329356092,0.06203075470062578,0.044853641231290466,0.09143793373515642,-0.14000527311930053,-0.11969517562437122
1897,-0.007877492257631383,-0.0684814771280016,0.049467886811439515,0.1488901570521079,0.04837966167592576,0.08911844190401474,-0.1961657858109472,0.05037339317681646,0.02263331596844159,0.021760737140611157,0.09917788622344013,-0.14100344837702866,-0.11627327637918834
1898,-0.03748793888764838,-0.08480651493553983,0.025734538228132507,0.06967705309197368,0.02108693041594616,0.06303032056423863,-0.2148191106761714,-0.0075223588578461975,0.25607860125575393,0.18827520136132472,0.10322432261246976,-0.20595811556399884,-0.1765129286086344
1899,-0.06027754100234037,-0.09495687314156982,-0.00418474731151528,0.04017365926489595,-0.007639459487271607,0.030277302657121825,-0.2264960587085174,-0.022442266660134935,0.3798771681232522,0.28325376934258634,0.08120496071711623,-0.21410116043738706,-0.18468875335623572
1900,-0.04133999670674381,-0.08181975847220868,0.0118203385649037,0.07168150473098533,0.012262076125505783,0.05107437553174805,-0.22499122706487784,0.01347329976044271,0.25752970891901616,0.19614512768536913,0.08283472599808926,-0.18773784034765736,-0.16093233472457225
1901,-0.04827725883048955,-0.11011527298321565,-0.004473030134809052,0.09508247518843314,0.0041392511248440735,0.043371589735992866,-0.275511630824063,0.10872920082556664,0.19032587946475985,0.16593434352084074,0.04754044821281108,-0.12236357054339694,-0.09438242475727432
1902,-0.042373802110173706,-0.09538944264353158,0.003988311663569225,0.09710708250421543,0.009168933613006736,0.04721881029557839,-0.24179926116483894,0.05291893323720895,0.21722158396297406,0.1721013948948138,0.05239910913560837,-0.14933643859865767,-0.12322521478977307
1903,-0.015787572306442652,-0.0551534449574525,0.030596172680122727,0.05331677288256171,0.03110082191294276,0.0651359195473178,-0.1751461165734248,0.011247527054563984,0.14727851481205131,0.10881561928534457,0.07337167659603497,-0.1475679466972213,-0.1272079442363983
1904,0.0009032433088356015,-0.04305459479789567,0.049913015713650234,0.0756963705607348,0.04926614758213325,0.08421867384875971,-0.15735700803551028,0.024286226444701808,0.04244237272265881,0.032089612700375546,0.09241176386544879,-0.13512410004744663,-0.11569172386644574
1905,-0.010013611661591235,-0.06683300865117821,0.042742192589690364,0.1385945446297336,0.04411236825200182,0.08350691146470664,-0.19993071540829765,0.057398818794606135,0.035158933904389865,0.033884253151766776,0.09239888447575358,-0.13738560793834223,-0.11363396360323938
1906,-0.03594157473167129,-0.07499932160630321,0.02111684471943895,0.06043508685078203,0.01931085856369539,0.05914156711638163,-0.21858052217213525,0.0031907289534568754,0.25162597820919164,0.1903044387882268,0.09682326566079118,-0.20045169713865935,-0.17197565321319516
1907,-0.043667859591532736,-0.07552010667377934,0.01194187932149017,0.05457792297545864,0.009562201878336209,0.047923826286277955,-0.21918092758166496,-0.013356212492126283,0.295366472790363,0.2186656337655252,0.0957339609033863,-0.2039845146255944,-0.1780622769561394
1908,-0.036544337330427716,-0.07477399807623555,0.01377246423183162,0.07697248203748343,0.016365770267680685,0.05492109876588479,-0.22907664814422804,0.022727516093908644,0.22167052071963472,0.16867384655053796,0.08475048131034625,-0.1710407275338306,-0.14841846889258606
1909,-0.05397641333221261,-0.11036524445121804,-0.009278134971436406,0.08938896598397485,-0.000520198010581143,0.03939104225873296,-0.27926406052120584,0.08175178596594461,0.2417281652131296,0.19982502695834636,0.04222859175745546,-0.132910228953538,-0.10799929789739177
1910,-0.045155457891070484,-0.09636502961855324,0.002557997178231748,0.09430556083192451,0.007540359488228598,0.04628555604192789,-0.24323697273361422,0.03771448011751144,0.24494457757561108,0.1894620389693675,0.05105130613808162,-0.1571221922998649,-0.13198222379778143
1911,-0.011508262083638195,-0.05282625153038814,0.036998031362284564,0.05898953450374545,0.03695443237648855,0.07195495791966032,-0.16976863590064034,0.00811609153474969,0.12494957926104484,0.09063408583442122,0.08102108440806104,-0.14808589358190233,-0.1274287541038865
1912,0.0027730733216282675,-0.04519617538379021,0.053625535964419165,0.07922536613760216,0.052368523995881794,0.08808899404617616,-0.15504736762808036,0.026156479518142137,0.022161287140995127,0.016390858580856708,0.09665418518092052,-0.12829373227526988,-0.10890702859948141
1913,-0.00786782156188727,-0.06800223553074836,0.04755980212868457,0.14652356928519913,0.04778886701399675,0.08815074026172867,-0.1978568675155803,0.055821326649645425,0.01915969795055583,0.019785202235557218,0.0979957113463847,-0.13652797226160537,-0.11253002000193099
1914,-0.03814886130758883,-0.08489894659762016,0.023651377672522372,0.0677704297146425,0.020098148058959375,0.06192859230586927,-0.22196248634114743,-0.0028074320878950193,0.25965154314500394,0.19108898952813433,0.10171715413195666,-0.20375215384308878,-0.1743363543797479
1915,-0.04938724934256684,-0.08649545595153998,0.007710809185086587,0.055613348584457385,0.005611553824336136,0.04543137184687911,-0.23313281232299318,-0.01473275777869782,0.3206211035026321,0.2376214098735138,0.09629172595752812,-0.2061046165082794,-0.17904843087035566
1916,-0.03187378870479526,-0.07513834015440488,0.0229261068680884,0.09845268932313023,0.023812648497569533,0.06438369420996809,-0.2302344762563048,0.021129905375561156,0.18743752653239049,0.14285280723671842,0.0947567973791366,-0.1710059805434319,-0.1474995897636258
1917,-0.03717240505593236,-0.1006434451943606,0.013034336475673739,0.1128432574295947,0.019373567175669317,0.06125793337810327,-0.2640370245936083,0.0930659164131604,0.1426977264281498,0.12527434331054815,0.06841925663947421,-0.130666430987421,-0.10344703141905129
1918,-0.02898776479237565,-0.08760493890879303,0.02498410182417951,0.12120388595481059,0.026914433565670647,0.06767565411926471,-0.22645616695261586,0.04548595459555702,0.1509168165991869,0.12015087962976613,0.07682448934670866,-0.1582219191412133,-0.1328854258401462
1919,-0.0015760124715382747,-0.0497891894677268,0.04953221564151025,0.08173357899971523,0.04792707993065752,0.08357111771967524,-0.15976302683327825,0.024704196338868917,0.0481787506640931,0.03631574560671558,0.09233918505469838,-0.1362899174213759,-0.11688372376201486
1920,0.009178877892797793,-0.039559329724786575,0.059792653987358155,0.10025312015391723,0.05856055378656957,0.09414008805126875,-0.1487270111128796,0.03522326432385939,-0.021984952023733587,-0.014498723196202377,0.10135329581230243,-0.12607039122606936,-0.10766144672440163
1921,-0.008657900900969531,-0.06754141959587287,0.043957841453682964,0.14081580137412317,0.04538304065958753,0.08472376038485498,-0.19934279126383156,0.06425808677178031,0.019104271599487167,0.0222499565357166,0.09322956788992066,-0.13066158283206394,-0.1075186320764153
1922,-0.03269504328449025,-0.08033953363062624,0.027601068349119965,0.07258688893843132,0.024711662070731766,0.06604312369644168,-0.218544865168006,0.009858578133267001,0.21863611689507736,0.16361358493842368,0.10468889607244157,-0.192213035778568,-0.1639474412322436
1923,-0.03771669093540555,-0.07548655906114578,0.022073467963403887,0.06763759459912722,0.018488260314049494,0.05899558339760713,-0.2240216387817575,-0.009769117761511955,0.26279613431001014,0.19471551190821654,0.10807870678482615,-0.20585075335183398,-0.1799404993855855
1924,-0.024389632967513553,-0.06877221122193743,0.033817664110926245,0.11294906702562976,0.03268474612333676,0.07414371662378187,-0.2248669399002174,0.0231267073138483,0.14771065026902533,0.11198413240079878,0.10497511841327321,-0.17332839096907682,-0.1500346272218749
1925,-0.04039171822579502,-0.10395045954450179,0.004736889301191385,0.10633215462054654,0.013187863400026678,0.053185382117786305,-0.2717694481619069,0.11541617888651436,0.13570588299381037,0.12271078866895449,0.06012679528206578,-0.11127651171352959,-0.08401379762516263
1926,-0.03302657613532968,-0.09131070548400833,0.015951581597156633,0.11208224343622483,0.020144796603365378,0.05920803127024944,-0.23426553066748604,0.06358865460504681,0.15093904968543562,0.12327946911374409,0.06784008979300266,-0.13937493799867032,-0.11505616581873106
1927,-0.008964724777902637,-0.05697199692443023,0.03993257325676877,0.0738110566731567,0.03956907694762948,0.07464975021362444,-0.16785182867704504,0.024485996649602795,0.08791378689192678,0.06632817318656467,0.08250051964803931,-0.13723402779161678,-0.11816835529631808
1928,0.005902056485313324,-0.04397135912548251,0.056030066527486336,0.09951809982832756,0.05522800815693205,0.09078040411212891,-0.15190445596190622,0.034179710793073685,-0.004698426656544446,-0.0019132082058812925,0.0971097829337581,-0.12746356290329003,-0.10879711598391528
1929,-0.010553262000976239,-0.07157280989458553,0.04165869389319696,0.13648778924391447,0.043512625194701074,0.08286538158957034,-0.20140397807839444,0.06642587480271063,0.02793295348446174,0.029599953767394403,0.09066894070212037,-0.12947305333426443,-0.10614910936984924
1930,-0.030778840142652635,-0.08193102944452574,0.028973740188644004,0.08385235207928121,0.02711423031464422,0.06872447494249179,-0.215657909724453,0.016521712253581983,0.19470106714330387,0.14795508520673975,0.10569435870951202,-0.18645297202514305,-0.1587162695014241
1931,-0.028344336033041997,-0.07270676607141038,0.03177703897503935,0.07633131518763824,0.028420242571350687,0.06921494457104502,-0.21603994060235662,0.010679487468906436,0.18261031536421268,0.13807507861368473,0.1160886651534664,-0.18011394790308258,-0.15599209729545171
1932,-0.015126660603945187,-0.06514040184149293,0.04580442406264256,0.13386077090624982,0.044049220314535203,0.08681611382161382,-0.21630398999774553,0.02916049311964657,0.08548730966311947,0.06478445836964869,0.11591480627163528,-0.16581721208909567,-0.14348933199681202
1933,-0.031889231835432026,-0.10106845514654464,0.015140716296523717,0.11559946165113388,0.022938988754916644,0.06369624126570117,-0.2626877030017198,0.12551296446766047,0.06966137387976927,0.0746071115937946,0.06907271306775713,-0.09234358569418459,-0.06824059529937605
1934,-0.0220288093322314,-0.08430918220152964,0.02784608721748889,0.1225507636131837,0.0317288289646978,0.07115529698208815,-0.22386831829353804,0.07948001991265066,0.07444844116460246,0.0688396169976264,0.07883197209313368,-0.12357043571413516,-0.10110428140403754
1935,0.006515937825995205,-0.04295441874940805,0.055839483812257694,0.09131995331326627,0.05471187148308879,0.08937127429980435,-0.14530171259304697,0.03349983027682565,-0.006178831286774443,-0.0033880254866371913,0.09679844451445498,-0.12370544482518725,-0.10652836258463899
1936,0.010135768634920701,-0.04165606698896077,0.06035859447310086,0.10657022613256158,0.05876811270199425,0.09369443789265113,-0.14112164282307282,0.03692461055327964,-0.03647291313317401,-0.02566027586195935,0.09902227888486108,-0.11881139017042606,-0.10175174029577606
1937,-0.010417579475742032,-0.07120925257710148,0.041140724999909485,0.13322245518858866,0.04199984410495272,0.0799954607441716,-0.18852401369168487,0.058951955403586866,0.030645638217060723,0.029442295291943782,0.08609129380467774,-0.12629534666701414,-0.10504347534334903
1938,-0.022763393811955326,-0.07340926645612832,0.03643075164600077,0.0723137128987021,0.03259873310296866,0.07198963446509891,-0.1850443359886976,0.010835722139511485,0.1594735408540379,0.11945882183533496,0.10768239228809645,-0.17720045218898306,-0.15236586078398662
1939,-0.03351272293752818,-0.0787204866287082,0.019737302601592267,0.059532830767827484,0.01650028996779703,0.0520801419055564,-0.18600431474623616,0.019790123281229113,0.17501489407100718,0.1349531880626165,0.098053063058174,-0.14897522010682762,-0.1284490892964996
1940,-0.012842205438713478,-0.06508552318261601,0.037085788656851845,0.0721929829321368,0.03725669390136965,0.07338360815539834,-0.18817160368739416,0.07008832725066264,0.03399926322439049,0.03791809077716421,0.1032397521295731,-0.10922022093583134,-0.08984495378299202
1941,-0.027618851010706096,-0.09302152667855587,0.016338398619732578,0.11545012291849074,0.025462384327404188,0.06511122249853461,-0.2548109392229232,0.1315064831904026,0.04921270062932487,0.06315878738256774,0.06717595806863365,-0.09007321715236241,-0.06789152357054355
1942,-0.0322903163325327,-0.09233388013923757,0.013253278565753361,0.10782224681896345,0.019199662882312733,0.057181717557007135,-0.23351938364339012,0.08087485212196345,0.11921853442790464,0.10405114964183702,0.058347487683546875,-0.11073837243015597,-0.0910669771539724
1943,-0.00989346884867444,-0.05894606948621151,0.036955091615587216,0.09117275166005323,0.03723785489959668,0.07127502528178199,-0.1641711439512807,0.02809406439758047,0.07397790535584381,0.0560322707356826,0.07310565709969911,-0.12624636737401157,-0.10859357138564668
1944,-0.0012172652440325296,-0.05220722864730442,0.04755759733363396,0.10038013289817573,0.046888055556298935,0.08154762620366766,-0.15503499791940212,0.03189736785915061,0.026115928886529426,0.02064845786587946,0.08287047529305007,-0.1238208532869159,-0.10562529679873069
1945,-0.01377973733984383,-0.07402950871855302,0.0359902871568106,0.1281574350835248,0.0380496832408267,0.07577908447372714,-0.1963536534613678,0.06536518171322546,0.04379263106323548,0.04075833190208506,0.08003155772505029,-0.12270947647879242,-0.10105181635992842
1946,-0.02397354560854014,-0.07230880056604529,0.030679662056505012,0.07784677656701432,0.030474793217482747,0.06961251706525029,-0.19723394074739697,0.021414711582752374,0.1559231340505084,0.11900727123686963,0.10405754048404844,-0.16982248092164376,-0.14567763841680487
1947,-0.04731880539164541,-0.08478655357696718,-0.004537857827630085,0.0353709876895779,-0.0022310131204039364,0.03058572121559484,-0.20805637644307237,0.03138685305957406,0.24535541834731342,0.19265727736209012,0.07578005669928886,-0.14243972412233274,-0.12176598389138739
1948,-0.04212681585765684,-0.08098397256893113,-0.004925701924073644,0.031256929618110614,0.0019155046109927294,0.03460459262843299,-0.2231508391644539,0.06464001713669631,0.20753801295670118,0.17004984647882437,0.0638560492997078,-0.12160401487734529,-0.10106960833700505
1949,-0.04948150475563453,-0.10962618401879567,-0.011362510657903417,0.08855500816853801,0.0010444300242754168,0.03929615918011397,-0.2878599892769096,0.13303879863430426,0.16792375603125165,0.15381117372794098,0.040719930490476924,-0.09506575337021937,-0.07099331417743865
1950,-0.04319232587515084,-0.09571590064005363,0.0002115877202632507,0.09381083813973244,0.00614935565696521,0.042614858793303255,-0.2362305595160782,0.056865376912266404,0.21586656783330901,0.17307442428608924,0.04352090833553836,-0.14050865566964785,-0.11646647597653668
1951,-0.018786485175141473,-0.0655004237294956,0.027077551954786533,0.06861893750883798,0.028438348749922307,0.06267378530664391,-0.17916771331743314,0.022343614728117404,0.13965740130491475,0.10575282940097985,0.06499766351982411,-0.1381195916033187,-0.11798591864863775
1952,-0.003466156177695673,-0.05126617024803312,0.04433166616857726,0.08150523841391331,0.044765785205048494,0.07964228408427144,-0.16247549054395416,0.030148133108480246,0.051520781450198234,0.04060249155910918,0.08278398540106503,-0.1287819252251047,-0.10931062319587535
1953,-0.016672524689485407,-0.07516352400618131,0.0364536353687014,0.12904148549336936,0.03802016223930856,0.07777845040384655,-0.20643382156343656,0.05033604079879766,0.07966147902728882,0.06630124931663633,0.0844521438641767,-0.1439707935298015,-0.1198039827232204
1954,-0.03557560799363028,-0.0834603090941308,0.02227030892907427,0.06910737933420902,0.020512796215941775,0.06085077425128085,-0.21946478932339755,0.01715933149392805,0.22130577232649232,0.16803195822827302,0.09390626306890819,-0.1811083709507866,-0.15353550648616196
1955,-0.0371117347228616,-0.07767738893322473,0.022208768527393966,0.056595319260662934,0.01811400949597797,0.057616786053100964,-0.21722881262314786,-0.0009415877263454082,0.24481128623250886,0.18373378732458442,0.10259119124305709,-0.18851057313027603,-0.1642010510014303
1956,-0.03375613014578779,-0.07657258390644349,0.021430530978718818,0.05627629903823011,0.021025478839599373,0.060787738332823825,-0.22998388503855688,0.024393312688951067,0.2142493527391001,0.1652477350409487,0.09004606885260827,-0.16805724264517646,-0.14508667477501547
1957,-0.04155933824121961,-0.10473019046855314,0.007772937450327561,0.109525707612047,0.014744603777688877,0.05643380668445354,-0.2685726582103668,0.09095732323956293,0.16377681357575374,0.14089092254026142,0.05904769898325511,-0.12632492303706347,-0.10196270390614712
1958,-0.03896401588053331,-0.10085950294282434,0.010480206461178516,0.10570896498230964,0.01463836223659471,0.0539131047861891,-0.2387042404569092,0.06275427056221122,0.18146080822384703,0.14661121593091744,0.05614679308917347,-0.1389895806192176,-0.11419638637293673
1959,-0.006280049804895227,-0.057823557675854224,0.043934941613727935,0.09584835573836382,0.04313304113643472,0.07874252767852852,-0.16554796372835656,0.029819538030026335,0.05672152413213418,0.04325428037095011,0.08068813686636572,-0.13110531319301985,-0.1113854611644054
1960,0.00619206923151529,-0.04743534609973414,0.058183784369181944,0.12186043931690196,0.05666918572570729,0.0929659473071194,-0.15209530715676417,0.036180707342866276,-0.021811493105854417,-0.014529564531780512,0.09554773638991902,-0.1252629146346983,-0.10646524415437948
1961,-0.008066853331241861,-0.07247007429685527,0.04268615078605893,0.13607359293255486,0.045014007936811505,0.08376347134740106,-0.20036443252985367,0.08752356314808514,-0.010154906020188164,0.005436428311213616,0.08930382729597079,-0.1107452046318016,-0.08799957094815529
1962,-0.019043737425250472,-0.07531153229513922,0.04382060578121793,0.14172547030473276,0.04039454348315068,0.08303019897660963,-0.20435559121129432,0.02807206803706644,0.09910880307823709,0.07752268907450732,0.1154842497582244,-0.17833552898738722,-0.15211223857467476
1963,-0.029721256248363585,-0.07377478343906868,0.030210524284091014,0.0685612535680805,0.02645307078920235,0.06659961146123478,-0.20009405207793982,0.00038676816887990714,0.20341277699450014,0.1534667910938277,0.10680720537836283,-0.18775765350812496,-0.16455025646468185
1964,-0.02475442312378526,-0.07054248519169289,0.03157785962181233,0.08541854811650532,0.03076196098825157,0.07090142214665048,-0.21273494191425935,0.02758041649616432,0.15502634686582986,0.12111181260344116,0.09745315949563253,-0.16697452844077185,-0.14482514766377802
1965,-0.047643960555172817,-0.11154875111726156,-0.0031041755697165173,0.09522492461399432,0.005978641725509998,0.046017651333941284,-0.2745340152693262,0.10618510167689033,0.17997012645561877,0.15822968414758676,0.047410134284207296,-0.11287240621437908,-0.08931295551189268
1966,-0.04862306603930115,-0.10721795134295604,-0.0043304124617437965,0.08957950259205709,0.0022896760703887036,0.039932331871150875,-0.24762640666114136,0.06693223703753655,0.23239970248442324,0.1870054348342686,0.04007712488509187,-0.1377692783363286,-0.11264889493344589
1967,-0.008822325955607464,-0.05823821379698676,0.03967788348540032,0.09033144363852744,0.03992239005203715,0.07510497704498763,-0.1682771895282203,0.02796362149194005,0.07605425966163187,0.05700781423457537,0.07675193084402822,-0.13357818569933994,-0.11389840547297339
1968,0.00484479895683434,-0.04683867116620131,0.0557462490654489,0.11764323028612757,0.054777755129779324,0.09073800796242837,-0.15367325248386388,0.03465309592334077,-0.009137910407911376,-0.006190593739570583,0.09378147721453381,-0.12776039379944393,-0.10858379294150185
1969,-0.00916906688987928,-0.07110989037690776,0.040956779862771346,0.1344100680741251,0.04357818681249582,0.08209660317549732,-0.2006004326350968,0.08133268585772076,0.005402139992758926,0.015520469465554262,0.08808519610976961,-0.11686536007184374,-0.09363737937696555
1970,-0.03548664802980207,-0.0851213695508573,0.02278904968836894,0.07621762497970552,0.02075179380316398,0.06113131905596925,-0.21575392033770868,0.01739794104112114,0.21817585465886158,0.16596823502173724,0.09645402647042153,-0.18511433408633005,-0.15740957271465078
1971,-0.05477128331354144,-0.08908820043247315,-0.0016077600543473079,0.03758976604230895,-0.0031042873502911007,0.03396094276283138,-0.22173779832561713,-0.013999134190825714,0.34140259372299336,0.2573980136372899,0.08008746619299378,-0.19515516824938423,-0.17097515044193703
1972,-0.04653672172702952,-0.0856120944457424,0.004044197367745287,0.04513123154332508,0.005667627754287817,0.04363197093928779,-0.23438790803322432,0.01400075527788186,0.2889949165431234,0.22234357656245637,0.07339135180895416,-0.17701757650171682,-0.15365132708934853
1973,-0.06479890551578055,-0.12487698275323544,-0.024566827044476776,0.07384265484563557,-0.014157251390968595,0.023982829020330835,-0.2925576946000992,0.10429812013276685,0.2726338119863752,0.22940363307188338,0.025911889484129497,-0.11765374923744613,-0.09146152799911472
1974,-0.04634012708174987,-0.10147816101958364,0.0006937082933447198,0.09385769386128506,0.005935807628862345,0.044455147573936864,-0.2450400395727157,0.05104936484622301,0.23800837922582738,0.1873162759734135,0.04824614447309291,-0.15153335796136844,-0.12517083624056813
1975,0.0005217566858669317,-0.04790708616560254,0.0504858254465195,0.07448051644822164,0.04987517287839258,0.08544651081929097,-0.1590928848971058,0.029200056453914557,0.03859231208393528,0.02940949327720571,0.09290996649756615,-0.13207403925785868,-0.11184760027034615
1976,0.014386790024997563,-0.03758409872324881,0.06666349459982009,0.11342678186233078,0.06490199465221626,0.10122123213814542,-0.14417706038529815,0.0387433389003969,-0.056293201468887805,-0.04033177099205839,0.10827031734622636,-0.1241165773992748,-0.10511124055536522
1977,-0.0027720832193808367,-0.06588521342640818,0.04888861193617019,0.14203150838317666,0.050696483444748766,0.08966855356058387,-0.19373686797295772,0.08272430230548197,-0.029464588661804327,-0.010006684961867022,0.09725970983214038,-0.1161907824497369,-0.09321294877014681
1978,-0.03283673777768869,-0.08383736434710716,0.026267948137373293,0.08234284815108207,0.023504915161800217,0.06392502367573637,-0.21195299793005692,0.019044280928587173,0.20166684541296806,0.15560913120549347,0.09750298008379646,-0.1845522555083595,-0.1566846171936246
1979,-0.0497068539769092,-0.0863156517335725,0.006104410133495068,0.04378606290983667,0.0031496094163202836,0.04106749443932021,-0.2222235784443928,-0.01066429812447869,0.31205280480768854,0.23435313990499732,0.0861160342969348,-0.19101376140186643,-0.16670541222737303
1980,-0.04306283982890842,-0.08242456269133908,0.006990888668655507,0.04336867678095952,0.009960809020724671,0.04871177035683416,-0.24081521685833066,0.018799949313436672,0.272919937018318,0.2089145971360614,0.07747539071278246,-0.17210413594086918,-0.14873526368832493
1981,-0.05257986664732162,-0.11298594187870487,-0.010713869258889215,0.0872609179634471,-0.0008727665939934825,0.03796685626519019,-0.27984166711695047,0.1072723936606887,0.20915094587212193,0.18152456509709022,0.04009558329990293,-0.11591812789583915,-0.09035902276674228
1982,-0.04074390725650827,-0.09642249723893251,0.0058186037030173625,0.09971375868479973,0.011199500439975635,0.049425783500574354,-0.24053674782137136,0.056821684977382846,0.2066816515630365,0.1654227543433768,0.052547921734946504,-0.14792378860301977,-0.1220047180272778
1983,-0.00401772953762944,-0.05135698631787386,0.04405302645408446,0.08092021663448982,0.04430170175646306,0.07922253581444073,-0.16385866953153444,0.029046040331282715,0.05839825507833,0.04515463364618772,0.08315501854628586,-0.13255421076540622,-0.11246383210912027
1984,0.005938860635003437,-0.04385556844419258,0.056238791639995116,0.10845370620044868,0.055390659234920106,0.0910398456306344,-0.15277685302512717,0.03476006198148399,-0.009202249642157925,-0.004966380423648316,0.09437624335018475,-0.12730984692867892,-0.10808727020886544
1985,-0.013943276418386937,-0.07370937582817103,0.03553297910814427,0.12811984342952856,0.03830878413088967,0.07652954194794165,-0.20612507129626334,0.07612145553422359,0.036928090584298585,0.039585228086795377,0.08149676100167456,-0.1211838195492035,-0.09766114073147139
1986,-0.03148303987982155,-0.07909138307902189,0.02639857772477353,0.08324556491581693,0.024521710290303176,0.06486954652708635,-0.216766981037354,0.020931964750647847,0.19317168529761986,0.14858267589366242,0.09881334437218356,-0.18023714578991587,-0.1529565199859802
1987,-0.03381387270094386,-0.07179166100428812,0.022490041496967133,0.06260941917233487,0.01993504632522865,0.05860482636262891,-0.2099782769249606,0.0028300249425505884,0.2186459079713208,0.16678119395720548,0.10417279964351953,-0.18200061349884983,-0.15848483574271327
1988,-0.0323703237951371,-0.07570632465183473,0.014773772514683755,0.051859904086687676,0.018009154723396398,0.0549873464170954,-0.23343148985148887,0.0629641571895896,0.1599556523232949,0.13272401674651815,0.08506369974340092,-0.13077469819659174,-0.1080548672496143
1989,-0.036890782028882206,-0.09885252315563736,0.010490394634130639,0.107934797893773,0.018217458118606828,0.05915015798025865,-0.26250682291964517,0.09882656313683337,0.13284527697651363,0.12008601661922592,0.06272624836745624,-0.11816582948879606,-0.09386095613383767
1990,-0.031476798434104857,-0.08841205590371698,0.01986273403799112,0.1111773933359365,0.023379894466609766,0.06340796661008236,-0.22974430854308867,0.045733282915712443,0.15772098064006398,0.12528263795523253,0.06941139217615168,-0.1435260641074704,-0.12281705514939933
1991,0.00011371996497981185,-0.046107865631575075,0.048544429350833265,0.0690736073041579,0.0477592473260017,0.08204667205747816,-0.15319318684447042,0.02493601529840943,0.033123357379366114,0.025307547047006284,0.08955146734360621,-0.11818398427306885,-0.10297102632272438
1992,0.005927308562193056,-0.04254727080969061,0.056011817112816824,0.07873335534169282,0.05406852947469032,0.08872776126719373,-0.14691364525655615,0.03177482729033133,-0.007410060997504796,-0.004343229664920284,0.09548159864411045,-0.11227792822259691,-0.09723306274175965
1993,-0.012571994241422493,-0.07000468108062133,0.04185231184880514,0.13732155700094145,0.04125008940587552,0.08023671271185093,-0.19422763275512162,0.04418111796812122,0.056131976828081846,0.04582315737692352,0.0885391967392448,-0.1405648135112077,-0.11796699829147109
1994,-0.03402646758817149,-0.08051673852372189,0.027192421454230734,0.07101937252204284,0.02200032817249976,0.06216698358680383,-0.2049902585003992,-0.007169887007732052,0.23250793394545338,0.17144122559427505,0.10257127807826752,-0.19493947444857712,-0.16725671728497105
1995,-0.038136968331434824,-0.07580564363874018,0.017528008675181613,0.06500200765177808,0.01392565369015226,0.051392183469900536,-0.1995965892189072,-0.0074608456802291515,0.23322082843764919,0.17331538247451608,0.1038895823862107,-0.18037226703373024,-0.1569013328823466
1996,-0.021253880746665173,-0.06502070380037853,0.038690194434482905,0.07898960781102006,0.035463650853109395,0.07641387931107337,-0.20939961410121735,0.010128923096835949,0.15200241839991604,0.113265752293372,0.10992427983978914,-0.17048459383060532,-0.14871991356073233
1997,-0.03833659414948203,-0.10761670286046038,0.011677764468396244,0.11323929516402949,0.018923637958208707,0.06140190051464154,-0.27453920589453684,0.11452665710594846,0.12120230979210804,0.11177079988863949,0.07116946894539236,-0.1150887676954334,-0.08833056323745175
1998,-0.03307082317026431,-0.09282446322506295,0.01966314824615781,0.11859067987036634,0.021512747649069443,0.061261747843987864,-0.22581200553965688,0.04384049540734922,0.1655805020376042,0.12912885428931475,0.07053729736773187,-0.150533813018636,-0.12787436775796124
1999,-0.006007071866967069,-0.05562949048315524,0.043949608219343184,0.07229961566856292,0.042402034973597895,0.07724883074704078,-0.15929504053414129,0.022123508782312718,0.0734113081565554,0.05345717746219233,0.08515983568328314,-0.13367647733265361,-0.1154438394759709
2000,0.005399134690715512,-0.045843457122288406,0.055589315290071745,0.08967860228852641,0.05405569963880948,0.08905355902596417,-0.148042557009776,0.03387351679241899,-0.001747335732861913,-0.000744812231889754,0.09483291068426533,-0.12193785580855733,-0.10416672050539807
2001,-0.006078706132142361,-0.06643883511007626,0.046263774004974584,0.14074532978766233,0.04696689899210942,0.08545346491012737,-0.1878030002284015,0.06332407948190465,0.003529226454472793,0.01000345057084338,0.09227890865614068,-0.12507039098020423,-0.10317420040741081
2002,-0.02024390753026958,-0.06951650186778202,0.039657465245390336,0.07858358633101761,0.0357868005579977,0.0758160344708533,-0.18751786520945601,0.012707078288792093,0.14575640084825323,0.11032366678966365,0.11260399979357893,-0.1798520242106705,-0.15410473350736847
2003,-0.029921803694818297,-0.06977155565417313,0.027596292815396516,0.07279025997551535,0.023643333286033612,0.06192754745985577,-0.194067259018179,-0.004034498252326465,0.19563598112959096,0.14510496140953763,0.11134716626552983,-0.18153423867175503,-0.1587161870502075
2004,-0.022865654095338667,-0.06759646289547261,0.03368153720035522,0.09691888628129658,0.03161274647853778,0.07088005448235143,-0.21032347683794828,0.026356111781589156,0.13098856415531163,0.10143990736826809,0.10156718942728832,-0.15692596489378707,-0.13573343845245137
2005,-0.04378954983297438,-0.10625696766263165,-0.0024559953931303697,0.10220972941118446,0.008312068850862003,0.04752641797955439,-0.2807218938736144,0.12206942756734557,0.15687186729122227,0.14248328460016702,0.05447388999718586,-0.1146373372197365,-0.08608494171543432
2006,-0.03342270880891789,-0.0911376878492313,0.018354951347674883,0.11236920344536479,0.020654480053307393,0.060054180027510784,-0.22563261259837353,0.041832046745031486,0.17609354764025192,0.13673441159672245,0.06951880514351629,-0.1547090076266495,-0.13070960911620755
2007,-0.009255706288211932,-0.058231007351091706,0.04038275133866742,0.07409987721907156,0.03950329440708789,0.07472062456059812,-0.1688247848503357,0.02587974460938152,0.08564921636304891,0.06350762407676487,0.0831028202041641,-0.13473417820520847,-0.11580027608393646
2008,0.006519645849387043,-0.045076802902561414,0.05793511340510637,0.10338849007061968,0.05653700895848625,0.09254322599938931,-0.1519459156844816,0.03536886228576026,-0.01311644684277146,-0.007765057258695825,0.09919504545039239,-0.12615794189308,-0.10742522743755083
2009,-0.009196239300761902,-0.07137154573816074,0.04431668450130674,0.1385418651240567,0.0454981648800907,0.08525999673593015,-0.1996991036703536,0.06673508636431583,0.016859812907808244,0.021356906623665732,0.09415404074244642,-0.12809099757338716,-0.10436467159695709
2010,-0.030299451535600853,-0.08224150314199707,0.031120596289569546,0.07969707497469573,0.027935787426173465,0.06976528547317887,-0.21718029599151426,0.016252100196905452,0.19251936423864377,0.14536771098334664,0.10915698363244686,-0.18523131756560374,-0.15686233498024418
2011,-0.036384973399768,-0.08081315265543298,0.024041859080469467,0.06775223665859556,0.020539583904902896,0.061276573537682094,-0.22244629747373165,-0.0010841568655378196,0.2371628142924266,0.17527703253386898,0.10856828539730316,-0.18915383485741583,-0.16473597015336222
2012,-0.02964414827550873,-0.07632947182190085,0.027294598949281906,0.1293578523514498,0.026831539736779274,0.0675838015628279,-0.22371569151291526,0.02360504641928114,0.1567299015295224,0.12031169539458134,0.09857791723335603,-0.1718979184464355,-0.14870512312031917
2013,-0.04372426430833183,-0.10759139275630515,-0.0007696748334939675,0.10354827642321676,0.008660985279191067,0.04783869044961426,-0.2739059051577687,0.1229447398384129,0.1446174010288388,0.13336507261160002,0.05369797961176873,-0.10794742316233674,-0.08073448502440617
2014,-0.041574292201911986,-0.10147543985905134,0.006444104253793372,0.10338837700174806,0.010803377763272401,0.04931190810376691,-0.24304724704557884,0.06664093638538876,0.1871908230718724,0.15201447489278958,0.0562958154292424,-0.1349587732393906,-0.11103406455594102
2015,-0.004555092615562182,-0.056114688122516604,0.046302233685610004,0.10207654581985466,0.04493526295451402,0.08061950032567645,-0.16431416158231227,0.03074219472628852,0.04040910844806777,0.03115492378673579,0.08810157468392404,-0.12905612412102813,-0.11030127798925195
2016,0.013548092827460894,-0.03968091390413357,0.06617872962254477,0.1470350776869005,0.06426770169944811,0.1007243272504626,-0.14487131795328737,0.039503324674725546,-0.07129853462669378,-0.051118343612304724,0.1068800408378966,-0.12470917324401434,-0.10645901125900513
2017,-0.0037616925030341582,-0.06640121160327166,0.045442196331514306,0.14121628752315918,0.048206102561309465,0.08625318450796672,-0.19583510069407226,0.09384816032237199,-0.03746673535851856,-0.013213599518374062,0.09395638379220156,-0.10722406343196073,-0.08501991192929172
2018,-0.018969315387696608,-0.07287132373679572,0.04287723511669433,0.13677298214568778,0.03951579532208941,0.08149643517085862,-0.1994234941186107,0.02519187916940455,0.10425693338699762,0.08315644335952105,0.11933223712063959,-0.18389527327831112,-0.15744053427047858
2019,-0.02625197817723292,-0.06926872358374608,0.03172537876301113,0.07646409208268537,0.02877202732961716,0.06831292418234813,-0.1947996750462565,0.008337956509898917,0.17176114645469812,0.1326903142965638,0.11607247805540984,-0.1841359094123321,-0.1596800314546646
2020,-0.013501684323318202,-0.05864792950947984,0.044190392426142124,0.11524159152740525,0.04298686084557876,0.0837647805034946,-0.20193231961291752,0.02777981570187908,0.09065791409690803,0.07219538781472891,0.11486429466162026,-0.17013253589592864,-0.14746656823611262
2021,-0.038608003231698516,-0.09556066549140373,-0.00031777868237176847,0.10277334225186777,0.01094162407059377,0.048398861031709775,-0.26817706750347997,0.12370796877439524,0.13006607412445556,0.12461013835729615,0.05142102838133834,-0.10794796177040933,-0.08130756031229341
2022,-0.04429058278561689,-0.09794979117004189,-0.003103859300795393,0.09035484511248486,0.004362842137622927,0.040562951979231855,-0.24708948459134503,0.07566378093544396,0.20573345567927973,0.16933861935824873,0.04263866609560313,-0.1308274421625761,-0.10539400128753987
2023,-0.014864994106222749,-0.06283664427002228,0.03292340804198961,0.08973015435561052,0.032861037022938994,0.06741753074943542,-0.17471960421008353,0.02394008326432658,0.10927808507115608,0.08276810401320744,0.07255546540929858,-0.13932819178730027,-0.11972443355433422
2024,-0.00398137326466903,-0.05537757536914297,0.04631457169021151,0.10159847282164679,0.04525745193574381,0.08076608648023863,-0.1627775406313721,0.030100037774603537,0.042552581742338606,0.03267640019193965,0.08717387521927297,-0.13183334809763964,-0.11246964049317161
2025,-0.013841454017011862,-0.07581714460753605,0.03804317438628417,0.13174948920110774,0.03973949865790579,0.07879846889760256,-0.20639395611498715,0.07188901181394479,0.03739235810448222,0.03764201007108413,0.08681707505765711,-0.12481804850850797,-0.10120048294202544
2026,-0.0214394938393904,-0.07673372329522823,0.04353439991437663,0.11248687882448308,0.03834618548027298,0.08103175302441004,-0.20526900759235248,0.025305436291422165,0.12087462954115705,0.09436711604396437,0.1203290698712756,-0.18030641926853513,-0.1525268249958554
2027,-0.0234207332565152,-0.07183060433426483,0.04086424249317157,0.08277862949430531,0.03428881234159378,0.07527126553306211,-0.1925991274824079,0.010337285050001336,0.1537648730080546,0.11745838830423438,0.12219958235045907,-0.18793807342908397,-0.16117454007260995
2028,-0.03733244604696001,-0.08900522382345415,0.02259681677103109,0.11218369349310572,0.019666603629738766,0.06060323001731957,-0.22256699869373606,0.0179042868260286,0.20456931071620166,0.1570517225192115,0.09248120920023102,-0.18196203027326244,-0.156190174335455
2029,-0.0631027428575189,-0.13159999150203064,-0.018067387163270204,0.08233592567562766,-0.0097887255647565,0.029874030460342697,-0.2898441420246805,0.10414962586858163,0.2609664495800764,0.215881898668236,0.03515522778783365,-0.12241377338226106,-0.09354639554618036
2030,-0.03484439204964674,-0.09503548194550775,0.01825664136646244,0.11085268191017585,0.02010063881523802,0.06015590102160151,-0.23466695502080953,0.05290301818311386,0.16599464851131018,0.13146597617198463,0.06797529948443298,-0.1440778819527334,-0.11908009449562193
2031,-0.0022689731189422324,-0.05186103832916417,0.05036369470491049,0.07495202755733947,0.047746889672969806,0.08375360395932079,-0.16048399169852307,0.024082562714206106,0.05098613478479306,0.03834613747298298,0.09359773712228611,-0.13448315047592815,-0.1147316343662511
2032,0.008555051152179567,-0.04357522437968352,0.06120156603718879,0.09764142653108493,0.05882843193944263,0.09498630099896976,-0.14893856986090243,0.0362956500655634,-0.024881285177357725,-0.01659196940347033,0.1036156111548518,-0.12270865591999496,-0.10442833313787174
2033,-0.0073294001395023504,-0.06952262948351773,0.04705207680796006,0.1449473522287137,0.047359542297185926,0.08712876496217212,-0.1978530356871076,0.06921484107074963,-0.0026900581941048723,0.008269015638750127,0.09685380203830182,-0.12279280440124118,-0.10063746713835953
2034,-0.030127721116127812,-0.08110623425765065,0.031174246672560347,0.08983655006114163,0.0276878919915219,0.06927764397553739,-0.21898470401373496,0.020303159400721603,0.17726185381494328,0.13553206728100659,0.10769152464036469,-0.1772471949975173,-0.15129908345276658
2035,-0.03316162121484401,-0.07648827299822053,0.027156020500319046,0.07251583901892882,0.02298385792395843,0.06308797631152349,-0.20440400400263214,-0.0003145951236378151,0.2165241085749772,0.16231612687291253,0.11036485656005471,-0.19329406034997984,-0.16728623207335958
2036,-0.03994849977714596,-0.08436792378771217,0.015602895693776327,0.08167012698806227,0.014731308209973213,0.0542101129764864,-0.22390032685518257,0.0154764094593081,0.2363775328728338,0.1810348342532305,0.08754860442702961,-0.18222688260775907,-0.15620819185290025
2037,-0.0546908494074472,-0.11415563844384213,-0.011159759450543639,0.08887489929901388,-0.002371336196260367,0.03672610035502509,-0.2827531809212102,0.1014299686114226,0.2277108249808633,0.19209045472414388,0.044912924075529825,-0.1276932336078024,-0.09892117401889258
2038,-0.04131098965934555,-0.1004486124022494,0.010018614372583444,0.10585950425385635,0.012413341434046122,0.05179988201503141,-0.24204410733081208,0.054959104473401396,0.19749859547778148,0.15609713620281224,0.0606907147622567,-0.14551173120577465,-0.12002145239358743
2039,0.0008630490845222285,-0.051834049586715496,0.054062138401815944,0.09656350209463754,0.051299448689325254,0.08758140950756972,-0.15871847514630286,0.03224302006494058,0.017349628685585542,0.013602645391345517,0.09653314692286691,-0.12969450830043314,-0.10985095580915757
2040,0.012346423593244551,-0.04344686559560984,0.06701844111021171,0.13121332414585896,0.06391620310464625,0.10090223566139235,-0.1454899451407129,0.038593569639827935,-0.05922468420694417,-0.042774868365876524,0.10853685828475956,-0.12522538504638486,-0.10636530718441285
2041,-0.005891178092487995,-0.07279966352044422,0.04705720958438894,0.14571449859866842,0.048253102639281016,0.08764421023752335,-0.1958331400404551,0.08494926385386979,-0.02361942579099045,-0.005476718702687452,0.09711987294171187,-0.11496209691463595,-0.0921559347937422
2042,-0.02223828284949486,-0.07962382805052433,0.04146740863203182,0.11775171023304147,0.03665790021927062,0.07868922232721173,-0.1993296495314953,0.0265119856986208,0.1203764208822944,0.09385994433806526,0.11710956935258716,-0.17915945059414026,-0.1520729506574683
2043,-0.029091478132068655,-0.07663400975080803,0.034180301497496166,0.07683504125614853,0.027987701890732724,0.06844755199594568,-0.1897759416043159,-0.000497660905736383,0.1876040302258013,0.14185277309763697,0.11786577755349488,-0.19275108403648988,-0.1660230030878371
2044,-0.027646784197169073,-0.07581134433619073,0.03083495312794797,0.11689758860444577,0.02875138059057794,0.06916861292848145,-0.20600623801497045,0.022258304754708042,0.1534001835784773,0.12048233794516998,0.10305946767727846,-0.18160781297069267,-0.15378064968806374
2045,-0.04126827337527875,-0.10424115287232992,0.002133501276020691,0.1051225676826629,0.010750355333432318,0.049574577472222416,-0.26863842848074626,0.12198561954521535,0.13706339425108224,0.1280789191149448,0.05698603913261117,-0.11321881395599079,-0.08432830512384623
2046,-0.039991615947699476,-0.10218838272624667,0.009662836584555148,0.1029193683854354,0.012517718779325596,0.05108366375348311,-0.2421244784991423,0.0723500956152708,0.17690975568521028,0.14483778283892074,0.0587395474315073,-0.13507907675037006,-0.10963721515024988
2047,-0.004304312880815017,-0.05435787038896519,0.045416238469819334,0.08883600379681227,0.04362654474778288,0.07817115162275234,-0.1586464874078906,0.029290410987773494,0.04922442313584353,0.0366774376644096,0.08451139219671934,-0.12857987365888976,-0.10986505828535202
2048,0.004918948356034597,-0.04733827953004371,0.05536794069799445,0.12363897415530055,0.05376233953367984,0.08888763047489243,-0.14839007586959732,0.03469705665635339,-0.01668243257526758,-0.011631071605106489,0.09318008736621411,-0.12417748079728233,-0.10623363686317176
2049,-0.008528174255819488,-0.06827072385101648,0.041321059565246926,0.1337830570275081,0.04300939208655626,0.08052824086774887,-0.19189162868590962,0.07262970017423383,0.007765822196571911,0.016181775704786783,0.08696375516799197,-0.11774105367497116,-0.09575122232292795
2050,-0.01829072793860449,-0.06700907937229857,0.04141523438097494,0.08783611192583367,0.0371014967583391,0.07660315294554773,-0.1882294580956955,0.020787517208898317,0.12406338015809913,0.09592701591452926,0.11532960190065542,-0.17553298736984596,-0.15000125841643278
2051,-0.021114312525556175,-0.06223872185062296,0.03889567532010891,0.08029296279628242,0.032724360409546335,0.07081653174550774,-0.17347805348864628,-0.003044650520632755,0.15325727974617104,0.1152171335188626,0.12119612036711411,-0.18862092029500557,-0.16390340522312905
2052,-0.018404342888571186,-0.06285711708739176,0.03717872875816765,0.10016064747824231,0.035346130995705514,0.07401659282602581,-0.19086161792135273,0.025989816521207403,0.11454669268942187,0.09164679410125842,0.10789319269927382,-0.16967199977836858,-0.14498351839361834
2053,-0.029465677406641983,-0.07064021926146556,0.00462120503998534,0.10929857317485411,0.01810282757627371,0.054477288706230115,-0.2692038040977041,0.12188999095297325,0.10995126188259116,0.10751760402149817,0.05924091545426869,-0.12251526104995958,-0.0932747049929034
2054,-0.04147031505980549,-0.09766953487342958,0.004012334108624652,0.09759368817146383,0.009157694173040474,0.046416829178422415,-0.2359379805675832,0.05902155525785835,0.20244467143323888,0.16188022082382914,0.051572791171100085,-0.14093657026279732,-0.11608538355396222
2055,-0.00826003190009743,-0.05719359510766177,0.03949277408420219,0.07427278035104841,0.03908106399361924,0.07324191086077622,-0.1623455032313651,0.0266132649973123,0.0787736384753691,0.0595776278119706,0.07969055605190076,-0.13094593666466967,-0.11199854972240478
2056,0.0058852547248887605,-0.04550956078516451,0.05556955147830585,0.11085150006985389,0.05453349462913468,0.089535646336699,-0.14755828664211212,0.03472210493863461,-0.014534611798140494,-0.009136922419091201,0.09511761209176599,-0.12382519494440879,-0.1056505876803655
2057,-0.009029784711996247,-0.06952629859225852,0.041169504630069256,0.13347325589308714,0.04286671693534567,0.08061616719519142,-0.19079599003024136,0.0690012278403532,0.01432269404337044,0.0198083599724258,0.08813331541515478,-0.12113900946275544,-0.098900159127746
2058,-0.022145537768885674,-0.07196484447148224,0.03625839606465615,0.08119752500441006,0.03285117080778801,0.07211451258893427,-0.18956300280965876,0.01964862614885938,0.1440844493435823,0.11149444706629674,0.10959486490316174,-0.1747933526959827,-0.148777254181679
2059,-0.02489014513733047,-0.0693742104719699,0.03580287323498051,0.07520815935845994,0.02982243277983366,0.06851343585564745,-0.17891483923188312,-0.0014952885358805305,0.17226569726834232,0.1303723405206138,0.11497405503036656,-0.18829510655629184,-0.16398940411488813
2060,-0.023163421176118082,-0.06836667188387315,0.03301683329434551,0.12499318952394227,0.031202293269910808,0.07021507136630263,-0.19683652517512806,0.02245031018985115,0.131322343572627,0.10344607445152039,0.10060000768691149,-0.17657045025058504,-0.15230905486970664
2061,-0.03224019806490585,-0.04558035941862539,-0.005014150001556383,0.09833992436679716,0.01106794955239502,0.044734872733510185,-0.2744969199699423,0.11686705981679053,0.13736024592221524,0.12877272905538484,0.046667682551200976,-0.12773498866075128,-0.09874384788251277
2062,-0.05000303401971271,-0.10513099505176546,-0.006749555088422227,0.0862484627297219,-0.0006851703905851281,0.035698663388742384,-0.24363804992634086,0.05902986817270102,0.24556062677403737,0.19526678463732797,0.038500603893886,-0.13978269382011577,-0.11431551129947443
2063,-0.015591386484005236,-0.06406447884309054,0.03228939582599639,0.07791697686277915,0.03247271545500134,0.06724013343264947,-0.17564456235369444,0.023935270849233792,0.11636055852993758,0.08738958314131924,0.07310196472459664,-0.13805500149315686,-0.11735116964756641
2064,-0.0022766590624432015,-0.05352287119366568,0.04792817629876126,0.10080013829450413,0.04708240952461532,0.08266964422816053,-0.16091359818903544,0.030982288337860348,0.034286227671690976,0.026608743025729912,0.08869725600678856,-0.13109763653022116,-0.1112441184127454
2065,-0.013550260301517061,-0.07431388594144545,0.03739976257883127,0.13059425263839436,0.03967918058208481,0.07850893242510974,-0.20503495767578156,0.07081307709847096,0.0396640298726144,0.03987288829005032,0.08665877759662889,-0.12707565232115317,-0.10321614484228743
2066,-0.03583044411033133,-0.08420626505578824,0.02365772093103727,0.08365458563119518,0.02090138220892475,0.0615909617761976,-0.22221295267631744,0.015758263376350293,0.21873331771048338,0.16678732433533777,0.10008803155581801,-0.1880796560516911,-0.16084226963121598
2067,-0.03167920867379718,-0.07339871870438576,0.027366408496513183,0.07051404096405275,0.023128224108783124,0.06213400466957748,-0.20296780372084566,0.010973766540253843,0.19602557321189495,0.14888962588313626,0.1096704467233132,-0.18275726604433717,-0.15789909345415873
2068,-0.02323212240975011,-0.07165604737602423,0.03402475365667414,0.13582392026068077,0.032561557231439456,0.07274077491132966,-0.20680787885408647,0.03520137713016869,0.11076471798271541,0.08923494098884004,0.10327904058023465,-0.16854009726202124,-0.14339493684020066
2069,-0.03530196003632132,-0.07482887078425904,-0.0037336729768821073,0.09843714567924881,0.009679866056474671,0.04419902416254522,-0.26820216783919254,0.11920820091680759,0.13966297252557822,0.13022778344710248,0.046846014212597764,-0.11711669408107635,-0.0890776412826235
2070,-0.043959802384933605,-0.10225325666172376,-0.0010314682557293485,0.0936858710075292,0.006042258492477751,0.043031300361805094,-0.24405696310368272,0.07750026469301015,0.19705134101920244,0.16316908095468202,0.04662666748527297,-0.1304904776335032,-0.10531481597440691
2071,-0.008207807734082894,-0.05927564833091568,0.04073788799838999,0.10806854670347678,0.040953143267423234,0.07640234121432128,-0.16760582870542765,0.028048380093950588,0.06350952100885554,0.04664747611132512,0.08181274311290078,-0.1356595644650511,-0.11543119027516582
2072,0.0036279739037570736,-0.05043876599145988,0.05456585843251637,0.13386886301981657,0.05379708187235232,0.08987650610745171,-0.15447380913030265,0.03621185107850755,-0.015102156997555178,-0.00974458213567514,0.09436224225030167,-0.12786754649804927,-0.108683515911661
2073,-0.014019149893976582,-0.0775185373106109,0.036230084574966216,0.12988959748178824,0.03875277955246794,0.07728366063400542,-0.20595328178819283,0.08086891365868368,0.0283333910783585,0.033944069849738294,0.08520487727988763,-0.11819764728308119,-0.09481875783403446
2074,-0.033567239550033504,-0.08601769773429731,0.027985972140143013,0.10317076080135718,0.02452182971998339,0.06626021530513064,-0.2227092351204896,0.017497835105769476,0.19974417064470498,0.15245143172362122,0.1034631272248304,-0.1900268531158766,-0.16277431714484308
2075,-0.02939081323842898,-0.06888256645490917,0.02824408044784528,0.0727698199020268,0.02498584537573156,0.06403145176307261,-0.21650300868207084,0.013887761904884026,0.19547490006166562,0.1475032478407949,0.10949859334786499,-0.18245314556527042,-0.15916616670320602
2076,-0.010286177956393324,-0.052513986030359346,0.0466697113906201,0.1467735555891968,0.04573809262197324,0.08614428601753141,-0.2057648000736408,0.03390459444522329,0.05597911967150671,0.044745569783789484,0.11482241779460453,-0.16372995593840317,-0.14248242731564867
2077,-0.030913108988275238,-0.08747245558671717,0.012738494126833593,0.1120406708853829,0.021690890715103616,0.061040298456112294,-0.25965152620427484,0.11351870737919466,0.09432631848731256,0.09434540844692263,0.06521828924689146,-0.11094578386865173,-0.08593620309583475
2078,-0.04510037642219925,-0.1004121723590783,-0.002667275946433783,0.09262622227784002,0.004647674471666149,0.04147561523368959,-0.24343680233937956,0.06986528821351348,0.20283784131476776,0.16637333552233363,0.044141819599605905,-0.1255091621320602,-0.10484200743426536
2079,-0.01610404998234896,-0.06555040704540434,0.030481184906505036,0.08482495148919568,0.03151865473996125,0.06597905358866389,-0.17637454441143066,0.029082125595340458,0.09864347860277682,0.07384838844771387,0.06657527902986667,-0.12016617471248595,-0.10275794024835364
2080,-0.005200214673712201,-0.055269732964909626,0.04275377739059415,0.10840925308235283,0.04296740788862117,0.07779645544605882,-0.16456594426253957,0.03427563826901169,0.033039023945457706,0.026387163103683435,0.07728754454774002,-0.11755686060455102,-0.10032351116780723
2081,-0.023100140963544857,-0.08170319715960225,0.024261891059113954,0.1157817821236207,0.028087656269466826,0.06562477236249353,-0.21473651523401777,0.07210617830941696,0.07453036921431985,0.06653114039815554,0.0690710918782318,-0.10777237591824877,-0.08868265233940552
2082,-0.035881201160675676,-0.08156846628393034,0.019292505244106403,0.10716935347410923,0.019105649968080285,0.05880250973043189,-0.21783277682148225,0.019537337782989002,0.19733454081848478,0.15166107364393333,0.08900573449001975,-0.17555759545156194,-0.15106866543450434
2083,-0.031030096551263247,-0.06792661700418677,0.023373756758484916,0.06505445347160232,0.023610033701144756,0.06311128870626337,-0.20974078624228645,0.0035760151259351014,0.21054030214445318,0.16020656539599074,0.10572731546858188,-0.1847828290568563,-0.16171940191786327
2084,-0.014893583871567142,-0.05875420912857883,0.03743990119767193,0.11100287269390267,0.04053600398390664,0.08108884811228347,-0.21722141500879347,0.0431718364064644,0.08837518232220473,0.07324350941721557,0.10534608361634298,-0.1556900155297464,-0.13364501421130637
2085,-0.03841919361559774,-0.10281153482642949,0.007981083177184645,0.1069096903745005,0.016652119187484854,0.057678720844456834,-0.266522259864655,0.10688679036325391,0.1341310533691525,0.12278483920602626,0.06132672862435576,-0.11579250927198027,-0.0908055275677527
2086,-0.04220510722610136,-0.10101463184257908,0.00471392899875453,0.09923201920678351,0.010299468016343138,0.04897667338960963,-0.24382555938803172,0.06122643082288554,0.19773168291102228,0.15790865965076187,0.0502201727549862,-0.13257951308830804,-0.11068422420612652
2087,-0.013388749842023396,-0.06273234751618649,0.03400670805757658,0.09294751772918432,0.034773154566219266,0.06963342010144163,-0.17350806234093757,0.027372256523952383,0.09177040218769282,0.06911289202315754,0.07239668149516122,-0.13080359244030726,-0.11158028054493088
2088,-0.0004535435094143578,-0.051839766773804856,0.04834508968055546,0.10980998679053522,0.04839187246254487,0.08365572083215524,-0.15913295478887154,0.0371091171404697,0.004108633950263286,0.0056697547499998885,0.08678778847894263,-0.11481685159700795,-0.09763484741636747
2089,-0.018173867016849227,-0.07960585757392316,0.03162189724247685,0.1275451878837723,0.03448647585578475,0.07295183334289256,-0.2097036526680814,0.0721508566836908,0.04159029269809127,0.04191761019830417,0.08061876059867697,-0.10728559922959954,-0.08811393801523634
2090,-0.0313925482117244,-0.08194354791950922,0.0275548589697658,0.09192767765347902,0.026093431117355202,0.06763450008590802,-0.21853903685526152,0.02031333920008772,0.18451727496832318,0.14227190823422822,0.10624243644838245,-0.1806628834373151,-0.15401741025371915
2091,-0.03580873993948426,-0.07939092383779334,0.02177626359935327,0.06669662004958243,0.019139873896104723,0.0590542427334147,-0.229093251282266,0.01986792986256268,0.20731085819446807,0.1582721543442457,0.10714358899004911,-0.16892195612889066,-0.14604666048134626
2092,-0.01307179868456685,-0.06438031436114586,0.04338548514918858,0.0862189306296292,0.04444265584160957,0.08610630050177603,-0.2122736362569838,0.04581156720976798,0.07883168171716355,0.06570714273666581,0.11875598243083262,-0.15107006265197886,-0.1284639342619578
2093,-0.02495733392354792,-0.09454828355738037,0.025778458082644107,0.1257413077700927,0.03247941001211191,0.07486488272421175,-0.25217342942848203,0.11157309855182704,0.05252489659178764,0.05882448023172538,0.08405971856226277,-0.10977458223321711,-0.0843926233840359
2094,-0.016051577757175046,-0.0807005632954681,0.03666423827269476,0.13615039434785528,0.03983886150462955,0.0805830151322152,-0.21677252039697315,0.07383756100724431,0.04817299038020938,0.04709477627995822,0.08897261005518915,-0.13060363335252326,-0.10718615217785613
2095,-0.0009415870488705883,-0.054826732977920616,0.05052241525523748,0.1253135964823023,0.049487711836424836,0.08578180868464184,-0.16030824405257021,0.03234975634272464,0.014928299174167856,0.011845666445679226,0.09276008210495001,-0.13261383799352705,-0.11429893425323956
2096,0.0062384095575295515,-0.04812409306476221,0.05789009027493258,0.14519423198153417,0.05667501298273897,0.09295436875212483,-0.15214360320057457,0.03836581379969577,-0.036386718696483,-0.02505521205651676,0.09780164611143818,-0.12580940744495667,-0.10760053899670069
2097,-0.010370743137875822,-0.07372096521067686,0.03660808650040375,0.1330155504407207,0.04070916149434828,0.07822126764508493,-0.20390946363367224,0.09826795676286015,-0.010260771306179299,0.008939548836728718,0.0841912478945328,-0.10211975553548434,-0.07957112075079073
2098,-0.022098079559112978,-0.07639418656041146,0.03720472051955182,0.14526799309006752,0.035778192033742044,0.07777038610332321,-0.21124566349212015,0.033575232012765674,0.10960417732195478,0.08807704888281252,0.1134779579581816,-0.17878047106973916,-0.15223730724101514
2099,-0.020920406760181406,-0.06816308379215291,0.037275555492459395,0.08113998358583878,0.0349278343488841,0.07527908185280789,-0.2090935566538572,0.03043580268429013,0.12237310438545115,0.09802408343361772,0.11988849098083268,-0.1611693015436721,-0.13999758801431805
2100,-0.021108053848982736,-0.07105228792296353,0.026042443523377774,0.06562409362760595,0.03087107153634594,0.06909690476361234,-0.2253624528990711,0.07965126892167558,0.08495193595727618,0.08151656390045198,0.09818653300225659,-0.11987496877288442,-0.09854305178870046
2101,-0.05304341875934,-0.11884144620864898,-0.013808837727973273,0.08489473313202037,-0.002408027077098934,0.03575518447930574,-0.2844824989429051,0.13063005068256325,0.1739773475395237,0.15951454190269115,0.037217710527077556,-0.08683300497945426,-0.06257233456776132
2102,-0.04223123711238586,-0.10239000133788083,0.0014834162455868336,0.09545806633334683,0.008312307566632305,0.04575631257836532,-0.24623544386247398,0.08151034297277825,0.17426818233207178,0.1446512820508561,0.0465278062735507,-0.11504647199734275,-0.09206456204310469
2103,-0.010553526649901425,-0.05890402479491703,0.035954429518565,0.06917682337319461,0.036322283090240735,0.07022014333896179,-0.16549453807242026,0.027728310524466466,0.08736357193509736,0.06513078071791956,0.07475937034051965,-0.12489151646787983,-0.10681210685384646
2104,-0.0017084102397193122,-0.05095580181556805,0.04615363899441621,0.10435595682835061,0.04578505041058927,0.08005854215007413,-0.1559479127661229,0.03185999500407143,0.02695972899826695,0.020774071995529945,0.08391973732409433,-0.12452897438792611,-0.10672562249605633
2105,-0.014063523938117635,-0.07089394285986003,0.033059102818553066,0.1269521248233088,0.03610509970537899,0.07279529484916022,-0.19732047359466945,0.0706980450814181,0.04075679943009753,0.040254200159068894,0.07837925861498606,-0.11962360511390083,-0.09709837997542359
2106,-0.03556761386925738,-0.08461819445090338,0.01990884470005651,0.06603170033331622,0.01855475247158093,0.05751950725956683,-0.2053839492629415,0.012697976688606151,0.22170602351236132,0.16831101919211655,0.0934866970386324,-0.17937232495536762,-0.15327443865776677
2107,-0.03180106020217745,-0.07018269559107625,0.02450411696684514,0.06527968313324431,0.020943574379681907,0.05870497719956262,-0.19087038344224794,-0.004704932040351256,0.2094832836970339,0.15651331363926263,0.10489193287781132,-0.18273395578157411,-0.16002785483601453
2108,-0.022836058824199236,-0.06206445958156256,0.03041349997096112,0.08132787204619023,0.030311324381307157,0.06878325001640244,-0.20812823869466973,0.024631876789544326,0.1483718368966976,0.11622272342518877,0.09907649984841503,-0.16384625885311543,-0.14226386742115957
2109,-0.06262869312308814,-0.12683435249182995,-0.02369092545048544,0.07795499044484984,-0.011567495394113277,0.027011359434804618,-0.29744052780918934,0.12737449952649293,0.23005808959908197,0.20053196592824796,0.02923264454038449,-0.09760382094410348,-0.07239773426105224
2110,-0.04662017280704157,-0.10760388202197264,0.001560287617211619,0.09305353547031041,0.00563781906538623,0.04397110529661559,-0.24093700197161402,0.05321910273680157,0.22601642439393096,0.1779999519556727,0.047348870920491656,-0.13907008346872948,-0.11457595718706312
2111,-0.010074979326061129,-0.061581135106992535,0.03904652442010761,0.060966912288990455,0.03811734819630747,0.07285499848382221,-0.1653805871762356,0.026366274561609577,0.08339312012226259,0.06158421678458026,0.08041011644039028,-0.12159182411269975,-0.10411098557608126
2112,0.006402344507036062,-0.0411707743208141,0.05483082051455364,0.09564791299297667,0.0540371157125394,0.08839626076523475,-0.14758252158415247,0.03460908852944123,-0.009168640461774949,-0.0057650915864443635,0.09504688306040852,-0.1216230581289078,-0.1036603400000964
2113,-0.006916640894494688,-0.062236921298025,0.044572340126898674,0.13803898193785313,0.04558577708599397,0.08373847096150695,-0.18983704056629264,0.05589563978622338,0.019038151862468156,0.020897039089955372,0.09295684751197593,-0.1319709420550996,-0.10976170354896357
2114,-0.030260392131643634,-0.07332973492218987,0.027282786594439914,0.06650861359738819,0.024113516715760962,0.06333495622654348,-0.21247571972653406,0.009583572400253551,0.20564009875624234,0.15498313819749904,0.10198380106034277,-0.18173155172458214,-0.1556330850435203
2115,-0.03865821900219879,-0.07338604654358626,0.015542956604970602,0.05621617141146594,0.012161734196577408,0.048749570559582484,-0.21321716957967787,0.0005222774030927513,0.24264552112533225,0.18204912052260708,0.09583205775006107,-0.1754333404731753,-0.1530246339750511
2116,-0.029283729818421804,-0.06662292661595201,0.024279376479257462,0.060511268350492926,0.02326617041210409,0.06149088254381901,-0.21441374281529052,0.013498879121452978,0.1985151010463846,0.151335628464992,0.09103775814453728,-0.1675860922921649,-0.1460285730212109
2117,-0.04619525348193979,-0.10783180053171147,9.195013289533163e-05,0.10228790911591198,0.009061348141681146,0.05027328865370352,-0.28104887179007404,0.10373604053447003,0.17615629688340728,0.15366522910796807,0.05832680337009033,-0.12180577473251968,-0.09671716540388278
2118,-0.03520069604685322,-0.09336011879637014,0.01707988360624231,0.11272350213811502,0.019482724944925464,0.05933324397641403,-0.22765926685846957,0.036258049241376974,0.1749114453691501,0.13482078722365712,0.06798587350485621,-0.14348499538242024,-0.12289043292062395
2119,-0.014048835710200328,-0.06418698003075887,0.03480947394787678,0.06673863746239472,0.03454542596762513,0.06967786800812842,-0.17411972090187347,0.025551886564646915,0.09324850586092968,0.07047480366043529,0.07792122426990426,-0.1181881733093537,-0.10242411578975483
2120,-0.007678248324697966,-0.0570474035417592,0.040632780966313446,0.07743075042977553,0.04020477339446113,0.07487152588612536,-0.1666840109342673,0.03274364980968478,0.05233599839776225,0.04150451375231949,0.08184151623324366,-0.11282098400099806,-0.09733486206796295
2121,-0.01542436922147807,-0.07288086204919965,0.034898698427752464,0.1353635430086554,0.037143873084486474,0.07558102495506135,-0.20610190083441163,0.06559984452909025,0.044085012689932486,0.04317751397604745,0.08531542723933064,-0.1247393647809756,-0.10201844102429143
2122,-0.032425951713504896,-0.07879183701911377,0.02296519014996382,0.09043913903043513,0.023552052155492068,0.06414245675534762,-0.21564289614525606,0.017041562364648443,0.19634613454112634,0.15248641263939425,0.10308075148170659,-0.1861562208393762,-0.15703679340086318
2123,-0.031111392679724563,-0.07146838631609838,0.02707094184980632,0.07197084645072456,0.024715345580647693,0.06475207898356969,-0.20445434533978568,-0.0034801862988188548,0.2075271270307038,0.15574845135842635,0.11480999266596548,-0.1910317898381974,-0.1650486834472187
2124,-0.01784287202663983,-0.06377030313948327,0.040328861357803336,0.07754907848372637,0.03919097103331129,0.08042901759681487,-0.2135415844097395,0.026546087773630204,0.1259766544004037,0.09649361225038278,0.11266788151938256,-0.16380384504114362,-0.14022355979844878
2125,-0.025622942034262262,-0.08799091077056355,0.026779010244254452,0.12582902470662483,0.032603526507076076,0.07550065009767784,-0.2501133585841801,0.0862456885319779,0.08635392596259943,0.08068793424331101,0.08347057857869068,-0.12935685606473307,-0.1043862714184732
2126,-0.023779634588072127,-0.07921266160263689,0.02965738653834471,0.12502557274672935,0.031736260318887106,0.07222961883811722,-0.22255251538068652,0.04745969650863527,0.11973720259870972,0.09667594875100453,0.08103232692522172,-0.15018253854764158,-0.12782666310661245
2127,-0.009172034185568978,-0.057963743970129315,0.040345896918374896,0.08384516011804548,0.03937968825315028,0.07446331353185041,-0.16942072596650062,0.027309294623332397,0.07770436943284001,0.05887613618494977,0.08243099124662868,-0.13323782630146974,-0.11456051988550307
2128,-0.001615723949345595,-0.05315399718567431,0.04856181299850394,0.10180882772266198,0.04745906797466329,0.08286457875446604,-0.16028679450936356,0.03384670198868704,0.020779003479103993,0.017262512922418937,0.08879051966772872,-0.1216957925040409,-0.10462071735980942
2129,-0.019212706622940046,-0.08008574121040196,0.03203273953505234,0.12991004082683022,0.03387159455544547,0.07263072124254356,-0.21165668573078636,0.06629675180307157,0.06375896432180826,0.057209883196437446,0.08094617414965184,-0.12409767797678983,-0.10160405808992251
2130,-0.03670250425808749,-0.08506290752889578,0.021138492726679815,0.09480126452567197,0.020670199943910773,0.062284492894424136,-0.2373724527479613,0.01640081016449605,0.2180678722226574,0.16697339272937736,0.1015497388248651,-0.18580349369223984,-0.1569449058048981
2131,-0.026818932475031546,-0.06756738935460527,0.030951402512745977,0.07860279351491722,0.02984272870468725,0.07083711473964246,-0.2220861634328113,0.007107122650558539,0.18267183875736653,0.13804314307793839,0.11914436379261534,-0.18258014297762923,-0.1581478795103941
2132,-0.014750957285925752,-0.061228024898779376,0.04141877460812767,0.08538982786125042,0.04196635436105385,0.08330507139212799,-0.22234423791587743,0.04293331937453511,0.09484918239155554,0.07762810430512361,0.11426663903292555,-0.15315466023768184,-0.13027939298843522
2133,-0.02251354409433148,-0.08810434925291141,0.029743489133082862,0.12926074110968153,0.03574997953611247,0.0787145769966169,-0.251864623323951,0.10142148185493903,0.056768361477875576,0.060623879999049904,0.0857641064920764,-0.12012404009525847,-0.09544005983298229
2134,-0.021842198439087728,-0.08580900100217949,0.031183508811490263,0.12602461859780217,0.03419372144456634,0.07506030152081723,-0.22152374794220347,0.06516728100580878,0.0897877111516039,0.07754562525137201,0.08272574750395466,-0.13790779853403362,-0.11460576936991103
2135,-0.0028343536717750253,-0.056769963100555654,0.04830651964006253,0.10883194210102236,0.04732704760810812,0.08343283787067035,-0.16212164248885338,0.033194227435971814,0.02569097610294844,0.020478122799439866,0.08952157193435754,-0.12670284184390176,-0.10835444438749509
2136,0.006525256238612708,-0.048190461852728864,0.057843266090909604,0.14369548725753387,0.056710884152017166,0.09281872413090628,-0.15206469437325867,0.04172928313629972,-0.04014650512058555,-0.026733407529322878,0.09648327148204348,-0.12377022349398177,-0.10490088011844502
2137,-0.010717874228376903,-0.07464539734489525,0.0375347036948859,0.1333198518564587,0.04107929411061193,0.0789982511690662,-0.2017347120916457,0.09224049648113157,-0.0008719828558375578,0.014370995011325303,0.08586121407515249,-0.10927655425700945,-0.08615828562086723
2138,-0.017528298432561464,-0.07389522333201058,0.045029484284875756,0.14652611630439047,0.041866369213765,0.08431484057497318,-0.1972957156175344,0.02794941477368471,0.08699053617499533,0.06888925495608714,0.12199492466274411,-0.18089729431721993,-0.15394440924618907
2139,-0.014553416180957575,-0.06747830433004755,0.04759689591016567,0.10424075459813315,0.04316599894079301,0.08428761247237442,-0.19812842735425495,0.0342880561139767,0.06937115193920139,0.05567112722988152,0.1295703985156872,-0.15470622974450005,-0.13332561811045282
2140,-0.0004972833475096735,-0.05906504200541003,0.061256130215003854,0.16481001200620005,0.0600722431013644,0.10356210813735096,-0.1985062769055158,0.05020308181277984,-0.026322947704035794,-0.014781846718448255,0.13182157821904986,-0.14696757646444564,-0.12558418034638363
2141,-0.02149171183315812,-0.09172105955512827,0.024710043137070696,0.12668767091460792,0.03364103901277845,0.07466613197858284,-0.252163284653836,0.1371817125397245,0.006418752953089791,0.0304978243574589,0.0767589321503654,-0.08414810667394154,-0.061037944327614856
2142,-0.019318406331326966,-0.08316990904054646,0.028394786528097044,0.1238067576069751,0.03365061233197826,0.07262333523656327,-0.22289795555542583,0.09406352682031334,0.046391110124094935,0.05063338674646287,0.07517941027814043,-0.1107479147651451,-0.08860873998018087
2143,0.0005310036173695801,-0.05383715143916043,0.05069579848705606,0.13654218412753324,0.050448193341383125,0.0864550745238534,-0.16057318981610527,0.04152654045575618,-0.004535034803754895,-0.0012498972458549224,0.09003408271595548,-0.1274553642577947,-0.10858223970623664
2144,0.0036800467869677507,-0.05225690332581746,0.052822954435337376,0.14060272702679597,0.052738945638694794,0.08814970705345236,-0.15597235907612333,0.05117112841804403,-0.035553165987319314,-0.022222980248092616,0.08897841668795249,-0.11539822835956969,-0.09674028905032228
2145,-0.01822904942617394,-0.08464767324100797,0.027125368855890303,0.1221892844670415,0.032043678310291465,0.06905513844669414,-0.2128553073091971,0.10441058429535503,0.02410520405692615,0.03537721727718588,0.07179318759519404,-0.09675979947275919,-0.0736078338554404
2146,-0.02613504532801033,-0.08344022264136179,0.030767755215692284,0.13512611196158544,0.031018995947103965,0.07232656339261727,-0.2187089715184035,0.047435795192631885,0.10851999025216012,0.08961581160022344,0.10398831654084173,-0.15769492353248676,-0.13282017708259364
2147,-0.023033708329840138,-0.07225553099500036,0.03730821642412346,0.08448148718573394,0.03441425732295232,0.07552558247868585,-0.20263822446233196,0.024486301014533186,0.13343889058032837,0.10520763051111845,0.11925638064599488,-0.16958009159938803,-0.14661119077690968
2148,-0.017728000551606386,-0.07030102922891036,0.03551455113975519,0.08593727360110844,0.037094123658488264,0.0769054942194943,-0.21009318191403198,0.06717095127130698,0.06710715100210561,0.06318736122917566,0.10487016688636952,-0.13037188870986174,-0.10929297260339337
2149,-0.03289182908712613,-0.09523801465050713,0.007635754293636422,0.10857084003385936,0.018440882063949015,0.05706324959515639,-0.26637263854916626,0.14128015172361125,0.06667359330134798,0.07935298338623374,0.057218501220349514,-0.08215787722375636,-0.05957559610758791
2150,-0.04501132353081988,-0.10718639018714622,-0.002935186800900926,0.09208127954027041,0.004468344855627269,0.04126340043844973,-0.25010647668257896,0.09277739538506692,0.17820212487425774,0.15089401434490313,0.03983077439939386,-0.10819777014802044,-0.08608018648850271
2151,-0.00927641410460132,-0.06222872628031092,0.038954468640643516,0.12449334949944177,0.03942324429865889,0.07465438566367925,-0.17069530526119264,0.03808675689537601,0.0488447344181523,0.037763118730637056,0.07382778033351865,-0.12645483347074718,-0.10739255936325526
2152,0.0034743396507911,-0.05159729874327972,0.0523585217230275,0.13796590709979842,0.052365966585607056,0.08766914687969703,-0.1562050915071821,0.050055719862977806,-0.03058881316209793,-0.01894749120967414,0.08615842966943191,-0.11569915245145479,-0.09701018439764203
2153,-0.014669301913276714,-0.07940348707359042,0.03051392384620562,0.12387930868788985,0.03531029241851272,0.07210786641886188,-0.20784132166027466,0.1060514803809123,0.005832040257286064,0.022172127719884603,0.07335954797242203,-0.09507014347912132,-0.07224233357571197
2154,-0.023449712057055493,-0.07801300358801753,0.034130477571458276,0.1351668374091226,0.03272970782761598,0.0733249565048878,-0.2066436941683723,0.041549559670563854,0.10531613325101878,0.08632951069659513,0.10329967298006734,-0.164576149587379,-0.13916429651050527
2155,-0.02862241834587332,-0.07166005045030893,0.025411230136398552,0.06420372749959431,0.02405117646698582,0.06200847000698263,-0.20156224973503253,0.03038005095361667,0.15932713431508888,0.127466309761797,0.10473142552418625,-0.15878119964975068,-0.13695360648368446
2156,-0.024624404933426363,-0.06651728703320654,0.020982015066151466,0.056148968268965434,0.024620029377401233,0.06084376115392004,-0.21922561077352395,0.07440333525875834,0.11041775645169866,0.09983242680446792,0.08865735172669761,-0.12352018903896335,-0.10201815232894045
2157,-0.03671939760638677,-0.09651535079437941,0.0035697169825612786,0.1000672853919329,0.014297187696423252,0.05273358921729202,-0.2690379505426761,0.13107244463324144,0.1027697053705141,0.10656232564063868,0.05277895408398859,-0.09201202925188673,-0.06956648082126342
2158,-0.04591726232790137,-0.10759684171648798,-0.00034983606239903794,0.09107899309919691,0.005681116103053067,0.04377901807112505,-0.24804893775262662,0.07185724814811946,0.2027303046108262,0.16413090734734448,0.04281310830180544,-0.12016047964744278,-0.0999973381746127
2159,-0.011867106456238986,-0.06297682077636589,0.03603990977125438,0.07924970926291224,0.03600983208272783,0.07056045150834235,-0.1678312043029805,0.027864464887336744,0.09137465544593257,0.06836055293228628,0.0709609634238184,-0.12820730457919632,-0.10953810319982896
2160,0.004474104702986519,-0.04789032972252792,0.05443892609920585,0.10277156789143797,0.053211230116807076,0.08825826745303361,-0.14903203708532656,0.03561555857570873,-0.005451079940768754,-0.0027969689589249793,0.08970011449569226,-0.12060523880486977,-0.1026941148224539
2161,-0.010337875944131039,-0.07130613431906542,0.04157752616312857,0.13255443593702587,0.042351561715844956,0.0806254898314544,-0.193017242829558,0.06417189833548383,0.025995834162838984,0.027586354369273446,0.08629370252141044,-0.12403837642148825,-0.10245717352221774
2162,-0.021998140045689212,-0.0728664463586681,0.038758683888037965,0.07968595864526966,0.03396793199610782,0.07391970990550342,-0.19852120394163364,0.02088175547618452,0.13981447238696032,0.10830164353541362,0.11123801233533037,-0.16846360238615934,-0.14471877543665718
2163,-0.023081777858221447,-0.06564864070026571,0.03617149308541947,0.07639568620545073,0.03106090007468259,0.0695607869138996,-0.1840927862438019,0.002102458251444539,0.15298346492009665,0.11582424972529835,0.11637343720464492,-0.1741223577090417,-0.15352691386960587
2164,-0.017316576430699455,-0.06112395096679769,0.03533727805553208,0.09599390320771016,0.03530529105958085,0.07335120147915222,-0.19732501081656176,0.03782775905842028,0.09379462921290029,0.0781178802609409,0.10348284598279017,-0.14884199903130674,-0.12860325107166126
2165,-0.025687419664809644,-0.06560347409192231,0.010239898625057206,0.11374192489686147,0.023210738975676125,0.06038550319424902,-0.2649379177114114,0.1260057640206759,0.07674261334994957,0.08434779173453931,0.06457902246729272,-0.11530548311401681,-0.08771896268214126
2166,-0.03466600463589868,-0.09594580645715335,0.014557153147145821,0.10771466315481501,0.01807383809541664,0.05667915088629586,-0.2295428159185602,0.0634705943791841,0.15757769175737438,0.1285804268308958,0.061008050838700034,-0.1354084699442563,-0.11209847213395903
2167,-0.005779786674233502,-0.05854886682277453,0.04464456959004818,0.07118036634418172,0.043055005123170044,0.0781933561205583,-0.16067197131306313,0.029009364866904003,0.06520275079694582,0.04850927247743019,0.08180274086138735,-0.12719716075879137,-0.10939964061176288
2168,0.007342835149865587,-0.04632518678157205,0.05803956284374643,0.10729024940415581,0.056542208729263466,0.09189212225280526,-0.1457208101784438,0.037950760623362036,-0.025510878149911414,-0.01716569704340974,0.09341363283138808,-0.11739800333597797,-0.10035079634527153
2169,-0.005749010524221719,-0.06720773722633751,0.04459778765562696,0.13751330090576497,0.04657722326128822,0.08463883905103335,-0.18881971398397754,0.07451275714227594,-0.008675394432250856,0.004272611568547928,0.08698287971815202,-0.1147952849360071,-0.09384825819989455
2170,-0.02012471899441404,-0.07160603261607909,0.03767186155742236,0.10982228092031235,0.034700828319310345,0.07389408585014855,-0.18949984793526378,0.028286442282008353,0.11407783467899267,0.08984969841793428,0.10205929984936234,-0.1664939881058763,-0.14263774422385786
2171,-0.01664877164881634,-0.061255937903276714,0.04276199257684666,0.07976147151030691,0.03784314404248896,0.07649297292804956,-0.17370129427126058,0.007913724609020494,0.12591990056922867,0.0964510096532315,0.11655409068183996,-0.1775279356738435,-0.15456436707381532
2172,-0.007176808166203245,-0.05515451312971688,0.04959805603451994,0.12706546489476858,0.0480334536047123,0.087737133080198,-0.18089351086706978,0.03379110084057404,0.04002242512463681,0.03520021587129219,0.11523161457559483,-0.1575789143835288,-0.13587571747977784
2173,-0.002949375843778319,0.02220486485919591,0.01157679378452912,0.11604508341434629,0.03323424174437651,0.062428280475858945,-0.25108382045815136,0.123815645660795,0.006635781481040195,0.029133547736462585,0.06285034122283971,-0.12064861295511582,-0.09324277112239872
2174,-0.03796808278399291,-0.09826580912008859,0.004133190405021814,0.09942898019906925,0.011014912607978034,0.04724314698392711,-0.23470979171053705,0.08806219310898533,0.14903416210052814,0.12894565755158421,0.045688912487317934,-0.1126033211113699,-0.09000415071842341
2175,-0.011584494812936285,-0.06477660451849361,0.03692767232282191,0.1203954128639542,0.037324922639404234,0.07264936544013394,-0.17257619386372064,0.03340836575793242,0.06622247395780073,0.050903631830957786,0.07173423884542034,-0.1293458527102986,-0.11128293775297624
2176,0.005230476287564869,-0.0487989275823527,0.05625514149290843,0.13120899054284513,0.055438193570535435,0.09157269133190478,-0.15357961235222628,0.03801334203238308,-0.02298510235396843,-0.014974055238309107,0.09076507137119999,-0.12292336986093569,-0.10522283924154939
2177,-0.011994793072929237,-0.07526039857411031,0.03753294037943517,0.1323818696785075,0.04063914558010407,0.07907021664536196,-0.2030273413511747,0.0824689607273175,0.016307279774700322,0.024939994784965704,0.08206560410819667,-0.11365662090021286,-0.09146685778016177
2178,-0.02018222197913908,-0.07510963780728429,0.0407398568537327,0.13341710482776115,0.037419360030732485,0.07858247155568995,-0.1967715266568466,0.02984865916449001,0.09956101675081198,0.07970835085839695,0.11133097722939629,-0.1718619058959263,-0.14668250493181492
2179,-0.02351557668437404,-0.07291157796022135,0.03665733234780916,0.07896266771722461,0.032153485983135756,0.0717242393619202,-0.18742761394185914,0.01909271674495294,0.13996512046496293,0.11009787043741394,0.11634079265555054,-0.1724273187386584,-0.14871213838785688
2180,-0.016294741565506,-0.06470089562212525,0.042140098034411544,0.1267841179186962,0.039888677294251794,0.08031673510874561,-0.19713126313792678,0.031318075542139764,0.08596642444968843,0.07101473672026412,0.10949667269860512,-0.16602315861465763,-0.14277547882658678
2181,-0.025557434577043528,-0.07260480840545415,0.006360011001775342,0.10925243614304264,0.020303342738035697,0.05537665583208642,-0.2568957305738854,0.12540287036025552,0.08330694001572124,0.09000996856934775,0.05666647194744718,-0.10937097302589684,-0.08224975002543199
2182,-0.039403742983647225,-0.09660801921501544,0.001537965576912757,0.09658926162116395,0.009299660978583412,0.04543620025885839,-0.24005719208189769,0.08857567593913716,0.15815795308150513,0.13630193632416676,0.045233941012082314,-0.11429326064941969,-0.09077037986242988
2183,-0.011238751733578405,-0.058595104919934554,0.03596365257322457,0.10351170236849949,0.0365745031226703,0.07118468167400471,-0.17143459107221834,0.028583603811846593,0.07872459747314024,0.06054653137966478,0.07061023614157978,-0.13158078627972794,-0.11285027453917111
2184,0.0009344739733575016,-0.048119076252250294,0.049379591110135755,0.10194677453821288,0.04889720582216336,0.08352376076240166,-0.1542795272543714,0.034586959651019614,0.013467105517353783,0.013409480358133961,0.08256351005205675,-0.12194218581543412,-0.10436807246277924
2185,-0.011998155779869712,-0.07156086472906975,0.038324119481619824,0.130026999059084,0.04020950406889628,0.0782670679500369,-0.19913780932789552,0.0697083173823329,0.0286026470702335,0.03138626026071028,0.08168134770444163,-0.1185167384459438,-0.09699269469457646
2186,-0.02452387074400778,-0.07547565574670356,0.03504842681117961,0.09687435371977196,0.03210843238769976,0.07278442688821049,-0.2079343854732421,0.028266618837010652,0.1321590207284662,0.10317602497386891,0.10833471015308747,-0.1622116899466599,-0.13860641258868153
2187,-0.021448996573857862,-0.06462208917118271,0.03808300938715809,0.07786462375627848,0.0336194420695021,0.07301078452120516,-0.18983623533036936,0.013013585779725386,0.1369543968982862,0.1057488119579525,0.11473462115724528,-0.1695694713684234,-0.14755248308351956
2188,-0.023183206223911648,-0.06667201553498214,0.030308868624466627,0.06696985499640941,0.030188041726941627,0.06891628695969211,-0.20789205742211783,0.03418720766573644,0.1451146682847613,0.11727049533706299,0.09658677617875636,-0.15667685659393088,-0.13511806399888418
2189,-0.03790933665373422,-0.10108421831638617,0.01123540242885066,0.10884532678506742,0.018075699865807385,0.05945128783538648,-0.26114763696987864,0.09117794647131783,0.14553214181573165,0.12691225253508534,0.0635822486829583,-0.12439595487890036,-0.10027515960130554
2190,-0.026029753885426433,-0.08456018864163396,0.02503623583908363,0.11485650570847586,0.027889098687127543,0.0672779058646215,-0.2214964389137688,0.05809204580224779,0.10953041183472532,0.0910694030873795,0.07179043268791528,-0.12686472690079983,-0.10659093116994725
2191,-0.01558279647309664,-0.06250613860656325,0.025834085486835426,0.04691220600636745,0.028333858026678836,0.06048368559954168,-0.17724158612104937,0.05195235514045925,0.0795245757062128,0.06591174025938784,0.06710005828041957,-0.09274171053206802,-0.07798033277312554
2192,0.0022907925279509076,-0.042038073799887,0.04829826292486769,0.07014992592471112,0.0487561250643887,0.0824478204129121,-0.15498025974966276,0.038066842745892435,0.004809192025913776,0.006515170794804146,0.08949002545791206,-0.10396117340977717,-0.08984465092002589
2193,-0.013060647343042062,-0.069821680080585,0.04032824107774488,0.13541909993328277,0.040921397613247375,0.08011730846837664,-0.19753837366102378,0.04753988230679783,0.04751216970144264,0.04218468709559197,0.09104346359916876,-0.1322538834467626,-0.11239166526423927
2194,-0.03512972185975331,-0.08364280163006438,0.024213000707283844,0.06817251283575244,0.021806721982379377,0.06278766248951302,-0.21455815368198064,0.00941361645020433,0.21619996034347003,0.16553752595817792,0.10267227717776453,-0.18124746713072268,-0.1562251336420242
2195,-0.027710477901929573,-0.06837386556892343,0.03217764768913306,0.07608841660386305,0.02784109133936358,0.06763850960904363,-0.19917098556375834,-0.0010077197423167877,0.1827606583192862,0.13738699131579732,0.11626311236175879,-0.18360168175242692,-0.1602916967088904
2196,-0.02160715840248177,-0.06383651456261856,0.03724396117714011,0.07349587992298433,0.03489898658608167,0.07559037644095451,-0.21006084948044312,0.013385533334395584,0.15794793085443198,0.12105494854973023,0.10790209386514793,-0.1745692178652921,-0.1514459704200305
2197,-0.029844170094272718,-0.0907678729524542,0.023259542707247095,0.12070363415886613,0.02814853744708278,0.07074376225089146,-0.25109876713095464,0.07716308324237675,0.11704216051075225,0.10276914159347401,0.07919727748510662,-0.13585492382510966,-0.11146140539300584
2198,-0.026268847197716362,-0.08735888942533847,0.02912966738427518,0.120294789989972,0.029804288320356406,0.0704692361518945,-0.21977342397418373,0.04395360578845133,0.12157568186203498,0.09692501047568038,0.07806132166032882,-0.1389096241082088,-0.11790281692754613
2199,-0.0026159139321405085,-0.052419283525434256,0.048147165135272,0.0699762818330934,0.04647037061730956,0.08183173233999683,-0.15989144314471948,0.027487545656699933,0.03846228170477442,0.028638051674165485,0.08966696808752418,-0.1154783945830984,-0.10027536186344306
2200,0.006877807976507864,-0.04242667437559253,0.056131601160913404,0.07837350680456229,0.05480040351998655,0.08939010409778572,-0.14916360753181085,0.04228894258988302,-0.02879353727870691,-0.017195944413557276,0.09575384933910935,-0.10002237963128886,-0.08601407225779166
2201,-0.006544838312574124,-0.06574853569788061,0.04815265130813574,0.14332375371990363,0.047475232367025395,0.08666473149597304,-0.19020533328480085,0.05830016099542763,0.0037112036800606165,0.011738168026108643,0.09614040380182175,-0.12697619030063956,-0.10603140779856125
2202,-0.02121349189151154,-0.07242422829150257,0.042685814044855976,0.08800816604353533,0.03678751048754367,0.07820598755019248,-0.197785204216504,0.016428090961623253,0.1381651859916327,0.10725079015681814,0.11810324411536087,-0.18081047098309877,-0.15340139396894528
2203,-0.019097761561789803,-0.06218928768257975,0.045794088166601056,0.08825456671784623,0.03828848554167723,0.07908628340928081,-0.1946578691940289,-0.000644722221252136,0.1456620703465777,0.10948219127920387,0.1300487436751918,-0.19337915646532985,-0.16664763201139796
2204,-0.01623831986502814,-0.06350260927027294,0.04427738758589569,0.10352972858511758,0.040564383597684675,0.0814098380391719,-0.20513236084761544,0.02738724595431149,0.10394950947514149,0.082564476337393,0.11590175479405189,-0.1700505447444936,-0.14466048964135733
2205,-0.02852001754028664,-0.09329603955616403,0.020623325830989858,0.11887420282035281,0.02621842483186766,0.06668491251914441,-0.25415790418003215,0.11431354878736545,0.073818812019466,0.07718178171969454,0.0767831162503156,-0.11294949081833151,-0.08557467268438199
2206,-0.024791746219752348,-0.08343593981364499,0.02804179030439542,0.1255390651688203,0.029655135084284922,0.0693286117349468,-0.22156021648501176,0.0562176003398526,0.11286172674704778,0.09219347427625092,0.07898591027853488,-0.14306159594953294,-0.11997381546619156
2207,-0.004148509020191441,-0.052901845215467695,0.04625714472697569,0.0777138648355017,0.044781534446286964,0.08006656629537734,-0.16188182260423203,0.026485385844875788,0.057536747938453786,0.04345635534538249,0.08822422832603825,-0.13208846116230463,-0.11350118975669601
2208,0.0023279663150382788,-0.047213125142383926,0.05243951210930389,0.08442456875773278,0.050844031434539326,0.0858242225690589,-0.1532540086893931,0.032895733439275085,0.015210776016412936,0.01332080586554594,0.09195029736560961,-0.12346226425305508,-0.1053085157876845
2209,-0.00942185237190766,-0.06631748550493044,0.04419464271844712,0.13708718519217297,0.04432561866878211,0.083320268853129,-0.19307688675239365,0.05202467421071966,0.0346011905513627,0.032247064060053336,0.09263177345929444,-0.13689608345508028,-0.11472010962964922
2210,-0.026310508529825364,-0.07493002782898978,0.0362938774670393,0.07968165962764945,0.030974633529733474,0.0718630665594658,-0.19961427153399838,0.007541763340491949,0.17999397412098353,0.1347561560910962,0.11440298373379215,-0.19069784165713166,-0.16395546492030633
2211,-0.024766464502391214,-0.06445703078455677,0.037101897190060504,0.0815352621439259,0.030516616973201495,0.06965850960538268,-0.19161235236477894,-0.0036043967505941677,0.17278857204715997,0.1283809669547376,0.12141009191604926,-0.19138729816472577,-0.16556437426347007
2212,-0.023499212123416695,-0.06422329085054128,0.03332617365647874,0.08045213979945612,0.03088573659120457,0.07003366067815396,-0.20926297656474518,0.02009112030879042,0.16409371506697834,0.1267464395671518,0.10415126748325773,-0.17955541987421533,-0.15323935373855294
2213,-0.04334510848749159,-0.1011357266807285,0.002554464413740231,0.10166591896259052,0.009902050829637894,0.04948503538528547,-0.26721006711749923,0.09372329396633948,0.17897596323715642,0.15343853320547696,0.05804241914820712,-0.1327417470879324,-0.10335502977478243
2214,-0.029135528406552386,-0.08308506612406684,0.02468576487985143,0.11769566134101403,0.025249183462812373,0.06482271923312424,-0.22245401906989345,0.03681797506499521,0.15880283969614425,0.12414576497362723,0.07479734091414054,-0.15892356232922925,-0.13341907363596725
2215,-0.00858251484250703,-0.05296704872004457,0.04215967746159215,0.07131149489030177,0.03990401786241054,0.07484089225160993,-0.16452336046595387,0.01037349071100674,0.09939507377886131,0.07242987600272038,0.08457581149414854,-0.14418180141151551,-0.12473560901263014
2216,-0.001524818657917857,-0.04494276080054715,0.04740357203791049,0.07640068641019565,0.04591499147226489,0.08018321147880068,-0.15649033684377905,0.019957555905959535,0.052294808860026,0.03966839454416817,0.0883178362817347,-0.13296029128219572,-0.11422284940662018
2217,-0.011741168082421474,-0.06303860114190533,0.04283349474489664,0.1341227064124946,0.04223405125902133,0.0813470592286887,-0.1936271612349365,0.030684765876786944,0.07196694182909806,0.05649618999772502,0.09280962831144043,-0.15352281464257142,-0.13056509255831683
2218,-0.037616018045931204,-0.07922008069857385,0.02200170242287263,0.06986154846200082,0.017050932619900355,0.056307039551196925,-0.20843871500969582,-0.009930439014748218,0.2517320599365166,0.188412324245558,0.09927477580314126,-0.19859508845175677,-0.1708400418204804
2219,-0.042276909981648694,-0.08068805501453913,0.017068859474960923,0.06326522913583733,0.01015314710665203,0.047477292738432514,-0.19986798539689016,-0.013680553224204155,0.26259215468420105,0.19663564859654295,0.10404577365851297,-0.19621992210012124,-0.1685046796777361
2220,-0.03368867032167004,-0.07851984059884187,0.026903437826013565,0.06678156104656992,0.022096651682343708,0.06216044583296861,-0.2154257445236149,0.004357269908184844,0.22812961021034847,0.17085822494236833,0.10242445259616768,-0.1914308772214218,-0.1646465213794163
2221,-0.044815208388919,-0.11370697914094802,0.006652239015388374,0.11172109366701345,0.012701754323690802,0.055179862528172585,-0.276431817469446,0.10302847242082623,0.1676477002860066,0.1466831938938816,0.06736926040940217,-0.13361548812932372,-0.1024140834157451
2222,-0.015505244698019964,-0.07475717017954232,0.042402947858263075,0.14342544224366738,0.041321228617079125,0.08242061041809878,-0.20850095339368366,0.046499397903247724,0.06539060158287721,0.056338447830798555,0.09316525766810015,-0.1487995067380801,-0.12340105911280588
2223,0.00892039266322893,-0.038657321480495783,0.06164678301575885,0.09533586267835578,0.058672690060118826,0.0944446001940393,-0.14759635215752887,0.028230676825963138,-0.014686431292307326,-0.009536439330542247,0.1044917369094941,-0.1297736338153348,-0.11149256427074972
2224,0.008164902575900863,-0.03911856784836745,0.05858517335040786,0.0929397358800757,0.0562191767740778,0.09088731466543713,-0.14644924644109233,0.034274027954637715,-0.020220815691768056,-0.01175190792304593,0.09850265245835069,-0.1198843596781285,-0.10214808607648532
2225,-0.004756297374204949,-0.059561300018925616,0.04869109883535166,0.14429053930956742,0.04823522390495699,0.08671699730764054,-0.1883847912305813,0.05555331754975907,0.002261364803423186,0.008631285933457212,0.09629280686372567,-0.13012612470330248,-0.10784412118086728
2226,-0.0175694651268726,-0.06651970407449014,0.04568796292768227,0.0856102796138051,0.039482840148699176,0.08026533492866149,-0.190204427990568,0.01666231187068373,0.11678380920154309,0.08911136466485456,0.12122269980518785,-0.17332200945247667,-0.14721099651670963
2227,-0.03289150755470138,-0.07551800788042633,0.028665388444421017,0.06898962386168635,0.02177274770094833,0.06077317749003709,-0.1984619821212393,-0.0037351594787159,0.20362959164351266,0.15317563660558978,0.10923900082837591,-0.18024013864555918,-0.15539837089392872
2228,-0.030595197046015463,-0.07856675142238094,0.02928555377258739,0.06471979711819785,0.02587686220745532,0.06651399085151223,-0.21465647198789634,0.011988690336775916,0.19563905156079076,0.15091336074137449,0.09621620220506792,-0.17045807058197968,-0.14687701775548923
2229,-0.05043638535919103,-0.12097686839158728,-0.004580244264462582,0.09809317979992804,0.00439778964920055,0.045288371119802634,-0.2866429116665864,0.1257140769801843,0.16374309120976632,0.14795751841441449,0.05132355662011191,-0.10092159285749734,-0.07295958125408372
2230,-0.024868638433350652,-0.08639269448875218,0.028743052970142097,0.11937815650515803,0.02967161017543282,0.06936048392256375,-0.22117548431847742,0.06286884818558683,0.09806173127868571,0.08271557876410009,0.07739912636841349,-0.129319733146909,-0.10644203778259353
2231,0.002069351398457475,-0.04989164836848991,0.05395102933030523,0.09086521227156265,0.05161434345026546,0.08730099838511717,-0.1566182709696699,0.036243485843666594,0.002198480219362711,0.0034900592698528738,0.0960414613080416,-0.11708177146507887,-0.10018273067339295
2232,0.0075630753723931,-0.043371966416072334,0.05773508705400782,0.10688175004567597,0.056388310340964844,0.09157744670726786,-0.14902873956035192,0.0396191651569189,-0.03406991931946015,-0.02242248853482039,0.0977869632780156,-0.11266082447455343,-0.09599785964998568
2233,-0.008773789519458815,-0.0689016582789668,0.043013887611354405,0.13625239056193172,0.044234289838626255,0.08280190846845525,-0.1939806791896466,0.06639765540383259,0.011599234065111985,0.018073582988409758,0.09164220266832533,-0.12200486951045976,-0.10035415510751527
2234,-0.03159769965044632,-0.08371366764006276,0.02768566786849462,0.07693132064180552,0.02486577153340408,0.06543459324813009,-0.20933341106426034,0.020668322133611514,0.18565083551678027,0.14275636224036828,0.101197206371295,-0.17328755496036105,-0.1472577462387587
2235,-0.036453901525966934,-0.07947508179461388,0.021245086687041472,0.06066507397834546,0.018219819010523667,0.05738078375087488,-0.20364239152821165,-0.0018479909907053193,0.22979366895487624,0.1721482537661042,0.10279987738351197,-0.18199384387682216,-0.15883935381495776
2236,-0.037087115629173446,-0.08233511900774589,0.016008377615127006,0.057304980301963675,0.017127152614332203,0.056566669349137386,-0.22516903995645102,0.020783903865739,0.22803215047576106,0.17571700684488345,0.08475123728942935,-0.16758169945070497,-0.1441185043122977
2237,-0.04590874082482539,-0.10513127954134678,-0.000835351679390487,0.09600901428328568,0.007361525736166625,0.04708302944315571,-0.2681414692178571,0.09528873014312564,0.18705539515218808,0.16019252396506806,0.0498234391953534,-0.12480018096393972,-0.09799663569098382
2238,-0.02580757225262915,-0.08359244760000127,0.025072500109586043,0.11542010269922284,0.027927302690211313,0.06717982340389149,-0.22003368578930446,0.058421915089129035,0.11039681142379087,0.09212523568360476,0.07052120621349105,-0.13016889007980548,-0.107462301591187
2239,-0.0009782421888777165,-0.05249617795645869,0.05023948843663355,0.07082202321557217,0.04841111150534925,0.08396343984854718,-0.1588165657833029,0.03244061441511812,0.02962994328632319,0.023529440182250172,0.08972402369339649,-0.11665738088532313,-0.09981171776922759
2240,0.008342281829869751,-0.04415312072956914,0.05968054583877974,0.09597914410860571,0.0578429132113394,0.09344516288997615,-0.14728010013440804,0.0383163661854937,-0.02637148533076598,-0.01750364149964866,0.09909859650104279,-0.11769769476823617,-0.09969896810247911
2241,-0.005259102625233906,-0.065600827894938,0.04785521146484437,0.14206872198613976,0.0484223945546397,0.08736883486020358,-0.18981933399553338,0.06553092750161543,-0.0045243442009500956,0.006023505560947217,0.09571772036876593,-0.1251483864010359,-0.10263532117946463
2242,-0.02386421830816851,-0.07414305902908076,0.03650281061497916,0.08640225010304332,0.03276967821864479,0.07337963484289792,-0.20037674182223802,0.022936607291763347,0.14470895500214315,0.11334646125052351,0.11050773270965454,-0.17497287198507952,-0.1471972388890827
2243,-0.023588367864203902,-0.06388952793726291,0.0374233412136075,0.07947995911612682,0.03235144213316567,0.07243433492239695,-0.19696666870453353,-0.0008478425204504439,0.16599627523520538,0.12489353731081644,0.12171157141831594,-0.18681540109912828,-0.1621826532240553
2244,-0.01872664319690867,-0.06431791557927234,0.03886415246017297,0.07517746855904411,0.03741922874207857,0.07810879934495632,-0.21516507412995325,0.030061763181531042,0.12864689414323738,0.100926173265802,0.10782370100290245,-0.16074468968862396,-0.13807385810496645
2245,-0.033727038266689074,-0.0975647474767358,0.015179577722980857,0.11336384495231536,0.02171238167835458,0.06274316384266183,-0.257244765166218,0.10060963480059998,0.11202003339277246,0.10353420371561642,0.06993754810954417,-0.1177360307455323,-0.09282780655967059
2246,-0.03388087081008434,-0.09429257283615362,0.01757100206423012,0.10988950302545646,0.019721863420782873,0.05884259023247798,-0.22862143196744164,0.05678789167886538,0.15455835733433435,0.12485051796553523,0.06647469098624764,-0.13750473677499986,-0.11439680431925046
2247,-0.0016254320034723333,-0.05466355576838624,0.05031102142847733,0.08806496932440827,0.04810087812047058,0.08386878232650748,-0.1596802470896196,0.0331093113055211,0.02738177704765509,0.021690837735208402,0.09136945116412963,-0.12266220314525325,-0.1052655904456463
2248,0.010769042913667634,-0.042624601935978404,0.06331792154964268,0.10439945318314259,0.06077031080919422,0.09668332205103791,-0.14447047809914032,0.038673108403971576,-0.0425277453039328,-0.029350761131970986,0.10403745642828346,-0.1185921534925751,-0.10108487537534225
2249,-0.0011962040573814477,-0.06313759077967923,0.05429457940395672,0.15245454134339606,0.05371362351696221,0.09345864391370437,-0.1848398738150989,0.062275568782026454,-0.024376844606443245,-0.011102394539964913,0.10454443008287685,-0.12905060610616137,-0.10703787313819337
2250,-0.021422663203196805,-0.07469261046176759,0.04032364086038673,0.09363938630730512,0.03630160661271372,0.07768353945023183,-0.19675488470988395,0.02091070567365545,0.13200614734752117,0.10160491465213223,0.11884191210979396,-0.17721046165560655,-0.15123123298328503
2251,-0.02211287743384723,-0.06674620946492558,0.040390706477625354,0.08688431685708102,0.03471712090965797,0.07520462354517884,-0.192537498408388,0.0015581607106624892,0.14837009284361186,0.11148708992485099,0.1251148502307269,-0.18285259257129446,-0.15947778362093992
2252,-0.012932399343340504,-0.05964639337493214,0.04507743570137147,0.0884154952291223,0.04376032024972147,0.08468783103863343,-0.20711011617551334,0.033948217493142835,0.08810279916024756,0.07145613952692688,0.1160955397902373,-0.1572231281568051,-0.134631741138812
2253,-0.04176933985711359,-0.10543036819737495,0.006817219461245087,0.10487885027476418,0.013970687072116314,0.055232887847248405,-0.26528348581338473,0.09136019001096432,0.16778203264159577,0.14642455807332308,0.06089620528042591,-0.1306135849251575,-0.10426585186865238
2254,-0.025391428780824416,-0.08754726820250104,0.03024993051370122,0.12070295267487964,0.03120804243071943,0.07220873000937789,-0.21787122070902917,0.04469307726945199,0.12464505539396314,0.09938083427390522,0.07854581982900462,-0.14656765642270583,-0.12425686827994266
2255,0.00048622464871471687,-0.05399157969654804,0.052293763191187885,0.10103912925437131,0.05032449485831885,0.08613436792760927,-0.1580662940112676,0.03814854223688286,0.0027727765021336027,0.0034752868079745668,0.09157493769267733,-0.11535137883991162,-0.09884027057214302
2256,0.007729168338465092,-0.04675913903850568,0.05982181731566781,0.12926099740627597,0.05743758255072462,0.09316303132756379,-0.14826274528096775,0.04105931617897605,-0.04426838441118978,-0.030879034310532252,0.09732787182526097,-0.11644377894671613,-0.0991867029550226
2257,-0.008147871242474996,-0.07067050878144372,0.04246456328890784,0.1350398083850126,0.043969292904119474,0.08194845475745448,-0.19367629366286068,0.08012941821179055,-0.004896995951239556,0.007774932837547742,0.08947057556318415,-0.11267154808476634,-0.09073382822523138
2258,-0.01637755464115771,-0.0699710772261908,0.04433551312307194,0.11413022733773182,0.04056585605369633,0.08129084406841304,-0.1908303931984553,0.032012709511713706,0.08773432786338801,0.07093101454240565,0.12053263997808931,-0.1703777900448536,-0.14397631736785227
2259,-0.015402375691026655,-0.05769809782421153,0.04525077237954681,0.08732693795432095,0.040454008072380074,0.0802158537649552,-0.17483119192097865,0.0022673332124463937,0.12020784253491498,0.09147796510266104,0.1280719219354228,-0.18598743059519346,-0.1613535389252376
2260,-0.013939848729653675,-0.05399626469006646,0.03995388553566447,0.0979861269227136,0.040074745785142994,0.07917870834663296,-0.1949920392092195,0.02972775084909675,0.09091794348984182,0.07545827837484465,0.11059273153250523,-0.1621580831308189,-0.13880393507668373
2261,-0.04334613061802806,-0.10253791891556384,-0.0003784950730109006,0.09830313028627741,0.00876496931706825,0.04768904702065232,-0.2655722066319465,0.10448829174187202,0.1685460495389384,0.15005999877135945,0.05356315315893796,-0.12312235009944976,-0.09645753849710678
2262,-0.030184839067374014,-0.08936666330374082,0.017583535816463068,0.11172053347572647,0.022068101951929608,0.06035688481958667,-0.22558063147363436,0.06689680843550544,0.12383461482614681,0.10396128434776987,0.06653718990771641,-0.1255546162050794,-0.10227220353101579
2263,0.0003649908691435567,-0.05206461571277127,0.05083668440423804,0.10649027548623172,0.04964709407820953,0.08513592891543587,-0.15808500558634186,0.03654585595892982,0.0070586744141027565,0.007284307976303622,0.09013422145477222,-0.12076082522052432,-0.10258758703772955
2264,0.00658325321936971,-0.046956790913550026,0.058004188465528086,0.11644537987389027,0.05607492522462362,0.09167162315079742,-0.149159548124607,0.03873774136056644,-0.027987633023144727,-0.018723659414799854,0.09852545125678942,-0.12052075677725432,-0.1026941742982088
2265,-0.0057457300432709624,-0.0673089913141388,0.048304852543472145,0.14578144649151523,0.04828747128621723,0.08745582806815684,-0.1909803852496499,0.06617898456488185,-0.004736352076345398,0.005238101826429328,0.09861014508065101,-0.12663406245586933,-0.1044513087220492
2266,-0.017905266027570525,-0.07327884975011706,0.04801653868978933,0.1114956216768403,0.04070118831661161,0.08240185268101104,-0.19686554834516698,0.027491517622871806,0.09258487262176995,0.07249902985628497,0.12343375993767217,-0.16786078400166396,-0.14271393327833248
2267,-0.016555280449121877,-0.06586217874479114,0.051085769958612894,0.10259380016037103,0.04152450908069067,0.08252606010119631,-0.1780271070113056,0.0038320445388365376,0.1027803722750936,0.07660414417092687,0.13530355180037687,-0.18000640906152773,-0.15579927681935818
2268,-0.01084338541122392,-0.0601975657868085,0.05108718275857746,0.12044722497418665,0.04626534942036351,0.08724638204341326,-0.19349948031253955,0.03376419885641568,0.048362037584665986,0.04185643702216321,0.12366399229948075,-0.15510135017956767,-0.13305102326912668
2269,-0.03582511389825057,-0.10211927468786469,0.012414328069069166,0.12132382448668176,0.01820703025323419,0.05826896151019328,-0.2612245294644972,0.1187599094103786,0.09183548558650521,0.09331983423927273,0.06926676942076869,-0.10455768524504892,-0.07966953968044242
2270,-0.026651650346177835,-0.08967504713078428,0.025679134851367413,0.13083604888624273,0.02692349607815663,0.06601344393639282,-0.2223448155111497,0.07059282147626351,0.08373597286040153,0.07503108413662667,0.07395254917305785,-0.11706661015071795,-0.09702642825967936
2271,-0.0025112894077504093,-0.05514945061696976,0.04730287946389061,0.07737553384227844,0.045734683228005946,0.0805174182059068,-0.15819404456525935,0.03963985146999517,0.01804190966592647,0.016846758252472838,0.08849037797910284,-0.10587765642189748,-0.09221697109570198
2272,0.006138900101122382,-0.04661099020036808,0.05665666660367674,0.10662082446500729,0.054462481585561,0.08923568040304063,-0.14782295815267749,0.04368414423619473,-0.04266657040921942,-0.028350236228971384,0.0961327562294578,-0.100426621643536,-0.08705407698928809
2273,-0.002446223751951088,-0.06465036863508528,0.05280253480366716,0.15430740177165933,0.05103720829854337,0.08982349409634346,-0.18586386804751143,0.0710818629354098,-0.04449656460712161,-0.023776217721954443,0.09919298207527855,-0.10774366676360508,-0.08926857445367267
2274,-0.012055273519753603,-0.06741811348487041,0.053087069665085626,0.11848838047135604,0.04541149280607926,0.08626427959604387,-0.18413449719465783,0.029135916400555593,0.06388090720482188,0.051930605931753956,0.12418059496559425,-0.16688646656641482,-0.14188489627559359
2275,-0.009241083467527939,-0.05656115621999181,0.05933167510684641,0.10807684803522923,0.04839443552557911,0.08895476391146963,-0.17114186855798932,0.0035221601843965005,0.08029958861029658,0.06014275645453286,0.14160856770060573,-0.189470237846801,-0.16391644943664566
2276,-0.00170367934872279,-0.054155956473943355,0.06364391693478316,0.14247954890987008,0.056459827863356155,0.09792431944876609,-0.1830361264166255,0.03255618226841376,0.01332867422048457,0.014202712830915834,0.13391658374719018,-0.17048245488193958,-0.1451335491025483
2277,-0.003484255359926606,-0.009911177410163676,0.02640574858962869,0.1352414408406494,0.040802537003077496,0.07502290840448762,-0.2513746558794161,0.12830930921114528,-0.020411386793008884,0.007511268513618916,0.0835290885884272,-0.12005223717315133,-0.09158858853536801
2278,-0.0270686228042514,-0.09058640386350855,0.018965573622728056,0.11718313795173127,0.023292276926498254,0.060472880026618665,-0.22918230022586242,0.10184997178342328,0.07389966251564045,0.07375949848191281,0.06477444650652046,-0.1055473635100167,-0.08181275741143418
2279,-0.005871332425663382,-0.05877163788726268,0.04418409338585528,0.11816728930450715,0.04295616293382064,0.07816809603904003,-0.16297683840207464,0.03436877275883948,0.03622269552631472,0.02858112313298434,0.08180836278043063,-0.12774639502110663,-0.10909039212568487
2280,0.002610460477899206,-0.050826564398604314,0.05202083222973602,0.12785196324699846,0.05105037872777131,0.08594591053931898,-0.15203045198353166,0.041040272472843344,-0.016997445512506676,-0.010206146546876738,0.08735213045935708,-0.11784901363177266,-0.09996232608063221
2281,-0.012405422901394675,-0.07540905936272087,0.03624367011034125,0.1283135656708166,0.038468834086551926,0.07561120309937454,-0.19687373161108104,0.0837545248587524,0.013197236554392148,0.022609161235203325,0.08084549199323002,-0.10804205377570622,-0.0863134199577594
2282,-0.01655075371800149,-0.07279805984673804,0.04490885562010077,0.1216551526422106,0.040412951338002726,0.08100727553269123,-0.18900160636136015,0.03288430999011243,0.07545321148805555,0.061054613862074204,0.11700209265185178,-0.15979105161421686,-0.13623699158478256
2283,-0.017294359596777022,-0.06533478958116266,0.04286778974765622,0.08716159737104258,0.03742967823056598,0.07631300757448035,-0.1804507102094802,0.022881682280030714,0.09889291796460915,0.07907198697771614,0.12022870226738447,-0.16207422841557473,-0.13969327461049083
2284,-0.008671583716646655,-0.06065447900419948,0.05138452841068427,0.14659912383391918,0.04823540573408648,0.08913750178552408,-0.19322159903945377,0.04044848874964165,0.02937759496840749,0.0288740526048352,0.11545982214346152,-0.15458254875211405,-0.13238630771814577
2285,-0.0044826626262799785,0.03600201298141371,0.006732578050440608,0.10990649084039213,0.029064743896371738,0.05656559419761313,-0.2586573198325951,0.1201128477371394,0.02793185353355214,0.04367391109195146,0.05744972618813917,-0.1261993452765011,-0.09810043078163719
2286,-0.03359245485444822,-0.09540649469385094,0.009941104965108777,0.1016584355403801,0.015488823868497497,0.05183194213317976,-0.2350702664662866,0.09968793001034662,0.11271647646850566,0.10263683536215215,0.05212773021797073,-0.102729747789688,-0.0792903147618676
2287,-0.005321120270851806,-0.059233207704736904,0.04377852424329643,0.12273247380016998,0.04332602989141353,0.07845869998066317,-0.16535884395686798,0.04184162608744729,0.023071898693431344,0.020011990315269887,0.0796522977218806,-0.12050350181422631,-0.10245686698688904
2288,0.0008411871014977891,-0.0526867506079828,0.050111183185583386,0.12666707778244798,0.049463102560803,0.08452934376498987,-0.15612511868347564,0.041270192314548,-0.0055392320225454445,-0.0018502957023129184,0.08592219390694661,-0.12026583085828484,-0.10233705274221491
2289,-0.015278758366098811,-0.07723002445964655,0.033530795000159014,0.12572667862991907,0.036393416227194594,0.07413930229654919,-0.20481571269667123,0.07998486994651606,0.03675706217962986,0.03954304220259136,0.08012650941309664,-0.11581221571494713,-0.09306496465829199
2290,-0.013858317965756753,-0.06825473913364678,0.04731458487286993,0.12780852114666977,0.0436067857031356,0.08473257180261488,-0.1930520198617303,0.03415160221607167,0.06763836938595788,0.05496901220339434,0.12223968474841385,-0.1659852624603216,-0.1413107926576723
2291,-0.016846872283154308,-0.06322064813141978,0.04082065361938185,0.08440035949500221,0.03715201302428214,0.07573434768953319,-0.1803950997842747,0.02615831445876513,0.09611358896726742,0.07606425501733918,0.11944765757371578,-0.158389560658776,-0.13703900898766191
2292,-0.012322080925108147,-0.05749942624939103,0.04061032043113006,0.11774111412885843,0.04041285925659004,0.07867435339272347,-0.19251299044095244,0.0488673961358621,0.04956151668707329,0.046180126255807114,0.10724837054117067,-0.1439930628954193,-0.12296849631834411
2293,-0.03617261863123074,-0.09447825258700734,0.0030248298430929684,0.10648339724764119,0.013670569072640866,0.05120431281627104,-0.26356691418027595,0.13311091225494398,0.08793381072115374,0.09519301238657603,0.05414895166844991,-0.08670878865177882,-0.06384322196047701
2294,-0.04319506343255496,-0.10145404398413738,0.0012216611119714453,0.09376782771923033,0.0066297685652875185,0.04342818619955477,-0.2418102765886939,0.07564457194597653,0.1883297321501669,0.155516560686036,0.04692898136232158,-0.12415893258254754,-0.10084897315261117
2295,-0.011819017730025196,-0.0644827271289172,0.03787345705478176,0.09580697028513399,0.036986680325476036,0.07222008650516527,-0.17139159104230933,0.03070843963655763,0.08017113059931351,0.06062497187642214,0.07687534007812902,-0.13165861091949815,-0.11191512954022934
2296,0.0009289304252558553,-0.052119697421561896,0.051508646292098496,0.1023882706042039,0.04978206280400827,0.08496839723785704,-0.1549803695815617,0.03645702618768949,0.00896601197469574,0.00884662494140429,0.09053676386032887,-0.1231502632041182,-0.10413240412029996
2297,-0.01382863033936337,-0.07316806959935669,0.03849666101229488,0.1293315432413455,0.039175963500156195,0.07769166414878732,-0.19825597472936685,0.05865217638755566,0.05229462057782087,0.046084405295133156,0.08870115995884335,-0.1341637684639856,-0.11101175098986438
2298,-0.024382623590021656,-0.07476642618091556,0.03645480244485313,0.08984552697981721,0.031883221213921766,0.07208691650953397,-0.1972624033164008,0.02144900792675713,0.1479930480414112,0.11456296910588683,0.11354632807603446,-0.1791853807623893,-0.15222498644848811
2299,-0.02241244140170276,-0.0660012135558545,0.039675457129376604,0.08260851398713824,0.03237073236037414,0.07120636471175218,-0.1806848800253579,0.004801057798521942,0.14629220230621515,0.11182993348021658,0.12021143038017253,-0.18231076602651528,-0.15758639114433656
2300,-0.01924942154729921,-0.06288761368015364,0.03748407027243445,0.11249007575477185,0.034442465940919806,0.07306787174583448,-0.1959040906830559,0.030194429686019365,0.1055657791056274,0.08530105568978864,0.10577369671697262,-0.16546706989200693,-0.14081124910985268
2301,-0.041989225129957994,-0.09750499467342563,-0.0017524580976727528,0.10312525342870378,0.007789816860073212,0.045194630139153015,-0.2699034354325155,0.11970700208746894,0.1482898245559261,0.13600623865811162,0.05320613086055092,-0.11540285326918674,-0.08676592998722915
2302,-0.03633826810961969,-0.08982886434173727,0.01107258261103676,0.10715318447140436,0.01431683722441371,0.05161978181674313,-0.23387306714829548,0.061470392813220906,0.17265782959412448,0.14030893817273263,0.0587958172391551,-0.14140307789110879,-0.11595208645206981
2303,-0.009106840567353922,-0.056983294607384924,0.04021763078438247,0.07719292925466184,0.03895457212797153,0.07367488948409763,-0.1682020780142223,0.02647209821720564,0.08417957133178053,0.06269637154651944,0.08106452194439717,-0.13524939608166495,-0.11491097542039
2304,0.0025555621690044844,-0.04826285043853598,0.05294954460389855,0.0948882344690826,0.05131454840355604,0.08644357856925412,-0.15320643444621215,0.03464949403168774,0.00804522380463165,0.007454847746426976,0.09366955098059428,-0.12485104969669927,-0.10565025019668887
2305,-0.012986424384079312,-0.07222674722471771,0.040700578952823585,0.13991325193453158,0.04075230651481651,0.07973359246304061,-0.19734140892909724,0.0557597103737946,0.044432602896969146,0.03993683045582883,0.09072316864290025,-0.136429992933581,-0.11296746876322974
2306,-0.02890148716232632,-0.07742688269889555,0.032678452153718104,0.08792948751465049,0.027454320402043663,0.06774766700047512,-0.20507691554276994,0.015766402214972993,0.17716679341924463,0.13687609988488317,0.1103779789003314,-0.18619379768091232,-0.15839811840541518
2307,-0.02409905455966924,-0.06728171604300703,0.038412391034944385,0.0851608881903727,0.03140710214420194,0.07072739658272963,-0.1827979443741179,-0.001177446552619713,0.16382949819433065,0.12492431917842818,0.1214063366263657,-0.1934995446186216,-0.1670122258033374
2308,-0.015021770911541448,-0.06336462069159401,0.04344572738642156,0.13625392168942768,0.040458507339383956,0.08024295137985221,-0.19178778250990355,0.033057109116424156,0.07523891726755244,0.06279778957591935,0.1145462174656366,-0.1711623484406697,-0.14470461866690906
2309,-0.03144458381662567,-0.08401678112662324,0.005870460586233286,0.11288789839549941,0.01697174309972777,0.05360128329227865,-0.2603058488236914,0.12296011643400317,0.09895859749612945,0.10118527805896915,0.06226706688515505,-0.11363734638044826,-0.0852978841006074
2310,-0.03771611079229158,-0.09719001252768475,0.008954536128003432,0.10928699696086407,0.013251089099695145,0.050757614465250116,-0.2339124908045131,0.07380685391213254,0.1585548829307077,0.13297471625986848,0.057375612641285635,-0.13059340760573931,-0.10555028066757845
2311,-0.009085366170575707,-0.061343449411432036,0.04131143348009803,0.10614380222703104,0.03980059620090014,0.07504431434729925,-0.16772228750481735,0.032059896509814216,0.05935032403627377,0.04521246403100465,0.08057951050985604,-0.1306560459385403,-0.11069519231691159
2312,0.0017333885691578886,-0.05091975123150636,0.05206709819357017,0.11516789982448947,0.05056964565601728,0.0857510130541179,-0.15443465256929279,0.038300010960762354,-0.00389506544599807,-0.00045326647221846655,0.09149732254656635,-0.12222965760363975,-0.10315398548202578
2313,-0.009670606899051932,-0.07008593364634902,0.04151746529405937,0.1332970456653436,0.042632274131437616,0.08069583708209359,-0.19412877798374875,0.07282808068185537,0.010892606139150223,0.01898238348333538,0.08980424258642561,-0.12003503620818594,-0.09672958032636506
2314,-0.03076558701836578,-0.08182145831973206,0.02957243362613585,0.08110998945839602,0.025398673042536856,0.06553606142290844,-0.20329163873042363,0.019564313541557514,0.18196387107449072,0.1410133432553732,0.10510653249033378,-0.18085582103930525,-0.15253071280390537
2315,-0.03801452796551871,-0.0777321490152857,0.02093495490204334,0.0628844135420394,0.016224253349584473,0.054760400224583346,-0.19836516494885734,-0.008920221381809278,0.2463361512648531,0.1851186235308182,0.10230745790087122,-0.1952945921162387,-0.17023959928708313
2316,-0.029581072112419154,-0.07536993775541605,0.02391526672030857,0.110272182457098,0.02415462615195557,0.06310516755068896,-0.2091477741811394,0.029640577462794096,0.15245889900358306,0.12087221599220115,0.09133471894791176,-0.1623863749386272,-0.13926849529893923
2317,-0.03658700009048893,-0.09660591111507685,0.003906572166924535,0.10673982757864224,0.01423376664015278,0.05246996634668805,-0.26616219259827406,0.1285840290717431,0.10025738690038631,0.10193774910846552,0.05559915133793388,-0.09486239213732718,-0.06951095320976958
2318,-0.03897524021205057,-0.1005671500756717,0.005214578984545626,0.09837452618611392,0.0115066787489327,0.048706356802631925,-0.2359442529740143,0.08021880522114783,0.16129355628376715,0.1357600963312597,0.05358878382837329,-0.12179147358243521,-0.09738526554260024
2319,-0.013639298819782228,-0.06611311030506506,0.03507708987236377,0.09326500501164157,0.03488212936333752,0.06989343723903331,-0.17241412981910473,0.030192556138655516,0.09252394180152973,0.06877824907468263,0.07487661699636824,-0.1334983049663047,-0.11382418158735548
2320,-0.0059260858858435775,-0.0599272190033014,0.043557354178592474,0.1115024620531246,0.04250268541555092,0.07743587886522174,-0.16279367656750776,0.03673698418424633,0.03733455424289237,0.028092495066511274,0.07952311009276768,-0.12366704192994499,-0.10437150071230956
2321,-0.018216949782904713,-0.08194530152001783,0.030356695306672194,0.12230648902131257,0.03281114014542738,0.0700784035494732,-0.20519624792595503,0.08284843563369242,0.044448709514409525,0.04544440151153217,0.07501352094643583,-0.11061711990483154,-0.08733217649524616
2322,-0.032527987966252246,-0.08680019215196769,0.02684155250707224,0.09682947473380218,0.023554371291318692,0.06368510073587415,-0.2096321571466035,0.028818498057643867,0.16749363499789782,0.13069650861490562,0.0983170455967548,-0.16584605705916716,-0.1414297922112786
2323,-0.03133406698166901,-0.07520054384231861,0.0256878371483343,0.06972277392024619,0.02256844220004186,0.06122876129044449,-0.19717043735606998,0.01144499725366253,0.18666738477365505,0.14376285133840702,0.10572949797646734,-0.17246629411747166,-0.1506412036037293
2324,-0.020580559718966725,-0.06536407679549519,0.03094858858474764,0.1320929575134941,0.032276932045738935,0.07064280767253245,-0.2082606984911098,0.046356963629571604,0.08360040080704063,0.07234764400125147,0.09818960216601359,-0.14656724776870064,-0.12568331364611784
2325,-0.034709734719838826,-0.09293481906194784,0.0047128283007450205,0.10898523916594458,0.015324039995490674,0.05306693264748125,-0.26142822004753413,0.13157803333635015,0.086330813009924,0.094772873232087,0.05560166948275296,-0.09260670419610914,-0.06869295114534577
2326,-0.04493781989605391,-0.10845225823726617,-0.0005977735881403652,0.09317706357167335,0.005344219613142928,0.04239595081237331,-0.24343872809011574,0.08216574929419611,0.17882015741548415,0.14954437815162172,0.046984549723940304,-0.11141800539094132,-0.08958748337991454
2327,-0.007821040118250846,-0.06167337545197405,0.04174916310950538,0.10242361286748147,0.04113110629175033,0.07639975289063618,-0.16690211650338752,0.03548468012095359,0.048454904407323904,0.03701863397901865,0.0810700457109573,-0.12272708127772844,-0.10460828602628579
2328,0.002936629981993025,-0.05121134832355408,0.0531474805727822,0.1135197080230859,0.051723462090268346,0.08684209550988516,-0.1518379206210919,0.039695312332881566,-0.010238481056457614,-0.0056536943917650725,0.09076062934234187,-0.11911214772234568,-0.10057172573802359
2329,-0.014437367835316605,-0.07671441584866846,0.03699395248691724,0.12756063768687728,0.03802560537384423,0.07617443418661683,-0.19810711057077882,0.06804374493193427,0.036867554194428075,0.03630145798767739,0.08467401294274039,-0.11864049833514213,-0.09674200720112971
2330,-0.025502637892327956,-0.07825160774431648,0.03437800015972475,0.08298854328694502,0.030296607432891736,0.0702306446579605,-0.1991801055995298,0.024270943783841266,0.14263546479812544,0.1108689134691483,0.10803259155743208,-0.16199854403283648,-0.13876881387705814
2331,-0.02411031916290373,-0.06826281151152366,0.033126615281288324,0.07968949760699638,0.029709815013115502,0.06820063685085083,-0.1854205820558835,0.012634106959397635,0.14669221272105462,0.11335962020597695,0.11209540545637627,-0.1698312619577182,-0.14788293540702718
2332,-0.012568801765876448,-0.057856302824948684,0.041356226734626404,0.10143195711132258,0.04099529370218965,0.0797099826413337,-0.18935606223558296,0.03987365287107636,0.06887472072198714,0.059150904538445216,0.10918148711628393,-0.15101985701335605,-0.1297732015975007
2333,-0.025922505670908542,-0.0715041369685395,0.011096479645411304,0.11790988108502394,0.023913323282022125,0.061704304024883715,-0.2672649364054246,0.12766303084079686,0.0747688949022352,0.08155767663973298,0.06799022450521013,-0.11466696576162866,-0.08724527011881499
2334,-0.04122272444244988,-0.10392100789513753,0.005570674520157538,0.10369116320116069,0.01022929263760372,0.04811837526155307,-0.24032205389756603,0.07680750005634589,0.17622920357747432,0.1465646965523914,0.05460250906778113,-0.1306574311241077,-0.10569019751520654
2335,-0.008641001252369494,-0.06294992266315662,0.04348287993611451,0.09924685921305018,0.04077081149052305,0.07634787914102702,-0.16671668314279492,0.03205781092916275,0.05996067919102037,0.04604901801084852,0.08251287982992059,-0.13112752408430045,-0.11099368659904531
2336,0.0076388045391709136,-0.04707063841961878,0.060197013396058686,0.11058126240568099,0.05723161170432601,0.09285470149759406,-0.14642173120812932,0.039411872991873605,-0.029990256184146098,-0.020439041022113514,0.09975144359722873,-0.1212725511432122,-0.10247249215471298
2337,-0.0028519972933106247,-0.06613640728691522,0.05173701144151147,0.14716610701338767,0.051209867824978085,0.09034668158104138,-0.18476889276547484,0.06895678116643095,-0.02274418840115858,-0.00794114889590692,0.10168767704272233,-0.12479507439024896,-0.10186641703705668
2338,-0.01354782160260895,-0.06761682465276046,0.0487656123324702,0.11063087884515677,0.04320387809707051,0.08356522577673882,-0.1806159304057079,0.028718100114144867,0.0724493232731892,0.059177369400872,0.1257320257372175,-0.16809207682481137,-0.14236976009097096
2339,-0.01772833314037199,-0.06585198553272965,0.04299478224575995,0.0897690907889395,0.03746229149829609,0.07651184065437121,-0.1746548296622523,0.015985038649188488,0.10111357324241944,0.07959329857775034,0.12493458149934955,-0.16614057882725436,-0.14398876999346602
2340,-0.009945362462968616,-0.06067602265092286,0.04765721425748406,0.14413564245915095,0.045930972280080834,0.08602643038627159,-0.1871798843919676,0.04063848534143653,0.03351733282946933,0.03255517283631171,0.11770076484211128,-0.15686690252782984,-0.13349384319862717
2341,-0.013021672548595934,-0.0037443060049568303,0.008971332112378418,0.11587926025749913,0.027313526844690576,0.05908084361708769,-0.2608241495004384,0.12104839683227314,0.046462535842718686,0.059022759913224296,0.06524561120652289,-0.1271783392004126,-0.09825579937199096
2342,-0.03586111283411543,-0.09854249748915424,0.011226580958477776,0.10734836717663776,0.015468809817346846,0.053183975670197024,-0.23290343837486252,0.0821409307003529,0.14259636885948437,0.1226607473829558,0.060103788775597564,-0.1263444639196166,-0.10107805672330133
2343,-0.0006956907305236213,-0.05459918231774537,0.05056323401753129,0.1291717645494235,0.04894550582773551,0.08467857440236427,-0.160928773967364,0.040739914024330845,0.0024399711093378894,0.004446307695435297,0.09040697357914243,-0.12736646306277202,-0.10780213512689583
2344,0.008770817393617257,-0.04607316955277221,0.060315138810541985,0.13726754279666573,0.05821195219561115,0.09376977467565362,-0.1474049364959774,0.04506411668515868,-0.053109864832469385,-0.03599570231867284,0.09914043462095203,-0.1191853128171448,-0.10077079116116365
2345,-0.008659403502994989,-0.07252208311463464,0.043244476407382146,0.1407309165242671,0.044141397076357086,0.082519613010788,-0.1929479240524466,0.07716443790309617,-0.0019145462179777119,0.00963372796329576,0.09298289033757598,-0.11864914584831378,-0.09572435648639442
2346,-0.013500328405921037,-0.06998763783178323,0.0492720299340945,0.13172997153610436,0.044431880000186164,0.08575195442298122,-0.18818883327437388,0.03518870985462147,0.05956859385384038,0.05020520797055285,0.12662711388961248,-0.16861995269395838,-0.14247870925595668
2347,-0.018409733346714696,-0.06423433488939975,0.04089789305942032,0.09168576304480876,0.03662365276912657,0.07581238428546598,-0.18194252530384877,0.018200686639962656,0.11220155754812859,0.08841504581099838,0.12204910299952966,-0.17245151494032507,-0.14884797767715238
2348,-0.013436860923605428,-0.061028024623028074,0.03994342329360568,0.14512022722862303,0.04020148642029247,0.07899341431881383,-0.19472144160747315,0.049414674466132104,0.04119749952074095,0.03961786897141355,0.10744557036016374,-0.14746669098010629,-0.12528114644557223
2349,-0.020912207614346656,-0.05895346198297572,0.009731941593508679,0.11634344616766149,0.023900446398682457,0.05833535765459698,-0.2541551404449455,0.12550302200429506,0.05905823257759412,0.07134938596375541,0.06403683470197935,-0.1104935373598094,-0.08374431965999629
2350,-0.04175304183151781,-0.10549509356333824,0.0030208699797898775,0.10018771979277764,0.008796337732167741,0.04610804079946742,-0.23904792760301782,0.0824590847646821,0.16888347306330337,0.14214256405531145,0.052500368641787205,-0.1205377789744387,-0.09726461685697414
2351,-0.002664044227802253,-0.05803537883077952,0.04803952922799552,0.128718806637857,0.047048334454206815,0.08283246224016107,-0.16318341183790988,0.04152535277456149,0.008618203336822816,0.009360884364584406,0.08823422176037764,-0.12497868283651976,-0.10551627706355517
2352,0.011137185804831069,-0.044809635326610336,0.062353597316113944,0.14124882030035837,0.060685217124496024,0.0963099405707772,-0.14498416310373938,0.04909704223811015,-0.07159299648614335,-0.048984325184511096,0.10102011668264825,-0.11489422439201298,-0.09658657554431775
2353,-0.0030726710156158622,-0.06774016065436922,0.047682673696163275,0.1420632111413101,0.04927096751964528,0.08738948705504469,-0.18836581551114953,0.08844432451889205,-0.040688434672305464,-0.0164979689621757,0.09800906339586436,-0.10953231342049927,-0.08696236309080474
2354,-0.01271684812562792,-0.07030305545806144,0.04924099463627376,0.1357176531632141,0.04500070240213955,0.08621305344359909,-0.18773936642172437,0.04082889063362644,0.0491733961418934,0.04451983509798961,0.12502590045638212,-0.1653510005313751,-0.139610155438329
2355,-0.020047693847235506,-0.07087376325408784,0.038204080416418144,0.08117867800596373,0.034046188136528266,0.07274679169405741,-0.184446396511431,0.034217136455399824,0.09518467025114113,0.0794706251436898,0.11820990593671815,-0.1494629652877768,-0.12842725713938516
2356,-0.016148169457213278,-0.06639264661549392,0.03206609798863127,0.06886531526679844,0.03419679685341461,0.07107214773160496,-0.2012900001077342,0.07923386873601511,0.05307387608945376,0.05642202050880324,0.0975739193729658,-0.11473349872322713,-0.0939397276440186
2357,-0.02827513768244062,-0.08941542160188443,0.009345343311954536,0.10972206215217607,0.021047693441527498,0.05831673153596034,-0.2598078664142417,0.15367457545829366,0.02585576499536597,0.050865274645286354,0.06149406637489643,-0.06765123238281338,-0.04517185383408094
2358,-0.031668620975756685,-0.0945699429725377,0.009967340121848271,0.10503407080081693,0.017169181929435274,0.05339517326148647,-0.23125497891672953,0.1058867667166814,0.086028216981514,0.08459825778398097,0.05624684707250439,-0.09045096513162225,-0.07038134667162167
2359,-0.0071553622360189416,-0.06337154324293029,0.04068758478416257,0.1237115963610735,0.04125853787291633,0.07625025942493295,-0.16877609274816524,0.05056246932917384,0.02404560860689843,0.02280277006661859,0.07871601940611793,-0.11896647658543993,-0.09976537103933958
2360,0.006283649654222672,-0.05029654988812997,0.054471516721071145,0.13567656912733536,0.05420874772802524,0.08881243942745898,-0.15099326881830544,0.0587393879445198,-0.0563770207098801,-0.03540009896294028,0.08908172198790869,-0.10629758544601411,-0.08790950876527194
2361,-0.008715552256758886,-0.07408930234041981,0.03694466382551177,0.12796583183911725,0.0406699059424402,0.07690897856230235,-0.1971710845607264,0.10925316949065553,-0.03068496462310784,-0.004265214300212825,0.07911565882411245,-0.08919221232774423,-0.06673987807516957
2362,-0.012187381667262017,-0.07224831802781877,0.04922783985086208,0.14914063911577474,0.04520321357447949,0.08624569203246947,-0.1940318464057924,0.053647151331743484,0.02877948906518398,0.028916730046225695,0.1199819348623859,-0.1538723150958051,-0.12880282868244633
2363,-0.00950131747422156,-0.060079700318886195,0.05242963236026748,0.10498233105187021,0.04663426959647942,0.08650293533887161,-0.1753220538329462,0.03191766918633437,0.04827442294094907,0.04110126417274906,0.13134320521890083,-0.1606284982226571,-0.13765416001771075
2364,-0.01129023489792017,-0.06207914856905181,0.04637685487624096,0.14211977743268317,0.043689327606796564,0.08324724653412081,-0.19089883075323266,0.04834041660550611,0.029763220178241682,0.030644108571289876,0.11044100425442198,-0.14618475230675304,-0.1241689895323433
2365,-0.02288485519889642,-0.06580055724801973,0.00962564723013894,0.11310597406437632,0.022400078024076488,0.05699367103027487,-0.25518109253826765,0.13651586882802058,0.03880571218905828,0.05665386919045764,0.06135200598767117,-0.08766632174284511,-0.06391999981604543
2366,-0.038381523235133316,-0.10117555694122805,0.00669217462749403,0.1000450580108135,0.011513762206463081,0.04830478284001565,-0.23586851392821212,0.09011688240443526,0.14325148700596838,0.12497660966080242,0.05234393560331783,-0.11192177219782497,-0.08989732605691175
2367,-0.00867650888212497,-0.06509759508230024,0.04185677710519234,0.1088635356276515,0.04070248038160305,0.07627512639632965,-0.1683036162826427,0.040283603736757226,0.0366985918776452,0.03014201981270825,0.08233797296346215,-0.11609870169576622,-0.09898368595851516
2368,0.0067763431218628494,-0.049132723476536286,0.05663747521540112,0.13032246961652152,0.055361966688365793,0.09037816951124773,-0.14935809491614077,0.05187437528403514,-0.057252914642464674,-0.03756752893712974,0.09385860026062624,-0.10425009444562407,-0.0876480432801647
2369,-0.009056066086922372,-0.07199402879570915,0.03866325763173495,0.1285670300074963,0.04111853826720944,0.07788150313986077,-0.19716852844583752,0.09693752714453423,-0.02392095027768402,-0.0017834333840835292,0.08432989796711228,-0.09187225238700804,-0.07170249478070335
2370,-0.018937732395919827,-0.07576388425775327,0.04063334711193068,0.1424629335139989,0.0375610184064548,0.07819483886590367,-0.2024720321542546,0.04769728198980043,0.06887006879541656,0.06002124725201958,0.11141757726559086,-0.15738396721096234,-0.1323006971822253
2371,-0.01866351286291563,-0.06408356041240401,0.03966694265207218,0.10141637810921882,0.035291388955397365,0.07382538950568569,-0.18789270053737375,0.028335961542911202,0.1040989207493361,0.08344878362797509,0.11647099474406612,-0.168094376867622,-0.14382060920634693
2372,-0.01703921548227946,-0.058756126654492154,0.03642073731955088,0.12685656607629828,0.036081404682107035,0.07458872610516411,-0.20003149582865432,0.03510016489056358,0.09120889846851446,0.07479035800876485,0.10330375649496679,-0.16285324363506923,-0.13967053044543462
2373,-0.04469665206416167,-0.10343698280960921,-0.004041566609367128,0.0959627023833809,0.0057579508720903404,0.04373587109516334,-0.27129011674585735,0.11866025360370705,0.16008252204069354,0.14663558697879966,0.04894951155296282,-0.11166348828738329,-0.08465559201041904
2374,-0.0318193464670782,-0.09031106572010943,0.013087959157200112,0.10537748444284291,0.018497618571561396,0.05555671076333027,-0.22886692098588646,0.07976099948361937,0.12697751571111682,0.11050423483281135,0.060087916468911574,-0.12233358862322698,-0.09651951763509276
2375,-0.00429804330227047,-0.057317494951579506,0.044259136015194045,0.11720828002995197,0.043630640749610095,0.07825701437680374,-0.16334512579573177,0.044302191619688694,0.014196652383859925,0.015009706956702125,0.08086447260778906,-0.11589542657591503,-0.0968720041141027
2376,0.009629982895177167,-0.04407980182775153,0.05933766910854409,0.13183848114311067,0.05821535926641176,0.09325314835122066,-0.14688514868231317,0.04939919169097286,-0.06215057269448996,-0.04165687295826782,0.09912421644349524,-0.11210693973749643,-0.09391871299861342
2377,-0.006841691990196384,-0.06861775160432541,0.041870571411699024,0.13921978934072238,0.04425523447503128,0.0816223636304184,-0.19277239826825923,0.08676308894989247,-0.020633205315539166,-0.0016763504983552276,0.09169799844777246,-0.10864258157425229,-0.08624506700460825
2378,-0.022503570703904043,-0.07591215489664536,0.036858551465967414,0.12768855442015895,0.03398277716776139,0.07455373052035882,-0.20025137236209511,0.03068423592119119,0.11410433583061319,0.09273961962460738,0.11355482574324781,-0.17618987324370694,-0.14930965948755445
2379,-0.021064975933724434,-0.06895754184660456,0.03780582844434008,0.09088667358071045,0.034077100326527776,0.07341742726945051,-0.18893565381556285,0.020390119986858597,0.1276684317235701,0.10190303045560425,0.12176772387733197,-0.1771266734680953,-0.15183149060040632
2380,-0.007213346045005647,-0.06257546829553019,0.049999302311770175,0.15060759167928042,0.04857860070544533,0.08875442736253578,-0.19214843334988208,0.0579632775214732,-0.0075260922636306024,0.005931055139596868,0.11811943945203245,-0.1358102314151365,-0.11468012280294908
2381,-0.012984032338113382,-0.031592973842549076,0.016188170974711667,0.11883250687363169,0.030776856689225248,0.06454434800098414,-0.24732304314133438,0.13003296911795426,0.007097857519203819,0.03171701875682209,0.06814834303832819,-0.10010861511209766,-0.0753294065367666
2382,-0.03506268254073017,-0.092066137681286,0.00341443409200218,0.09592509056569495,0.011582477222359937,0.04643092847384508,-0.23478855895372316,0.10523580167256473,0.11979607055413409,0.1124920606614999,0.04725905903871599,-0.10214221432240816,-0.0780763287826694
2383,-0.010094306719395483,-0.057321613621797635,0.034815871759990485,0.11043558617672182,0.03578095525540476,0.06906135712485209,-0.16905514888888165,0.0412153277323922,0.05515557908255525,0.04522405200014855,0.07023803148746345,-0.12273223280591329,-0.10272345858354044
2384,-0.0009695929975798729,-0.050456181402394405,0.045203218928253484,0.11979526822741839,0.04514272471897657,0.07856716720889885,-0.15765405576336733,0.04644518900992245,-0.0003431724777632214,0.0044249083069901616,0.07911944346341425,-0.11437817035635664,-0.09489674686641252
2385,-0.013083692079930466,-0.06886573717286605,0.03233431128952409,0.12269567067739752,0.03553653810470947,0.07121273580387866,-0.19739380810187326,0.08438650531575885,0.020928313537167433,0.029869311222207096,0.07628254983380976,-0.10861064656346038,-0.08529205186632277
2386,-0.023135062893868588,-0.07128114106348853,0.03531864332864799,0.09187968504825145,0.031502572448739705,0.07054052947780894,-0.19158528245879292,0.026375763073523118,0.13440132272027228,0.1069595412312491,0.10885847359845538,-0.1735328219749549,-0.1463022225358428
2387,-0.023383224835345728,-0.06834495267143177,0.03503037022006254,0.08073374622805037,0.030219916769281978,0.06825529745621256,-0.1832384667177154,0.01749035289662845,0.13953066447861648,0.10976595469347623,0.11175622133941998,-0.17129389541886403,-0.1465219844383914
2388,-0.00872307734213858,-0.057240803609505744,0.04748521784051705,0.14252854050347788,0.04697594140860865,0.08715245582339103,-0.1920550263314751,0.042811951639767684,0.030930899573550642,0.030942295123329955,0.11414820049089568,-0.1535336872168442,-0.13142290790357472
2389,-0.014887394609846522,-0.020064802317453292,0.01089736661202529,0.11533509535560423,0.02772456294238273,0.06099614248392474,-0.2589915078407596,0.12576089065238377,0.03665068561129389,0.054113115533917344,0.0655636070446048,-0.11510297992974719,-0.08799478153833014
2390,-0.03840937056628612,-0.10277799425501512,0.007059240439812714,0.10019380313358275,0.012030066484095535,0.049169324453246,-0.23571230866480358,0.08830098926214627,0.1424849114158297,0.12519043571996344,0.05495072937888346,-0.11338800366588735,-0.08909182313556772
2391,-0.005826268870227697,-0.059939801980990436,0.04357537047366085,0.11567520177610001,0.04270109425267997,0.07769226268131238,-0.16419852318338385,0.040492094501068505,0.027201599147358986,0.022643535945638744,0.08188748218454414,-0.12051478630306336,-0.1013892606246982
2392,0.005007618762943636,-0.04960511514932357,0.054047895662566146,0.12938731169569398,0.05328721321561909,0.08810296771609231,-0.15069708918877706,0.04789388185599428,-0.03691033029255582,-0.02415237725455641,0.09195996229564019,-0.11359067637371825,-0.0947312629456184
2393,-0.011526253167534544,-0.07287631175631461,0.03661131225302879,0.12801086165074207,0.03900490544443784,0.07591160401069255,-0.195829888676926,0.08319483031972782,0.01194985046108653,0.022003008650188203,0.08339770847266735,-0.11139043222315884,-0.08846119543863716
2394,-0.019771877312545882,-0.0717789083883443,0.038966891205916024,0.1217775815429239,0.035307640046772094,0.07470243313768998,-0.193244549038054,0.034777242625220306,0.09742987827797735,0.07893017902804668,0.1063929307022633,-0.1648068484027633,-0.138682593425102
2395,-0.022938615938592314,-0.06689379267077271,0.03590964323860295,0.07830919400110102,0.03124801506447949,0.0698142869352684,-0.18585750558376143,0.011590885069971744,0.14411866097066414,0.11128176465211184,0.1118339659840464,-0.17048864651729947,-0.14792785520581977
2396,-0.012738369615460161,-0.058950155990030395,0.04399330499797207,0.12083506527344215,0.04219938713746134,0.08179818992133221,-0.19333411550456808,0.0345015567224286,0.0731883397220139,0.0625689345569489,0.10892260310418371,-0.1630264486665741,-0.13995829165914994
2397,-0.012944591226220855,-0.011771674107958622,0.001602716482830799,0.10499212401807533,0.022628339236369917,0.051464949798160804,-0.2656085386554379,0.1278807404478807,0.053178311894346915,0.06504736560497419,0.05438065395573334,-0.10784285046209692,-0.08300754698665767
2398,-0.03312809274432118,-0.09484082924571956,0.010388606010056898,0.10151843119826884,0.015937850355796816,0.05226527329878113,-0.23290570657002088,0.0992176537602725,0.1033145843424176,0.09641695261740851,0.05639586024155256,-0.0980271836520805,-0.07655339961241278
2399,-0.005460069748067915,-0.060624632953887606,0.04294625673653729,0.12086235498925252,0.04304740148668522,0.07810018989652133,-0.16591213566340976,0.04584265437528869,0.016893883344599014,0.016620760154707655,0.08175856493930611,-0.11608876249054051,-0.09798646506699195
2400,0.004991124895004426,-0.05070340798539327,0.05354869692759859,0.13325904888996631,0.05338457869465446,0.08830329679375024,-0.15198657375304445,0.05158506168854076,-0.04105429924412957,-0.025805422804443725,0.09106421279529396,-0.1124177788017338,-0.09416853809606386
2401,-0.009162603062524963,-0.07253382153449575,0.03903070876188853,0.13318055333099363,0.04176496335257867,0.07899429884489097,-0.19551180509539468,0.09087200682301222,-0.009134666966221013,0.007754869757066089,0.08659957657306698,-0.10733906207451217,-0.08451501871034844
2402,-0.018584601746302526,-0.07240262086928434,0.04094929632474268,0.12594350272846394,0.03753436234711107,0.07781685255515892,-0.19659242229987714,0.038598723100681104,0.09029739009595594,0.07493470395807807,0.11551706823748191,-0.17013842756896605,-0.14387382686324338
2403,-0.01895706676393628,-0.06285400465240122,0.04044624128102108,0.08157883498942567,0.03552709467787564,0.07439211465740589,-0.1832587897108515,0.015430447874489783,0.12164725159658672,0.09566488364571049,0.12012053716386277,-0.17094661988625948,-0.1487909248729293
2404,-0.019539162724029235,-0.06053204050211365,0.02637928637115565,0.06238451509938523,0.02906438807042376,0.0647635947827404,-0.20503625704602224,0.07043812146885035,0.08444585665891671,0.08024414448617136,0.09223421719062071,-0.12290494108379782,-0.10194172277230117
2405,-0.04874050056323352,-0.10499085244749871,-0.014230823618484892,0.08189862470707367,-0.002117759581258331,0.03336554842267231,-0.2772145695848571,0.14255080909166054,0.14331766079283995,0.14140680358841068,0.03640772815958425,-0.0772601553134526,-0.05439251365345643
2406,-0.05168346005082213,-0.11100556796416164,-0.007538576324135575,0.0789177226590799,-0.002062395206696026,0.03453248614295452,-0.24926134195241978,0.0711578672908266,0.22928408513138548,0.18468463333590426,0.038413229590185415,-0.11820115784622273,-0.09723752480587834
2407,-0.012958281972149308,-0.06643222023063876,0.03608647897969802,0.09596467604128602,0.035547626718930414,0.07055171504209182,-0.17291762878617745,0.034962848176827065,0.07927558264364522,0.06154794765345599,0.07468567285234443,-0.12807455614504826,-0.10823986097426502
2408,0.0006533965882753789,-0.05253614537164174,0.05027905465950896,0.11278082095914754,0.049171376000794104,0.08415089119525265,-0.15572941786955843,0.04138134808440947,0.0017602078431021657,0.00469778524684571,0.08790634242287261,-0.12195526896384519,-0.10256039079516313
2409,-0.011050098763075736,-0.07135690272803642,0.039327685108821016,0.13032237997376298,0.04101817194837359,0.07893200864943553,-0.19570948419235237,0.07304271301321141,0.02247771948870778,0.02805633104192753,0.08872540404917073,-0.12365517344986163,-0.10013075414008428
2410,-0.02463123243231466,-0.07775514094935815,0.034092389636495614,0.10278210873334688,0.030948622034852047,0.07072836538842692,-0.19789407934399922,0.032882198350506785,0.12936750404421693,0.10316310263130386,0.10987450169959877,-0.16939247948684225,-0.1441658603062333
2411,-0.022509507278650816,-0.0684985016834282,0.03486018942331789,0.07907316590824344,0.03143609160478293,0.06984182749015351,-0.1838901400091519,0.019755214587825573,0.1329786549280705,0.10457194976153843,0.11618038374993944,-0.1681618969583419,-0.1456374315242987
2412,-0.01536237802476266,-0.06415601356255982,0.03396774315654018,0.07078747677105918,0.03583052644446171,0.07301584916890526,-0.19665377493077021,0.06845241611097808,0.06196781317343364,0.06078716812372448,0.09987137979184856,-0.12476102388183188,-0.1037471823410264
2413,-0.027422378385819183,-0.08539888806989934,0.010874207958080086,0.11289971431813324,0.022073262480136944,0.059402559677061414,-0.25745038466325343,0.1437750697210912,0.03832840551621875,0.058754608537791915,0.06281965910267502,-0.08152154012718976,-0.057134296065027006
2414,-0.04019532974247893,-0.09882445901134977,0.0014601961472247918,0.0936814128173785,0.008330376896552527,0.04431103380396901,-0.23883096923986064,0.09006888005835897,0.16546997763456525,0.142053357515327,0.0482224763078665,-0.12032739614276582,-0.09541955704478736
2415,-0.012782106966427993,-0.06451772508003666,0.033675342223337616,0.10954219630820289,0.03463288328437527,0.06895948768741286,-0.17320894017498487,0.04079052098037604,0.06903669697165295,0.05531747894685055,0.07175568729616484,-0.1267994621242392,-0.10640205935268415
2416,0.0010416880179443483,-0.051993238154207526,0.04857696688622784,0.12236642170744043,0.04867504220416278,0.08309091342765328,-0.15608823252280876,0.04801758043717612,-0.01198028405857099,-0.004095695547093194,0.08364530927700746,-0.11544336906327972,-0.09581310261165193
2417,-0.013295402177853032,-0.07500521091208352,0.035530286414913896,0.1257125161783206,0.03806923358685831,0.07552773827841949,-0.1984475263463905,0.07922520731292623,0.027530577546751284,0.0325341761598262,0.08297228902362884,-0.11704785859627133,-0.09330602646904643
2418,-0.020129777151501597,-0.0749954175725833,0.04046596312707733,0.11036261923439222,0.03665461513142935,0.07719791775473286,-0.1933648842062657,0.03356590833209735,0.10333401740046858,0.08332438131030706,0.11732517541512702,-0.1699948570007462,-0.14374566177453468
2419,-0.012435108908145294,-0.06173153388485983,0.05008973985726934,0.09665258905309872,0.04380332815864727,0.08365097700060944,-0.17374665078996143,0.020748682218992495,0.07680176335923251,0.06083880303240799,0.13305080230472327,-0.17080128091572122,-0.14692211048629303
2420,-0.004072818614037415,-0.0608718742606047,0.05711410121162783,0.1515716276881588,0.05363934221974121,0.09505440659428395,-0.18624171602543566,0.049954588434774676,-0.012185810277504915,-0.0018701160068323142,0.1261952094268857,-0.144930363977214,-0.12335657641384298
2421,-0.01061471124810469,-0.06265536149491337,0.02990247365461346,0.13366293251813113,0.03974762024949803,0.0776471417536644,-0.24055309927317023,0.1356214435560852,-0.02540491091450237,0.007208159928638373,0.08485488278245436,-0.09747122041841381,-0.07194535109398052
2422,-0.025102218864997083,-0.08711804202654742,0.01820170901309459,0.11531057207513713,0.024498928380144773,0.061147081645725965,-0.2228429167566502,0.10282107529865543,0.06625204543264512,0.0705782267271371,0.06786573179173132,-0.1077153465487365,-0.08389684616734032
2423,-0.007983546521772406,-0.061354420902810874,0.03897001130685152,0.1239364164361076,0.03979975222163011,0.07435203985154817,-0.1684976322168302,0.04593670542387741,0.03396284634549567,0.02952345167606086,0.07860942237553041,-0.12296102827865572,-0.10429401771703244
2424,0.004851347198141592,-0.05062546031186253,0.05335186154957342,0.1329918919567071,0.052940532098654916,0.08764047808451254,-0.15201706517986338,0.05364102651126665,-0.04196125341803497,-0.02609422620984043,0.09017213556928266,-0.11179930022689853,-0.09309196762163895
2425,-0.005747235294037438,-0.07147350823629656,0.043166485484346984,0.1342248605455709,0.04549036303033199,0.08287589178728676,-0.19293119757050378,0.0971158872449462,-0.03450125795707254,-0.010583694595618991,0.09035381787433568,-0.1002985761750265,-0.07769183613826276
2426,-0.009953601432012082,-0.06892439488882872,0.05342580269616889,0.14940765806272877,0.04851314230499243,0.09026791979592531,-0.1888102002037374,0.041628233848682444,0.03406014085207288,0.03053401392783571,0.13067306824585095,-0.16827126204974685,-0.14255052115993216
2427,-0.014462728756471565,-0.06683805996408006,0.04608427848248739,0.11184299314882931,0.04109007511101786,0.08070332446733736,-0.18531778346692893,0.0348365651933104,0.06981854760749717,0.059226017264459245,0.1258379760134365,-0.1636843160313297,-0.1391368890695648
2428,-0.007652361408504463,-0.06342018686845063,0.047920939077043936,0.14802993928414523,0.04711482844572489,0.08660170198796059,-0.1912437742764524,0.06502438507715642,-0.0054435047280735884,0.007052081704171278,0.11280384061341552,-0.1344892173687888,-0.11229867153934792
2429,-0.01369136095916093,-0.04146265217591514,0.01790229323687064,0.1208467794150608,0.030960637012716303,0.06521401766155151,-0.24910001219709124,0.13157798175273358,0.008098649878621342,0.029301579257518418,0.06853854156223978,-0.09588567357881109,-0.07230078086633404
2430,-0.031537358689028676,-0.09311495381379206,0.011615770848355385,0.10520892550705153,0.01789769571474683,0.054409146111613696,-0.22975998774913858,0.09701157898627907,0.1088134631616568,0.10062816318025646,0.058844967623874436,-0.11158547569149162,-0.08843193519038332
2431,-0.0018877163749888605,-0.05818905471448298,0.04675734721636895,0.13041017108255912,0.04714575413016558,0.08254932844530913,-0.16390022097922252,0.05349612443702152,-0.006946484105538879,0.0007120043190187681,0.08694323201772065,-0.1184285825796676,-0.09866190289426283
2432,0.006106923442142178,-0.05203698324139935,0.055766264509790685,0.13980337914394808,0.05499947364504738,0.09026247473483004,-0.15349079945481053,0.058947029333544405,-0.058895219012691125,-0.037653598446769555,0.09397610665257079,-0.10792505517775512,-0.0898599961284478
2433,-0.0065220134607119045,-0.0734132040583351,0.04190413106019906,0.13631808805899465,0.04455389207941323,0.08192568629796004,-0.19889122752638053,0.1073075552359835,-0.042536920085224625,-0.014721997538075666,0.09109370771619935,-0.09427255898563845,-0.07274513879438357
2434,-0.006358328284211904,-0.06919415704439656,0.05662747908720125,0.1649999716000672,0.05195412527325123,0.09361370281342579,-0.19187518576777066,0.06270052498121248,-0.013023480342283336,-0.0016735102633986482,0.13097985802788362,-0.15125710536039036,-0.12749389472058992
2435,-0.0029287407997893207,-0.062159863679197916,0.06281427218568061,0.14372162635695,0.05571725057561875,0.09728991091070904,-0.17132778085997497,0.04281832325868304,-0.012781378347396953,-0.003991020563280253,0.14592387687654151,-0.15940776564534545,-0.13568871026919788
2436,-0.006438153644793062,-0.06643927042410593,0.0518965377262016,0.15594429734709503,0.049824423721434904,0.09032508380546585,-0.1950639299945437,0.07248124453686539,-0.01807510224482962,-0.0011883310533910647,0.12160940573637814,-0.13975395650755826,-0.11512224900421922
2437,-0.0004297437785892964,-0.0014409087257217159,0.025982800560829262,0.13304619130464695,0.040986367546414486,0.07319016742786584,-0.23956676213057942,0.12764855431023991,-0.033930837680424174,-0.0015143533037039513,0.08016247724538579,-0.11604518041837598,-0.08808877235798765
2438,-0.016520889175388652,-0.08104412584416526,0.02657310438915691,0.1268372208132829,0.03251487879194948,0.06886354981634851,-0.2216175200949667,0.12928844191644787,-0.011653917826061998,0.015722207952664144,0.07275745577209457,-0.08272266779762809,-0.058997738713733885
2439,0.0031821748007807836,-0.05133985927887167,0.05155720463101203,0.12637817212710922,0.05058689459119982,0.08477326313482583,-0.15204753066776044,0.053966670504851294,-0.048135753030814465,-0.03025746007724611,0.08769408939906548,-0.09482017963653673,-0.08153768649761493
2440,0.010339474690343912,-0.04611157899603825,0.05994106718237182,0.13621454118603168,0.058332088458721086,0.09290836925851706,-0.14329557710791932,0.056977316918286496,-0.08693460670387743,-0.05908033094059538,0.0970882284522888,-0.0953916228604792,-0.08098736953765119
2441,-0.001375086768746131,-0.06580591785031392,0.047362695572638294,0.1456479126987084,0.04890781749589591,0.0856774900192815,-0.18642304293002712,0.10139489051966366,-0.07352905550654418,-0.039114177672357295,0.09311047675266212,-0.087454440985257,-0.06839956134560429
2442,-0.008137183063013377,-0.0659141393456178,0.051673069401166574,0.16169513635563432,0.047416158381707,0.08730641693775926,-0.1870489315153874,0.05839508871285704,-0.005467564513244933,0.004351234134409778,0.11765262801442969,-0.1411661063123245,-0.1207558071883755
2443,-0.010732000156607713,-0.06210732139385483,0.05155645273412989,0.10931896729126157,0.0446677122405528,0.08402403846311023,-0.17619008958799792,0.03183897190138267,0.04649523954825219,0.04054856559543687,0.1289401164591474,-0.15432315986556086,-0.1340374932292521
2444,-0.0009717427663845431,-0.05805579791966296,0.06011646826651015,0.15840795585799647,0.05610783744724752,0.09701604021864876,-0.18345327180520282,0.05605646374101241,-0.03721457804917366,-0.018907312848496997,0.12882887365128584,-0.13943171221593456,-0.11849922357784547
2445,0.02355374558061423,0.06102814616172384,0.029173547957038408,0.1397803371202231,0.05297864021081198,0.07789792256027273,-0.23611270593566086,0.12632876117069972,-0.08582813236731121,-0.042807960675479984,0.08350745375128099,-0.12896625605359816,-0.10053349948061459
2446,-0.017170132117183868,-0.08210646376755353,0.02691000562128995,0.1231486435776237,0.03152379215407621,0.06755348307096688,-0.2170432584492186,0.12357982415395265,0.0012212867348668185,0.023939779329730734,0.06967424592262776,-0.08706789251852642,-0.06416331371265241
2447,0.0052312887946385665,-0.04950148235711864,0.05287816191220264,0.13434168259670717,0.052214813332362504,0.08616295637233484,-0.150512565457178,0.059535995923478066,-0.053631377240054325,-0.032783498436769566,0.08745718868383151,-0.10408752311442426,-0.08730564101001034
2448,0.007978548890129911,-0.04847250723098576,0.05568332960792792,0.13609691150962822,0.05496099272620895,0.0889134318490963,-0.14729814039821734,0.06323160527483698,-0.07994631647308023,-0.052109491435006296,0.08952007950742967,-0.09158053228374455,-0.07697791154422365
2449,-0.004811050500740966,-0.06912171741010652,0.042081894522060834,0.13661131038821772,0.044460479157755084,0.08056934206544089,-0.19109869061998866,0.10581628458356143,-0.06051882937851129,-0.028247657919028214,0.08592914582104241,-0.07994716630520958,-0.06172334440449323
2450,-0.006703847076201508,-0.06414873606374409,0.05368328479728654,0.16332797863227955,0.04920653125242194,0.08934193659275214,-0.19212992596392556,0.057596239423494455,-0.013917456379515898,-0.0011799164856833703,0.11983880571280375,-0.13716873733996232,-0.11774615710200545
2451,-0.012893584881048387,-0.06392264520544995,0.04573759876632595,0.09882644939990926,0.04053381918835861,0.0787890783948707,-0.18091397012008242,0.04368526293631546,0.05271801757073234,0.04862804192800271,0.11799499304579338,-0.14428726837229894,-0.12489579265142857
2452,-0.00423154207303908,-0.06025221711578178,0.05464089958020948,0.14298943419747842,0.051490939713575164,0.09147941289794313,-0.18838185520514164,0.05968419777265304,-0.018296468269382245,-0.003799125974800445,0.12343448659943385,-0.13443698503124374,-0.11432117709190406
2453,0.011999708569251416,0.05054615909225263,0.022827883424520187,0.13776274669589597,0.04507143885019272,0.07225363363653453,-0.24195718260793855,0.12738823597822269,-0.06369282313072593,-0.026388948574161117,0.07847624713303772,-0.12024975759241059,-0.09403734147467153
2454,-0.01923248258146424,-0.08273736965535741,0.025422462855248136,0.12392118534106057,0.02992632838318951,0.06621855084231316,-0.21733842777250087,0.1133419313263575,0.01915197839135666,0.03542904322091471,0.07001633721064375,-0.09312975233153052,-0.07098978523023095
2455,0.0015035339808739923,-0.05384980070870006,0.050352836384434364,0.13193350087681313,0.04945050529773087,0.08410857023705003,-0.1584005496126931,0.05895471497359849,-0.046582957415369795,-0.027420705802490907,0.08625017048815893,-0.09517039568267208,-0.08112942301673383
2456,0.00730400111150441,-0.05012628521150465,0.05738055593685434,0.13555122699745417,0.055776202158854295,0.09076795720361133,-0.15073655865036378,0.06132805514658032,-0.08344152363892367,-0.054985695391317424,0.09431567377525113,-0.08801526971615274,-0.07511833972184771
2457,-0.0055039257256989434,-0.0718361132936159,0.04370459830804057,0.14610284901331472,0.04551435699009247,0.08291113777932003,-0.1960629760173347,0.10679072845429533,-0.06774759475349318,-0.03369589678317566,0.09068942236932219,-0.07923481391148231,-0.0616317724295847
2458,-0.014892300773021849,-0.07460022538917596,0.04439699878763574,0.15743870674788826,0.04026764024509532,0.08001678095770681,-0.19903822265802784,0.07191319520696686,0.014351009590083279,0.0226257957381964,0.10842593158937448,-0.13602656838699476,-0.11487874165572659
2459,-0.01521524231120248,-0.06708562348575836,0.04557396536726334,0.11382312665550676,0.03967858366989686,0.07881586130541034,-0.1849569923943229,0.04261160078162043,0.05669486088215464,0.050324896661916425,0.11966595886618267,-0.1503564731482917,-0.12957452285037588
2460,0.0026974796482223864,-0.05280188576327604,0.06644558038535024,0.16130548332699404,0.061330587963762,0.10332233697437714,-0.18301969166340176,0.05067771873266237,-0.04324035118310779,-0.025119908640950348,0.1336647049282097,-0.14809875211844642,-0.12716330259039535
2461,5.4671559736262594e-05,-0.02585364783000031,0.03573403884583551,0.14862737752217983,0.046955308669072285,0.08263718340098708,-0.2342738096315947,0.13367711320391817,-0.0647588626639496,-0.02349139558032601,0.08939747578981508,-0.10743965331455668,-0.08126579997111696
2462,-0.016180781586529473,-0.08184656763090586,0.027515238993524198,0.13180634901549892,0.03295231709488701,0.06937480124149217,-0.22158726789834687,0.1303925114387001,-0.013339423834624447,0.01434354766413945,0.07253514561567685,-0.08452812100363773,-0.06143774910987439
2463,0.0033269460074656426,-0.05146432564057077,0.05155870788256717,0.13580579218124164,0.05101131219946145,0.08553788129375876,-0.1577082886246669,0.0604689665323308,-0.05595998185391883,-0.03404032975612972,0.0884957526527136,-0.09558925967570168,-0.08144317319855109
2464,0.007580670255327363,-0.04754791556948622,0.055288994666400706,0.13872632271125468,0.05508034378711375,0.08947694599037243,-0.15202263725567194,0.06383918428540619,-0.08635496413851658,-0.056205302219608316,0.09248112565880533,-0.0866877443036878,-0.07365502386770957
2465,-0.009190680925232678,-0.07397965837343269,0.03548809350865849,0.13385203009881272,0.039703886245831065,0.07574754040857137,-0.20114106422606115,0.11673261651385225,-0.05288435029577941,-0.01894391002847359,0.08042439709067582,-0.07199667105247123,-0.053812228964951025
2466,-0.018211816272213063,-0.07696121279437228,0.03770255190984545,0.14680444536263262,0.036052741083770844,0.07527337501257053,-0.20294117543251772,0.07433854973076344,0.02678619187926919,0.03484878324176402,0.10128960306064361,-0.1282864825203834,-0.1066955542617731
2467,-0.01137524815174254,-0.06305782854041546,0.05146510095597128,0.12453549400042901,0.045061430361705214,0.08529448187552191,-0.1861620231285559,0.039057961837612155,0.038032733358414374,0.035486222794664214,0.12711426416166605,-0.1534791998886842,-0.13197338963658603
2468,-0.003533291953805761,-0.06111725666672053,0.05775359833093442,0.15778552519065075,0.05429274837117916,0.0958715370951719,-0.19367275418783433,0.059342248767907106,-0.025496054346653894,-0.010103716383096546,0.12555192743995497,-0.1387581455910029,-0.11791636606668424
2469,-0.0001693827458443492,-0.02021599587143598,0.03147651186247546,0.1410632939765002,0.04462137533006324,0.07897386639932219,-0.23665913142594014,0.1359120663164253,-0.06433268634052872,-0.02334525424231148,0.08365199390539241,-0.0977419097202324,-0.07323474744388578
2470,-0.016232417819477204,-0.08325379046638873,0.026640424603303615,0.12654200209287814,0.032732928706434856,0.06908319400075721,-0.22201013892807844,0.13571057751736978,-0.03170324691519076,0.0014467399313647,0.07242485080996287,-0.06561323741203562,-0.04576788612090059
2471,0.0012882918628151592,-0.05503726722170629,0.04789812675034562,0.12746615912774614,0.048122785738605185,0.08214948125337668,-0.15997419845573668,0.07005605577026025,-0.05980835331983872,-0.035260040837537254,0.0837055772900454,-0.08176951372487912,-0.0688371042334964
2472,0.0018063995302573022,-0.0556592320903502,0.047018538133988784,0.12634504066728017,0.0481075213194856,0.08175203625374831,-0.15855746625823122,0.07345128228175976,-0.06581440475868933,-0.03955882112323052,0.08156450929729972,-0.0765732475749237,-0.06388215567839468
2473,-0.01362907703706811,-0.08067076952405974,0.02970346726911078,0.12302335679375104,0.03482704973436404,0.07062604707071798,-0.20761471598726958,0.12293322845449817,-0.03909732507449908,-0.008006917594788393,0.07387667037563633,-0.061525286564155776,-0.04444572791623782
2474,-0.014662144323705044,-0.0813871385790939,0.04568370815664043,0.1511728887430885,0.04329219209397281,0.08505797348736842,-0.21039144915011002,0.08047996484901117,-0.00563350112792688,0.008391186869142355,0.11805518764227778,-0.12038267882978439,-0.09967618983088114
2475,-0.008111871091807384,-0.06484136661590392,0.054939617829675165,0.1000104567585342,0.04948777126362925,0.0907701924467713,-0.19655650254666285,0.060570527480179805,0.01024427336328775,0.01773213171897355,0.133698378376582,-0.13441479368521006,-0.11352881529804869
2476,-0.0063969347190311774,-0.06225664642253947,0.051924754010701624,0.12272104395735249,0.05004764697179488,0.09086531806670428,-0.1997072380003584,0.074741295784692,-0.014092156795599815,0.003250237555667979,0.11941325349525565,-0.12562245105964237,-0.10488812284499761
2477,0.0025328741207091892,-0.005787658831053454,0.030439055847849915,0.13989084256531037,0.045500093161603146,0.07878073360537735,-0.2362483686221335,0.13697762661804685,-0.07998532966420704,-0.03490883769306254,0.08212338599238898,-0.09115007414143521,-0.06816434295939401
2478,-0.010527660403750264,-0.07956022705662827,0.03396980340521031,0.1333604984345115,0.04003750955898598,0.07748602850771995,-0.216518510349512,0.13414952434726335,-0.0647966459292778,-0.023782270996820173,0.08069379304669047,-0.061519675115546534,-0.042992167448846694
2479,0.0111413950030644,-0.045930067974540655,0.06042322833519863,0.1382691332232897,0.0601792929466107,0.09561507072576259,-0.15056212076016137,0.06400414287264129,-0.10137580681557753,-0.06759543905270216,0.099105802707926,-0.08810952024787234,-0.07516511096363922
2480,0.009037167192740538,-0.04850608744444171,0.05567734798164497,0.13792754602688223,0.05631363741613052,0.09059455344284796,-0.15162043644918569,0.07317920010526024,-0.1043832015826283,-0.06797594150351711,0.09164548895519778,-0.07721758582310356,-0.06467168831782788
2481,-0.008275514050855498,-0.07498429977251267,0.03436354804383154,0.12884075454672034,0.03977334360822493,0.07527586584627578,-0.20035562463884668,0.12873399969183943,-0.07329464415040192,-0.03183462641868925,0.07816173332756729,-0.056560845597662016,-0.03984369043549141
2482,-0.009703911554376886,-0.07611064432276152,0.044785475071396,0.15487556374944306,0.045106374049502664,0.08479909490939773,-0.19615505769482947,0.09919082113148728,-0.04649033451553286,-0.015717348764524065,0.11221572760921814,-0.10828472630355518,-0.08851103336486481
2483,-0.0010448790855884086,-0.05582211230343096,0.05695466307805543,0.11925783958905148,0.05440934104427521,0.09410632443608632,-0.17635534201543757,0.07072139855202111,-0.03503725983233105,-0.012332082559300945,0.1304795055467769,-0.13231449274430399,-0.11302290370587338
2484,-0.000252778638989464,-0.058501709316636244,0.0535714757185606,0.13472534338630004,0.05516288191302345,0.09547855595377756,-0.19851918470077567,0.09098859864020489,-0.05457179728488097,-0.026073806426944207,0.11993465206011794,-0.11603243314683258,-0.09590979815692527
2485,-0.013107930240832151,-0.08866948510159456,0.030823278094712827,0.13941068645534435,0.04046033390544051,0.08047584319187155,-0.24715209979241975,0.1706809162114365,-0.07847440573645512,-0.028476287299689207,0.08300421381117642,-0.05527594930118082,-0.03369911419781086
2486,-0.009371753242378034,-0.07981780614693,0.03280192774923381,0.13002097255118977,0.04022508464402959,0.07706467963614765,-0.21704233073812276,0.14631387957879546,-0.07972305785424025,-0.03405374124158206,0.0769449508990158,-0.05070402443002719,-0.032658781405132044
2487,0.004885701099487701,-0.05389583977812477,0.04939650593431028,0.1307073461839428,0.05130027479645573,0.08507640255563265,-0.15852793851216176,0.08280184673616471,-0.09247284996634084,-0.057484179849384,0.08470726334962268,-0.06964088351413363,-0.056853649035471604
2488,0.00490259030187129,-0.05323562584262386,0.04868255539537592,0.12091164533077249,0.050653333570781084,0.0839719605065618,-0.15682558797099175,0.08323101184973158,-0.08890783254312427,-0.05462265087488217,0.08305796576466837,-0.06718368839566939,-0.054635677092471184
2489,-0.009306163197054575,-0.0770443193747387,0.032831427269972215,0.12485491943529682,0.03862682004743897,0.07406501706526807,-0.2025398014307886,0.131576038185534,-0.06976845182506007,-0.029524296448030507,0.07607079654390306,-0.05328387483234948,-0.036558111439391354
2490,-0.01065300488205453,-0.07591990102052919,0.042627472565272585,0.14487059715756803,0.04282993908749163,0.081692368489471,-0.2043664475008077,0.1052056507814133,-0.04035555976968841,-0.012913816132945375,0.10560227963987304,-0.09921424334644456,-0.0794053350686198
2491,-0.0045209826061605755,-0.06651720012096635,0.05358270626162945,0.1377207087130381,0.0520185077591423,0.09269565169075396,-0.18399362652653245,0.071281042993755,-0.02780793416084539,-0.01190550685193107,0.1294261728782431,-0.13083407433701494,-0.11114546569311101
2492,0.002651081192476825,-0.06364998062577938,0.06196480302515834,0.16181858047821993,0.06198646331777498,0.10485907990832477,-0.19806759593632048,0.08096341951712159,-0.0738869263298971,-0.0450035161359417,0.13232412895920492,-0.12301936386144745,-0.10294017350889516
2493,0.0064413896929637685,-0.00322293971070399,0.033993060361575046,0.13918256576828184,0.04989181869872213,0.08352555718513942,-0.23496594067616489,0.14382666637728278,-0.10487100988473182,-0.05500068934863733,0.08646969468873525,-0.08360965303499457,-0.061660520117467636
2494,-0.008004536716415179,-0.08092609106579983,0.03652775781018575,0.135526411015084,0.043034547228633674,0.08079053763792735,-0.21524366701230205,0.14182537021044378,-0.08421171233471779,-0.038542373719697466,0.08156366847171465,-0.05519257756601142,-0.037147333959045736
2495,0.011141944606036104,-0.045718623095227534,0.05817449108729958,0.13968952079505867,0.058471395426125006,0.09268837917517836,-0.14525084196019514,0.06674297307147421,-0.10111407222711283,-0.06771368631146837,0.09397476727384124,-0.08769007810218661,-0.07339616973882257
2496,0.010665300539752306,-0.04582124897563477,0.05713257429200918,0.13886544530327055,0.05752652556412979,0.0914194320762781,-0.1448069199585299,0.06717604269871084,-0.09244483655494795,-0.06072531755098266,0.09142482521236824,-0.09327691298776448,-0.07713490965865925
2497,-0.006769445935810471,-0.07161172078702605,0.03714282382345267,0.1293060911253109,0.0417089360349698,0.07739205140800703,-0.19456169125596695,0.11224941520600192,-0.0512125432085021,-0.01960264744488083,0.07865402071833145,-0.0758088257866841,-0.05688646389720342
2498,-0.013064588732098552,-0.0719693457668277,0.03990456334269897,0.13697160005507664,0.04059006686657136,0.079501741491731,-0.2020123791123796,0.07658452563465366,0.009195372149166037,0.019581785660503243,0.10440312469619034,-0.12042746753704786,-0.09925899874823745
2499,-0.00620919112993453,-0.060838332582773755,0.052873509306557126,0.08913764064028173,0.04940470398112064,0.0892363169324767,-0.17673974291432007,0.04400577986946497,0.028096807214525583,0.029530072981410645,0.12813736705435094,-0.14339706778087535,-0.1232378635722844
2500,-0.00043574485038610014,-0.06077139357705975,0.056274541571253375,0.13153434616165874,0.05655707099445175,0.09766199256646471,-0.18794193255700312,0.06637692518379637,-0.033827324269222,-0.013623431913025072,0.12281637087040176,-0.12727892367829408,-0.10734249650303644
2501,-0.004878118886041784,-0.038977533242484826,0.014511724299208556,0.11849344773443746,0.03462293657882419,0.06608301038375385,-0.2591735529338384,0.1743951724633812,-0.05937881584819579,-0.012293380969013262,0.06636373607978355,-0.06122897786215721,-0.038539647797657686
2502,-0.016122816004370127,-0.08437283826769078,0.02408810666480171,0.11721881068652233,0.0316572068923252,0.0672489285142601,-0.21956034957539844,0.14016975856882033,-0.03804888171575106,-0.0035156256940040774,0.06611788616468478,-0.05112517717229684,-0.03375500906190331
2503,0.003386067719031455,-0.053022819050436064,0.04736772028102654,0.10879059830289248,0.04885648677671184,0.0819031501531936,-0.15440614843188866,0.07342169448647981,-0.0653272778163829,-0.03922272942574689,0.08104585335608278,-0.07253329748210323,-0.06025929886886072
2504,0.008269739997483963,-0.0481813022233968,0.05389300903770022,0.13437665565181858,0.05445182190648635,0.08791347505852279,-0.14755258570934532,0.07002619064856558,-0.08664728042679974,-0.05611351136003248,0.08651158825474704,-0.0860998655836545,-0.07084793525209561
2505,-0.006576928443210127,-0.07174019200620095,0.03601955790256173,0.12753680291755712,0.04083490620994913,0.07589846042373187,-0.19606821626219062,0.12370751164063189,-0.060805345702806324,-0.0240678492357728,0.07726188986178563,-0.07117802437758247,-0.050822572928454185
2506,-0.014442527910018347,-0.07558581290899449,0.03980138900028281,0.13926569512540807,0.03885624697660036,0.07788601609730167,-0.2060968802400814,0.08300751522389938,0.008822578387272744,0.020850991629524973,0.10529631037975518,-0.11969705438872645,-0.09796446737222447
2507,-0.0057911764125596794,-0.05915683954813892,0.05234814007580466,0.08754206384544505,0.048118188983032065,0.08694968360818534,-0.17833808639568252,0.051275346142125436,0.014898789610511855,0.02109291071708533,0.125034837775415,-0.13185524924304678,-0.11211860915817666
2508,-0.004013275867839128,-0.06219635129370054,0.048459682535950746,0.08232204805446164,0.049300113151565614,0.08808391229309703,-0.1941909917664542,0.08366795943437053,-0.007607404917561755,0.009563606192416998,0.10874670034973538,-0.11109727848545921,-0.09103871968058304
2509,-0.006125132046134633,-0.057442547960914275,0.028983308403859036,0.13235654507016384,0.042986581347379905,0.08045207620069075,-0.25201399184038153,0.150191854235655,-0.04580911060466771,-0.00678054880549556,0.07953117326046587,-0.0847237165228926,-0.06160649073772826
2510,-0.012508285553199694,-0.07750562659528043,0.03181931338700509,0.12280385955424504,0.037816343830297236,0.07498003499113677,-0.2115568712492698,0.1133051524832495,-0.02009799537592759,0.0040613195982588425,0.07352011942466047,-0.07714896070659515,-0.05948840378858034
2511,-0.0033962184369773314,-0.06069104840854052,0.03496325538253605,0.05428585767701381,0.03915848139761168,0.07049250616355325,-0.1688436768064983,0.1024777132674479,-0.03940586015458624,-0.012179077255315801,0.06949599276127266,-0.049676356780280886,-0.036681568807236366
2512,-0.002345072550754332,-0.05989034900271713,0.03585587853270919,0.05476494014964963,0.03976684329972918,0.07078619945265156,-0.16626625564276146,0.10418901494119477,-0.04940828558744942,-0.01887783177588053,0.06972818361002567,-0.045576372845385765,-0.03272689258101148
2513,-0.015863459753167542,-0.08107712506320049,0.024308333989111756,0.1073601468225855,0.030693812824705048,0.06531167520144955,-0.2124527883574909,0.13157573552536636,-0.029227771242605022,0.002263814687601166,0.0663188923945117,-0.05321234232488066,-0.03599892470398662
2514,-0.02340734967771524,-0.08309537820849627,0.02747505383155201,0.12326203351945107,0.02938061415838219,0.06781219366346924,-0.21596925732029382,0.08462972536657154,0.05537871725107143,0.05819058438610972,0.09195391377865876,-0.11816713712111923,-0.09744371362764138
2515,-0.014303263281474974,-0.07004607539173839,0.04326005886379115,0.09630165015594733,0.040750877510834005,0.08024190243773005,-0.18861517750303763,0.05481551834986103,0.05129931951343276,0.05040468941754139,0.11632536376321025,-0.14071192542354644,-0.11972293841255029
2516,-0.009453199408962458,-0.06989496675618322,0.04388363583181513,0.09707142770030126,0.04526375013688313,0.08493211569351818,-0.19844064236402092,0.08326759345843104,0.00813560072459223,0.02213789573061236,0.107300712088604,-0.11737739194367114,-0.09682653089191953
2517,-0.011359971262519041,-0.08052296447496944,0.03243405399098848,0.1349481365325045,0.042047066356054284,0.08196431751840189,-0.2424475588417465,0.15170279796724534,-0.05359385242123387,-0.011475423770545544,0.08141125111963013,-0.07338643755904493,-0.05172141515476541
2518,-0.008398927468354855,-0.07565735861797036,0.03797935680062768,0.1298219633772462,0.043804956959651455,0.08226247161763764,-0.21186681007970484,0.11849088672139858,-0.04596835355515123,-0.013254294759521468,0.0806507446769972,-0.07806007056529303,-0.05980456510756309
2519,0.010318019113997361,-0.046667868327173026,0.060149873876090616,0.12220272610289358,0.05998672885373376,0.09577151410594086,-0.15001770022457986,0.05821704719721525,-0.07842740208238733,-0.052322569409097554,0.09493658435631783,-0.09362173383316852,-0.08052521972978287
2520,0.010316264182117962,-0.047827631223582634,0.06007311187085933,0.1296720620222144,0.05951113920005216,0.09498558917827377,-0.1490642944952354,0.060695022905826616,-0.08621077423340688,-0.05797406023887292,0.09384274612898102,-0.09074967895210455,-0.07726949634512287
2521,-0.008909739331154557,-0.07502291917055105,0.03794909274203871,0.12823493019626606,0.04152051491676866,0.07852766618158559,-0.20075799175131756,0.10910398155772892,-0.026248284062274554,-0.00158549664784851,0.07974800966146156,-0.09251458630822758,-0.07004517798447571
2522,-0.01909992641978169,-0.07806046978287637,0.03893966527721813,0.1374677158631131,0.03677849265086696,0.07695833391145303,-0.20001083810640038,0.06008981862480745,0.057843218705654106,0.054385579821979335,0.10544141111755784,-0.1478838228675445,-0.1228491787960468
2523,-0.01891748733912201,-0.0716702541557274,0.03785818358751478,0.07734526261006719,0.03564274268789989,0.0746357841042563,-0.19014197634888802,0.04729560371725677,0.08442693014584478,0.07344713421472589,0.11457073968832476,-0.14316837034150862,-0.12132429257064416
2524,-0.016283104329163724,-0.07567189330754807,0.03537102907084831,0.06937708041460283,0.03675323398750891,0.07525951362601256,-0.20621633097844475,0.08906903099154649,0.043664373551151825,0.050571401272149895,0.09715173595395522,-0.11007519919478538,-0.08897087105783412
2525,-0.023615291799929584,-0.09935460888017654,0.01938358885963604,0.11499314744777694,0.02899757049241458,0.06838097257909952,-0.2570543867072903,0.16829857550043054,-0.017133520755295513,0.01938672258414812,0.0681825378322475,-0.05625907528636046,-0.03420623186670105
2526,-0.013609311083372379,-0.08245179860740899,0.032897541932106894,0.12470942667472285,0.03832797603914724,0.07664445421688916,-0.21913339620983888,0.11960791157283947,-0.01861557094933794,0.006399372798172353,0.07535868702082908,-0.07972268388361282,-0.060412609521136196
2527,0.010728342472704459,-0.045933197754818654,0.061663377010102716,0.13278630770607538,0.060662824704045215,0.09665712618672441,-0.15042772198692272,0.056178530535501876,-0.0685043210458929,-0.04526312057488389,0.09560380648168403,-0.11081469755152806,-0.09333725618279173
2528,0.013988237313833363,-0.04287993749829634,0.06407000171140884,0.13915265813000252,0.06341682600325703,0.09906520838931719,-0.14559822972257014,0.06062309059911653,-0.09337390297592262,-0.06288537410616724,0.09800071541838182,-0.10548929963482426,-0.08808999362753658
2529,-0.0026586482196839525,-0.06973843255463222,0.04661347651652412,0.13746739969538774,0.04923193148733624,0.08718498769310402,-0.19346787553501474,0.10530450922230403,-0.05398908614127992,-0.02326535163659346,0.09015635375165804,-0.097588260790156,-0.07525100348895387
2530,-0.012000140525647487,-0.07117366677749946,0.049940869977136974,0.14194171074979908,0.046044991577884456,0.08765707930777229,-0.1926691177476147,0.04746563273040696,0.03686585322355861,0.03497434389109585,0.1191863200488813,-0.1554545558561488,-0.1327793205996249
2531,-0.015125564777979354,-0.06648283186316438,0.045175150801890086,0.09332885221211475,0.040935277328966006,0.08093500188479387,-0.18412892345735798,0.03288056236805557,0.07754443226578886,0.0644290455219552,0.12292327840438613,-0.1569767623513425,-0.13543751833810605
2532,-0.006695618441875645,-0.06437908817326947,0.05186417811761143,0.11990811748132683,0.05036327078424794,0.09149538408966741,-0.19634624424839384,0.06309515955843464,0.006479255920618709,0.015043776265027162,0.1167873596615939,-0.13440593375120177,-0.11320961726378709
2533,-0.008748914992125123,-0.05755948141081,0.026001269389076632,0.1275893828021855,0.038490200636808386,0.07445056618004212,-0.24309257404795087,0.14099240610099525,-0.03122357211620778,0.0040587397701201,0.07714126607364384,-0.0855378403849669,-0.06256144800081123
2534,-0.016237283538253308,-0.08259329327104194,0.031102664144668606,0.12177813715952844,0.035547061690208104,0.07364508859785633,-0.21850963135796633,0.11069307483339111,0.011099742146623,0.029418224132110527,0.07711874382146294,-0.09747204921353882,-0.07559047914504867
2535,0.006508102131565723,-0.04959005466365203,0.058103063732461206,0.12760178689009638,0.056410768928154886,0.0923276216728521,-0.15386305582789211,0.05126073273280577,-0.04277245340932052,-0.027063038845346433,0.09620438066925278,-0.11648187164784256,-0.09864598236313504
2536,0.011167191925673007,-0.04606213344602585,0.06273660971994081,0.13237706312198094,0.06107397287985893,0.09699389783212152,-0.14779428600192585,0.05409336453084392,-0.07425360192154452,-0.05044543386583687,0.09971878917329327,-0.10825889244850236,-0.09134654149987691
2537,-0.0025331038119929946,-0.06990464286591898,0.04854775080325718,0.14238149956500187,0.050216062524426376,0.08867977572293809,-0.1915459451682034,0.0982580111373884,-0.053624377203178024,-0.02460355492355424,0.09539846139212248,-0.10154905489143107,-0.07972088228085565
2538,-0.008989728730410358,-0.07057247399304262,0.05623315308768841,0.1437043288393137,0.05047408446968259,0.09293570129863524,-0.18678623725227364,0.042549908201393705,0.02727345131136439,0.02659254830910675,0.131666538853074,-0.1650594137427607,-0.14002186065177127
2539,-0.008891353547966859,-0.06300784883117132,0.05617939284834899,0.10855851783697348,0.0492384516781884,0.09053259665973122,-0.17540012992915965,0.027169019352267485,0.055885159316338875,0.04600359824576553,0.13640685527189741,-0.17358066419995719,-0.14909359470125613
2540,-0.004370150440571104,-0.06448011146870719,0.05751448446629226,0.15555406369376296,0.0540985211934483,0.09610089868563562,-0.19152414508342422,0.05710302072278148,-0.010387405033436024,0.0010160944301295712,0.12694109589707392,-0.15087504918678876,-0.1266913178761966
2541,-0.002422785309437904,-0.052851440224665376,0.03835628200829978,0.14039567441745587,0.04775209053691452,0.08554007663619918,-0.23472122736485956,0.13665473804596143,-0.05605266605363325,-0.016937944221973256,0.09354802862526074,-0.10313257764957699,-0.07612824944594525
2542,-0.009470750419916843,-0.07616021227832914,0.03946610062911018,0.1334687829359882,0.04304349497821715,0.08161675816088389,-0.21149663184531559,0.11244586381650896,-0.023847663160239486,0.0025031973489776033,0.08704869956842053,-0.10099865653731793,-0.07761898319698758
2543,0.007167886807471993,-0.04997472345155178,0.059303405969813316,0.13083106569251282,0.05724701682049732,0.09329580368023725,-0.15314974581758825,0.05189628932619388,-0.04858049513788582,-0.031051734919239956,0.09638584551921554,-0.11574410532920151,-0.09762650916047462
2544,0.008662913022099282,-0.04946962438927289,0.05991638945737748,0.13573137185291417,0.05819618901558005,0.0938950791797272,-0.15044164257434609,0.056200741591928574,-0.06400614694983091,-0.042019134297588,0.09511500445262448,-0.11000605904052528,-0.091775081320688
2545,-0.0033485659696730783,-0.0701700030411152,0.04592838598317539,0.13771113829558904,0.04829891050659003,0.0860490492660501,-0.19373014802696642,0.10466626255562046,-0.053171212890222266,-0.02254766374292821,0.09109667625456007,-0.09653280828440389,-0.07425002090627607
2546,-0.00948661844243747,-0.06798706882967671,0.05239184409412807,0.14490839222367946,0.04818992757071603,0.08941527585220414,-0.19000869162285122,0.04907849340954108,0.02797191071612831,0.029509472171796162,0.12165400712873582,-0.1602085169314761,-0.13542842734048738
2547,-0.01125759863327969,-0.06275895348523593,0.049480493548846635,0.10103234800074082,0.04476009542123506,0.08459330401890351,-0.177298446864203,0.033991757208457485,0.06002041471345064,0.05226949315167715,0.12563257455931046,-0.1616884282920044,-0.13877705334789855
2548,-0.011200815614254813,-0.06799966928141694,0.04552109389766813,0.14021456525899828,0.04500902496440509,0.08544787460276461,-0.19445620327010546,0.058867576549873755,0.02418582315354241,0.028337647381119466,0.11114142475238913,-0.14408975740008134,-0.12097858499490219
2549,-0.012629498979881222,-0.052537866575271375,0.020602227666329204,0.12537740952183435,0.033850329579681475,0.06932980676779295,-0.24742630650804423,0.13286609888215684,0.003321278784279026,0.02865339218346704,0.07142031112274203,-0.09861237049370217,-0.074214811951384
2550,-0.01836986970352488,-0.08543949813723582,0.027064368905373167,0.12172131481738953,0.032792929398660284,0.07050433848693398,-0.22044294766703168,0.11431029485084614,0.006411378476382073,0.025622725755223605,0.07027990242950882,-0.08141001038093765,-0.06304492723158754
2551,0.012261860607139003,-0.04373636066948721,0.06290314687004538,0.12755649747287462,0.06161833704610876,0.09703421133546289,-0.1433495172037613,0.05296660383259531,-0.07144023227782269,-0.047931727701088875,0.09692152411050646,-0.11115589923591235,-0.09364844418665992
2552,0.015448216955611266,-0.0404733158893198,0.06521861208223134,0.13748919295453005,0.06366020363288666,0.09837678012166294,-0.13898588854731964,0.05967372141370404,-0.10021563214540148,-0.06849621551923109,0.09725696540453184,-0.10306108023510352,-0.08589156022878251
2553,-0.0010973024017398784,-0.0655392046314348,0.04487131123793725,0.13322725134320423,0.04795494539652262,0.08390233938298491,-0.18548267733017146,0.11087851112613666,-0.07124638007894432,-0.03440590632022096,0.08471954296280614,-0.08459075874747926,-0.06319167193960118
2554,-0.011808436005900565,-0.06837619753263076,0.04410545309097573,0.13468290364330285,0.04190620731812857,0.0804879656709836,-0.18613109100543207,0.06277986146572122,0.023181197219788372,0.029259414779478226,0.10580780650055711,-0.14019419220156853,-0.11570089294340359
2555,-0.005885713422459634,-0.056345991763147016,0.05434622283778285,0.09369777060537414,0.049555490773587965,0.08893522370664668,-0.16532321981261977,0.029826153276575687,0.039988935704511536,0.03635444933531024,0.1259505080504181,-0.15612545767927957,-0.13497437161270096
2556,-0.00103426261776281,-0.058678938772742405,0.056290730574535375,0.12918497872335474,0.05508705524784969,0.09538298014072163,-0.17986377981013452,0.06086540764839806,-0.02334580413012768,-0.007175600909489873,0.11818285902061286,-0.13232717365064625,-0.11256845146456868
2557,0.0074327597293672,-0.007866156261626258,0.03725086843721224,0.14039603083901114,0.05318669419113896,0.08852066148223034,-0.24022656377749405,0.14400536993168367,-0.09757443506020909,-0.04739699557890521,0.08801012167310218,-0.09457722205639911,-0.07116113354911205
2558,-0.008578392637910248,-0.07177899057830138,0.032476853052083074,0.12602696941334976,0.039884744874319485,0.07582616029457459,-0.20764082513743826,0.13020715575069128,-0.04715072354684845,-0.012031117097705749,0.0737224376139028,-0.07612025173748571,-0.05484402026323135
2559,0.005259563820013114,-0.04890316504582449,0.050878986451465484,0.12422906267594284,0.05189930627946508,0.08562741748665113,-0.15144318391443773,0.06116280571523671,-0.061451516311897526,-0.038272708463865976,0.08384057832316688,-0.08769472926602907,-0.07513241774988638
2560,0.006896867773752471,-0.04955418728403784,0.05334570472112432,0.12294436130001783,0.05367585529901757,0.08749874709972735,-0.14811009852285814,0.06362872648071188,-0.07632335190967622,-0.04943766395340243,0.08546073632862981,-0.08104594450876108,-0.06897975282424554
2561,-0.003536593257348444,-0.06831841696152313,0.04216537720166338,0.13149553457241966,0.045753652587223054,0.08192149657332143,-0.1908507868618328,0.10967516991637269,-0.07299854826577998,-0.036807294297866354,0.08208397290330534,-0.06832257696750504,-0.05226098714244999
2562,-0.010428282619081707,-0.06823152047408217,0.0448947616453755,0.13956637276028405,0.04429606063898088,0.083824194870529,-0.19473667438818204,0.06596361267292554,0.003010097427246771,0.013282078252226786,0.10946469553829953,-0.1251121255874107,-0.10579327073711138
2563,-0.01015053980127078,-0.06467719334159576,0.046100148373430155,0.10418943946006264,0.04512346385502442,0.08466424362685779,-0.1808209556801697,0.041932762098688306,0.039580920752663035,0.03743455457204732,0.12387233669952233,-0.14354948201381645,-0.12369969860144311
2564,-0.002427197665682843,-0.0622957550009874,0.054046539776212765,0.14940265011065415,0.053799054257055626,0.09436530744523612,-0.1881562960955368,0.06769832207164785,-0.03457081037040496,-0.015923272158539132,0.11768933651496713,-0.12675899030905088,-0.1068688885755715
2565,0.02836474517999521,0.06365734139884136,0.02523489655450676,0.12825733917601806,0.053786792603028016,0.07626628224949339,-0.23440146087685032,0.12908359702348574,-0.08806179710032735,-0.044534888324526546,0.0758911185159795,-0.12010667718769044,-0.09343728921195321
2566,-0.012395835397789153,-0.07850664330601656,0.028800215558134182,0.1229591453984524,0.03607500881710605,0.07204769755738637,-0.2133110922731399,0.13368907187392345,-0.03896621102255294,-0.005246025294055381,0.07016646320539477,-0.06774120117561111,-0.0475705939412323
2567,0.0046484381653921795,-0.051025135473866674,0.05028118039361102,0.1290201973007692,0.05179663457484251,0.08600291471383323,-0.15731840483044743,0.07013684828772716,-0.07120362358296764,-0.04402807425595192,0.08427562075711516,-0.08272800456364442,-0.06985859148641234
2568,0.005661266865965722,-0.05115935877799939,0.0517598926207518,0.12734208776543773,0.052844097707254886,0.08704930549313891,-0.15483090949673312,0.06966715360247334,-0.07644314118097222,-0.048379657875252606,0.08543637104393248,-0.0807475596296581,-0.06819954813833941
2569,-0.0074628155794453106,-0.07538090279981824,0.03804408056934603,0.12962604814587422,0.04241642189514294,0.07911129079147124,-0.2013692016265418,0.1187386863981814,-0.0558779670889925,-0.02287841337082523,0.08117869476047115,-0.07240738376373645,-0.05373853833112756
2570,-0.008459701381777434,-0.07122531248616597,0.050917596873479215,0.14992255810255473,0.04849169045969556,0.0895410592980157,-0.2020031617222232,0.07303769744848788,-0.014704081612351507,-0.001605894743955266,0.12053082153352121,-0.1276814552758772,-0.10676181649340359
2571,-0.015276898464467588,-0.07278471087475233,0.04203884233777682,0.09160170282447899,0.03929032717470731,0.07850518791625538,-0.19680528215007642,0.06360589679622988,0.0448137443717338,0.045268760283046015,0.11542302632909641,-0.12816928332376273,-0.10751131322026551
2572,-0.011621431924841417,-0.07323215247922588,0.04269197676535734,0.11268759243463985,0.04291062962304751,0.0824829414285249,-0.20547561276167484,0.08847780345644632,0.001018267102951458,0.017013888038458217,0.10651090157709724,-0.1119685013116512,-0.09149630194912953
2573,-0.015568076415329354,-0.09033544072358224,0.03257358185408647,0.13377180308129383,0.03982118519720991,0.0809253614527954,-0.24650642345141738,0.1506020855959211,-0.03872100287837714,-0.002150830228368206,0.08298250766011903,-0.07466351508471548,-0.05273123605963606
2574,-0.011844391351882817,-0.08177548987471515,0.03246750143379395,0.12391948337161843,0.03852085297662982,0.07577017069574808,-0.2186749276852826,0.1361626486046215,-0.05281439220852813,-0.016001488213785563,0.07717496474280826,-0.06057314870176086,-0.0423317837892651
2575,0.008493371618269857,-0.050914082920176025,0.056578341628755455,0.13647695396445383,0.05714251271444763,0.09236797838010895,-0.15546427081308706,0.07309370510927803,-0.09749851904758264,-0.06386142904468692,0.09324039753918253,-0.08146181635840984,-0.06819314277055377
2576,0.012209458921219553,-0.046117890747199096,0.06074274685919624,0.14030200655681913,0.06087632813243373,0.09604948898994167,-0.14813735388320018,0.06829776303301635,-0.10512291624118798,-0.07053615817014536,0.09737094730273123,-0.09032726404149531,-0.07560715671212992
2577,-0.0022285259564824643,-0.06942629674751721,0.044251899846576216,0.1389363369728308,0.048423809927202195,0.08562876378066721,-0.19797707561363326,0.11862356189516919,-0.07495340588286166,-0.03632675450884571,0.09086126733688434,-0.08367180014691442,-0.06214178090307529
2578,-0.009123966754327749,-0.07033220614220441,0.05190731977652148,0.15621245371029546,0.048947243213914526,0.09078463292189906,-0.2088704455278875,0.06429301952173083,0.0006041722462355911,0.009551213734424947,0.12495001135306924,-0.14041664618158617,-0.1185068018720852
2579,-0.015938388600427955,-0.07354931816260174,0.04308813653419439,0.08499310737715232,0.039579971793997124,0.07957570753409544,-0.2022485938693777,0.059424846794326615,0.05624826647628611,0.05274884399615792,0.12242557243500618,-0.1335901474482642,-0.11275800486054444
2580,-0.00866374422566001,-0.07203009359115081,0.044563953649543735,0.10521194612986383,0.04657569718044994,0.0866950195868739,-0.2049856626066448,0.09063646478244254,-0.008211447322031249,0.009769644898199932,0.11269464610594852,-0.11157963482069859,-0.09067678976713693
2581,0.0005737099459318661,-0.014699543126267891,0.029552312701304335,0.13201653552037013,0.04493963304297499,0.07914596655371585,-0.2391945508495409,0.1362371570766227,-0.06064225881929456,-0.02158899553196232,0.08135838988795689,-0.09572211054846104,-0.07197624585335015
2582,-0.013407587939187626,-0.08345707017825159,0.030936069682496112,0.12480880620090515,0.03736870061791777,0.07495174840231078,-0.2200240049759557,0.13191399329279402,-0.031435831447243205,-0.0012316468346013447,0.07736609246858196,-0.07439424987632035,-0.053395019413446015
2583,0.006221853724133771,-0.05209531873688844,0.054819798243056814,0.12874327299302424,0.055018909364674545,0.09029569526938203,-0.1555870752475307,0.06392700404047365,-0.07243411737201466,-0.047692472392164696,0.09276229176341298,-0.08868729051378745,-0.07529255113577202
2584,0.010652791452262434,-0.04748542981690123,0.059533234366269165,0.13798335700589676,0.05927085222443822,0.09439873874982699,-0.14909895742310675,0.06567320540394825,-0.09261093034179507,-0.06197334752580125,0.09580032268517963,-0.09393448158288063,-0.07820935519733653
2585,-0.003086545934917668,-0.06979947667470936,0.04369770534368331,0.13682276057212794,0.04756931870989677,0.08477596469188076,-0.19816545138849295,0.1156325292654307,-0.07304669523301176,-0.035531605285886274,0.08928984360135721,-0.07908027809341935,-0.05907806957393935
2586,-0.007711021396971556,-0.06792686424192414,0.055709328628306534,0.1571766962427764,0.05195212502041727,0.09484040110617724,-0.21148264982808354,0.05456400125311422,0.00415838670920087,0.011410464862676975,0.1312408472386043,-0.14823815486480554,-0.1256935607294889
2587,-0.012357545452245294,-0.06882512004420277,0.05251570516733228,0.1057829836853926,0.046497937163126904,0.08877861928156999,-0.20233810750486636,0.03679226211227086,0.055161535637290496,0.046820765381974876,0.1355119178004427,-0.1528884038313961,-0.13145254939669004
2588,-0.0057205605684919015,-0.07018065921453848,0.05449861060566098,0.14863470942215712,0.053242580625080194,0.09586025551518748,-0.20300054857464772,0.07011904416758573,-0.023402808526445298,-0.006763001546738586,0.12398803181421972,-0.1288963302808919,-0.10837932343813729
2589,0.0009947370978258263,-0.047700644848187305,0.040927946407521724,0.14406717351403703,0.051800725384294026,0.09009607506526254,-0.23493105821358723,0.14449368314757155,-0.09236559721297827,-0.04429377841734643,0.09489691097067258,-0.08563707884233547,-0.06234909405275074
2590,-0.007812087473039454,-0.07884036081341497,0.03801019255275327,0.13352040264064868,0.04382289441850756,0.08197570715773407,-0.21409236588434535,0.1329654447697484,-0.06242001578395053,-0.0238699867469493,0.08657246714975292,-0.07552172778309708,-0.05431056420434846
2591,0.0070476846696339345,-0.05104333697691952,0.05557898397992675,0.13454983131285547,0.0557765340863963,0.09102673100287902,-0.15490347476739047,0.0650389790710181,-0.07218306052030063,-0.04680461189979445,0.09332890039783377,-0.09640684984506091,-0.08100631051107733
2592,0.009310542678972009,-0.048343020183433706,0.05762857834529663,0.13760658804485998,0.057669992120484244,0.09263426084333791,-0.15060056023951693,0.06545305656906053,-0.07931058731333318,-0.05172332834626544,0.09377411488902225,-0.10060095922676637,-0.08349867818171786
2593,-0.004650509752105964,-0.07106621739664239,0.0416268506986051,0.13439712467374987,0.045674873808819634,0.08263057046391424,-0.19660701105816897,0.11406806984395708,-0.056879401664498994,-0.023457989236575123,0.08732612297281231,-0.08761143137825354,-0.06545105197561335
2594,-0.008674592639033427,-0.06856581575846966,0.05239211997065608,0.15487912643662763,0.049916133303972474,0.09207533221874141,-0.19637453121392417,0.05194386466162603,0.013157135284939562,0.0178303275536433,0.1291553176269438,-0.15590464575676866,-0.13182977168895427
2595,-0.012249256577742309,-0.07138683483723107,0.051278227457424344,0.10427423019787416,0.04601124215562645,0.08752518090844633,-0.18845247150969754,0.04030928994263157,0.047426223358983055,0.0417491484138276,0.13346272547733207,-0.15045020360952843,-0.129497501377946
2596,-0.012243487296187993,-0.07648035158148532,0.04062414530963683,0.07884683148238876,0.042089596504556806,0.08166652940008393,-0.21005541463054336,0.09678991132589629,0.008072529372375974,0.023839902212208077,0.11059083125298923,-0.10231607195925671,-0.0814249513926625
2597,-0.016540633796674413,-0.09201988964120508,0.027141370656460734,0.12293126903292016,0.03668974504967234,0.0764860151900192,-0.2500877613540454,0.169086198366414,-0.055056746617787464,-0.010111071379841092,0.0808486359545318,-0.0555592519240106,-0.033807879536454394
2598,-0.006219327443524509,-0.07366697965415483,0.04112311766086254,0.13357377371143186,0.04653200132857752,0.08538585846948019,-0.2116410823246702,0.11806681966681394,-0.05507663127709899,-0.02220980589593676,0.08909894534821011,-0.08191504919867922,-0.06305164039131167
2599,0.00937882039909994,-0.04769204842594261,0.05809312838823133,0.13596063751120685,0.058379868014101284,0.09379109461525667,-0.15235061235550665,0.06309887452085519,-0.07587612916522272,-0.04963655162723655,0.09571688121760254,-0.10265541606165175,-0.08620854703079346
2600,0.008782142601603147,-0.04935038607754615,0.056251295771288255,0.1372314389035721,0.056792962187980876,0.09153724710567852,-0.15136926068566797,0.06869467521889573,-0.0782939245682478,-0.050629085617158925,0.09160132487294609,-0.09933015325936957,-0.0819182764539742
2601,-0.005377485469642325,-0.07196847217379275,0.04033813502465378,0.13259118696787658,0.044664452906538483,0.0814551021307931,-0.19927280175766085,0.11705369384589062,-0.05428403463948936,-0.02128705830614656,0.08526817628080456,-0.08557060712000865,-0.06361028768981673
2602,-0.010784721334112035,-0.07090833811855149,0.050691740623231216,0.1519006604114921,0.04762050959210845,0.08953703119125572,-0.2033178511168987,0.055882032115445374,0.017677116902648345,0.020999367718620727,0.12517264087980678,-0.14870533050684623,-0.12576485835820017
2603,-0.013996492276344403,-0.07025861416195181,0.047401047333724966,0.1137001108847413,0.04316730653185197,0.08410885114449393,-0.1911704668933019,0.04160615432041731,0.053191494734418254,0.046828479875060634,0.12663881403601854,-0.15128423694511353,-0.12993244858401506
2604,-0.004475353396538105,-0.06462622018375447,0.05396798051025637,0.15088046208926126,0.05321448053023883,0.09475472335875311,-0.19653282778021108,0.06687854913911723,-0.024515402648259122,-0.00738984152952318,0.12126535401494973,-0.13207074014286976,-0.11135116396142063
2605,-0.004786963201316092,-0.056763676270304576,0.03445009372230424,0.1373157940734034,0.04564876836480007,0.08368215694095842,-0.2391239315393586,0.13805940370848419,-0.045006696608617947,-0.009271994039351961,0.08609550375489393,-0.09757464425989083,-0.07272381464600418
2606,-0.018149865314406412,-0.08741771889735563,0.02617900288377184,0.11921792437105151,0.03277402284095591,0.07044177235554373,-0.2237737556877796,0.12417496263134926,-0.004689446897226165,0.017908505971210235,0.07280245582126803,-0.07425768350467551,-0.05521017657370741
2607,0.005095518082823063,-0.0509455587340589,0.05194345416346375,0.10223830802424339,0.05227204440851217,0.08638934370788327,-0.15135966048046903,0.06081074128401749,-0.054884485993406534,-0.034374716727692205,0.08957227848267647,-0.0846560832902332,-0.0721011829277597
2608,0.0054296203895919486,-0.051021505803155245,0.047911505352815846,0.06766909836864654,0.0496342115098236,0.0818480940451102,-0.15175600718509805,0.08326124587955608,-0.06834801827936084,-0.03914759407284355,0.08396967670417325,-0.0608731646846994,-0.048577162224560454
2609,-0.005794589309216171,-0.07079556969228507,0.037380030638102024,0.09260198506018512,0.04196549038382375,0.07720016313208819,-0.19597874526196588,0.1215391783847841,-0.05920877039868245,-0.023762387628009956,0.0822680711463337,-0.056883175856251696,-0.04053168059890579
2610,-0.01099196927049562,-0.06856778080574998,0.04282578809663424,0.08131717731728104,0.04180217076600474,0.07997426420561125,-0.19842490011290026,0.07883193194453791,0.016141001734793072,0.025091116346334704,0.11427132391991687,-0.11087426636952492,-0.09139585777244301
2611,-0.010503137425073064,-0.0627884810681567,0.04846776242215358,0.09455722863897519,0.04485188049168201,0.08442387849420394,-0.1789491146744865,0.03476110578032793,0.052099122277743604,0.0454063208358727,0.12563768390377494,-0.1493089262227024,-0.12865532345431505
2612,-0.0035833153918742792,-0.0649873584739578,0.053097014165023305,0.14255064506249437,0.05300368963703184,0.09383367145021097,-0.18741780085442955,0.0657819012236487,-0.025947798614996864,-0.009092334064207801,0.11782188282266626,-0.12762992073274815,-0.10743027622886091
2613,0.014677241150234962,0.04598913507173788,0.02808973654975399,0.13245241831567728,0.05062925636575391,0.07979450050396084,-0.24203841680286037,0.13579007457015774,-0.0925891325272146,-0.04710293911074178,0.08164753002180049,-0.10598812909007636,-0.08135127501818394
2614,-0.011984175555528371,-0.0779762988395195,0.03245658029608442,0.12494856590236525,0.03848127343223122,0.07574874390230502,-0.21296650446720444,0.11752523120451726,-0.024770474763963417,0.001370071872795092,0.07800816499569242,-0.080055002996779,-0.060786174982996
2615,0.004684617563231267,-0.0502371744852779,0.05261482578486494,0.10743143997802451,0.052378387996066506,0.08680594084529034,-0.1515337941941508,0.05373924470924373,-0.04443628955751923,-0.02797055031077696,0.09021287023783216,-0.09302218155638602,-0.08066733701044246
2616,0.010256274184613947,-0.04619477498002923,0.05954205143909495,0.11902279083349476,0.058343721876307035,0.09300188580535669,-0.14425513592456923,0.056525340726732994,-0.08056389868699057,-0.054882565268718736,0.09557173717795711,-0.08961241238220527,-0.07675501480104435
2617,0.0009260413524649503,-0.06562410440867596,0.05116276926448538,0.14217351363628405,0.05281889830082056,0.09066998957456977,-0.18624521155046292,0.09865839749196169,-0.08584353929293319,-0.04978257985718866,0.09720132816573186,-0.08140007227716288,-0.06471543039989462
2618,-0.0026024335808070716,-0.0651979935788926,0.06032534447116755,0.14491850921013438,0.05564995968242504,0.09744590866059089,-0.19293913865218476,0.06123758365419745,-0.03237990627432198,-0.017187696821846753,0.13263242238578618,-0.1306456850225653,-0.11125687413368289
2619,-0.005786258484466169,-0.06128508083376247,0.056521996066593375,0.10089291386544272,0.05090371611554491,0.09144976916706644,-0.17602763167748678,0.03954778230051595,0.01791489289530816,0.019221607595777176,0.13709141369433434,-0.14503204729905597,-0.1254130734058115
2620,-0.0027044393378888843,-0.06421285052104345,0.05691898198890237,0.12758361077857733,0.054544697218901005,0.09562030027711002,-0.18754117583750313,0.06543958664617651,-0.026173094310799783,-0.008629216816214324,0.1252636018644293,-0.12802744406266545,-0.10808255788798135
2621,0.008243744306655231,0.004245311639162649,0.03558810116947941,0.1435148354804796,0.05236106241092065,0.08662989172546721,-0.24268212642558043,0.13807444094656168,-0.09120070639237864,-0.04416817974824249,0.09311975794789112,-0.10441373567752947,-0.0793123973828866
2622,-0.0039012198842700973,-0.07522370970477535,0.04440570830668327,0.14363496103376225,0.048597416783388976,0.0871258929471431,-0.20371346498169696,0.12120889863149525,-0.0774760009860353,-0.038066044475336305,0.09103299035249235,-0.07881323128840444,-0.05881219673444684
2623,0.012919424116752589,-0.04593375650632765,0.06315090718547038,0.13911818692556066,0.06263779542595592,0.09850565776580246,-0.14845438289872692,0.06453393527189151,-0.109587046159699,-0.074915721389929,0.10148038440347101,-0.08813462798331613,-0.07532075615690574
2624,0.012749326519059722,-0.04538320402610912,0.06267361293034021,0.13428872779797293,0.062087093561305436,0.09766867399901291,-0.14648741599009835,0.06187529302534695,-0.102202626837419,-0.07003860352399313,0.09998025041554186,-0.09009579586253623,-0.07711533200842415
2625,0.0005063374528966201,-0.06718089828734462,0.050143895001696664,0.1474643716935702,0.05279984626075882,0.09102022354072084,-0.19327661759587736,0.10753095174224885,-0.08004715325279438,-0.043277422144390384,0.09551474609670244,-0.09101537900898747,-0.07018290149920033
2626,-0.003407106974872685,-0.06514518472979931,0.06057581660797677,0.1654624850235058,0.056272151395206124,0.0990453280453002,-0.19762002008625124,0.056541092433716314,-0.02576558971606161,-0.01157216202048929,0.1331186696531827,-0.1446588032083578,-0.12284667642305588
2627,-0.00820768568053653,-0.06451746702368603,0.05600696334271762,0.10609399686423204,0.050422964101706776,0.09210610485680462,-0.18476509754911247,0.036337341877395755,0.03620175154127641,0.03218836129463796,0.13852380504628867,-0.15565420997293516,-0.13473682869878945
2628,-0.004810872369486252,-0.06766615083281353,0.05452082400880622,0.11234767104606433,0.05319233628389193,0.0948184405416817,-0.1936430685678623,0.06878257640412197,-0.008493058854217419,0.004680359033594173,0.12808198380383423,-0.13107767202889045,-0.11073336846872447
2629,-0.0032195883754299755,-0.06423491389913956,0.03995838183823622,0.15104023979507025,0.049251991828705814,0.0884474268885973,-0.23677990683186617,0.14439369174519473,-0.08049436895637482,-0.035986177346199036,0.09673900227872248,-0.0860395420901152,-0.06307623687540212
2630,-0.004016758083576865,-0.07217362567202461,0.04419592138244492,0.14573373089792216,0.048777986901783164,0.08759838514161178,-0.20920985007259088,0.12004105842517268,-0.06267894566344431,-0.026823036025224137,0.09224026234638408,-0.09308894224932511,-0.07059618732913298
2631,0.011030830039250485,-0.044260402683032385,0.06169333788688836,0.1332980649129628,0.060774319158637395,0.09663516411327178,-0.14922974452963952,0.053406119855951714,-0.06969594511503711,-0.048064354708898714,0.10095259864442747,-0.1113813246091406,-0.09515866296564156
2632,0.012607579186470456,-0.04389463445176635,0.06342747525709574,0.13591020347139915,0.062280770958453635,0.09802368306195693,-0.14603319675391316,0.05530556298990761,-0.08278939706897656,-0.05746602984903874,0.1008184709280462,-0.10720847062225035,-0.09098201710738442
2633,-0.0011263121580804122,-0.06676770934237936,0.049418852926674264,0.1470962336878465,0.05128075152494665,0.0895195175147471,-0.19394813624458795,0.100590502770456,-0.06469142242960933,-0.033246151088557795,0.0940052467353392,-0.09631431859509539,-0.07581705530169944
2634,-0.008468052696822837,-0.06872837131018408,0.057053383378361466,0.1465350857866392,0.05165060004257466,0.09467650244842694,-0.20812662715403304,0.0504763720256743,0.018695703302804824,0.019103391788044016,0.12870335380189868,-0.1509783587632469,-0.13059298265013713
2635,-0.007738353258187348,-0.06342768082777506,0.05858090384772944,0.10957474276015108,0.05183432544399142,0.09411057719807883,-0.18849791240311167,0.030221540658212906,0.04302486419185719,0.0356410595100733,0.14093166555001718,-0.16252180836364813,-0.14173392430738896
2636,-0.0032983377699950674,-0.06533852206957952,0.059596820204212426,0.1409153809787376,0.05644895562105993,0.09915121726151847,-0.19056612478123597,0.0556404669347113,-0.014512837218686344,-0.00343294656893445,0.13143632175720726,-0.1433522748687892,-0.12268811948022636
2637,0.0009178459186914951,-0.05762338188205442,0.04152942290969799,0.1502490961725582,0.0517289122583037,0.08986575650449352,-0.23316787150313317,0.1388435071082591,-0.07287382677535006,-0.03156546890657615,0.09790785310773083,-0.10081965424965283,-0.07499219066296811
2638,-0.0057436966679907,-0.07587471059010119,0.045358584769599836,0.14711966011948982,0.0487373854844214,0.0886175005463359,-0.2089599714499289,0.10936929960291403,-0.043471850215004715,-0.01620045822926863,0.09422436988444433,-0.10278247554685416,-0.080393637708057
2639,0.010289738840975155,-0.047092192509342524,0.06167881216253722,0.12790661194459613,0.060624410975945016,0.09685320028657914,-0.1494708105110189,0.05286318884427021,-0.06709473490063882,-0.045886289164200865,0.10090924412265999,-0.1086590963382202,-0.09292208375414134
2640,0.013584854503207318,-0.04383238158585709,0.06366301055263368,0.13993267009109717,0.06306373565064186,0.09872534404506049,-0.1452556162957156,0.06003812508517914,-0.10022093346728146,-0.06847641335915165,0.0998012958606717,-0.09807182469190899,-0.08295186638857646
2641,0.00027486128302427946,-0.06636857521505961,0.049310518885528135,0.14513823142315319,0.0522972677074199,0.09035480900908355,-0.19245722459929562,0.10681705572500565,-0.07644752518912425,-0.03983963531747432,0.09412281898942461,-0.09210423823134099,-0.07109836447034458
2642,-0.0068265049769732225,-0.06968774457426492,0.05799317070999365,0.1493133775461389,0.05374771748092058,0.09714461123964219,-0.19729665652905848,0.04953580812489931,0.007311641574734759,0.012262501467257362,0.1322864931913345,-0.15394409196485326,-0.13184032328977124
2643,-0.009049463566960885,-0.06603466993907403,0.05628961731148381,0.1111737366383964,0.05025300154849859,0.09233538784643514,-0.18438917678920558,0.032248140644607445,0.04114511371824079,0.035396133508199756,0.1377884126684589,-0.1591673534984177,-0.1379888800906624
2644,-0.004463957692782256,-0.06815883264361489,0.05733413032851494,0.14786938757624998,0.0548370007848056,0.09725593505082616,-0.1924289393365648,0.060822233068570285,-0.02082240683513048,-0.006848790954362371,0.12954800324989207,-0.1378510733472883,-0.11709268924911584
2645,-0.0036532014329828818,-0.06447607107143777,0.039909276628498726,0.14944189937041266,0.048943835801513146,0.08821829588245202,-0.2364770103871292,0.14256052984688047,-0.07411308713029852,-0.031164031266128853,0.09660177244627885,-0.089799753885344,-0.06599245480271482
2646,-0.005725093377389475,-0.07610180784037908,0.04492798136542484,0.14775764626735555,0.048383004774074576,0.08801788607223356,-0.20964807278247521,0.11367100298669862,-0.053676796246327256,-0.022379845307015915,0.09451980497158712,-0.09558447693035234,-0.07416123395343502
2647,0.00803382456984725,-0.0496701153681299,0.05881415676151477,0.12217701915270461,0.05795343317732224,0.0938995964033186,-0.15230114395550362,0.05482488425977628,-0.0656986864209875,-0.04469759548857543,0.09920160994886194,-0.09805692986671047,-0.08448005317343871
2648,0.009085044185160138,-0.04904749444566029,0.05932053247014915,0.1280883819043666,0.05848849240250526,0.09408163932259915,-0.14987608935140567,0.057578772157173476,-0.07739489586254544,-0.051571172789189886,0.09642843374236834,-0.09489887628335804,-0.0802827674521627
2649,-0.0006513512296463497,-0.0671124294862529,0.04949627708122347,0.14414635829156844,0.05168450146690069,0.08989355059779303,-0.1931472289245216,0.1027761286520383,-0.06530415553758688,-0.032208604098420725,0.09412907971757727,-0.09803786285423326,-0.0756642636764395
2650,-0.0040143830397633045,-0.06402873893845476,0.061819627947221706,0.14433555599626294,0.05627368778838123,0.09945093416812613,-0.1936737482021071,0.044620615721849645,0.008930063357731572,0.012840525949346876,0.1375697964000167,-0.16452930391134998,-0.1395946332372615
2651,-0.0042834789035144285,-0.05966810207794541,0.062321536951745075,0.11921712049511951,0.055218368330234635,0.09738823070655217,-0.1759408700744689,0.025790590122761796,0.031604418958843306,0.026748995120913787,0.1454554638428788,-0.17391404016119286,-0.14993823331192727
2652,-0.0011238618425399277,-0.06421684115731424,0.06200273142990867,0.1669496543788079,0.05817574999846964,0.1006164637903015,-0.1880984217899261,0.060004645259474486,-0.03372387353412539,-0.016897242735542106,0.1333520363748002,-0.15061065134741963,-0.12643038882489485
2653,0.003361001089534633,-0.046698164758877767,0.04142140067129853,0.15077193656616125,0.05177101462523144,0.08840106619263112,-0.23255226046705255,0.1377445004260848,-0.07797679548158425,-0.035896973210765376,0.09732905774717966,-0.10188703160966123,-0.07578875179018028
2654,-0.0039060380781607107,-0.07286991757337441,0.048172152519565366,0.15207696476919186,0.05019061467231566,0.08978200882785847,-0.2075765444849632,0.11174337475670436,-0.05740968523548707,-0.025796342514386193,0.09718021380143022,-0.10240687794345045,-0.07917992351724389
2655,0.013429655913418426,-0.043028164866463686,0.06610060976032767,0.13938492233102479,0.06389203950555666,0.1001949680530731,-0.1466143290706913,0.053408724680947,-0.08368778129203805,-0.05798607651802439,0.10627838698179043,-0.11437212923718945,-0.09700082624173105
2656,0.013359226512123472,-0.04364273592763943,0.06468149731213997,0.13705414335531751,0.06312360244519395,0.09897437140276101,-0.14558347182776749,0.05680784336262526,-0.0908402015442317,-0.0626622822870802,0.10338914068576407,-0.1054896897983092,-0.0891714436908972
2657,-0.0026195580342816076,-0.06920430488958709,0.04823160168020398,0.1440800420238909,0.050016016088962674,0.08846412200028661,-0.1958806150332047,0.09914637770949945,-0.06451790515787245,-0.033417619883268156,0.09487940308711078,-0.08882764382475541,-0.07034991576698499
2658,-0.006035937341948814,-0.06608964453996807,0.06078291093871497,0.1525090266745014,0.05448923237989967,0.09786010219642995,-0.20609644472407926,0.04713217983944928,0.009140993029645543,0.012919104790841721,0.13606675444203925,-0.1570646980098139,-0.1356135796757115
2659,-0.004532366814707101,-0.06094430890509928,0.06270852250589516,0.12232283632350163,0.05492898136072838,0.09719165322389761,-0.18416713118724565,0.03479772819444715,0.015185271201027415,0.015341778030060003,0.14351706539341944,-0.15877761209324007,-0.13757241723268446
2660,-0.0028629594002822193,-0.0667359903465366,0.06073988666259685,0.16392518059409483,0.05647529234061429,0.09895801926858336,-0.1919345910377288,0.0639970655126701,-0.03915820161865525,-0.021725797034726924,0.12902038603443192,-0.1357857237668138,-0.11491256720824766
2661,-0.010008683877128222,-0.08311491603016129,0.041996855925277445,0.15265411164220913,0.04697433830953878,0.08905562424726968,-0.24007351284696168,0.13928686293170095,-0.049310561387160785,-0.013588256418944978,0.0978676243770228,-0.09864389203476791,-0.07309559483789392
2662,-0.0038781856549678943,-0.07389617329593878,0.04813089511078502,0.15287582355455187,0.05060769811051711,0.09050194742986067,-0.20744373891076448,0.1112130383044335,-0.06253491428224128,-0.03032381385918297,0.09667827190220674,-0.09722597562493486,-0.07470487278432475
2663,0.015119136981214627,-0.04181243300432496,0.06659308527944378,0.11827530045218343,0.06434444710009345,0.09974211526611207,-0.14021174489462582,0.05586262414288084,-0.10249722620291397,-0.07161068909356186,0.10520572936902407,-0.09088443177250359,-0.07812591362302204
2664,0.014014333883335011,-0.0424570394586065,0.06386148461307245,0.11781274514432397,0.06230653586140602,0.09710121806639316,-0.14042106343449026,0.05877532764220228,-0.10243846953277409,-0.07071321179157761,0.10150181643592555,-0.08574622241078887,-0.07359745501842106
2665,0.000687848051092486,-0.06401790146724554,0.05063748908294155,0.14602071345395373,0.051960311080927,0.08940712336789258,-0.18449217967511425,0.09588362565295917,-0.07383940304766641,-0.04086724978037137,0.09422131904575812,-0.09252864025192085,-0.07307305551320634
2666,-0.007465577476678491,-0.06452222833136517,0.053691657468748676,0.14180010963419004,0.04918424347988995,0.08981544279291175,-0.18688584521191534,0.04802684747580516,0.010831226046027872,0.01595750984769807,0.12256231732926011,-0.14685633974610152,-0.12613936330847086
2667,-0.006785163240987404,-0.05948244543324319,0.0561713361845262,0.10429752615993751,0.04947661508912904,0.08946708678295576,-0.17120624283374966,0.03206131775348622,0.029153811055991068,0.02784456063992605,0.13413414181413968,-0.1524617934473715,-0.1326707505247395
2668,-0.0010151096120321625,-0.06305262320793877,0.06141322776724831,0.1429036983507721,0.05694605321949613,0.09839141365648373,-0.1848364193033321,0.06175434639765831,-0.03926193024326497,-0.01963489671004789,0.12797496718839563,-0.1307798524214325,-0.11080287508200573
2669,0.006730759391290098,-0.01398023002047621,0.039587512896165945,0.1468930988434982,0.05339604202425084,0.08921544733464165,-0.241940823066473,0.14084624658483597,-0.09371355019069261,-0.04740597024194551,0.09505602045522665,-0.09946389541216762,-0.07522065859815445
2670,-0.0016914884875377908,-0.06870739252809839,0.04826247956480128,0.1443974212319543,0.05101342195049352,0.0896240624219492,-0.20065055819632613,0.11137619367213773,-0.06756436750499614,-0.03263960973859068,0.09551865119761634,-0.09545887556705515,-0.07347993801634817
2671,0.014044113279266843,-0.04020883943613978,0.06434750953147442,0.11712460926227404,0.06240837971571037,0.09719652490590475,-0.13916863922970799,0.052256998556153664,-0.0821684876885213,-0.057190770630925654,0.10203279620504166,-0.1030325046931341,-0.08764168977739682
2672,0.012605358847952677,-0.04237230930949251,0.06224863953102646,0.11552868868849066,0.060507970789284514,0.09499856784357252,-0.14002720182614908,0.05400052821137525,-0.08269625031768006,-0.057307182887254754,0.09866365988563858,-0.0950248614437764,-0.08112560801298771
2673,0.0002935663214465277,-0.06315069631124758,0.05111395282871821,0.14390172922730646,0.051723478345588034,0.089117376045939,-0.1817751636802359,0.08527121415573452,-0.06807446827775465,-0.03930431773296092,0.09465074490477429,-0.09021223752303509,-0.07355517830427287
2674,-0.004569468234842587,-0.05907797029280983,0.05789723605248386,0.10715809100047284,0.051886605544175346,0.09224681259707568,-0.18726233750596932,0.03753079244257834,0.024972553342819632,0.021928363358299906,0.12909165297638547,-0.14509455940472618,-0.126707771875943
2675,-0.02315834292197565,-0.0737903201533571,0.030085782182165167,0.07986500023464836,0.026807508417336885,0.06282966625526343,-0.19325327313723642,0.05072320702127102,0.08926953820968365,0.0759610282856628,0.1098689486026219,-0.12661822171357637,-0.10859052128250758
2676,0.00015395303511410186,-0.05553443834686782,0.05894618427904875,0.10561280647427879,0.0555243066637446,0.09513982495453342,-0.1776646278953519,0.05231812218668202,-0.015130098130271278,-0.004319790922933684,0.1273263325621786,-0.13054122548958438,-0.1118313493705711
2677,-0.002154703673602615,-0.05605852269145724,0.037881182664929715,0.14942197999219037,0.04813300085136002,0.08603395169489805,-0.23865382863709922,0.1400083706931976,-0.06655686659146162,-0.026428353716249436,0.09571323713664133,-0.09601051021134875,-0.0713289375119983
2678,-0.002290599220834869,-0.06618675262862524,0.05016833292260655,0.15317819865799906,0.05117649337112245,0.09011718066778496,-0.19285531770157072,0.08566933253803355,-0.03974249934772734,-0.018731592475269124,0.09812670138284144,-0.11496752839263825,-0.09366194977372246
2679,0.007672037968641204,-0.0491390945299617,0.059845063133911414,0.1321844992480729,0.05776653130577055,0.09384303381796774,-0.15288200551599845,0.05181701649935011,-0.05610015213067266,-0.03770928757064339,0.10014827108361851,-0.11208734905140845,-0.09535856425864765
2680,0.014541380039195017,-0.043550339938228544,0.06675006353551237,0.145712264928146,0.06453761110838102,0.10050637279505714,-0.14358323798542902,0.05777556964219575,-0.09969813200354263,-0.06875675338391973,0.10453563579243044,-0.1081811169156957,-0.09058931761410198
2681,-0.0013635864539927843,-0.06821920242861745,0.049193868787713424,0.1459315186177262,0.05100367403727061,0.08925675387377663,-0.19359292476482046,0.10359626304751188,-0.06523066987897523,-0.032708094278212654,0.09521487944205596,-0.09761364250906558,-0.07546883749237052
2682,-0.0066593534911131205,-0.06618321931032135,0.059337223270271924,0.1452428333967996,0.05304251242069976,0.09587793567002571,-0.19577977365540544,0.045773876725975646,0.015085718125325786,0.017481505986354645,0.13445661837197848,-0.16092445502796915,-0.13675142248262231
2683,-0.006033703309562189,-0.06074680239240833,0.062142859096385616,0.11497452798970635,0.05361806529789451,0.09585789152490476,-0.1751583915966617,0.02146326640908877,0.04349327644648848,0.03535277159531905,0.14780268552204534,-0.1783797863478677,-0.15438666023533265
2684,-0.0011574933170102027,-0.06223891815788392,0.06347426557770054,0.16508422535217,0.058603984162767346,0.1013428873688094,-0.18669985306386658,0.05148044417449796,-0.023686902259686053,-0.010249086692997145,0.13836307720620256,-0.15949733569671598,-0.13481929465398773
2685,0.005685213581423485,-0.04305952066713185,0.043702344668977745,0.1556740650073384,0.053807756593002715,0.09024258366041953,-0.22951616661663074,0.13792842569166433,-0.09117564081714906,-0.045267981751454564,0.1007592188746509,-0.10252438564126302,-0.07625591258384802
2686,-0.0033994676447273715,-0.07019371705190018,0.04740100829308454,0.15319466450606753,0.04988180125890158,0.08893858219653458,-0.2075318313918268,0.11406484455098109,-0.06197689062732288,-0.028906320595098414,0.09644057663936788,-0.10049530175609582,-0.07741794837796578
2687,0.009361306682753874,-0.04483879458614366,0.06063786698250583,0.13744898577577358,0.058952510958392705,0.09468306346082704,-0.15095439490507245,0.051808162345894825,-0.06019022690667617,-0.04111270372489879,0.10068990849115869,-0.11718745614213333,-0.09929822843238204
2688,0.009679867569979855,-0.04652396271508356,0.06001332453942726,0.13956039475881957,0.058654979851337365,0.09399707494264709,-0.14925868878185286,0.05757200236277192,-0.07091682477018749,-0.047153644106568755,0.0968919381731042,-0.11008583042988364,-0.09243063139451088
2689,-0.005001139006929772,-0.07286563222122869,0.04337574364719848,0.13890134516858682,0.046233250679557934,0.08378751579301652,-0.19787432580734376,0.11103562692335822,-0.05279838198861055,-0.02173902076817546,0.08750964192322935,-0.09160676508758016,-0.06895785925507898
2690,-0.00343811063677736,-0.06753234393051746,0.06294102209277287,0.1644488221811064,0.057159381886249,0.1004437583911054,-0.19434258947333483,0.052092162101043456,-0.013810675050213604,-0.004724742333928521,0.13708113200497274,-0.15746361835002182,-0.13285419888245606
2691,-0.0034547861883405698,-0.06422750748301696,0.06278262525345779,0.13403899355803142,0.0560267450398173,0.09831833791898456,-0.18043025344128424,0.04256334406597619,-0.0054402338179262415,0.001014109445055304,0.14464571220227637,-0.1541400107025026,-0.13169707585052814
2692,-0.004538504921334791,-0.06999093965125378,0.055718592876182166,0.16058801198576841,0.05383188189060501,0.09586047848632802,-0.19386518833617958,0.07298710233133414,-0.03842708123439019,-0.0168363530504377,0.12425737212921009,-0.13083543278919835,-0.1087499397166333
2693,0.006948121625727269,-0.03722142461952074,0.03956373754254556,0.1491063230439324,0.05283564349576739,0.08794934120238351,-0.23117856710834822,0.13657722956889704,-0.07873400492262582,-0.0365136191282403,0.09538993271181762,-0.10555697313756296,-0.07916574027477263
2694,-0.006877963165792313,-0.07686606943728397,0.04074893138693015,0.13963986080878862,0.045683997376867784,0.08439082650288457,-0.21189536609999104,0.12343677517362185,-0.053610400748692486,-0.018302631395633616,0.09016230949789293,-0.08989747043057786,-0.06661279946901473
2695,0.01153524545443216,-0.046569027667551,0.06101373739737894,0.14170798336103616,0.06082651671850488,0.09641849310383363,-0.14970729644784905,0.06481040800447829,-0.09246188365295398,-0.06168169014533735,0.10036290119675167,-0.10163756626370672,-0.08461782105901754
2696,0.012402248696242055,-0.04569515450934242,0.0614105888355301,0.1409547765844465,0.061127874964785556,0.09632051021095384,-0.1471396670319389,0.0662321764108668,-0.09981971080867556,-0.0671293283284965,0.0989326711300954,-0.0970205863966046,-0.08057639975786227
2697,-0.00262121087970375,-0.07021800422935802,0.044000826222012165,0.13809442290740703,0.04790055918960952,0.0850056259434663,-0.19731092118130567,0.11957999260093487,-0.07835933629806568,-0.03882684354372665,0.08906776931741367,-0.07867840430509988,-0.057634475743584046
2698,-0.005661166982933672,-0.06864892429201362,0.053857370478908616,0.15730150632851891,0.05161685800787023,0.09280233918725503,-0.19866091688107929,0.07561106379586378,-0.0296788098525861,-0.012817007230776351,0.12232009868684912,-0.12964470558162988,-0.10839770566424661
2699,-0.004127728446195629,-0.06160938484676772,0.0579639459657828,0.12692015450318592,0.053151494440032664,0.09395656445121715,-0.17844428803660786,0.05073037034787716,-0.0012170021343702487,0.0046857962284318185,0.12862236452516862,-0.1454861914515686,-0.12514609554618591
2700,-0.00268836339238489,-0.0662184284880334,0.05682041075677093,0.15044008161705244,0.05548007884570355,0.09735113681826757,-0.19195579661636206,0.07194252629567567,-0.03575188996700104,-0.01651450058068122,0.12048861666961641,-0.13007777552154384,-0.10931609643708
2701,0.0012143808935524791,-0.03026945646051364,0.034641817419606195,0.13897511183337252,0.048309582642616554,0.08420899252718757,-0.235637584960499,0.1429919834891905,-0.08210970900652007,-0.03805822467501329,0.08572941040480453,-0.08650882793312444,-0.06348747617465997
2702,-0.008119082819694054,-0.0791829428943214,0.036374082158318645,0.13294879674980548,0.042891091416437745,0.08061862313712112,-0.2148087021459803,0.1366701877636232,-0.06473254714063817,-0.02554310656953562,0.08277225059402742,-0.07054719179934034,-0.04934145844982385
2703,0.010510063673206772,-0.04829000063398239,0.05890518413727007,0.14054490644493847,0.05930939717225474,0.09459632944753321,-0.15131937982525864,0.06918341817484938,-0.08937785922472088,-0.05879292949772926,0.09641514474644948,-0.09960414326112464,-0.08208013135368625
2704,0.011287244842605624,-0.04680446683041224,0.05926374063840116,0.14198809338647667,0.05959585350613005,0.09452491713740066,-0.14852320637549948,0.06803695222941991,-0.0912200891600933,-0.060317533434243106,0.09594957098148021,-0.1008971597986241,-0.08288391712304202
2705,-0.005503610222460136,-0.07292739255247498,0.04023949222263178,0.13557943330541367,0.04476498785399255,0.08170073253777092,-0.19904290463524574,0.11706010314500812,-0.05618288423347381,-0.022025314132451065,0.0864248353986473,-0.08618705051445713,-0.06390042817290152
2706,-0.011472231235777935,-0.07226877579747422,0.04731640572467548,0.15184004445561297,0.04606858911288688,0.08743263419860833,-0.19878939184082928,0.0608991391239357,0.011042360360679352,0.01877312853852047,0.12139720736360464,-0.14260443359608374,-0.11963467640835848
2707,-0.018337346143735184,-0.07363822486655816,0.034934757655884906,0.07692740859352558,0.0351598549961526,0.07384726228195417,-0.19370158491509393,0.06079183229500624,0.06809451280015577,0.06335837173325644,0.11319737950235488,-0.13072073907908766,-0.10991348485381558
2708,-0.01452020580714086,-0.07720400802273439,0.03436688333364628,0.0759407290210865,0.0382302880266133,0.0768359043668163,-0.20973916234459222,0.10312077070356937,0.01472174888942853,0.030944046808468254,0.10000349835415029,-0.09665413982060421,-0.07604635350870714
2709,-0.024343168878800243,-0.10139846799882403,0.015496394638758808,0.11267980869076322,0.02666257152327922,0.06506679148823592,-0.25983992437925446,0.1846473503439953,-0.035635588755393535,0.008422982131579571,0.06648615885529725,-0.04006533387890269,-0.01817957378073472
2710,-0.011685518282640838,-0.08092134373379872,0.03232568856026571,0.12443760793581372,0.03901223244216216,0.07657019530394765,-0.21875627576557494,0.13307393952245147,-0.04166017340299953,-0.00812726466955912,0.07872999613215621,-0.07174832590569472,-0.05125075813652913
2711,0.0035686099292710372,-0.05364118157188404,0.051333415264152,0.1282615005497109,0.051958577354378754,0.08698867397881016,-0.15834397883010098,0.06211838929493074,-0.04680746529366056,-0.028312147651371522,0.08901968357752021,-0.1011260021841064,-0.0850180744176502
2712,0.005087368639331113,-0.05301002802344008,0.05253897299030799,0.1322626588325999,0.05307600324849701,0.08780360051641233,-0.15496253893740372,0.06490816864126718,-0.060044800497604134,-0.03739809008904202,0.08813430776242583,-0.0977035726189529,-0.0806920504643984
2713,-0.008134210866802822,-0.07561944320788037,0.036955856394380295,0.1304736949914643,0.0418828359291127,0.07871459618783662,-0.20293322918629045,0.11765507449005302,-0.04107568105997443,-0.01075544257314219,0.08151299030378742,-0.08569206939358803,-0.0629849720089561
2714,-0.008891910522592101,-0.07149639180615294,0.05030780737023695,0.15553048158312716,0.04919953800292888,0.09100615410413938,-0.1998812219249583,0.06482181645950162,0.0016800287886570375,0.010742754701919077,0.12465068921129703,-0.14625579419186738,-0.12141395177623623
2715,-0.015838759436900194,-0.07274632054424911,0.042563768695465166,0.09520137504797205,0.04009971077684429,0.08031825299113692,-0.19062161998538202,0.05028151163605547,0.05728515589174643,0.05188753454212033,0.119831216013739,-0.13956158060799384,-0.11870024502055432
2716,-0.008956140363872387,-0.07150347063432916,0.048814056621639214,0.1460196125250482,0.04884681346451297,0.090638497403555,-0.19992272970173644,0.06827999375965835,-0.0033614569408585058,0.008752501738904132,0.11625357587542562,-0.13268663304247427,-0.11117462070547265
2717,0.012188741031436495,0.026087660356712675,0.031971693834292256,0.13618464650789688,0.05088988822766763,0.08153302965663314,-0.23172264188605232,0.13249531856604624,-0.0888813550305604,-0.04504869921244537,0.08463633010727838,-0.10838672951995751,-0.08194788263894805
2718,-0.012516323153659286,-0.08128865377483639,0.03286957545058951,0.12828037839338996,0.03902304853514754,0.0771141154175908,-0.21900766540304534,0.12483439012317701,-0.019868283254342617,0.005748879693176876,0.08165496210894899,-0.09016799323315212,-0.0666764309029851
2719,0.008802422844651416,-0.04558425499094436,0.05691238304372405,0.12097339476585975,0.05656962068862518,0.0910103726900977,-0.1450109337638797,0.05204317339045643,-0.053554707039863016,-0.034799005989644596,0.09427324100011675,-0.10941550257076021,-0.09222020406843924
2720,0.012008602901212712,-0.04383832152104493,0.06018575767455611,0.13281968269995106,0.05962049235537802,0.09393810302417815,-0.14081993066193466,0.05746395572747701,-0.08194445889320642,-0.05484783976171683,0.09502206710858563,-0.10352256918498533,-0.08608554146845046
2721,8.317047224490885e-05,-0.06332335951333821,0.04659262517523257,0.1380272239342236,0.04972914624132029,0.08601795854737292,-0.18175260265741358,0.09849294773858523,-0.06506792668083114,-0.03299536741229148,0.0891164786398071,-0.09314504763800505,-0.07177524684690711
2722,8.754419095660237e-05,-0.05504873333790521,0.058129611973625775,0.1280896467861851,0.05539271848748031,0.09490331291656089,-0.16904299512393425,0.04429723609789052,-0.00820834044386818,-9.812426831761589e-05,0.13006327621099278,-0.15113067490159793,-0.12743447858806856
2723,-0.0027937226492453842,-0.05362464787134448,0.05957893103826254,0.1015455797607154,0.05338261964318442,0.0931095308334607,-0.16129669623480758,0.016860138036515915,0.041449359225195805,0.032268325544359204,0.1389104931559349,-0.17140738373687248,-0.14798252674535867
2724,-0.0016666117469547684,-0.06033014150042744,0.05571112771860326,0.13458647102789706,0.05470745146250624,0.09513557332226726,-0.17957238623697824,0.05068543730932791,-0.01626067674958391,-0.004712820662867217,0.12410467076436187,-0.13632468890539198,-0.11606340580275995
2725,0.014529998771001373,0.043967975397555925,0.031390411944609314,0.13543318550088987,0.05155329381585167,0.08116871705347217,-0.23191892570340195,0.13062148594653938,-0.09337715704134876,-0.048864356305469855,0.08524554979629591,-0.11366009612649153,-0.08609008304950341
2726,-0.004770898806463144,-0.06789715488950585,0.04317381761972867,0.13454643359219853,0.04709618795775662,0.08507913856434814,-0.19723479967519933,0.09584715113566898,-0.027862579738357443,-0.005928007544442601,0.08967140065470718,-0.10700798061900622,-0.08471270825143347
2727,0.006799345788751359,-0.04842453391548924,0.05505821972726829,0.11684814880438944,0.054702323723951105,0.08922682964671438,-0.14731175369035754,0.051248117311834304,-0.04269545245654743,-0.026964934711259173,0.09277062584874003,-0.10905364416648305,-0.09220329191151241
2728,0.008735441734839533,-0.047111481966438704,0.05649021935460931,0.1281183984978809,0.05617804040879953,0.09038882959791522,-0.1442097824870751,0.05556693298542429,-0.06337726851045153,-0.04087578528551583,0.0913832748576826,-0.10449648728405035,-0.08679033190361975
2729,-0.0017533084425758788,-0.06515843189559828,0.045011471563401774,0.13611286164275024,0.047931508575820285,0.08424382898619484,-0.18314695706158243,0.0963694933883802,-0.05492033360128853,-0.02470569938669193,0.08787658387240507,-0.09472290184372038,-0.073138115797495
2730,-0.0022878906402591967,-0.05794315528394689,0.056866802031070106,0.12326239177232833,0.05306937532816295,0.09257546643908345,-0.17113451203060107,0.04360307118707827,0.002585685574805547,0.009416630909110608,0.1273150559380321,-0.15035631586730308,-0.1269726053575609
2731,-0.0034916714903700887,-0.053769602419850106,0.059188378796777755,0.1026640945137656,0.052236911294688625,0.09176254532754198,-0.1572201642497637,0.014530336493605881,0.027689135889467156,0.022670156716953792,0.13918706928007848,-0.1575558632544051,-0.13789132689849
2732,-0.0015771931363954847,-0.05713321216296703,0.05437453516935776,0.1130021358448165,0.05344824508639231,0.09295800479885621,-0.17580365882987592,0.051950896626204064,-0.01262591383309996,-0.0016108106760265725,0.12395301510058407,-0.12980481771558566,-0.11113122627226014
2733,0.006238640238169409,0.01923042346868801,0.026415704747808383,0.13059692002530718,0.045331589057787836,0.07624899965288101,-0.23839478138574421,0.1298239421154217,-0.05690403062081352,-0.020760977679828832,0.08053544548560848,-0.11270493855339245,-0.08565693655189295
2734,-0.010996257575579812,-0.07810612575652093,0.03691042186364631,0.1280563186741478,0.04071586323324809,0.07860214178212702,-0.2043129187765476,0.09912504067684094,-0.012242030998337592,0.0065089881895955375,0.08420986778293085,-0.09417110408068467,-0.07430020501486598
2735,0.002606956359531285,-0.05542096538885529,0.05139617824223982,0.12374944767083733,0.051555767511635396,0.08694505843246647,-0.1592056016897427,0.05870956937480481,-0.045956298891648255,-0.02824035558842223,0.0906680819575125,-0.0955963136882561,-0.08121152430210297
2736,0.0081952296807851,-0.04885282969287586,0.05596321242433893,0.13723547959782123,0.05637599486696325,0.09122439024151975,-0.15170334649881406,0.06437054337763864,-0.07236924948070284,-0.04638790368616789,0.09181424115174679,-0.10205368928012985,-0.08381207270212314
2737,-0.008147521544795902,-0.07551236768749146,0.036643275372406775,0.13086438001143086,0.04158693479519349,0.07823130523866233,-0.20412934217753312,0.11989975365812183,-0.04440788207971361,-0.012469082513115976,0.08088245556176503,-0.0833032386717575,-0.0601386699631728
2738,-0.015966451894058417,-0.07929064408428366,0.042133020367641646,0.14845683565835513,0.041571927077521026,0.08343494508564936,-0.21651334349614976,0.0694061255730842,0.02634251151659486,0.03186511628539086,0.11540764346260493,-0.13505089290685734,-0.1117967926454927
2739,-0.01871206987100064,-0.07682129319427639,0.0345383758077096,0.08031213983387676,0.03561977933453799,0.07516711839081248,-0.2025287886438095,0.06571451592268128,0.06261120434605078,0.05954521616208298,0.115526307206672,-0.12603755910756,-0.10493494618777724
2740,-0.01684252098872801,-0.08072984254566697,0.03212915590984523,0.07840796962674314,0.036236754885710834,0.07504198110941981,-0.21690791256289407,0.10399545767974185,0.02767990095509019,0.040829602897498256,0.0979608457216205,-0.09923002591717417,-0.07857136677120663
2741,-0.028154105162649642,-0.10188412648060108,0.010651108278084178,0.1140355618111229,0.022117945178966203,0.06006600078344221,-0.26479524959016315,0.1736865289651005,0.0024721104280409933,0.03373982073451344,0.06048373091583074,-0.05197797080363571,-0.03044135505805179
2742,-0.020880729012025003,-0.09165551618842878,0.022757451227037248,0.11556170969996712,0.029581283959913246,0.06700198665354223,-0.2284045714454145,0.12926496174622562,0.002447704622628691,0.022992351359067607,0.06686197757467849,-0.06690380975761277,-0.048624800439579445
2743,-0.0009275148532859773,-0.05975426090110565,0.04537741432890483,0.0988688823551808,0.046595276076704266,0.08108475800946002,-0.1637230377715173,0.06832821425228501,-0.03258718292004013,-0.016868160999837838,0.08308894995946964,-0.08160221227279925,-0.0678811252634185
2744,0.0031240760987119266,-0.05498469675676105,0.04973615556323582,0.10789441510466223,0.05060168096163966,0.08500769306618139,-0.15731589565021606,0.0671870468624111,-0.05642079385901791,-0.03448511020477691,0.08791163824488078,-0.0807999104473028,-0.06745629898364819
2745,-0.006770228572596051,-0.07448692996996707,0.0401152969683201,0.13589057676202904,0.044308045679682065,0.08180996583126456,-0.20210743055099398,0.11225602531244647,-0.05283862342061175,-0.020979347498282876,0.08825472144815227,-0.08271229079918226,-0.06273978119026062
2746,-0.013429025959275191,-0.07644447644962359,0.045377245451447404,0.15247907029941102,0.04507859807880527,0.08758838165728879,-0.22286567899303644,0.06676879975209135,0.015562467448672571,0.02149879876129227,0.1223903125563532,-0.13265338510918548,-0.11135110749424108
2747,-0.017623570048514645,-0.07600996587518609,0.039674333194035925,0.10549243758209137,0.03906685663610658,0.08009270020348228,-0.21718371933611735,0.05736868390126707,0.06325819078034618,0.05773237227089541,0.1216969679465159,-0.1374965757518803,-0.11606871150304217
2748,-0.013264330887637064,-0.07803462730562874,0.04117335794541971,0.11945968392462608,0.04313057462522745,0.0841245463000835,-0.21358396312793348,0.08641232757857613,0.008943591637957833,0.022566657486014916,0.10619598683063981,-0.11399166481934114,-0.09313214018800495
2749,-0.009831766990021888,-0.060993550858730115,0.020158758563639172,0.12406263583763032,0.0351483756207952,0.06976519645215772,-0.2501788412710952,0.1595605832083874,-0.046596811735691704,-0.005898661240979542,0.07311919985267762,-0.06509483403092205,-0.04322028340784715
2750,-0.015275900522869366,-0.08648995207924849,0.03015781263457197,0.12449480039230199,0.036236249987164085,0.07431958298948473,-0.22207588805297276,0.12719184750046988,-0.028073476822367247,0.00047226080688955334,0.07914569110050576,-0.0693225319699078,-0.05078049596402239
2751,0.005440066418744254,-0.05340185545982951,0.05451744895624201,0.12741317856393414,0.05466764753046745,0.09023400246837386,-0.1562307937002886,0.0609553183604123,-0.0588900996305473,-0.03782606617889427,0.09334325683767981,-0.09759977589370844,-0.08262232827258566
2752,0.00872449855500403,-0.04938426904237639,0.057229948332709155,0.1343221893666767,0.05736296880389631,0.0925014786095612,-0.15091527472539598,0.06335092631589317,-0.07556556413917169,-0.04972067904637014,0.09269532260974528,-0.09860785296762634,-0.0819936926725452
2753,-0.009644609371905137,-0.07717531587025024,0.034492171095257936,0.12901134042929355,0.039879101072750694,0.0763990069879839,-0.2055279103037455,0.12089291738271504,-0.04099389053242296,-0.010493218338077837,0.07837933117746111,-0.0782951632890379,-0.05692376044002269
2754,-0.013324799517948174,-0.07590368480954217,0.04302887519283741,0.15034124690611086,0.04367303504828024,0.08505855813282182,-0.21136494203920392,0.07130851303781596,0.02185356390150929,0.026295031401183805,0.1167454467623886,-0.1410443829447567,-0.11666646107149684
2755,-0.011061327931076477,-0.06806680919185028,0.045999754939210706,0.08780855520062283,0.045329814953564584,0.08622066905014523,-0.202745756681562,0.05778396594379439,0.04476690921029044,0.04188333790278237,0.12516893188686223,-0.13721220860953046,-0.11587583667325349
2756,-0.01135862053426906,-0.07565560632574098,0.04131678343924633,0.10999977036810235,0.0439733362133193,0.08424958931557458,-0.2094456959661562,0.09174513651441672,0.0011327787907698796,0.016595155522761737,0.10645039602522764,-0.10989409060515706,-0.08910893275809526
2757,-0.018049406646047202,-0.0954317865566901,0.027030521590785787,0.1293962289253674,0.03610520654521112,0.0765057662786838,-0.25220068741384627,0.16571520896039574,-0.045370168385727834,-0.003923387208415927,0.0779049269945055,-0.05969648598071721,-0.03798593710350501
2758,-0.01801760300781749,-0.08845934037660727,0.025385955750847067,0.11738471429260831,0.03230055687748013,0.06963048895673285,-0.22564059936736924,0.1326465494122497,-0.01696224665098453,0.009586517611702254,0.07193178294407292,-0.06396436101382429,-0.045822415429090636
2759,-0.00048768346941285357,-0.05852659380899376,0.04638373486924923,0.11063287813848592,0.047407787964284964,0.08213839593469774,-0.1632854690606609,0.06465023822069323,-0.033598933285473025,-0.01829546536060422,0.08387522733938474,-0.08705756425643442,-0.0738365532252166
2760,0.0036690422919687165,-0.054434040586291484,0.05096093978145667,0.12492918559481538,0.05156160662248125,0.08622901949318754,-0.15646598687842314,0.06345569286182495,-0.05849042800332988,-0.03685660766174965,0.08558884202792807,-0.08704319721209926,-0.0731040683317691
2761,-0.010036136570342363,-0.07770819511144197,0.033716397781312045,0.12627354249455713,0.03926667602383978,0.07565183014372508,-0.20558793118652532,0.12152141647226333,-0.043637158082949,-0.01201484243795325,0.07625849190047043,-0.07187508008280404,-0.05182901134415205
2762,-0.01842720919899456,-0.08089008898468537,0.03428951166279672,0.13465968558647176,0.03676058596290668,0.0770746070561076,-0.2236849947319524,0.08405057226258619,0.03550961427288534,0.04022304441477899,0.10149430929148791,-0.12199700758608784,-0.09906263000830098
2763,-0.019572198937178188,-0.07461018788338986,0.03263721339755339,0.07042480253352702,0.034343367674204366,0.07369209529756503,-0.21863019120031535,0.06862324327203476,0.08392593858472171,0.07517237909527262,0.10503162616317287,-0.12626822676464536,-0.1047698612325229
2764,-0.013685244354835861,-0.07541836567865423,0.03540800013437687,0.07177751841722535,0.039688836816639025,0.07881779607568477,-0.2159840146818726,0.10100370115238881,0.022803378844918013,0.03555477633240463,0.10093866360078643,-0.10096864676359549,-0.07993639989546573
2765,-0.0190560891563534,-0.09272947413104973,0.021610194201531797,0.12372448332216703,0.032274074126292886,0.07089129142648747,-0.25491699472754564,0.17782308866924276,-0.05076328060895212,-0.005765280122355146,0.07064337778282109,-0.0477515217599925,-0.025983869022294794
2766,-0.014372565282195864,-0.08246803370468872,0.027507969786611637,0.12145434296771458,0.03501179370940976,0.07175250353702431,-0.22263923184135134,0.13861246084144868,-0.0396583699808494,-0.005907581703762017,0.0701820123116896,-0.059121704777722765,-0.040353595863328554
2767,0.002419947675830896,-0.054160883296277426,0.04810362246855365,0.12568118813436632,0.04956302725733936,0.08381319489036132,-0.16064953081523833,0.07039428477137184,-0.05998432129689454,-0.03620207813836545,0.08225167767391657,-0.08224754165253687,-0.06898258767242739
2768,0.004767186800239169,-0.052526367190038455,0.05143243785398134,0.11878904553304895,0.052277389263017456,0.08670396957831224,-0.15565030457998938,0.06697194100433222,-0.06421023329911453,-0.04023507033619375,0.08460611246972888,-0.08282265209985262,-0.07010345499747149
2769,-0.014591790064740174,-0.08140278459930227,0.02806819375057725,0.11964881805680311,0.03392353600719633,0.06981689694528234,-0.21137657783416114,0.12286577340315058,-0.02834290864351217,-0.00047015825258554214,0.06979429361948583,-0.0625476863639341,-0.04538560602426024
2770,-0.016868553441679115,-0.07775261928526275,0.035948153117101644,0.1342754192983571,0.03809095487556456,0.0780527680518534,-0.21793699642107364,0.08314494989330748,0.023231565009925507,0.03132694981913249,0.10229433203006896,-0.11766280082274204,-0.09614412212455348
2771,-0.014019763129626514,-0.06884245896550877,0.037504823347333446,0.07614789722221821,0.039338747737365745,0.07834512614384738,-0.20453880045942235,0.07523479967931,0.04410434851748859,0.04784218664533415,0.11132554126631937,-0.12193277407171232,-0.10050967393294688
2772,-0.011921572340358242,-0.07515110591656295,0.039109894689089625,0.09072047455995845,0.04226399119466831,0.08189653657069379,-0.211980073220945,0.09826741904269026,0.009435565323649506,0.025015517194163887,0.10276575315944794,-0.10544295827166272,-0.08497944198483283
2773,-0.003028433504013813,-0.033987034915266424,0.027735173137522065,0.130367816605471,0.042459319892291965,0.07739934832174468,-0.2437784081367664,0.15613218924393776,-0.07969863814437553,-0.032239941202033044,0.07649216195899715,-0.06971470961995688,-0.04813884363755263
2774,-0.01278260876739444,-0.07872633448201959,0.025733266553364574,0.12407074053235291,0.034538727223856244,0.06997766758320556,-0.22247106792215365,0.14704227216594015,-0.055687432933110154,-0.015617223621264149,0.06734613869609823,-0.05086494534215704,-0.032559199686718894
2775,0.005986063189807844,-0.0502248509293962,0.051705473836726544,0.1282411282552413,0.052299125310882565,0.08582504873095634,-0.14894770987602876,0.06442286974902027,-0.06275716542512177,-0.03943653390775926,0.08379570286035565,-0.09340626615378275,-0.0775028856409017
2776,0.008232365901035595,-0.047614568276807046,0.055190132473449297,0.125023451358225,0.055186306135593576,0.08908875663092748,-0.14427307246764476,0.05870450615011746,-0.0648482825156164,-0.04228826217647872,0.08726395587541241,-0.09781841237130265,-0.08184687671691114
2777,-0.004957587625332512,-0.06788080342647175,0.04029043506658484,0.1298294947512844,0.044002769576620006,0.07990457864180908,-0.1875795812787981,0.09829440733124117,-0.042493708408885056,-0.016798646745821263,0.07989332719563529,-0.08557574759529785,-0.06692893748256822
2778,-0.015497183264381997,-0.07161827824643266,0.03487815611186379,0.12108100060971372,0.0362847874003437,0.07402890544564424,-0.19438360107720698,0.06211464194258975,0.038576837030283084,0.03897154962048865,0.09399781690376482,-0.11864787587662089,-0.09978675660004907
2779,-0.021257489472437267,-0.07190246625652627,0.02583450388557062,0.06323321447821023,0.027234237208627273,0.0624988847645891,-0.18923478589818826,0.05955291787367535,0.0851695434245643,0.07580739413775606,0.0971674723017125,-0.11643489051424627,-0.09766853593330725
2780,-0.009457155406206712,-0.06790593980692557,0.0400605349167588,0.0731775041646489,0.04147319543783571,0.07842678290259071,-0.19033938832901656,0.08583521415744734,0.00957657060083226,0.023684485671518395,0.09657669143854986,-0.0997637901297927,-0.08134470561824045
2781,-0.016539884719034153,-0.09067288738900794,0.02464212357069988,0.12735333437309884,0.0351614006425179,0.07401944390701358,-0.25233165036406674,0.17512867326775663,-0.05831099624535861,-0.011701764948187992,0.07243087416331614,-0.050344847738846434,-0.02883381851990146
2782,-0.007646203717493233,-0.07385594747048531,0.03555720687647351,0.126443568025123,0.04126068134162762,0.07739683555753889,-0.203071486726758,0.12267893267305963,-0.061281045827191745,-0.025442767814260116,0.07490832591018844,-0.061754446683801346,-0.045193652144021414
2783,0.003934793267835578,-0.051466111920190884,0.049011916602893175,0.09962809387337267,0.049861931088079535,0.08314619331923032,-0.15090850673052367,0.06427484069931545,-0.051915819640965345,-0.030413526896392474,0.08111597779547534,-0.07921496216905946,-0.06705481928907017
2784,0.0024812168251368656,-0.0533656982616655,0.0473091705400416,0.08623095231190848,0.04812930516835227,0.08120776856921083,-0.15104973764812796,0.06362191923424473,-0.03878842276120452,-0.020563054701349424,0.07919157118334083,-0.0782742271158345,-0.0661307633440537
2785,-0.00718040912382696,-0.07090840430593852,0.03921663488990598,0.12555751485752106,0.04249550921114475,0.07884074463938028,-0.1887910576784946,0.09184443364415593,-0.031798106197904095,-0.010262918933747466,0.0780476159018767,-0.08143079378804609,-0.065630763116027
2786,-0.01827860333503799,-0.07439084034267486,0.03196427022416763,0.07747524717387978,0.03226828557361602,0.06916937437205327,-0.19315200925941278,0.06834879055998677,0.06376552878356648,0.05956335205773787,0.08982995148137897,-0.11265999684822438,-0.09390335044103673
2787,-0.030338435133462273,-0.07913746718950077,0.013968947284166497,0.05004683560405692,0.014822176814876539,0.04779841284878038,-0.19674527848271348,0.07293293245058541,0.10989763207494868,0.09818243956419412,0.08271675835565888,-0.10147290255984606,-0.0826720516317449
2788,-0.009329027939163823,-0.066989827410658,0.04154976935716737,0.07590794043459005,0.04245886184582071,0.07989220797025391,-0.18996938337582472,0.07982156617016024,0.01385088656560947,0.02500790494101573,0.09990834785101549,-0.1052435468324957,-0.0868656995774907
2789,-0.015722583990889848,-0.08827993378681316,0.02434616854660207,0.1280774466876838,0.035530451380149736,0.07413240799171224,-0.2524593003347408,0.17501874240730847,-0.059995455938264414,-0.012928783397053644,0.07301067053547156,-0.05115695959982801,-0.02957287050133822
2790,-0.005562329184069404,-0.0699038919483416,0.038221723595684834,0.12884346881144615,0.043700560576290126,0.08006135134423074,-0.20074221629717842,0.1188190911200334,-0.06664488210945192,-0.030262179046715753,0.07757284181685584,-0.06537371661653948,-0.04872982206224469
2791,0.002725871854961935,-0.05348481575712014,0.04781758647372498,0.1272233088338312,0.0494682695005255,0.08345672780569875,-0.1602341311353667,0.07218276334552501,-0.06387704101466635,-0.03848388748992652,0.08133700702050967,-0.08078662613550594,-0.0673450333021914
2792,0.0025855987993767234,-0.054371318436508415,0.048431211956870376,0.12567462413611089,0.049587707575125685,0.08369237691244948,-0.15812540147876838,0.06783383237862745,-0.05758271658736819,-0.034824616106113336,0.08159513776720448,-0.0838933198008564,-0.07060311711615037
2793,-0.014153397907586962,-0.08096371407477405,0.029128212847903193,0.12006044575302681,0.03463976412547228,0.07065880593927674,-0.20922307642864119,0.12054556157803559,-0.02751297642037651,-0.0004946421333458535,0.0706080426646874,-0.06538880240202266,-0.04790422354165488
2794,-0.018108973660072202,-0.07993807913483061,0.038418854887429424,0.1343941086107516,0.03742552219910303,0.0774527091216823,-0.2077929957174779,0.07405614551169844,0.0333861740610933,0.035822266657355266,0.10253584879437054,-0.12409511267432788,-0.10355646865677533
2795,-0.02332091470438874,-0.07976555511533966,0.02999784678072725,0.06983180400790691,0.029655493262130076,0.06799387167547438,-0.2041318992062315,0.06985591142831411,0.08466865216714313,0.0766742838169277,0.10455033077210468,-0.12344670424178171,-0.10256312064298652
2796,-0.013640407659147646,-0.07834315316123366,0.03856654590133611,0.075683267421785,0.04119155391794122,0.08114600038660137,-0.2113914525678439,0.09759429356662928,0.019967607040186564,0.03286130429330074,0.10466886633140966,-0.10462837679467828,-0.08367604867628649
2797,-0.010968617989811951,-0.07744063550336994,0.029847604651955968,0.13321298412469854,0.040539919831225936,0.07926043931135303,-0.2463277554027666,0.16470641212901221,-0.06985635305829971,-0.023037813191727013,0.07914875167984982,-0.06032498998413626,-0.03875994659798423
2798,-0.006085685955743658,-0.07646425797930616,0.03987556519413453,0.13211612336811154,0.045809828487152544,0.08412008163076812,-0.21262770947399648,0.13089739712900217,-0.07269321990418305,-0.03292775116875194,0.0819971268808366,-0.06602578345777052,-0.04799171475025383
2799,0.007718484303234472,-0.050337971785265986,0.05621648013876965,0.12298339130994905,0.05659339097886827,0.09193781351287153,-0.15422168967140001,0.06395436497429789,-0.07390339165113317,-0.04787093203962248,0.08997078168749063,-0.08811021144954871,-0.07493051030851113
2800,0.006848558713293726,-0.051260204970681275,0.05451890868442282,0.12482297328598942,0.05497500702462209,0.08979043369908514,-0.15273822429478134,0.06509300059202319,-0.07458991287005022,-0.048247331733476034,0.08769257759235229,-0.08479615686986422,-0.07210962885293554
2801,-0.007513931133840524,-0.07450866269916953,0.03794264116021474,0.12927991373265973,0.042794669903750075,0.079827937701852,-0.20135048264641459,0.11494440575931779,-0.05357410135488489,-0.02163353579201687,0.07959073025704985,-0.07152536100861004,-0.0542742238799079
2802,-0.016549373258656887,-0.07797024214259932,0.038201994442147925,0.13742417526895684,0.0397302133159371,0.08072717342977807,-0.20927980200964694,0.0703807984275231,0.03526607587209824,0.03742781219030027,0.10501540045082566,-0.13081954330374157,-0.1095546826829224
2803,-0.01671922412859217,-0.0726122006923914,0.03620470684517016,0.07870901296590696,0.03850715887120954,0.07864828183219444,-0.20122389957323467,0.05756297367081105,0.07740749861041311,0.06703101060328973,0.11321921811645279,-0.1390635081997753,-0.11767102892145416
2804,-0.014829558851119454,-0.07671333150030697,0.03671562149561245,0.11918884043248501,0.04030081689633743,0.08050136881411711,-0.21455904554014463,0.08706653348980258,0.022364221566595066,0.03168660796544793,0.0991659463601345,-0.11599584985303656,-0.09489217127592442
2805,-0.010881584473395968,-0.06935514058437453,0.024566562041145462,0.12713909366028667,0.037438544198620465,0.07417810478694396,-0.24914962612220962,0.1637548693844958,-0.0559781995118246,-0.013204494992005825,0.0740688384789076,-0.06207685965563455,-0.040500107210955066
2806,-0.015822184479916738,-0.08141490499734552,0.0273421856772547,0.11904744218861028,0.03434932458686316,0.0715867212143411,-0.223250212828262,0.12542715697885723,-0.015379649853873896,0.009420496981567045,0.06963192822363486,-0.06978219518024803,-0.0511561085114823
2807,0.0015804775773942085,-0.0541163719373991,0.048161811559433075,0.10854053374591612,0.04923126933869355,0.08379175881794473,-0.159900115898857,0.06210190676291409,-0.03772935702104855,-0.020704314907013452,0.0816725831133793,-0.08804509655973158,-0.07458508459162537
2808,0.002497607552228466,-0.054703895045445615,0.05015003572603181,0.11287135503852626,0.05060752795819388,0.08541122167507408,-0.1569525064693478,0.05891837386205648,-0.03995391921817542,-0.023513439040404885,0.08331397934630684,-0.09070063980557913,-0.07794570157946491
2809,-0.008727247837633213,-0.07549327275963197,0.03684100321358642,0.12772529473470623,0.0416859613053627,0.07878133661140471,-0.20351720343161686,0.11351653028732411,-0.04537562991034221,-0.015646026794123503,0.07860776516073148,-0.07294940790114503,-0.055449102678622915
2810,-0.016397659134816195,-0.07748475471921315,0.0398547287127096,0.13548303427780825,0.04046019809457314,0.08158384012041461,-0.20623764824996882,0.06395037515998757,0.04107624485106842,0.04000375763437813,0.10865513323921498,-0.1359346189100781,-0.11501263107607837
2811,-0.016061749682199367,-0.0702005267734453,0.04208716986127107,0.09522461998878547,0.040287896930759445,0.08078218388615883,-0.18871398177393972,0.03877785376174086,0.07757546486464167,0.06436990679198365,0.12169782385648088,-0.15340867657899213,-0.13241798513324515
2812,-0.008336792161978588,-0.06948787339697955,0.04864998696699959,0.1412349680361212,0.04913506644500108,0.09065459123754017,-0.19880963418728104,0.06584298932976604,0.0009077577221338714,0.011322467116284046,0.11689402004730205,-0.1344669785277746,-0.1135405686271342
2813,0.002100128508935537,-0.04341704731496846,0.03220411603136683,0.13601471843546736,0.04706355520807779,0.0816286061491434,-0.2368909365190032,0.14636325452105528,-0.07826951353512102,-0.03413338970193012,0.08321867354421653,-0.07872106237575366,-0.057161102951486374
2814,-0.013855042943481744,-0.07808961142692779,0.029845375562414837,0.12237792107472198,0.03666400661424162,0.07410008521846795,-0.22100731374550636,0.12124553546689461,-0.018407761380168176,0.00544216432611129,0.07383673811169922,-0.07518441175944077,-0.05696768511902678
2815,0.0017553445338183496,-0.05263831357106263,0.04868077814618746,0.11125287148746703,0.049653439816037086,0.08436502921597282,-0.16065999134641099,0.058297017562137156,-0.03302647234226113,-0.018056067452460252,0.08371548402197988,-0.09327773900496807,-0.08006138106643661
2816,0.003576726212788504,-0.05305646153942764,0.05142161789108268,0.11376322774919995,0.051804650974901126,0.0866828047805903,-0.15628935996842427,0.05797393133872577,-0.04353088173472753,-0.02661318850907624,0.08546908763249257,-0.09210072396254324,-0.07910143086558194
2817,-0.010503763642304714,-0.07724975318012568,0.03688103742390367,0.12787783795776422,0.040893189313267304,0.07856182864306452,-0.2038274919219888,0.10350469854712592,-0.02623940594859795,-0.003923160641670726,0.07991990820618582,-0.08198356772012158,-0.063911357036502
2818,-0.01312041132465818,-0.07369524939709914,0.04846615030684455,0.13336095884278432,0.045408547112894077,0.08723431599183781,-0.19962036478514145,0.051432727227273836,0.03593321858541543,0.03330339418634367,0.11936604974237253,-0.14466690715718653,-0.12340242933168076
2819,-0.010478570526138972,-0.06509257817402751,0.05262132714344583,0.10281537012181609,0.047454585867359,0.08868888583429692,-0.1853112291949994,0.03317457900071877,0.05131217833293958,0.043694296397094726,0.1334481261275361,-0.15665144592267796,-0.1356755250073629
2820,-0.0072801128520514295,-0.0675298695267211,0.05325187629130217,0.14906926911975016,0.0504991995414421,0.09198033630576602,-0.1957604356442147,0.06123982847065906,-0.008950759817933057,0.002822994019120424,0.12265111085904598,-0.13630615292438705,-0.11568728384177836
2821,-0.01595660211091918,-0.08512567246231452,0.03142950448645131,0.1358721374888699,0.03869336243530857,0.07929196446611035,-0.24660113692872637,0.1422461131538514,-0.02691384934667106,0.0036177541235189693,0.0846569554270838,-0.08133792729208067,-0.05987260344048263
2822,-0.014481615158849635,-0.07865078722333214,0.033362216505015835,0.1264769067622524,0.03804501613936472,0.0767057831554815,-0.2196857633218484,0.10349692931935463,0.0027996991505704074,0.01858151577562348,0.08102988973190801,-0.09292517192768789,-0.07475461890785295
2823,0.002393050035025522,-0.05154853059223956,0.05005936636255376,0.10374173003295885,0.05069076462574926,0.08564163365602241,-0.1594509262858657,0.05377501183565355,-0.025644797555257937,-0.014469832982773387,0.08716007030128238,-0.09772825387978087,-0.0846192855533282
2824,0.0037932320648261476,-0.051705026960383656,0.05088525119810263,0.0990534721306038,0.051559552612259536,0.08614643703233989,-0.15639103609020621,0.059550483606995205,-0.04069521242405954,-0.024687955847866455,0.0859912191027144,-0.08840367756951081,-0.07509673885581497
2825,-0.009296557393833503,-0.07461557748704686,0.039175608150694506,0.13013877887060882,0.04267690509954151,0.08073403098704769,-0.20359415791157942,0.0973723061885708,-0.025126679272912896,-0.005122215070537595,0.08265421686346754,-0.0863140699663501,-0.06868258905767056
2826,-0.015155679570207461,-0.07465625917982167,0.04639504528541616,0.11893161889127944,0.043854780221096366,0.08622898298846025,-0.21245998530740562,0.04838109502476013,0.0643704352696822,0.0524943221188814,0.11967807864846805,-0.14958397433408013,-0.12847846005652905
2827,-0.014817013633539742,-0.06965728653021856,0.047837858412861,0.09643274369779177,0.04349878941333764,0.08525125954778272,-0.1970361884016627,0.03363562291473161,0.07958663972488121,0.0644431810166454,0.12737684578322442,-0.1590806260750947,-0.13747182587073986
2828,-0.006135485416839756,-0.06848836200841639,0.052770434578071915,0.1386307460838701,0.051685561306696735,0.09337098120498305,-0.1968659739316744,0.06883359254783421,-0.015637652160021356,-0.001065036681469796,0.12247690480291516,-0.13021034728803946,-0.10936536303790989
2829,-0.016466878414385204,-0.09230212682300652,0.029872169135880033,0.13286685949001864,0.03783923408734471,0.07827977359813584,-0.24898453323326436,0.160546747276666,-0.0496648928010962,-0.009051849836053285,0.0837813824043419,-0.06409553433979331,-0.04262035054478836
2830,-0.009115073169757,-0.07591868196317911,0.038987717634440165,0.13438215286663935,0.04341299086838622,0.08212920718904122,-0.21479903623861873,0.11349838629871782,-0.03747792908775011,-0.010277213507914093,0.0860952880690842,-0.0847242501515451,-0.06619355880754495
2831,0.007688193147183439,-0.04364906479860524,0.05522004698872002,0.09359158218288452,0.05479903632869064,0.08882215393744593,-0.1469695620543335,0.0491495785305006,-0.041267824995941116,-0.02691331174822724,0.09159343899246226,-0.09728712646073746,-0.08477714005004279
2832,0.008471053396911472,-0.04450753873748094,0.0560916048442624,0.09611190875277215,0.055513630160255074,0.08947200756130536,-0.14474989684216635,0.05213636348285911,-0.053865268447671255,-0.035742706420318335,0.09049186018378705,-0.09109998721467094,-0.07832303071984469
2833,-0.0023316387677472334,-0.06486611121979387,0.047789542980451974,0.13438248683440646,0.049248129405554626,0.08677096275408297,-0.18371912744945343,0.0796956532093788,-0.042087035976628016,-0.02129183982256393,0.08929188907608952,-0.09495451750981171,-0.07792839351396615
2834,-0.0031255425721325976,-0.05952653077761107,0.05884344326759156,0.10599036810526857,0.05436333828846163,0.09546294220692716,-0.18318400533368984,0.03599356900072093,0.016132038280667487,0.014405792803571927,0.12904438933591927,-0.14164091567715562,-0.12275888692853927
2835,-0.008306616657999383,-0.060121277157284714,0.054550867260782114,0.10503344730455264,0.04763530472752571,0.08736357074058508,-0.17035180065062153,0.014855122672424071,0.050290593005146524,0.038418198929852695,0.13362179719803757,-0.1557691832365393,-0.13722002413646123
2836,-0.0005443576248420103,-0.05866810806860862,0.059198294388034214,0.11873767137423606,0.05550577630059585,0.09551497474930741,-0.1749605251362452,0.04841721760981246,-0.0181187976144375,-0.0069517435886893575,0.12725731294209855,-0.13206320481342565,-0.11332451051783608
2837,0.0023257633771716197,-0.04763169248689687,0.03665769036663856,0.14539455148764568,0.049513911131633045,0.08551389429823582,-0.23743645103617678,0.14276052802406958,-0.08421484357455895,-0.039583886819722754,0.09265835980318737,-0.08394630453996678,-0.062011520031259655
2838,-0.0009314988350248181,-0.06517334709851273,0.049845068781522894,0.14428155006676857,0.05213815677682402,0.09089527549936696,-0.19398435563860641,0.0918258836503214,-0.05943064482242058,-0.03097017112780692,0.09676707253125261,-0.0964995461718327,-0.0787634436118523
2839,0.008897949572919735,-0.044219964574587274,0.05784077741197523,0.09395821473813439,0.056843307958548805,0.09141305326209595,-0.1450521874377668,0.04773975148770178,-0.04569869647243122,-0.030269004251447556,0.09612507783311296,-0.10025599569441583,-0.08732228383384005
2840,0.012511014198898137,-0.04248318722840549,0.061371849063895555,0.10335203379838924,0.060410817973613494,0.09491010058145498,-0.14011905787698942,0.05367331903081409,-0.0773246373541868,-0.05309429430613693,0.09757133494290454,-0.09182048392107132,-0.07895880890318002
2841,0.0027065933048727154,-0.06120002865531174,0.05282806332744906,0.14295376271190535,0.054309149416389604,0.09182227612100073,-0.17813484994277098,0.08690265282573459,-0.07900606014916803,-0.04684581815172537,0.09486913011020798,-0.0889572614595785,-0.07224760945900541
2842,-0.005611907460954276,-0.061151787902402686,0.05483923833967987,0.10498587512333503,0.05057287581381561,0.09058325702612446,-0.17454411134453107,0.034263792101601,0.029086071079317308,0.024533483733593844,0.12470946815821048,-0.145485168671916,-0.12678108599587334
2843,-0.009365491935428077,-0.060564777198873924,0.05331944348043191,0.10060653677489866,0.04648629484337049,0.08599838844288044,-0.1656137382399886,0.011532631465112337,0.06336850165959086,0.047258756941199735,0.13202291900076915,-0.1617538651468392,-0.14329560008712353
2844,-0.00364829800864847,-0.06127043586388275,0.053967701618982414,0.126877027124085,0.051510216828050744,0.09114269697737722,-0.17655589794139914,0.05105673861289048,-0.00721829643679902,0.0017722088635861422,0.11913032054906564,-0.1326548390032326,-0.1141091433200755
2845,0.002295062137882106,-0.029967967085208512,0.03714213001003432,0.14198269463945418,0.05009526366786562,0.08648576951638827,-0.2359873643611014,0.14176029022356576,-0.08928865735016402,-0.043475355073201806,0.08974856145360519,-0.08657645095456284,-0.06421397682455697
2846,-0.0007286559335473086,-0.0625017891007428,0.046876027573790266,0.13792608637863193,0.05081237382516234,0.08859674775573699,-0.19426792525819842,0.09843984528515173,-0.06398373077368165,-0.033597918597157335,0.09200528933763949,-0.08847015381234999,-0.07110619668043519
2847,0.008159081190536844,-0.04601011215712757,0.05640669169091783,0.10703933323693135,0.05682678424340404,0.09201061626785212,-0.15350766296284588,0.05743595547642252,-0.05849419244998456,-0.03787049435209928,0.09529929881688022,-0.09504139589166247,-0.08225390310922515
2848,0.00553975900099374,-0.05055732305614219,0.05355159874087073,0.1113978843229249,0.05388059936784456,0.08881278506998597,-0.15425576975614771,0.05771178419396036,-0.051177510372822935,-0.03235473632734476,0.09000154573646763,-0.09253815987848732,-0.08001245704210294
2849,-0.006123236480629176,-0.07149740857400251,0.04132600542683895,0.1338813241180726,0.04515682293025251,0.08275053124408156,-0.1991469109725154,0.10420160974678415,-0.04676631987500522,-0.019178128272616606,0.08537220429933705,-0.0841531268890545,-0.06582336670154344
2850,-0.014455138855231985,-0.07068123656979974,0.045038589047541044,0.1279305722709583,0.042962450301107756,0.08416348294298016,-0.19850295700511092,0.04717498784513592,0.05206713129516862,0.04542473046518182,0.11675450648135567,-0.14963641315012413,-0.12824070506916233
2851,-0.015579529212193846,-0.06788625167397258,0.04547498923043604,0.09488901261667027,0.041516813828459356,0.0822171588664536,-0.18698514928093,0.02734815150449307,0.08793820917851404,0.06999561597964747,0.12708327623398108,-0.16350337190358552,-0.1425089253679727
2852,-0.012957192093014226,-0.07350117222227441,0.044506820211025255,0.14306701709326125,0.04388330908100865,0.08485792038181032,-0.20385556154143747,0.06412529120478122,0.020560960683142983,0.025980320041188,0.11305640499425822,-0.13511924890286503,-0.11460486893088458
2853,-0.0016003757225297765,-0.046001865978171345,0.03302434283694115,0.13643384777775253,0.04602508705901487,0.08225645593361751,-0.23734156644150817,0.14361097753696897,-0.07217549734613507,-0.030188465626998964,0.08422280332535285,-0.08002786138061371,-0.058237881973690925
2854,-0.008586956875605328,-0.0692775236104407,0.03612098855070536,0.1281744464537498,0.04254858784117798,0.08034330708250463,-0.21455454783609382,0.11342405408291414,-0.032737844692766964,-0.007253564408955619,0.08205489708394355,-0.08443102613532429,-0.06582481753580888
2855,0.002733301886839243,-0.04936545368299483,0.04955566454023317,0.08796670804953373,0.0504455001762917,0.08501248547348042,-0.15953231382136157,0.05576316956694241,-0.01972556013033875,-0.009535675283739957,0.0871967565393739,-0.09664564171351242,-0.08386894160074704
2856,0.00546191628079645,-0.04993836249048789,0.054383353341339695,0.10219987693830569,0.054184811304599755,0.0893488168127321,-0.15379374632367399,0.05316255925031679,-0.03874748735012265,-0.024504977780792445,0.09255742938664724,-0.09870086004611947,-0.08561332932354118
2857,-0.00683282496860001,-0.07145710991918812,0.04298651936726358,0.13837273219205026,0.045726206741163546,0.08411908360135929,-0.1996943020045195,0.09315498302363176,-0.031789720501664315,-0.010843454269674258,0.08957479620010105,-0.0961329213772034,-0.07718398808471987
2858,-0.015813294320234872,-0.07258794639961581,0.045290396714317484,0.11334765406000862,0.04244776377111046,0.0841276491508089,-0.20289254109478277,0.0412648340799469,0.07379549693054598,0.05965758862150565,0.12069945969963038,-0.15554523935255468,-0.13379182186068603
2859,-0.015017458024618882,-0.06718848031003531,0.049489077679923804,0.09960486529574802,0.0438708477606241,0.0856739841076759,-0.18801772952817597,0.013876295317337703,0.09679898188833916,0.07248212831704609,0.135832246589452,-0.17429475425857022,-0.15311000483474613
2860,-0.011899871196423687,-0.0719133258110065,0.04878227255188265,0.1351658777954539,0.04630467884874834,0.08802400599090177,-0.19980645569410574,0.050633617177977035,0.03177719428854638,0.030260649082586938,0.12229033827424257,-0.14516087573664768,-0.12445810557215582
2861,-0.004661709175308412,-0.0584923487970568,0.032439178447996396,0.13861789310630082,0.04399530659782457,0.08078824315647315,-0.2381316479574491,0.14026842497929673,-0.055325604684694024,-0.01869177470337831,0.08762498191605052,-0.08546565374890958,-0.06296528913714612
2862,-0.005832791279189417,-0.06322673703870056,0.04279217382342508,0.13761088163920246,0.04705823932554625,0.08590371346655473,-0.21087650413657935,0.09394740698861263,-0.020481005153323944,-0.0035035357025051225,0.09274764469728373,-0.10790816775564119,-0.08823131887468524
2863,0.003157601942015384,-0.04258897393620447,0.0515922391379009,0.08471597404697238,0.051445202751086334,0.08636126498497662,-0.15855090193181587,0.03682372403763043,0.011004554981522315,0.009702036407923803,0.09381346186321815,-0.12093772522593982,-0.10653845905928601
2864,0.005835884620575908,-0.04403050852306983,0.054546135109955825,0.09507424639642503,0.054278285584809974,0.08927548835267515,-0.15308261017944788,0.04253491715218119,-0.01842231534397703,-0.01192477631365495,0.09545854535885574,-0.11212378795833021,-0.09741950425699887
2865,-0.002402681335161955,-0.06438645604361642,0.048808090456153065,0.14849125716997122,0.05097658138180181,0.08986942815218682,-0.1940994048283047,0.08244787378439661,-0.044136581299458286,-0.02273055589174472,0.09734788049456372,-0.10437446616807318,-0.08581096587271397
2866,-0.013224516452302165,-0.06602254646620184,0.05041089730938758,0.11019307544829536,0.04628311150939745,0.08887898129785786,-0.20229004080685456,0.02697937615877245,0.0829854126221996,0.06393317328270795,0.12993280013933736,-0.16980881695555625,-0.14825090708704056
2867,-0.0221773644487321,-0.07199899210020153,0.042301189347733685,0.10275244228212159,0.036313335776532465,0.07795792100081744,-0.19588753084625093,0.003226085792230513,0.1407725865831813,0.10371211348534672,0.13239746596134166,-0.18529367357387994,-0.16407557926024055
2868,-0.011822491281372015,-0.06990647523694107,0.04999945330774621,0.12339297732927257,0.04674391902261048,0.08876670039635251,-0.20057177344245364,0.04365554732901656,0.04679571188711476,0.04037482883985492,0.1263403571277136,-0.15236338531613186,-0.1314053699627828
2869,-0.009783164128431752,-0.07849513368842834,0.039032449596811576,0.14992459107642944,0.04548808147633653,0.08641512626581,-0.24012819085227477,0.1412919828698659,-0.05670208269368174,-0.019407085597936965,0.09543918130514688,-0.08810767920787858,-0.06496807642176824
2870,-0.007401170950422023,-0.06643824313810619,0.041374544128525766,0.1406670638006793,0.04523524603578587,0.08394604872623437,-0.21308230370901826,0.09765979767682935,-0.01993077390371636,-0.0015582771229926665,0.09063559704573798,-0.10547512510122355,-0.08563240348831364
2871,0.001891952536988726,-0.0485391326991911,0.05117722284293979,0.09442684544175056,0.0505370066735824,0.08568267255190604,-0.15923320310940237,0.04220896651315056,0.0028004442816471874,0.00405389108936469,0.09239211801771186,-0.1159999359508274,-0.10139884818962082
2872,0.00861872576510525,-0.045949939416697595,0.05857206134982422,0.11399409299720319,0.05764193260374245,0.09300124540642035,-0.15070788666170007,0.05243452958135,-0.0551223516782494,-0.03737197850289181,0.09740135042482168,-0.10354306095024877,-0.08896872091867937
2873,-0.004441367338590297,-0.0688769540878177,0.04474329978663235,0.1417868213885168,0.04756564816770229,0.08559783057268293,-0.1963526752186231,0.09799759918856019,-0.049409262940337983,-0.022805123866823193,0.09030255856712677,-0.0926720380199757,-0.07343633619905329
2874,-0.01245694201081112,-0.0714963809967044,0.05069412633355445,0.12155675703892979,0.046535245592285446,0.08867271426419272,-0.19776267668201478,0.04169378882268404,0.05581233624589361,0.04492866170624571,0.1261126873365565,-0.15837004428996623,-0.13592027336084547
2875,-0.01029931764833647,-0.0650358465676525,0.05722153016069322,0.11167352271016605,0.04944968407688773,0.0918127481333195,-0.18376028563404356,0.017592886650787863,0.0674935610540076,0.05038612802402262,0.14190393307821997,-0.17458537182489636,-0.15385317221317538
2876,-0.005386893454170955,-0.06903745832972343,0.05830797734098357,0.15986247519520463,0.05410543953445706,0.09670899118736964,-0.19251452184141932,0.055200332289820034,-0.014103509080033461,-0.004001460480324944,0.13043927943315178,-0.1453675280361119,-0.12421312375920263
2877,-0.0037747926377685753,-0.06946255289082905,0.04343022545220996,0.15130865490331405,0.050605921308367025,0.09104955728412685,-0.23475429878513618,0.14323318906751217,-0.08217344331625899,-0.03770596666629721,0.09896526614559394,-0.08699783778692925,-0.06372392207790488
2878,-0.0068696567479257994,-0.07281466973766569,0.04185824093623811,0.13891553876419466,0.045920771179125096,0.08474607583902327,-0.21181850627084683,0.11125120628793225,-0.04315196253682262,-0.015605058319607276,0.09074994636698253,-0.09165174906393267,-0.07153017669669512
2879,0.007215604043521273,-0.04651386380474563,0.05657430273551554,0.11402221550010261,0.056169139983331916,0.09152721096981499,-0.15423111624797006,0.05298721623342632,-0.04793605796320443,-0.030780488439671416,0.09682007847586861,-0.10539045470700407,-0.09046378677898559
2880,0.008920987889340353,-0.04794070336021764,0.0585430178285099,0.12552080083716494,0.05794326980424633,0.09330855980031558,-0.1504035042471443,0.05755640960989832,-0.06938707427098793,-0.045977694284212244,0.09639968652150237,-0.0995784165157306,-0.08490533961268501
2881,-0.005181091130390054,-0.07211613853316853,0.04189039670206312,0.13623883519723265,0.0457906975997323,0.08318207710825057,-0.19828010929448672,0.1111130298916661,-0.060065807594731964,-0.027303429685995893,0.08619466983101712,-0.08043303998638754,-0.06103009010480124
2882,-0.012705749293005202,-0.07137373312478956,0.04751465968640756,0.13820285663999804,0.04524012003336459,0.08670556123920904,-0.19778453091853915,0.04796316010296217,0.04040295353677887,0.03632309611610203,0.12120025738283727,-0.15159243093084676,-0.13009622047047875
2883,-0.01343916102776806,-0.06742422719831487,0.049213552073355246,0.10400772653408917,0.044310965604660225,0.08534109444058925,-0.18686368538113604,0.027184263455004066,0.07314028716439934,0.05853891347420102,0.1328569070386437,-0.16372213312564152,-0.1431445030520813
2884,-0.01087243779515346,-0.07159019284956039,0.04754014210630595,0.14766106390001768,0.04613481482091407,0.08712012448555949,-0.1993330485530203,0.06141763182147901,0.008268006599948525,0.01617146286266409,0.11815513754897777,-0.1356439013465065,-0.11502880360162586
2885,-0.001813681482822874,-0.04491704570530754,0.027791925050169614,0.1327227028408882,0.042378215106564185,0.07635069572490503,-0.2399562044851152,0.14587423298629743,-0.06263971884707524,-0.02219118613171196,0.08020788041795529,-0.07766589953058578,-0.05614191594416127
2886,-0.012303271652995534,-0.07270322320928793,0.03134981417041791,0.12505542844564532,0.038026788443343035,0.07529154742172108,-0.2195936621448455,0.11352608653860945,-0.012861973068682052,0.008257332929620581,0.078572307120288,-0.08577416793635041,-0.06684300705748414
2887,0.004896364768253797,-0.04757948608611364,0.05190696004551921,0.0972539694328413,0.051951157074728326,0.08592032284210444,-0.15014422000350827,0.05024873760998099,-0.030572890349833563,-0.018467418771209082,0.0885195812488946,-0.09882403606641055,-0.08510904174524746
2888,0.009362762747993436,-0.04557578148635423,0.05730988979194897,0.11003351065427247,0.05670090501538485,0.09083324460249502,-0.14365976424936064,0.05492359270040356,-0.06328373684668792,-0.042152010515364505,0.09157533533324984,-0.09515025557326488,-0.08091769217471585
2889,-0.0011323144789209658,-0.06424167081284432,0.04708242649731409,0.13762256321437646,0.04922303131649011,0.08594853462666494,-0.18212943621180575,0.09093022061881872,-0.0605782980683872,-0.032214350221447016,0.08859543459952224,-0.08862161183405758,-0.07048452924572365
2890,-0.008965415548963816,-0.06175420585417952,0.049746868903479076,0.10116942884338698,0.04582144503687851,0.08484947165625342,-0.1747164687925963,0.03257203880345051,0.050397545547029084,0.041530693855951796,0.12010718521809462,-0.15080288139352493,-0.12995570627525918
2891,-0.015447646978710998,-0.06088367808411634,0.044711325878135845,0.09145018724249515,0.038618894862689435,0.07684596055621595,-0.1692452446799257,0.005679042835623904,0.09880047909742798,0.07398049683362325,0.12530773992018546,-0.1643514106172507,-0.14546614686639298
2892,-0.007996865061432434,-0.06099682549764248,0.04679238199985453,0.10689405708135864,0.04541653255091671,0.08375237910021276,-0.18006076982481103,0.04829046950590685,0.022812339932344074,0.02444365291699134,0.11590629982071379,-0.13210822738679384,-0.11314542513761881
2893,-0.003575282510243534,-0.04573196807910591,0.026301480005211802,0.1310302959977469,0.04049135116584563,0.07440379462648958,-0.2433858718604864,0.14397611321331144,-0.04977098572445903,-0.013304477307508895,0.08032773407841395,-0.08126906691123109,-0.05949311669398462
2894,-0.014293476616378548,-0.07147188643645311,0.032556247738979284,0.12354404911530774,0.03621603727902896,0.07329266228832002,-0.20950994529557998,0.08535012843510943,0.028142350364265916,0.033270031105186594,0.07802065390738815,-0.10690531961281724,-0.08821153227235723
2895,0.00016893553643751127,-0.05125873079609593,0.047214988237166085,0.09022719621000563,0.04717782790648807,0.08114512957778172,-0.1549396520373421,0.04528350698417586,0.004691977948762505,0.007368122709878776,0.08417836970339936,-0.10790850312780513,-0.09334916885285224
2896,0.010664659521269217,-0.04392134730171014,0.0590629291349058,0.10527070611420805,0.0583750499898804,0.09274725337171699,-0.14209917182593462,0.0528564013622383,-0.06465957301663065,-0.04391042415990607,0.09426409788092048,-0.0967242639032643,-0.08192631716769336
2897,-0.0012343385729434002,-0.06408902992441287,0.04789814035362135,0.13849439615485137,0.049867405813822464,0.08706577490168835,-0.18352319783256552,0.08558115835395509,-0.05177703141432682,-0.02719758597170134,0.09105984169231905,-0.09530399234580632,-0.07684154120850138
2898,-0.007778696566622047,-0.06163487470453933,0.053353390006237345,0.10243571698061903,0.048461290128571234,0.08853529854211686,-0.1841653993590598,0.031021113787435797,0.047461449829087635,0.03839432635793689,0.12599604436647838,-0.15117499355630387,-0.1309046658119579
2899,-0.010963428359003805,-0.05828852649709365,0.050090905368995735,0.09817141792775948,0.04378131874024476,0.08246426182750577,-0.16558956229937882,0.007474125932640347,0.07432791019408669,0.055723774964152914,0.13195618449580115,-0.16414847871599356,-0.1449999035797168
2900,-0.0066601022802626015,-0.06160658719743599,0.04951682326966043,0.12369775087938423,0.047336984687975425,0.08600188912290978,-0.17643528856855892,0.04930648710578252,0.004831982373927622,0.011558767306125216,0.11810636350380802,-0.13246447658310118,-0.1131905936202144
2901,0.00038765851313604796,-0.044293421223392845,0.03704803998526048,0.1434859786122899,0.04893373752312403,0.08571713902355464,-0.2359514077687454,0.14050798487418828,-0.07869583984059374,-0.035028472989308376,0.09339236908073961,-0.08969233184030169,-0.06581143394995109
2902,-0.006285873974750902,-0.06498950350601518,0.04133837199017644,0.1335427996157745,0.04493686504884422,0.08246937089197087,-0.20015868856320132,0.08988488823907122,-0.02723526572673523,-0.007518576193009266,0.0889719978114816,-0.0960657816418187,-0.0788906039917883
2903,-0.00012270108033557014,-0.05553542059221794,0.04814394827737963,0.11363071135424241,0.04848012649357113,0.08362736569700785,-0.1619840796352142,0.053304296992143195,-0.016055295332234303,-0.006941310279362427,0.08750968924418918,-0.10447567717663378,-0.08958165396253516
2904,0.0046352397963228455,-0.05195177993533039,0.05268480272549088,0.1248921643721635,0.05290099348139053,0.08780301693619168,-0.15520476838431305,0.05921867840275404,-0.05028872633448297,-0.031009924142391346,0.0882299626253347,-0.09871109820729773,-0.08319856133583259
2905,-0.010032064271145948,-0.07648077668807207,0.03589634071091623,0.12817247414948618,0.040392838806511046,0.07745538934304964,-0.20400838506073823,0.11116330514980662,-0.03242590802332934,-0.006223816627834385,0.07981650348506127,-0.0819910202927708,-0.06173488068094027
2906,-0.012990650512861397,-0.07243603299278815,0.04771811581493129,0.1395783405608888,0.04537539974943771,0.08716037621241807,-0.19736274196087605,0.04870655425142653,0.03875999667770356,0.03541110295519536,0.12242582107342437,-0.15279975098137266,-0.1295465308475272
2907,-0.014495670786784995,-0.0668469653675836,0.045985997021940686,0.10079821708261565,0.04241829395857838,0.08295876700751738,-0.18743236317252032,0.03136546852249187,0.07259316531515615,0.05885957238994634,0.12978698381664916,-0.1585846490761422,-0.1374068167118643
2908,-0.006601390649966456,-0.06787534107949487,0.05405281245808062,0.14567471314114813,0.051964218570732704,0.09397788522763953,-0.19371551287555056,0.05628910418226819,-0.0018153492705922406,0.00675765890028875,0.1234818169886059,-0.14169440700623143,-0.12049620858692812
2909,0.0004067484578958546,-0.04575500385258711,0.03204320023157726,0.13754251418717986,0.04585102982677697,0.08061018613097522,-0.2364771080768633,0.14208154105171336,-0.07246487395780843,-0.03020554640354701,0.08631391118464121,-0.0808877464559922,-0.05905885232396174
2910,-0.011255310449371253,-0.07782164132649398,0.03605059150647163,0.1315921596068865,0.04114344664942664,0.07971381942734866,-0.21719935946322955,0.113466320656947,-0.023227189070300032,0.00030220676110917803,0.08542390116590909,-0.08914964620210214,-0.06903929926260183
2911,0.0023050570359423855,-0.05447601826198082,0.05152740633304077,0.11603626019493515,0.05136214770773385,0.08679339916598795,-0.1593930718769774,0.05467355050812467,-0.030281078107451297,-0.017330989548098953,0.09052648769762416,-0.10344766237552228,-0.08829548847335815
2912,0.007164309695377862,-0.050166808816371304,0.05606740055493807,0.1243505898784482,0.05594840163790521,0.09117749336648791,-0.1523184108767676,0.05898847968813975,-0.060967987156230335,-0.03936745550133654,0.09226056480977649,-0.09929173760915135,-0.08384483967121627
2913,-0.008669317848334485,-0.07533789309969978,0.03676366011404765,0.12832186295899536,0.04152066487970294,0.07843636364061979,-0.20225469921820136,0.11401491863617909,-0.040280550904095117,-0.011843889989437108,0.08021331973507106,-0.08048498803923597,-0.06039945086561212
2914,-0.014475439490167614,-0.07437646680417868,0.04502501909523479,0.14212045377936444,0.043032098157017175,0.08432714420549843,-0.19743222996023171,0.052368369833094626,0.04085446647055732,0.03805099340739878,0.11732816464824897,-0.1498744314077482,-0.12694814193408824
2915,-0.011527946886150473,-0.0650356439413355,0.050563189441231525,0.10111099306560435,0.0461468283646275,0.08714207985556122,-0.17981906265953698,0.02758063542037711,0.06517868720302891,0.05278248500236709,0.13306120756265014,-0.1645317174586801,-0.14265173496974454
2916,-0.004900857143748117,-0.06396862591595946,0.054588968259704614,0.13681025440040442,0.05358464142236561,0.09551545159910582,-0.1875070079025048,0.05097273739672109,0.0022958224560514556,0.009092644823982109,0.1260167413871822,-0.14705708146548824,-0.12544368931781658
2917,0.005677223552257989,-0.02910588139336755,0.032236066935948424,0.13610425896271552,0.04830170508248126,0.0813392953311308,-0.23249635286964246,0.13827860884495732,-0.07271588608278216,-0.03132693021676356,0.08420094648495596,-0.09218208351393424,-0.06831097111795735
2918,-0.012442182985159289,-0.07645328634468904,0.031106318701157924,0.12369814960577992,0.03800440914095188,0.07538058077826,-0.2192120245384358,0.12270930584488475,-0.0260687647273695,0.0007919441230426419,0.0773254303165287,-0.0768702179206806,-0.05796966199427171
2919,-0.0024778103238077944,-0.05816893689679429,0.04377619820956892,0.10040505786510845,0.04529467122340964,0.07999415014467616,-0.1676118083448315,0.06268064382770316,-0.011947635012497826,-0.0019098669555290876,0.08145887133117836,-0.09233519023460851,-0.07915834483357566
