,KE0 0,KE0 1,KE0 10,KE0 11,KE0 12,KE0 2,KE0 3,KE0 4,KE0 5,KE0 6,KE0 7,KE0 8,KE0 9,KE1 0,KE2 0
0,44.29994688587615,44.299946756141026,44.29994716915661,44.29994692688999,44.299946864812824,44.299946854064984,44.29994892205472,44.299946800904,44.29995069107812,44.29994876643556,44.29994685241723,44.29995624948893,44.299955805523034,157.53476335811447,44.309866930495026
1,44.29997849605775,44.299978689396006,44.299978771712155,44.29997833741126,44.29997845158969,44.29997841892379,44.299980990666306,44.29997840787172,44.29998443879944,44.299981345162145,44.29997842829946,44.29999272903831,44.29999217033707,157.53476265095802,44.30989849613666
2,44.29995235699521,44.2999528951246,44.29995258496459,44.299952411877,44.29995234906527,44.29995234640677,44.29995477457624,44.29995215604206,44.29995358382283,44.299952859402346,44.29995241787085,44.29996411739281,44.299963499079304,0.01912978578588768,44.30987242519407
3,44.299750561675076,44.29975045944738,44.299750631896984,44.29975052027874,44.29975054412545,44.299750529752835,44.299752918427934,44.299750432132704,44.29975109865068,44.29975080830399,44.299750620416624,44.299761229349265,44.299760509650945,0.01912496122873735,44.309670606060386
4,44.299744498646625,44.299744838127594,44.299744695843266,44.299744457224115,44.2997444686003,44.29974444575145,44.29974701374004,44.29974434069728,44.29974638585667,44.29974519926635,44.29974451360406,44.29975723521385,44.29975648189262,0.01912951627265867,44.30966452313225
5,44.29998131585705,44.29998125153258,44.29998164126218,44.29998113462316,44.29998125565327,44.29998121241844,44.299984461118704,44.299981114535505,44.299990490815055,44.299985726325694,44.299981225477865,44.300009704852414,44.30000894911945,157.53478463064272,44.309901290253855
6,44.299982880619176,44.29998305619251,44.299983182536174,44.29998272155928,44.29998283184313,44.299982796323256,44.29998556587939,44.299982758226754,44.299989094408886,44.2999859354529,44.29998279884953,44.30000120149683,44.30000059651031,157.53478516940763,44.30990287390026
7,44.29995036299823,44.29995013698052,44.29995065867834,44.299950393504275,44.299950341402656,44.2999503296734,44.29995248646903,44.29995026651833,44.29995310886949,44.29995184439614,44.29995032926747,44.299960487477726,44.29996002784356,157.53478504530597,44.30987040678016
8,44.29994735698076,44.299947330994364,44.29994763474511,44.29994739760227,44.2999473371947,44.29994732656325,44.29994938394076,44.29994726765751,44.29995012862003,44.29994881681879,44.29994732652141,44.29995668067724,44.299956245196874,157.53478486325312,44.309867403629276
9,44.29997820830803,44.299978338897354,44.29997848529869,44.29997804918531,44.29997816385026,44.29997813009152,44.29998071289489,44.29997811991984,44.299983736564805,44.29998085984883,44.29997814121371,44.29999239027319,44.29999184751514,157.53478413437236,44.30989820794547
10,44.299937673696434,44.299938191795434,44.29993774380622,44.2999374891125,44.29993763689961,44.299937602655355,44.299940110730034,44.29993757861777,44.29993643030033,44.29993727274253,44.29993767288288,44.29994834685697,44.29994787412891,0.019125907091634628,44.309857681518764
11,0.15106277543552474,0.15106287301454477,0.15106317400185787,0.1510631376424666,0.15106293742851026,0.15106315265084297,0.1510652543673104,0.15106270939648256,0.15106043002697625,0.15106181512345082,0.1510631802983522,0.15107324183456855,0.15107275396325293,0.01912368855315096,0.1609831445731564
12,44.29994422406256,44.29994466464964,44.299944424208014,44.29994418375844,44.29994420340245,44.29994418829202,44.299946715332034,44.29994408136105,44.29994448442298,44.299944255182446,44.299944263199286,44.29995651318001,44.299955707200375,0.019126541715738285,44.309864266201224
13,157.5326525796973,157.53265274860027,157.53265292937752,157.5326524408712,157.5326525419722,157.5326525093404,157.53265569462528,157.5326524326814,157.5326601103254,157.53265614725063,157.5326525297483,157.53267835759087,157.532677635144,157.53476747319166,157.54257259516496
14,44.299981816911554,44.2999819942722,44.299982129887844,44.29998165793913,44.299981769537794,44.29998173664209,44.29998452652732,44.29998172212257,44.29998721985609,44.2999845540049,44.299981735346925,44.30000073818499,44.300000160737,157.53476809431754,44.30990181266646
15,44.29994754064893,44.29994745482097,44.29994783563837,44.2999475969842,44.29994752230372,44.29994751434336,44.29994963473115,44.29994745058561,44.29994979176086,44.299948819131856,44.29994751169309,44.29995762443721,44.299957183225764,157.5347679730886,44.309867590470965
16,44.29994298313661,44.29994293041225,44.29994324454653,44.29994295992666,44.29994295593053,44.299942937407074,44.29994499369241,44.29994294258785,44.29994547369364,44.29994432379379,44.29994293493481,44.29995234396396,44.29995191463556,157.5347678083372,44.30986301389277
17,44.29996914945078,44.29996919265634,44.29996942431246,44.299969007680744,44.29996910805678,44.299969077193744,44.299971644834876,44.29996907819727,44.29997369634331,44.29997136995234,44.299969083994824,44.2999829994659,44.29998244491676,157.5347671128099,44.30988915462658
18,44.299872130778674,44.29987228772213,44.29987226393809,44.29987206435947,44.29987210474652,44.299872084101736,44.29987466603297,44.29987202019304,44.29987028240712,44.29987143994715,44.29987215465647,44.29988308683198,44.29988251963528,0.019126369914086234,44.30979216118934
19,0.1510261749658171,0.15102618323284314,0.1510269153921538,0.15102681974454493,0.15102649023709672,0.15102690437166252,0.15102883728136543,0.15102615101069825,0.15102125130938834,0.151024124498543,0.15102687275953405,0.15103585939982364,0.15103523232259433,0.0191237937856751,0.1609468067451695
20,44.2999370195464,44.29993716566082,44.29993718996192,44.29993687358203,44.29993698497291,44.29993695700688,44.2999394894948,44.29993691601098,44.299936426488536,44.29993675253311,44.299937036586726,44.299947737775945,44.29994698682592,0.019126890509184473,44.30985703484612
21,157.5291410399075,157.52914127639832,157.52914137854538,157.52914089864038,157.52914100218513,157.52914097179757,157.52914413240728,157.52914088547467,157.52914842806868,157.52914455286552,157.52914099005386,157.5291666612347,157.52916598173394,157.53468714410346,157.5390610558435
22,44.29997930542814,44.29997944934564,44.299979618974014,44.29997915125649,44.29997926002543,44.29997922830673,44.29998200057698,44.29997922175341,44.29998472073482,44.299982016290194,44.29997922669265,44.2999979559818,44.29999735846564,157.53468775010558,44.309899304548146
23,44.29994508668134,44.29994499603115,44.299945371569635,44.29994510944028,44.299945064731695,44.29994505241595,44.299947172939454,44.29994502063814,44.29994780537215,44.299946522771755,44.29994504927452,44.29995503237779,44.29995458717406,157.53468762164638,44.309865128557526
24,44.2999434538468,44.29994339123914,44.29994371915007,44.2999434377137,44.299943427686095,44.29994341037189,44.299945467365,44.29994340718201,44.29994665457261,44.29994508547873,44.29994340720845,44.29995279572301,44.29995236691238,157.53468745129618,44.3098634868378
25,44.29997343765416,44.29997368694751,44.29997371112875,44.29997328463677,44.29997339587643,44.29997336528138,44.29997590702657,44.299973359648426,44.299978214168625,44.29997576204104,44.29997337202308,44.29998725882066,44.29998671340076,157.53468662389707,44.30989344250733
26,44.29992409947776,44.29992393070193,44.299924218264685,44.299923951542894,44.29992406673159,44.299924037138084,44.299926545581236,44.29992399841843,44.29992325344966,44.29992383291664,44.29992410818821,44.29993475262259,44.299934236968134,0.01912595135982169,44.30984411565089
27,0.15135818268757215,0.15135777034452583,0.15135845558967395,0.1513583688409849,0.15135826082283882,0.15135836951232387,0.15136074761053356,0.1513580870426229,0.15135722370396945,0.15135783149790233,0.15135843551767833,0.15136820550911909,0.15136774913635395,0.01912606669013028,0.16127840347025263
28,44.29994245146677,44.299942344896266,44.29994261436958,44.2999423389318,44.29994242419476,44.29994240280936,44.29994491217091,44.29994233727923,44.299944088558,44.29994310805623,44.29994248020383,44.299953686496146,44.29995318162788,0.019126392496722325,44.309862480630585
29,157.5327677626387,157.53276787296446,157.53276807314242,157.5327676006771,157.532767715049,157.53276767410014,157.53277082578379,157.53276759079873,157.53277619256923,157.53277173523745,157.53276769271199,157.53279297100437,157.53279225347828,0.031157566028581312,157.54268775852128
30,44.29998299523967,44.29998316193615,44.29998330952995,44.299982834609494,44.29998294714224,44.299982913693555,44.299985713413356,44.29998289242153,44.29998918504179,44.29998606577153,44.299982911775565,44.300001905550744,44.300001316307316,0.031158162347435323,44.30990298995587
31,44.29994596780469,44.29994588616585,44.29994625048975,44.29994601458375,44.299945948830064,44.29994593975423,44.299947973106704,44.299945889527486,44.29994965916888,44.299947790255686,44.299945936826425,44.29995506169842,44.299954625087906,0.031157997860143834,44.30986601601091
32,44.299946539443276,44.29994638626609,44.29994681857402,44.299946577931934,44.29994651968818,44.29994650918772,44.299948514305804,44.29994646223164,44.299950926197205,44.299948637538854,44.29994650819703,44.299955223480445,44.29995480696701,0.03115782884029962,44.30986658624417
33,44.2999761139077,44.29997634923348,44.29997637435799,44.29997596029574,44.29997607182713,44.299976040380265,44.299978495150384,44.29997603185816,44.299981162293584,44.299978530500134,44.29997604963655,44.299988817294064,44.29998829305623,0.031157030710972516,44.30989611803583
34,44.29993485231379,44.29993448703596,44.29993489865932,44.29993466287584,44.299934815286804,44.29993478103513,44.299937181038835,44.29993475745264,44.299934897424926,44.299934928605886,44.299934853216264,44.29994421926091,44.299943707534254,0.01912477088541963,44.30985485982267
35,0.15146161273676448,0.1514610929683565,0.1514618131195962,0.151461757393363,0.15146166834579583,0.15146175465396503,0.15146394942755323,0.15146163763012085,0.15146170604555478,0.1514616667105909,0.15146180924476124,0.15147051868043118,0.15147013362637357,0.019123533849829677,0.1613817799417959
36,44.29994016398707,44.29994022425145,44.299940266567916,44.29994000670306,44.299940132242334,44.2999401049618,44.299942535257166,44.29994007187907,44.29994199928555,44.29994089874594,44.299940174484156,44.29995046879777,44.29994991658578,0.01912486553249913,44.30986018203355
37,157.53319902381492,157.53319817792135,157.53319900903054,157.53319854185892,157.53319882090685,157.53319861133457,157.53320216021066,157.53319861346853,157.53320738911256,157.53320285180448,157.53319863062617,157.53322892358622,157.53322809079188,0.031198634250819188,157.54311869717637
38,44.29998131127359,44.299981538737285,44.299981618664,44.299981152067254,44.29998126475615,44.29998123239449,44.2999839509146,44.299981218873945,44.29998775133287,44.299984517922724,44.29998122966402,44.299999356235496,44.299998779838624,0.031199235639613316,44.309901308560114
39,44.29994468181715,44.29994447638333,44.299944963793344,44.29994470469211,44.299944659275404,44.29994464647003,44.299946709661235,44.299944618000836,44.29994751776757,44.29994617630368,44.29994464330599,44.29995408517263,44.29995364588017,0.03119910440959486,44.30986472287855
40,44.29994281220394,44.29994278581824,44.299943064616286,44.29994278891092,44.2999427845497,44.29994276526605,44.29994475500221,44.299942768171036,44.299945894044846,44.29994439990409,44.299942763971245,44.299951619564034,44.29995118662956,0.031198944500586797,44.309862842263435
41,44.299976342387026,44.29997665736391,44.29997660311253,44.29997618667648,44.29997629934465,44.29997626605237,44.299978734097486,44.29997625398221,44.29998097810702,44.2999785727591,44.299976276747316,44.299989372352364,44.29998881433644,0.031198240670601365,44.30989634442512
42,44.299934323492856,44.29993444289979,44.299934392691085,44.299934080421764,44.299934279569676,44.299934235977,44.29993663453947,44.29993424050743,44.29993475246223,44.299934544731606,44.299934305420116,44.299943903481164,44.29994338888496,0.019125712421089413,44.309854316247396
43,0.1510319767252545,0.15103201524523943,0.15103250972164692,0.15103251411550547,0.15103222602541413,0.1510325686993428,0.15103444077385184,0.15103189240045004,0.1510315080544167,0.15103172036774662,0.15103254516297687,0.15104168064718046,0.15104106884781154,0.019123671941512186,0.16095251320853735
44,0.15129873049503476,0.15129833444575339,0.15129917149728833,0.15129895888578312,0.15129882067007014,0.15129894998724355,0.1513012951022922,0.1512985264326068,0.15130136506751543,0.15129974850215408,0.1512989841065832,0.15131178638393508,0.151311152129858,0.019126347032732156,0.16121898240607083
45,44.299986297598416,44.299986278974764,44.29998661095968,44.29998610914999,44.29998623219862,44.299986182692344,44.299989606303484,44.299986033535596,44.29999455251508,44.29999026057903,44.2999861990204,44.30002034519884,44.30001938157117,157.53479228517992,44.30990626321932
46,44.29998016193546,44.29998028935887,44.29998044906289,44.29997999808827,44.29998011214965,44.29998007405379,44.299982748538376,44.299980032835755,44.299983807162356,44.299982008000285,44.299980076388046,44.299996583178405,44.29999595486678,157.5347932990252,44.309900153052894
47,44.29995001012201,44.29994996767439,44.29995029136401,44.29995003958956,44.29994998866706,44.299949976635055,44.299952077259206,44.29994991002446,44.299951766942996,44.299951052224195,44.29994997489934,44.29996009204925,44.299959598860305,157.53479264323968,44.309870054036914
48,44.29994985847648,44.29994987807734,44.29995013916919,44.2999499063391,44.29994983965477,44.29994983039564,44.2999518821123,44.29994975853062,44.299953527117744,44.299951661321934,44.29994982907146,44.29995938330888,44.29995890366427,157.53479245915202,44.30986990747704
49,44.29997934245742,44.299979593877396,44.29997961393658,44.29997918139139,44.29997929742061,44.29997926412104,44.2999818376858,44.2999792491988,44.299984530332296,44.29998185723633,44.29997927408406,44.299993828849296,44.299993244080476,157.53479168270232,44.30989934119972
50,44.29995006145043,44.29995059328592,44.29995019433937,44.29995008644641,44.2999500492466,44.29995004215569,44.29995244323465,44.29994986856212,44.29995071523502,44.29995028421521,44.29995010642921,44.29996070663188,44.29996024968082,0.0191250948719161,44.309870119545316
51,44.29988188184313,44.299882039062595,44.29988197568676,44.29988182259218,44.29988186185494,44.29988184556591,44.29988421987003,44.299881755789585,44.299881259237964,44.29988148862885,44.29988193636086,44.29989117802132,44.299890597358,0.019123897984400107,44.309801921224384
52,44.299947327017556,44.29994783539079,44.29994755711852,44.299947353102986,44.299947312389726,44.299947305985484,44.29994977640999,44.299947148567064,44.2999491506518,44.2999479503969,44.29994737022472,44.29995794523962,44.29995736338355,0.019125423411419144,44.30986738216882
53,157.53326422234593,157.53327214195878,157.5332603118756,157.53325984071157,157.53326212243718,157.53325991022425,157.53326561443654,157.5332606590301,157.53326708970943,157.53326378362033,157.53325993235873,157.53328531231062,157.5332845697983,157.53478893605904,157.54317999640293
54,44.29999835747199,44.29999853129496,44.29999866864699,44.29999820386366,44.299998309263536,44.2999982768924,44.300001063188056,44.29999823427056,44.30000244051448,44.30000038187959,44.29999827892913,44.300017077616616,44.30001648830592,157.5347895801688,44.30991835302342
55,44.29995090840589,44.29995058741409,44.29995121972007,44.299950978468836,44.299950891091605,44.299950886254976,44.29995303206258,44.299950802423716,44.29995190677048,44.29995161022708,44.29995088487956,44.29996107760209,44.299960617517854,157.53478946512553,44.3098709621546
56,44.29994835698617,44.29994827641908,44.29994864422259,44.29994841264517,44.29994833798378,44.29994833004716,44.299950392167176,44.299948263308444,44.299950482560625,44.299949542613824,44.299948329404295,44.299957840430146,44.29995736101208,157.5347893148758,44.30986840594806
57,44.29997893355838,44.29997914626828,44.299979210931106,44.29997877480367,44.299978887622935,44.299978854806994,44.299981443763535,44.299978842197184,44.29998263903993,44.29998080186156,44.299978863278426,44.299993331631164,44.29999273058661,157.53478881384567,44.309898931148105
58,44.29995800729987,44.29995838944878,44.29995812849773,44.299957945099464,44.29995798368882,44.299957967201486,44.29996050802797,44.299957849966546,44.299958480623324,44.299958235739325,44.29995802387387,44.2999688255346,44.29996840951582,0.019128959496655096,44.30987804398767
59,44.299911472743425,44.29991195835543,44.29991146564171,44.29991137668714,44.29991144858466,44.29991142708224,44.299913796948886,44.29991135635174,44.29991058283931,44.29991103076136,44.29991150555504,44.29992091170066,44.29992033435565,0.01912464441207829,44.30983150317986
60,44.299949045710406,44.29994953289415,44.29994914324212,44.29994908897185,44.29994903700686,44.299949035557894,44.299951507023614,44.29994886899971,44.299950398500215,44.299949519882034,44.29994910022805,44.29996044707658,44.299959929037044,0.0191290399280476,44.30986911119885
61,157.53322338446256,157.53322623629336,157.53322193991838,157.53322152303255,157.53322251019907,157.53322159178887,157.53322575991518,157.53322185021588,157.53322873011118,157.53322518959672,157.5332216144158,157.53324655376883,157.53324580404544,157.53474629600723,157.5431416774738
62,44.300011945206485,44.300012071381964,44.30001223751404,44.30001179948828,44.300011897504994,44.300011865903976,44.30001464635009,44.30001181699769,44.30001635703806,44.300014127278125,44.300011868184164,44.30003054261991,44.30002995314471,157.5347470364034,44.309931942061176
63,44.299952308390765,44.29995211014862,44.29995261544596,44.299952387911,44.299952292801116,44.29995228968277,44.29995441842005,44.29995219563747,44.29995558929364,44.299953952628805,44.299952288903874,44.29996267400609,44.29996221900597,157.53474692525396,44.309872365762324
64,44.2999513473416,44.29995122985351,44.29995164411668,44.29995142371089,44.29995133247604,44.29995132849115,44.299953391337944,44.299951242621184,44.29995629781036,44.29995367385347,44.299951327232456,44.29996127024254,44.29996081124588,157.5347467769823,44.30987140498821
65,44.29997967521436,44.29997966430605,44.29997995935039,44.29997951805311,44.29997962996211,44.29997959720668,44.299982209732754,44.29997958765224,44.29998673130163,44.29998303753775,44.29997960350988,44.299994903897186,44.299994382630594,157.53474618169602,44.30989967429712
66,44.29997338587196,44.2999739355391,44.299973510189915,44.29997325289494,44.299973356044426,44.29997333115191,44.29997593258685,44.29997324752369,44.299975615589176,44.29997429073088,44.29997337346132,44.29998674872423,44.29998663040012,0.019129348135279837,44.309893408383545
67,44.29994057118379,44.29994110684612,44.29994057809861,44.29994037722787,44.29994053758989,44.29994050566154,44.2999428607443,44.299940480368456,44.29994035413938,44.29994038500715,44.29994056401525,44.29995041401111,44.299950059500304,0.019124298826381062,44.30986058194307
68,44.299957256262445,44.29995780249478,44.299957355355566,44.29995710478024,44.29995722709018,44.29995720357203,44.29995971877037,44.299957150970336,44.29995979564983,44.29995822505784,44.29995726220344,44.299969566696575,44.299969017173105,0.01912909952898298,44.309877280248564
69,157.53324948940912,157.5332488879939,157.533248527779,157.53324808841776,157.53324883868464,157.5332481551467,157.5332520772658,157.53324833297904,157.5332572580522,157.53325260855,157.53324817856517,157.53327376667053,157.5332729509365,157.53474477365526,157.5431682412093
70,44.30009603433229,44.300096206710954,44.300096336343636,44.30009590188379,44.30009598892099,44.30009595893002,44.30009872255411,44.30009589446141,44.300103761416175,44.30009970983028,44.30009596386643,44.30011473027682,44.30011410577813,157.53474541990525,44.310016037688534
71,44.29995862195508,44.29995851144335,44.29995890612215,44.299958578573175,44.299958594120284,44.29995857821703,44.29996072974357,44.29995855033808,44.29996402579844,44.29996114072241,44.29995857961662,44.29996943737871,44.29996896958851,157.53474529637077,44.309878656733616
72,44.299954114667315,44.299954041041936,44.29995440790512,44.29995415768713,44.299954096865946,44.299954089900574,44.29995616541776,44.29995401396605,44.29995929809772,44.29995654219403,44.299954090884036,44.29996383999883,44.29996340393607,157.5347451335306,44.3098741683939
73,44.29998196036198,44.2999820473191,44.299982246914,44.29998179898169,44.29998191398892,44.2999818802758,44.29998449980604,44.29998185799553,44.29998787994223,44.29998477583022,44.29998189069215,44.2999975686875,44.29999695455377,157.53474442587935,44.30990195755138
74,44.29996018260687,44.29996071788952,44.29996030456517,44.29996009337196,44.299960158976496,44.299960140225146,44.299962555333515,44.299960028695075,44.29996106843734,44.299960488474134,44.29996020417273,44.2999716313493,44.299971215600316,0.01912683077046101,44.309880217507434
75,44.29991340538581,44.299913874899964,44.29991343080885,44.29991329492382,44.29991338240422,44.299913360395514,44.299915717056884,44.29991328318752,44.299912686092604,44.29991301667741,44.299913449446755,44.299922889408826,44.29992236541444,0.019124087947222992,44.30983343742111
76,44.29995198768781,44.29995225501309,44.299952112356436,44.2999520439572,44.29995198175033,44.2999519832127,44.29995440847235,44.29995180163062,44.29995377225148,44.2999526263197,44.29995205010679,44.29996284267693,44.29996237031566,0.019126539736524437,44.30987205930208
77,157.53328649555993,157.53328598929636,157.53328492290476,157.53328449929043,157.5332855556865,157.53328456618164,157.53328885350496,157.5332848570913,157.5332922862774,157.53328840137922,157.5332845915893,157.5333108667878,157.53331004601827,157.53476577413548,157.54320465235148
78,44.300037306821615,44.30003747018819,44.30003758783968,44.3000371707162,44.30003726098351,44.300037230386295,44.30003999982472,44.30003717104902,44.30004151171372,44.30003928838348,44.30003723461403,44.300056978803354,44.30005629283923,157.53476648188936,44.30995730698866
79,44.29995668500654,44.29995653733173,44.29995694542469,44.299956662801605,44.29995665921675,44.299956645615104,44.299958810125524,44.29995660593329,44.29995790698245,44.2999574913216,44.29995664653084,44.2999678624067,44.299967362828625,157.53476637466278,44.30987672189902
80,44.29995265897366,44.29995242462335,44.2999529379614,44.299952721175536,44.29995264171416,44.299952636294314,44.29995472864485,44.29995255671892,44.299955359027415,44.29995406620375,44.29995263767376,44.29996265852112,44.29996212959526,157.53476621709865,44.30987271265266
81,44.299981034501094,44.29998129220078,44.29998129563449,44.29998087064994,44.29998098775985,44.29998095406569,44.29998356223211,44.299980936463164,44.29998641894354,44.29998363682673,44.299980964307366,44.29999666181154,44.2999959770574,157.53476560719713,44.30990103073836
82,44.29995826436388,44.29995860745067,44.2999583500941,44.29995821622378,44.29995824493806,44.29995823173189,44.29996075775397,44.29995809480685,44.299958953471275,44.29995858024039,44.29995829575564,44.29996960972843,44.299968986404984,0.019126603755021242,44.30987830904618
83,44.2999081932833,44.29990847332286,44.299908223008806,44.29990809729146,44.29990817146858,44.29990815160071,44.29991051038386,44.299908071965696,44.29990730084921,44.299907771654254,44.299908241469105,44.29991777917123,44.29991718346912,0.019123966596542804,44.30982822838359
84,44.299954953475954,44.299955014850354,44.29995506596447,44.29995495743275,44.29995494232001,44.29995493803878,44.29995736211989,44.299954789618376,44.29995667442015,44.299955656022824,44.29995500485635,44.29996635604068,44.29996577235894,0.01912690375900453,44.30987501429328
85,157.53321857480572,157.53322296958288,157.533216535167,157.53321610182334,157.5332174033006,157.53321617090037,157.53322072128466,157.53321655342154,157.53322365052836,157.5332199655492,157.5332161949723,157.53324263315992,157.5332417809417,157.5347100331609,157.54313625669164
86,44.30000392139837,44.300004068063345,44.30000420794732,44.30000377221942,44.30000387429488,44.300003842460285,44.30000662444178,44.300003801941365,44.30000747949658,44.30000564990954,44.300003845849936,44.30002349788307,44.300022832737,157.53471065306084,44.30992391836924
87,44.299949667615444,44.29994942652959,44.299949949064775,44.29994976144875,44.29994965328498,44.29994965072174,44.299951728916454,44.29994956096467,44.29995010532405,44.29995010665264,44.29994965115099,44.29995964266328,44.29995917463018,157.53471050526244,44.309869726838684
88,44.299946438858505,44.29994633658669,44.29994669374965,44.29994649482358,44.29994642024414,44.29994641237682,44.299948408651716,44.29994635960802,44.29994841168277,44.29994756822845,44.29994641268032,44.299955756218544,44.299955227226654,157.53471033581488,44.30986648847928
89,44.29997572208575,44.299975909276945,44.29997596338362,44.29997557246268,44.29997567997731,44.29997564937759,44.299978131633104,44.29997564967056,44.299979081435225,44.299977459128506,44.299975658574574,44.29998976826249,44.29998909620005,157.53470969168762,44.30989572589281
90,44.29994161958978,44.29994211053707,44.299941649165156,44.2999414722056,44.29994158713445,44.299941560272536,44.299944021656096,44.299941528180966,44.29994157512411,44.29994161782684,44.29994162632048,44.29995169298667,44.29995112835985,0.019125887428432332,44.30986163717298
91,44.29979741039361,44.29979750571379,44.29979739581008,44.29979737816441,44.299797395423354,44.29979738383974,44.29979965634458,44.29979730170684,44.29979665954114,44.299797029463974,44.29979746596903,44.299806723733035,44.299806293308755,0.019123634686415855,44.30971745794068
92,44.29994348960344,44.29994349752068,44.29994357490444,44.29994342266604,44.29994346890724,44.29994345459821,44.29994583379803,44.299943378200346,44.29994402966852,44.299943699098094,44.299943520457276,44.2999547212139,44.29995416497804,0.019125484145862022,44.30986353018162
93,157.53322243104947,157.53322295156946,157.53322113806286,157.53322067530755,157.53322160943802,157.53322074634332,157.5332249970063,157.53322099108667,157.5332270322428,157.53322389283247,157.5332207702576,157.53325140626586,157.5332505792534,157.53327849744088,157.5431408320641
94,44.2999800730399,44.29998018996972,44.29998037085365,44.29997991736187,44.29998002827576,44.299979997131146,44.29998271086533,44.29997999331127,44.299984219770714,44.29998210442741,44.29997999919817,44.29999845278187,44.299997835892675,157.53327912319642,44.309900072916804
95,44.299943425256494,44.299943232151776,44.299943672804126,44.29994343001305,44.29994340102066,44.2999433870909,44.29994545138641,44.2999433783071,44.29994382724226,44.29994392643285,44.299943384346314,44.29995336521974,44.299952895881596,157.53327900267905,44.30986346293514
96,44.29993930888372,44.299939155459974,44.299939533192465,44.299939259695236,44.299939278028084,44.29993925655763,44.29994125992127,44.2999392916455,44.29994021510682,44.29994005627387,44.29993925431925,44.29994840575933,44.299947914072554,157.5332788429908,44.30985933281727
97,44.29997207121579,44.299972209333596,44.29997231501246,44.29997192576446,44.29997202988931,44.29997199986033,44.29997449081114,44.29997200858238,44.29997643453276,44.29997425280221,44.29997200674371,44.2999858795527,44.299985245300356,157.53327820563126,44.30989207699597
98,44.29992335831224,44.29992382509284,44.29992341025792,44.29992325451234,44.29992332844609,44.299923303881855,44.29992593000345,44.299923269888815,44.29992255022277,44.299923193195944,44.299923374959,44.29993428599653,44.2999339165776,0.019133783144098557,44.309843382431744
99,0.15108041007105524,0.15108039670853488,0.1510808613476687,0.15108086857487896,0.15108063422791948,0.15108093182857152,0.1510829536316621,0.1510803736149593,0.15107855631287936,0.15107961284916147,0.151080920117361,0.1510899840710497,0.15108960036456553,0.019125405088980675,0.1610008781544508
100,44.29993301171718,44.299932860538554,44.29993308169494,44.29993286794045,44.2999329805893,44.2999329546725,44.29993543403675,44.29993292415663,44.29993298291425,44.29993303633916,44.299933028763554,44.29994349618146,44.29994286000215,0.01913299007509874,44.309853031789544
101,157.53321327612045,157.53321349232445,157.53321229817212,157.53321185069376,157.53321261544724,157.5332119222879,157.53321599484494,157.5332121049901,157.53321907731436,157.53321547898912,157.5332119460012,157.53324383528036,157.53324289819471,157.53262705135884,157.54313200798688
102,44.29997955590676,44.29997964517657,44.29997985167756,44.29997940184819,44.29997951176957,44.29997948095508,44.29998219156832,44.29997948005043,44.29998457800425,44.29998209057582,44.29997948115544,44.29999860072534,44.29999795559354,157.53262773402056,44.30989955686814
103,44.29994792688938,44.299947745538645,44.29994820069041,44.29994800263634,44.29994791114495,44.299947906354596,44.29995002526758,44.299947833824454,44.29994957977161,44.29994892234664,44.2999479031011,44.299958979993356,44.299958443190185,157.53262764342728,44.30986798243452
104,44.29994692370508,44.29994679656213,44.29994718101954,44.299946970174545,44.29994690476938,44.299946895774525,44.299948953075926,44.29994684472404,44.29994953844359,44.29994832384034,44.29994689375897,44.29995726825907,44.299956719358,157.53262748642376,44.30986697228732
105,44.29997805968253,44.299978231972176,44.299978304929624,44.299977894631645,44.29997801400224,44.29997797981278,44.29998056253863,44.299977979993145,44.299982757323704,44.299980386122286,44.29997798848999,44.29999378342227,44.29999305942167,157.5326267931068,44.309898057285956
106,44.29993276906297,44.29993250687523,44.29993279641807,44.299932576363766,44.29993273227699,44.29993269808972,44.29993525931369,44.2999326898202,44.29993198402743,44.299932652484834,44.299932769725736,44.299944215189676,44.29994364718752,0.01912492507299007,44.30985277661691
107,0.15135258669888854,0.15135212378129265,0.15135276026420788,0.15135278413100586,0.15135267265014787,0.15135278906586005,0.1513550557702866,0.1513525187424252,0.15135173177255473,0.15135231417057143,0.1513528523115918,0.15136325178026397,0.1513627606143175,0.01912346148456066,0.16127281201841395
108,44.299929554750115,44.29992915459152,44.29992957079378,44.299929397328306,44.29992952259705,44.29992949303264,44.29993201462552,44.299929468836005,44.29992966044515,44.29992973475043,44.2999295662376,44.29994154393898,44.29994103181868,0.019125285210694395,44.30984957082935
109,44.30118920763406,44.30118926676167,44.30118953277761,44.30118904603381,44.30118915662991,44.301189118659266,44.30119231764345,44.30118903704672,44.301193580859525,44.30119140384564,44.30118913386042,44.3012195909991,44.30121860212315,157.5347160380236,44.31110919730531
110,44.29997822830588,44.299978186994736,44.29997855201862,44.29997806893882,44.299978182045145,44.299978148157976,44.299980894054634,44.29997813923672,44.2999809013481,44.29997969681292,44.2999781503161,44.29999895234301,44.29999818453759,157.53471677631705,44.30989822557016
111,44.29994510171963,44.299944835184995,44.29994537199275,44.29994511691012,44.299945078145306,44.29994506435916,44.299947190071784,44.299945040133906,44.29994730921012,44.29994635834396,44.29994506121718,44.29995619711568,44.299955621200915,157.53471666815832,44.30986514110028
112,44.29994552489575,44.299945360255556,44.29994577698762,44.29994554736737,44.299945502716334,44.29994549011273,44.29994755796806,44.29994545943104,44.299949237668834,44.29994739382354,44.29994548614479,44.29995528056012,44.29995478729801,157.53471651735865,44.30986556689994
113,44.29997658189962,44.29997677168161,44.29997683309848,44.299976423905285,44.29997653831521,44.29997650643293,44.29997908240049,44.29997650327042,44.299981848547844,44.2999791723183,44.29997650864399,44.29999123495131,44.299990708794276,157.53471588045107,44.30989658369135
114,44.299950368515844,44.2999506805601,44.29995049146408,44.29995039837318,44.29995035446773,44.299950349153356,44.2999530950948,44.29995018067486,44.29995004741698,44.299950267904904,44.299950406327504,44.299962801545405,44.29996225692717,0.019130653502755283,44.309870427384475
115,44.298682086068645,44.29868262449742,44.29868216421236,44.29868205789785,44.298682068453616,44.298682060302646,44.29868465541208,44.29868196996771,44.29868048244492,44.29868147512226,44.29868215279192,44.298692650990795,44.29869194045739,0.019127002677608897,44.3086021348691
116,44.298911822961486,44.29891183840511,44.298911995557084,44.29891177932063,44.298911792624644,44.298911770092815,44.2989143939977,44.29891167514035,44.29891308732476,44.298912462850346,44.29891183049329,44.298925329696544,44.298924854542236,0.019129779455653608,44.30883184669835
117,44.299983486810426,44.2999833946345,44.29998378257823,44.299983306407064,44.299983430312345,44.29998338954411,44.299986626826346,44.299983306064256,44.299988685151966,44.2999860850259,44.29998340015775,44.30001160919138,44.30001081683653,157.53479236662636,44.309903467280215
118,44.29998052955884,44.29998053744953,44.29998080981988,44.29998036483758,44.29998048115224,44.29998044594569,44.29998321124069,44.29998042060217,44.29998274788651,44.29998182084578,44.29998044521741,44.29999896376822,44.299998347281566,157.53479305859636,44.30990052360883
119,44.29994513314591,44.29994489691148,44.299945387827755,44.29994514182045,44.299945108931105,44.29994509488699,44.29994721041058,44.29994506225875,44.29994587028835,44.299945739656124,44.29994509092063,44.29995530733624,44.29995482334189,157.53479295001463,44.30986517173181
120,44.299944070573105,44.299943880177004,44.29994431253451,44.29994405671286,44.29994404372113,44.2999440265075,44.299946087461215,44.299944017272246,44.2999468667871,44.299945531848834,44.2999440232503,44.29995340004684,44.29995293056623,157.53479281763012,44.309864103389515
121,44.29997678892507,44.29997698248158,44.299977064935796,44.29997662933875,44.29997674404794,44.29997671102521,44.29997929161101,44.29997670973398,44.299982150966514,44.299979396144614,44.2999767161331,44.29999170994393,44.299991071535906,157.53479244116266,44.30989678857466
122,44.29994337173893,44.299943923234885,44.29994356261719,44.29994328851345,44.29994334460975,44.299943323781584,44.2999458148955,44.29994324856643,44.29994336908081,44.29994334999882,44.2999433877541,44.29995596987073,44.29995533776,0.019135469651863055,44.30986340229194
123,0.15457198117565546,0.15457251813061695,0.15457208095260971,0.15457199431496396,0.15457197295101516,0.15457197849477455,0.15457431856220163,0.15457193747639403,0.15457157663601842,0.15457179023664344,0.1545720555985924,0.15458294720929813,0.15458234007641092,0.0191242936786593,0.1644920428878326
124,44.29994576678789,44.29994610258038,44.29994586196631,44.299945717500556,44.29994574966302,44.29994573690456,44.29994809968838,44.29994563434075,44.29994822747506,44.29994674478069,44.2999457965492,44.29995794003607,44.299957419039515,0.01913433440204095,44.30986581401756
125,157.53293737236365,157.53293779044856,157.53293750660663,157.5329370330729,157.53293724118006,157.5329371105971,157.53294040865288,157.53293707170445,157.53294255262588,157.5329397954255,157.53293712994108,157.53296817924036,157.5329671774901,157.5347901867591,157.54285719594415
126,44.29998063623253,44.29998063474083,44.29998095567465,44.29998047180934,44.29998058878303,44.299980556119415,44.29998334252269,44.29998054128145,44.299982051765575,44.299981545489665,44.299980555269634,44.30000160084481,44.300000835308744,157.53479084928452,44.3099006321251
127,44.29994542224264,44.299945166912,44.29994570394302,44.299945441360336,44.29994539955309,44.2999453879427,44.2999475013157,44.29994535391082,44.299947880068224,44.29994677789757,44.299945384197315,44.29995589527596,44.2999553814173,157.53479073945132,44.30986546398981
128,44.29994801932134,44.29994785784506,44.2999482787265,44.29994806943216,44.29994800122077,44.29994799338325,44.29995005079181,44.29994793216607,44.299952618352016,44.29995027094901,44.29994799041461,44.299958326560294,44.299957787697515,157.53479059886354,44.30986807003725
129,44.299979069873324,44.29997925460964,44.29997931578303,44.2999789071732,44.29997902497781,44.299978991884615,44.29998157176497,44.299978981410156,44.299984794381054,44.29998187283519,44.2999789961351,44.29999555150244,44.29999483471777,157.53479015786803,44.309899069335636
130,44.2999468813849,44.29994743049019,44.29994695744774,44.29994685894363,44.29994686501593,44.299946852900376,44.29994942852545,44.299946726528894,44.29994678269188,44.299946884984344,44.299946918118536,44.299960358208686,44.299959894346074,0.01915323969921897,44.30986693184419
131,0.15155166495222105,0.1515516043599742,0.1515518665248776,0.15155179284685114,0.15155171456751326,0.15155179559628235,0.1515542114756189,0.1515516509389372,0.15155051272403822,0.15155120773827865,0.15155184800556162,0.15156345240054334,0.15156280374365197,0.019131879950306113,0.16147182196848872
132,44.29993002617062,44.299929647012135,44.299930103660564,44.299929901284315,44.29992999347769,44.29992996510335,44.299932481166735,44.299929907069235,44.29993151741589,44.29993074443221,44.29993003448558,44.29994246676924,44.299941760405346,0.01915229155177267,44.30985004410658
133,44.30015155898696,44.3001515755717,44.300151858173045,44.300151399539,44.30015150722185,44.300151469825124,44.30015468822649,44.3001513819138,44.30015956366577,44.300155435273666,44.30015148226675,44.30017930950233,44.300178584852034,157.53475837076923,44.31007154815472
134,44.29998075306352,44.29998075085074,44.29998103944606,44.29998058652408,44.29998070502961,44.29998066992849,44.29998344624675,44.29998064807845,44.299985500573854,44.29998313956778,44.29998066952951,44.30000060158495,44.29999992804087,157.53475900603357,44.30990074751896
135,44.29994832044779,44.299948162674866,44.29994860216874,44.29994835998,44.29994830024981,44.299948290318504,44.299950404188905,44.29994822669811,44.299950100177135,44.29994938345394,44.299948286727385,44.29995907511426,44.29995853662976,157.53475888409022,44.30986836721411
136,44.29995067613768,44.299950645474546,44.299950956728736,44.299950737218296,44.29995065996723,44.29995065302532,44.299952709049116,44.29995057379219,44.29995431827894,44.299952475577754,44.299950651430116,44.299961219321084,44.29996063498754,157.534758718461,44.309870730142286
137,44.2999803196262,44.29998064158235,44.29998057460214,44.29998015212103,44.299980274382996,44.299980239954785,44.29998281803059,44.29998022666785,44.29998594354507,44.29998301770325,44.299980248131675,44.29999694922844,44.299996181167245,157.534758014851,44.30990031759513
138,44.29994204776591,44.299942527134306,44.29994210846038,44.299941885431814,44.29994201576083,44.29994198716747,44.29994456511736,44.29994194505074,44.29994092365907,44.29994163581389,44.299942058005115,44.299953868020374,44.29995337114952,0.019124677854936885,44.30986206604243
139,0.1515934779371544,0.15159341203726664,0.1515936815550121,0.1515936356862977,0.15159354277364603,0.15159363621570632,0.15159593086250747,0.15159349738184394,0.15159091348146322,0.1515924393584789,0.15159369758129163,0.15160339911786994,0.1516028786348795,0.019123396036370175,0.16151366346064458
140,44.299939821768476,44.29993960204437,44.29993992088489,44.299939667522146,44.29993979253468,44.2999397667458,44.29994221104988,44.299939725901446,44.29993961879159,44.29993975905049,44.29993984799813,44.29995053127471,44.299949941272594,0.01912451375943849,44.30985984446581
141,157.53272771004708,157.53272784050895,157.532728016489,157.53272757022327,157.53272767485825,157.53272764267044,157.53273081836008,157.5327275726535,157.53273437561805,157.5327308695719,157.53272766798287,157.53275661941453,157.53275571317369,0.031297663780594544,157.54264772830592
142,44.29998143761217,44.29998170387828,44.29998172163838,44.29998127621243,44.29998139271684,44.299981360747545,44.299984142763606,44.29998135506505,44.29998487791238,44.29998330315086,44.299981361373874,44.30000345643966,44.300002668974706,0.031298283162334316,44.309901436772925
143,44.29994251195657,44.299942475972436,44.29994275784014,44.2999425022028,44.29994248726438,44.29994247190945,44.29994451208077,44.299942477498554,44.29994246567532,44.29994287236897,44.29994246864012,44.29995325674861,44.299952673319886,0.03129812942323373,44.30986254778417
144,44.29994262611326,44.299942671456854,44.299942875102225,44.29994261277442,44.299942600955184,44.29994258456103,44.29994456999734,44.29994258886396,44.299943983134206,44.29994353954813,44.29994258204934,44.29995263594933,44.299952047185684,0.031297961938405325,44.309862660928665
145,44.299973672833204,44.29997403688642,44.29997392462537,44.29997352466666,44.2999736331465,44.29997360374213,44.29997604655645,44.29997360463407,44.29997645583823,44.29997516647611,44.2999736109686,44.299988520227686,44.29998780111927,0.031297216250229166,44.30989368090058
146,44.299914090323774,44.29991430311068,44.29991418424012,44.299913980923584,44.29991406372732,44.299914038885554,44.29991644633004,44.299913987305615,44.29991141023114,44.29991313221487,44.299914110588276,44.29992534195633,44.29992466398749,0.01912422384585963,44.30983411709835
147,0.1511489157593633,0.15114929985398048,0.15114919379401204,0.15114919111456718,0.15114903779780806,0.15114919864830215,0.1511513017545906,0.15114887721878587,0.15114619225850337,0.15114773072573284,0.15114925476094623,0.15115885570607315,0.1511581832051962,0.019123231294480927,0.1610692167308207
148,44.29993617182649,44.299936410346724,44.29993628477231,44.29993598123318,44.299936138640106,44.2999361081234,44.29993847672361,44.29993609229785,44.29993582937943,44.2999360280406,44.29993618910055,44.29994698412616,44.299946313792354,0.01912415122495365,44.30985618590423
149,157.5332606038933,157.53325672467028,157.53326022204834,157.53325977762503,157.53326023715397,157.53325984946636,157.5332635382421,157.5332599269282,157.53326660345996,157.53326312915698,157.53325987627025,157.53329630166215,157.5332951469723,0.03103717383016838,157.54317993551714
150,44.299980749434916,44.29998103080405,44.29998104652785,44.29998058845023,44.29998070531986,44.299980674086875,44.2999833818693,44.29998067448451,44.29998544635865,44.299983166080864,44.29998067388482,44.30000195049475,44.30000113633867,0.03103780222550863,44.30990074993656
151,44.299945716943675,44.299945715643126,44.29994600248304,44.29994576811103,44.29994569932455,44.29994569176347,44.29994772468499,44.29994564799576,44.29994785127377,44.29994692661148,44.29994568771796,44.29995655792814,44.299955965576665,0.031037671508966132,44.30986576767568
152,44.29994611321562,44.299946177456484,44.2999463886375,44.299946157114015,44.29994609478115,44.29994608579293,44.29994807667456,44.2999460409172,44.29994861628317,44.29994746502009,44.29994608351154,44.29995629530518,44.29995570642504,0.031037517784484322,44.30986616225784
153,44.29997741338079,44.299977704357694,44.299977682529914,44.29997724929691,44.29997736991971,44.299977336834985,44.2999798140929,44.299977341316755,44.29998215720922,44.29997973186014,44.299977342988846,44.29999259612553,44.29999186343688,0.031036821898198747,44.30989741424594
154,44.29993254968548,44.299932438480845,44.299932611592844,44.29993235583023,44.29993251396937,44.29993248021385,44.29993482638657,44.299932467107375,44.29993220285741,44.29993244729345,44.29993254874671,44.29994366344314,44.29994296425164,0.019124159250520977,44.30985255895775
155,0.15144080342483804,0.1514409227984667,0.15144099824485005,0.15144098601629935,0.15144087935054681,0.15144098561178776,0.1514431022682116,0.15144081166806025,0.15143928637869045,0.15144015226595808,0.1514410433916004,0.1514508258015527,0.15145019204192242,0.019123077628947927,0.16136101267107278
156,44.29993892673847,44.29993886599158,44.29993898644623,44.299938717833754,44.299938893574186,44.299938862695804,44.29994123212808,44.29993885364549,44.29993969938602,44.29993922530301,44.299938942063115,44.2999504133436,44.29994969984173,0.01912411066020349,44.3098589401867
157,157.53327428611098,157.53327372883345,157.53327335502811,157.53327292679703,157.5332736597885,157.53327299732285,157.53327701519444,157.53327318072766,157.53328101289085,157.53327693622356,157.53327302398236,157.53331018322856,157.53330898471327,0.031195737406550336,157.5431930833839
158,44.2999805576419,44.29998076222551,44.299980839031655,44.2999804017015,44.29998051374536,44.29998048289676,44.29998319284351,44.29998048089791,44.2999842724181,44.29998250896114,44.299980483285744,44.30000202318991,44.300001197233534,0.03119642558547576,44.30990055864593
159,44.29994976238897,44.299949730335925,44.29995005504757,44.29994985704715,44.29994974952421,44.29994974769201,44.299951860232575,44.29994965662507,44.29995025658396,44.299950273662326,44.29994974484328,44.299961623576706,44.29996098691554,0.031196333442967048,44.30986982370222
160,44.29995021489788,44.29995017036572,44.29995050117011,44.299950284368485,44.29995019892292,44.299950193459324,44.29995226493074,44.299950118088994,44.29995293223524,44.29995162670954,44.29995019191555,44.29996115414607,44.299960515762685,0.031196177935161346,44.30987027009649
161,44.29997963620883,44.29997995079503,44.2999798844227,44.29997946040742,44.29997959082181,44.299979556417874,44.29998212975969,44.29997955300513,44.29998491025318,44.299982223720896,44.29997956284157,44.299996499213854,44.2999956936542,0.031195454292901853,44.30989963367435
162,44.29994017875378,44.2999401194294,44.29994020499924,44.29993997810799,44.2999401436253,44.299940111006606,44.299942634435475,44.29994009191714,44.299940247222025,44.29994031354935,44.299940180334914,44.29995244440813,44.29995185420258,0.019124100586070527,44.309860189813584
163,0.15143708248958399,0.15143710665738727,0.15143722022473358,0.15143725078183254,0.15143715474958444,0.1514372570771262,0.15143950548899424,0.15143709613306475,0.15143594074420455,0.15143661623342236,0.15143731622679854,0.1514480761140889,0.15144750662077597,0.01912314646313353,0.16135728157197063
164,44.299931787340114,44.29993148751765,44.2999317764961,44.29993159671371,44.29993175608089,44.299931726958015,44.299934139183506,44.2999317132757,44.29993296526288,44.29993229392151,44.29993180447875,44.29994371397368,44.299943009825874,0.01912390422831845,44.30985180404371
165,157.53264883241314,157.53264886623938,157.53264915140537,157.53264869687683,157.5326488010022,157.53264877226582,157.5326519428173,157.5326487051883,157.5326567040158,157.53265260284155,157.53264879624632,157.53268115632918,157.53268006778313,0.031012571779199916,157.54256885806296
166,44.29998141438835,44.2999816001512,44.29998171463652,44.29998125169933,44.29998136857455,44.2999813365806,44.29998410751057,44.2999813281943,44.29998532806593,44.29998346784993,44.29998133608319,44.300004292560146,44.30000340265181,0.031013457302522387,44.30990141250965
167,44.299948998875784,44.29994891508747,44.29994927005874,44.29994907512694,44.29994898408299,44.29994898041081,44.29995108483407,44.29994890245285,44.29995055771693,44.299949939085245,44.29994897657976,44.29996061495228,44.299959947644965,0.031013355601278964,44.309869056473524
168,44.29995119477721,44.29995121495898,44.29995145735371,44.29995125466096,44.29995117920212,44.299951173802945,44.29995322783687,44.29995110039462,44.29995539425914,44.29995323240835,44.29995117169742,44.299962187162436,44.29996154666811,0.03101321301762661,44.30987125035952
169,44.29997979331616,44.29998010270425,44.29998003829555,44.29997961997767,44.29997974806702,44.299979714161374,44.299982285159246,44.29997971072214,44.29998554940261,44.29998256734941,44.29997972051151,44.29999700690485,44.299996198215034,0.031012558053895384,44.30989979147113
170,44.29994023050025,44.299940320468785,44.29994026451263,44.2999400296437,44.29994019365524,44.29994015983965,44.299942639641266,44.299940142996235,44.29993980306481,44.29994009107373,44.2999402279188,44.29995266743837,44.29995190168265,0.019124081648772977,44.30986023844026
171,0.151472808635331,0.15147298846802584,0.15147291938450894,0.15147296675889854,0.15147287359601005,0.1514729698910227,0.15147519266779674,0.15147283462218983,0.15147091625931447,0.15147204314854587,0.15147302891905154,0.15148373476316326,0.15148309899784781,0.019123108229452627,0.1613929951434474
172,44.299939512879796,44.29993928516794,44.29993949587456,44.299939307858345,44.299939480503504,44.29993945109374,44.2999419016387,44.29993943599376,44.299940313249756,44.29993986686669,44.29993953043287,44.299951759957146,44.29995110835086,0.019123943494382505,44.30985952852594
173,157.53311126008774,157.5331201174531,157.53310791049043,157.53310746164848,157.53310944595395,157.5331075346464,157.53311283242485,157.53310817988796,157.5331156053609,157.53311171356665,157.53310756049999,157.5331391009573,157.53313798907686,0.031016825266455803,157.5430276203252
174,44.299988355982386,44.29998858819565,44.29998866675778,44.29998820020908,44.29998831017866,44.29998827820655,44.29999106741568,44.299988257151206,44.29999300379573,44.29999070251455,44.299988279125806,44.30001184158812,44.30001093972026,0.03101769587782049,44.309908354107954
175,44.299951330948964,44.29995128326994,44.29995161549766,44.29995142122579,44.299951318858405,44.2999513175158,44.29995343009252,44.29995122512233,44.299952527469145,44.29995212501592,44.29995131516199,44.299963463564886,44.299962821234885,0.03101759405773963,44.30987139352351
176,44.29995104567505,44.29995102669617,44.29995131699667,44.299951120408885,44.29995103127474,44.299951027433956,44.2999530884546,44.299950944148485,44.29995317562935,44.299952245933326,44.29995102538128,44.29996231072619,44.29996167135858,0.03101745171580717,44.30987110389011
177,44.29998032233394,44.299980611163,44.29998056989527,44.29998014843347,44.29998027595241,44.299980241540055,44.299982831435045,44.299980235780396,44.299984929781566,44.29998261716329,44.29998024891095,44.29999771692158,44.299996875388025,0.031016789282173024,44.309900318564296
178,44.29994594655282,44.29994554343705,44.2999460137784,44.29994585690267,44.29994592372245,44.29994590564396,44.2999483957282,44.29994580332587,44.299945516816614,44.29994583163031,44.29994597443581,44.29995818513354,44.29995740024342,0.019124323254681462,44.30986598373767
179,44.298491418359106,44.298491128202976,44.29849142893038,44.298491403019085,44.29849141047748,44.2984914077652,44.29849377892639,44.29849131341502,44.2984901398203,44.29849086907055,44.29849150534569,44.29850203122708,44.29850136491641,0.019123228426362444,44.30841148067992
180,44.29994337289162,44.29994341544474,44.299943413389364,44.29994325353544,44.29994335006368,44.2999433315746,44.299945791062875,44.299943267556976,44.29994454760885,44.29994387161367,44.299943409914555,44.29995502197514,44.29995451394526,0.01912438248168441,44.30986340857273
181,157.53225465420252,157.5322548120469,157.53225496180616,157.53225451599232,157.53225462019722,157.53225458985824,157.5322576957702,157.53225451719217,157.53226137173365,157.53225778952307,157.53225461389627,157.5322843943538,157.5322833750026,157.5345554178722,157.54217467442615
182,44.29998078855824,44.2999810235759,44.29998110742002,44.2999806300568,44.29998074319449,44.299980711119524,44.29998348529141,44.29998070293521,44.29998194649343,44.29998162039778,44.299980712899945,44.30000440263371,44.30000347514568,157.53455624678966,44.30990078709787
183,44.29994725125116,44.29994713262957,44.29994754309531,44.29994732111823,44.299947234393336,44.299947228454414,44.299949357547746,44.29994716038845,44.29994581516308,44.29994702344982,44.29994722615774,44.29995961497641,44.2999589399162,157.53455615567557,44.30986730447583
184,44.29994601759294,44.29994593748799,44.29994627991983,44.29994605353437,44.29994599700865,44.29994598656908,44.299948046076366,44.29994594802736,44.299948531994666,44.29994736199365,44.299945984287405,44.29995702057144,44.29995632945403,157.53455600753225,44.309866063008435
185,44.29997776790628,44.29997801878802,44.299978010429726,44.29997760052959,44.29997772346939,44.29997769041376,44.29998025581398,44.29997769662705,44.29998322148209,44.299980422402804,44.29997769427724,44.29999521780527,44.29999435897627,157.53455541366205,44.30989776760162
186,44.2999395132881,44.299939121701755,44.29993955227306,44.299939338234395,44.299939479604056,44.29993944933693,44.29994194208379,44.299939426315795,44.29993975251062,44.29993977279017,44.29993951658577,44.29995238806501,44.299951717749416,0.01912509884708576,44.30985952787605
187,0.15148641904785443,0.15148635740305763,0.15148653268469012,0.1514865598989175,0.15148647884986127,0.15148656943550123,0.15148883509630365,0.1514864607818123,0.1514856059568144,0.15148628538608347,0.15148662520190756,0.1514975467586836,0.151496876897712,0.019123576731894427,0.16140659216392275
188,44.29994229278211,44.29994211819894,44.29994236843344,44.29994215627761,44.2999422667773,44.29994224524926,44.29994475016147,44.299942199203294,44.299943253948406,44.299942703820506,44.29994231632114,44.29995514121892,44.29995440027704,0.019125226059649638,44.30986232267574
189,157.53305283936518,157.53305391272323,157.53305098580003,157.53305051749413,157.53305174500795,157.53305059605086,157.53305505527476,157.53305095164882,157.53305773751387,157.53305422392393,157.5330506196929,157.53308348689765,157.53308226058448,0.03135531544373058,157.5429706816701
190,44.29998014846867,44.29998027948068,44.29998046986247,44.299979984134815,44.2999801027644,44.29998007090643,44.29998283645301,44.29998006874092,44.299983451005176,44.299981924185936,44.29998007179389,44.30000313347256,44.300002224572815,0.03135613367051893,44.3099001467153
191,44.29994543514746,44.299945300028064,44.29994570858693,44.299945469415356,44.29994541499351,44.29994540569185,44.29994752793888,44.29994537024229,44.299946542061186,44.29994623115027,44.29994540080195,44.29995766893617,44.29995700189164,0.03135603580738082,44.309865481460406
192,44.29994794358189,44.29994785343837,44.29994820989964,44.29994800199327,44.29994792631168,44.29994791955244,44.29994999137662,44.29994786407684,44.29995175166593,44.299949819273,44.29994791598883,44.29995926194062,44.29995859818403,0.0313558881644333,44.309867995883955
193,44.29998044956651,44.299980804331234,44.29998069763706,44.299980274610846,44.29998040406687,44.29998037081777,44.29998295664532,44.29998036813555,44.299986502816296,44.2999833650431,44.29998037592798,44.29999824145699,44.29999737379173,0.03135523466243374,44.309900447669655
194,44.299944310862685,44.29994432894707,44.29994436535481,44.299944190038296,44.29994428599912,44.29994426567509,44.29994676063726,44.29994419624392,44.2999441312731,44.29994423881022,44.299944333759605,44.299957191376755,44.299956470779534,0.0191242857978131,44.309864343354754
195,44.29689866777351,44.29689833297291,44.29689866860594,44.296898643980825,44.296898659160995,44.29689865437569,44.296901063860865,44.29689855725837,44.29689704067659,44.2968980114328,44.296898753001045,44.296909544186896,44.29690888505281,0.01912327280857965,44.30681872886213
196,44.299943486182876,44.299943404653504,44.299943569278845,44.29994337667829,44.29994346428148,44.29994344760197,44.29994588484707,44.29994337397318,44.299944354936116,44.299943834216556,44.29994352502749,44.299953944684454,44.29995329296285,0.0191241046798804,44.30986352428053
197,157.53320975961944,157.5332109928625,157.53320738802745,157.533206958186,157.53320842992136,157.53320703003723,157.53321175584566,157.53320747996653,157.53321514258772,157.53321113123778,157.53320705567606,157.5332343844677,157.5332334828544,0.031001663294420907,157.5431271161942
198,44.299985104288766,44.29998533798212,44.29998538754551,44.29998494659765,44.29998505887895,44.29998502721572,44.29998781036938,44.299985014148035,44.299989750327306,44.29998745280221,44.299985027234335,44.300008761133284,44.300007804991424,0.031002414631795854,44.309905102954026
199,44.299945499337205,44.299945463215586,44.29994576586247,44.29994554581989,44.299945481001885,44.29994547283627,44.29994751382929,44.29994543166754,44.29994639874215,44.299946196445156,44.299945468934546,44.299956897104295,44.29995624866468,0.031002274536136017,44.309865548605444
200,44.29994579266611,44.299945823993916,44.29994604379587,44.299945829752225,44.299945773502536,44.29994576388719,44.29994775225504,44.299945725105914,44.299947682327094,44.29994690070098,44.299945761043936,44.29995633087142,44.29995568456436,0.031002122181066846,44.30986584021867
201,44.29997666063759,44.29997700468948,44.29997690661333,44.299976499342336,44.29997661871587,44.29997658699787,44.29997904258729,44.29997659201592,44.29998119993028,44.29997889489186,44.299976592298634,44.299992492344295,44.29999168141598,0.031001437746361386,44.309896664166494
202,44.29992713553571,44.299926718488734,44.299927199850714,44.29992697125817,44.2999271032262,44.29992707303188,44.29992943776677,44.29992704806518,44.29992686461285,44.299927125942325,44.29992714094129,44.29993886472763,44.299938098781844,0.019124220038456066,44.30984715139537
203,0.15146891651041838,0.1514687927863046,0.15146914337287726,0.1514690890578819,0.1514689904474909,0.15146909569872094,0.15147123861011952,0.1514689250763883,0.1514673408043705,0.151468233611905,0.15146914963923383,0.15147906667851294,0.151478350840763,0.019123184606621067,0.16138911756488425
204,44.29994127249494,44.29994154459323,44.299941372225106,44.29994110422925,44.29994124345843,44.29994121778216,44.29994356641444,44.299941181297186,44.29994157991405,44.29994135427095,44.29994129536007,44.29995289067397,44.299952098676805,0.01912436205584196,44.30986129535788
205,157.53322146348657,157.5332213450225,157.53322110446842,157.53322066727182,157.53322111056278,157.53322073724598,157.53322442230333,157.5332208101664,157.53322737050516,157.53322398275975,157.5332207645753,157.5332599531362,157.53325861705622,0.031014628903755326,157.5431408233666
206,44.299980015770785,44.29998019128272,44.29998029980528,44.29997986122951,44.29997997172682,44.29997994082435,44.29998266430559,44.299979937417085,44.29998237407647,44.29998138106228,44.29997994146601,44.30000198380924,44.300001117188124,0.031015336237611952,44.30990001664106
207,44.299945483309806,44.29994545436307,44.29994576669055,44.29994552495405,44.2999454637862,44.29994545457347,44.29994750615892,44.29994541445348,44.29994538107675,44.29994578253692,44.299945451194425,44.29995716016683,44.29995650245888,0.031015216697010645,44.30986553038711
208,44.29994766879682,44.299947719562105,44.29994794818625,44.29994772994539,44.299947652258204,44.29994764554531,44.29994963244551,44.29994758261822,44.299950716804084,44.299949236872585,44.29994764314537,44.29995822944911,44.299957564147014,0.031015062383425274,44.30986772201447
209,44.29997883672727,44.299979231732785,44.29997909957135,44.299978667879884,44.29997879273228,44.2999787593331,44.29998124173042,44.299978756011065,44.29998401428431,44.29998134830217,44.299978765134874,44.299995204090116,44.29999437571323,0.031014396618642418,44.30989883659168
210,44.299936225335074,44.29993581321305,44.29993626840997,44.29993604469854,44.29993619137719,44.29993616005704,44.299938573464715,44.2999361392367,44.29993610698428,44.299936258898605,44.29993622879908,44.29994772344844,44.29994697939235,0.019124666842723907,44.30985623872714
211,0.15148007736288752,0.151479710144111,0.15148031431385858,0.1514802319438873,0.15148014055075576,0.15148023503827776,0.15148249984554854,0.1514800967828764,0.15147855140790972,0.15147938713804637,0.15148029079965125,0.1514899733663506,0.15148936799427748,0.01912357032380581,0.16140026047567838
212,44.29994198865402,44.29994168303403,44.29994208348549,44.29994184457278,44.29994196047906,44.29994193650476,44.299944369315426,44.29994188655664,44.299942621539714,44.29994214982748,44.299942013954336,44.2999537650248,44.29995299023687,0.01912469062516655,44.309862013833204
213,157.533172375328,157.53317036140098,157.53317245629967,157.53317199042584,157.53317222190523,157.53317206059128,157.5331755330117,157.53317204926773,157.53317907472945,157.5331754479827,157.53317208513064,157.53321151817926,157.53321014137404,157.53472364617446,157.54309214666247
214,44.299981503488,44.2999817486174,44.299981816109984,44.2999813487784,44.29998145935423,44.29998142856497,44.29998414854429,44.299981417697275,44.29998412115114,44.29998295216211,44.299981428521846,44.30000445601363,44.30000350384575,157.53472431468467,44.309901504496686
215,44.29995034635428,44.29995030191125,44.299950650629455,44.29995043445083,44.299950332796506,44.29995033024536,44.2999524456036,44.29995023469194,44.29994979231274,44.29995040211593,44.29995032712026,44.29996297854351,44.29996228669597,157.53472422894583,44.309870406365086
216,44.29995057150769,44.299950582520786,44.2999508584185,44.29995063525919,44.29995055475695,44.29995054813512,44.29995259835991,44.29995046678545,44.29995311366997,44.29995191190642,44.29995054578347,44.29996174433669,44.29996103993658,157.53472407290852,44.30987062510817
217,44.299980058007804,44.29998040946976,44.29998032287735,44.29997988940994,44.299980011976324,44.29997997636186,44.299982536537975,44.29997996023416,44.29998588284008,44.29998285343046,44.299979982288534,44.299997735606404,44.29999680787274,157.53472341869227,44.30990005444786
218,44.29994246411015,44.299942338580394,44.29994258349222,44.29994225515832,44.299942425931675,44.29994238880994,44.29994494128675,44.29994236542586,44.299942897140944,44.29994270308563,44.29994245691484,44.299955305535406,44.29995439325199,0.019125253386331625,44.309862469118144
219,0.15102934345202587,0.1510286261935003,0.15102992594514814,0.15102988595913336,0.15102960656429318,0.15102996192297857,0.15103190528851013,0.15102928736132123,0.15102873171803968,0.15102911263640692,0.15102992593497327,0.15104007704113398,0.15103935526844595,0.019123636985274774,0.16094988579459202
220,0.15104598630647584,0.15104514431381535,0.15104674240204657,0.15104656399063443,0.1510462607218344,0.15104661895162205,0.15104864763155024,0.1510458871358938,0.15104774715575756,0.15104670988884122,0.15104657797273585,0.15106016765127103,0.15105939409530864,0.01912552817266876,0.16096657168191608
221,44.299969474913695,44.299969262185705,44.299969786863606,44.299969308048674,44.29996941964445,44.29996937699053,44.299972570526144,44.29996928472118,44.29997743117852,44.2999732558668,44.29996939298446,44.299997666522586,44.299996825627765,157.53478390566823,44.30988945705189
222,44.299980292905786,44.299980501312525,44.29998058019813,44.299980126168016,44.29998024321517,44.29998020527932,44.29998296353161,44.29998016873383,44.29998480681977,44.29998250333136,44.2999802058375,44.3000005791373,44.29999980407593,157.53478446040876,44.30990028417082
223,44.29995204002112,44.29995208393609,44.29995232188986,44.29995206522393,44.299952019092295,44.29995200706768,44.299954112105034,44.29995193746618,44.29995305430426,44.29995274630778,44.299952004499325,44.29996411300987,44.29996340591996,157.53478432609063,44.30987208465509
224,44.29995319948298,44.29995334826498,44.29995347256991,44.2999532186081,44.29995317907313,44.29995316739564,44.29995521445759,44.2999531027894,44.29995667814877,44.29995494453869,44.29995316578306,44.29996447338542,44.299963771754165,157.53478417073876,44.30987324493402
225,44.2999821506398,44.299982604801706,44.29998241861359,44.299981979685555,44.2999821037828,44.29998206763961,44.29998463355869,44.299982041977984,44.29998843106924,44.29998513099193,44.29998207538398,44.300000151411325,44.29999926404165,157.53478352005015,44.30990214571741
226,44.299953383777904,44.29995377443806,44.29995352096885,44.299953414930684,44.299953374008616,44.299953367518185,44.299955831032726,44.299953167692415,44.29995331149635,44.29995323404636,44.29995343833536,44.29996644115983,44.29996552397807,0.019128085794698636,44.30987344703477
227,44.295104969451124,44.2951048950024,44.295105057587676,44.29510494544612,44.29510495327935,44.295104940768574,44.295107426042364,44.29510482539869,44.295103718853746,44.29510435182616,44.29510503929359,44.295114749998106,44.29511402835096,0.019124322078854974,44.305025017472765
228,0.1514436491379106,0.15144405567239203,0.15144398179359367,0.15144380952713332,0.1514437014535592,0.15144378838422898,0.1514462706854065,0.15144358093365531,0.15144513869690543,0.15144427367328797,0.15144383944494813,0.15145676181388618,0.15145594535433504,0.019128084129544903,0.16136384614263644
229,44.299979190911586,44.29997890408372,44.299979499880266,44.29997901104653,44.29997913073183,44.299979085611255,44.299982348644136,44.29997897932645,44.29998768947797,44.299983219893754,44.299979104646674,44.3000063260879,44.30000558192344,157.53478455020996,44.30989916548469
230,44.29997955466999,44.29997952920399,44.29997985523912,44.29997938794525,44.299979501472784,44.29997946166534,44.29998225649884,44.29997940353579,44.29998454450515,44.29998197517449,44.29997946524022,44.2999976145089,44.29999699157861,157.53478575971565,44.30989954018793
231,44.29995355892597,44.29995361461393,44.29995383522157,44.29995356975552,44.299953536036554,44.29995352305883,44.299955622991774,44.29995345387175,44.29995412755044,44.299954105194736,44.29995352294731,44.299963823445495,44.299963310605335,157.5347851251251,44.30987360017887
232,44.29994985731518,44.29994992659616,44.299950135050615,44.29994990015515,44.29994983796994,44.299949828507046,44.29995187662134,44.29994975388101,44.299951562407365,44.299950880546,44.29994982747946,44.29995955541093,44.299959046513344,157.53478496186145,44.30986990527318
233,44.299981223340005,44.29998162700471,44.299981493721056,44.29998105791745,44.29998117755746,44.299981143839354,44.2999837168501,44.29998112503933,44.29998548774021,44.29998333689084,44.2999811524009,44.29999878489008,44.299997908283785,157.53478429675926,44.30990122069651
234,44.299959440747166,44.29995997496837,44.29995953717733,44.299959374584375,44.2999594173291,44.29995939973545,44.29996192580395,44.29995926186913,44.29995883513501,44.299959141055034,44.29995946201032,44.29997148070938,44.299970645689285,0.019127335579132407,44.30987947763745
235,44.299782163776314,44.29978200903327,44.29978224837743,44.29978212123641,44.299782140675795,44.29978212277994,44.29978461099464,44.299782013234925,44.299780590983296,44.29978141196211,44.299782208814115,44.2997919388433,44.299791228350266,0.01912404888453598,44.30970219948767
236,44.29992783664957,44.29992809552226,44.299928011958905,44.299927732003205,44.29992780038061,44.29992777326476,44.29993042030876,44.299927728498936,44.29992895759185,44.29992823470184,44.29992783947109,44.29993965804664,44.299938901673016,0.019127908149761858,44.309847851178326
237,157.53293796471579,157.53293786353538,157.53293826337992,157.5329377947435,157.53293791075336,157.53293786414937,157.53294109501533,157.53293779142808,157.53294620736128,157.53294189477649,157.53293788580152,157.5329644966015,157.53296377414605,157.53479138557714,157.54285794934611
238,44.29999362397384,44.29999376591261,44.29999390669861,44.29999346851647,44.29999357588692,44.299993542873956,44.29999631370553,44.29999350028216,44.29999892571059,44.29999621882738,44.29999354569213,44.30001204329654,44.300011433244215,157.53479263991898,44.3099136191806
239,44.299954566868216,44.299954460936505,44.2999548445622,44.299954594417336,44.29995454689715,44.29995453854237,44.29995663665084,44.299954468015024,44.29995651498198,44.299955687135444,44.29995453821733,44.299964968539875,44.29996440715059,157.53479200625253,44.3098746143615
240,44.299956360059554,44.2999563479103,44.29995661975769,44.29995633342792,44.29995633501673,44.2999563204313,44.29995836922583,44.29995628499398,44.29995980174069,44.29995809944714,44.29995632157915,44.29996726831633,44.29996661360707,157.5347918604095,44.30987639694265
241,44.299986083802246,44.29998629525019,44.29998637011676,44.299985924637156,44.2999860370864,44.29998600339332,44.29998859372938,44.29998597145757,44.29999200078265,44.299988903310684,44.299986013529086,44.30000384519223,44.3000030262474,157.53479136534563,44.30990608071406
242,44.29997323854891,44.29997374065195,44.29997343810854,44.299973093590815,44.29997320621291,44.29997317942287,44.29997575245261,44.29997308342191,44.299973113556625,44.29997308502222,44.29997323854019,44.29998758068433,44.299986703363295,0.01913724922434352,44.309893258817795
243,44.2951800116272,44.29517998042718,44.29518010123112,44.295180004080784,44.295179998517085,44.29517999237017,44.29518237706526,44.29517988800151,44.29517915330678,44.29517963555926,44.29518008711133,44.295191295414135,44.29519042360826,0.01912526105776257,44.30510006793015
244,44.299912254958606,44.29991234225736,44.29991240963842,44.299912190619544,44.29991222665481,44.29991220439621,44.29991480390249,44.29991212938842,44.2999134433557,44.29991261818515,44.299912279248424,44.299925552004396,44.299924662628506,0.019137600331426866,44.30983228230975
245,157.53301393720378,157.53302131935973,157.53301136434746,157.53301089779748,157.53301248952957,157.53301096729822,157.53301585523587,157.53301144436804,157.5330184340062,157.5330147578784,157.53301099333342,157.53303637214785,157.53303564451392,157.5348009267308,157.54293105308182
246,44.30011456773902,44.300114916585606,44.300114870363,44.300114430282775,44.3001145223399,44.300114491626466,44.300117237195614,44.30011442298238,44.30011785988244,44.30011624074495,44.30011449693247,44.300134174896364,44.30013346489241,157.53480246359138,44.31003456800184
247,44.299954149677035,44.2999540515703,44.29995443386571,44.29995417441206,44.29995412890688,44.299954119738935,44.29995620624521,44.299954047829694,44.299952552057505,44.29995396375435,44.299954119804795,44.29996571163928,44.299965121605446,157.53480181609913,44.30987419544616
248,44.29994916989789,44.299948998544885,44.29994945152589,44.299949218882944,44.29994915083741,44.29994914262394,44.29995116946346,44.29994907708765,44.29995014259973,44.29994990587473,44.29994914565071,44.29995936822738,44.299958785684844,157.53480175924219,44.3098692184742
249,44.29998020216913,44.299980285165226,44.299980483196,44.29998004559437,44.299980155738446,44.29998012209085,44.29998266798723,44.2999801026399,44.29998495199658,44.299982582067166,44.29998012956165,44.29999491050799,44.29999430424385,157.53480148959702,44.309900198870146
250,44.29997298985514,44.29997369246647,44.29997312119573,44.29997289340535,44.29997295849383,44.299972935528906,44.29997563660809,44.299972827431056,44.29997117906995,44.29997208043651,44.2999729752313,44.29998536340537,44.29998475220858,145.1746575479426,44.309893013646615
251,44.299899595957875,44.2998999632478,44.299899735153,44.29989953166805,44.299899564525845,44.29989953962528,44.29990204975373,44.29989945731631,44.299896640346056,44.29989823001972,44.29989959706648,44.29991081907895,44.299909940846725,145.17465270782463,44.30981961723224
252,44.29993171419448,44.29993132933251,44.29993187524369,44.29993160770778,44.299931677357705,44.29993164655718,44.2999342508898,44.299931593526594,44.29993324139736,44.299932287349776,44.299931705753785,44.29994464533279,44.2999435620199,145.17465637603524,44.30985172469002
253,44.300019449713254,44.30001942161519,44.30001976883815,44.30001929739126,44.30001939832235,44.30001936189762,44.30002252685201,44.30001928789429,44.30002856779908,44.30002387051365,44.300019374711944,44.300046221072385,44.3000454709396,157.53480169287798,44.3099394396073
254,44.299980066534395,44.29998010768196,44.29998036633902,44.29997990956634,44.29998001901006,44.29997998451418,44.29998267825815,44.29997995859674,44.29998496521878,44.29998249790919,44.29997998677942,44.29999732848486,44.29999674281114,157.53480272631538,44.30990006173254
255,44.299952630004945,44.299952376467324,44.29995291685492,44.299952659720354,44.29995260979783,44.299952600028355,44.29995466996498,44.29995252965849,44.299952383229645,44.299952863702664,44.29995260012078,44.29996289643497,44.29996237700205,157.53480195415787,44.30987267690585
256,44.29995253612254,44.29995249007002,44.29995281492581,44.29995257376344,44.29995251773028,44.29995250968428,44.29995453175885,44.29995244043545,44.29995375634663,44.29995334623269,44.29995251046967,44.29996331531627,44.29996267220198,157.53480176689814,44.30987258593015
257,44.29998267788465,44.299982920842176,44.29998296057062,44.29998251749939,44.29998263142372,44.29998259793202,44.29998515321034,44.29998257805585,44.29998786309746,44.29998519220217,44.29998260543974,44.300000064497645,44.29999920857509,157.53480116058893,44.309902674821764
258,44.299958563535334,44.299958885583386,44.299958695145286,44.29995840984815,44.29995853069496,44.299958504868805,44.299961002781394,44.29995844097658,44.299958347175874,44.29995834054188,44.29995856676575,44.2999713721611,44.29997053491005,0.01913461053447854,44.30987858275532
259,44.29991431560333,44.29991479684157,44.29991435776625,44.29991421358284,44.29991429201794,44.29991427316832,44.29991667086821,44.29991420179491,44.29991236626504,44.29991341050064,44.299914363504094,44.29992362082751,44.29992291308693,0.01912543726950414,44.30983435054801
260,44.29995422190598,44.29995473530491,44.29995436071176,44.299954090774435,44.29995419491263,44.29995417649962,44.29995667651312,44.29995409541737,44.299954769441406,44.2999543037261,44.29995424986018,44.29996537947576,44.29996467058928,0.01913395076540917,44.30987425300814
261,157.53378953075284,157.53378305057538,157.53378875576536,157.53378829540247,157.53378896376248,157.5337883615155,157.53379238775037,157.53378852478141,157.53379609095987,157.53379207520834,157.53378838946855,157.5338282463765,157.53382677026121,157.53478691562668,157.54370844832962
262,44.300043150143786,44.300043253661215,44.30004345717214,44.300043013603755,44.30004310489843,44.300043074549365,44.30004581777769,44.30004302509065,44.300047444602136,44.300045283291446,44.300043077743986,44.30006538457704,44.300064481588635,157.53478747238924,44.309963150787134
263,44.299954511273036,44.29995442387176,44.29995479425735,44.29995449180719,44.299954486219214,44.29995447323026,44.299956575839154,44.29995444106063,44.29995453411569,44.29995489503424,44.299954472580225,44.2999668365644,44.299966172890144,157.53478734186768,44.30987454859434
264,44.29995245542127,44.29995227003885,44.29995274958856,44.299952500368356,44.299952437200936,44.29995243044652,44.2999544897626,44.29995236866868,44.299955265009864,44.299953919888026,44.29995243077147,44.299963789125655,44.29996312301841,157.53478719264203,44.30987250624013
265,44.29998134527099,44.299981644885015,44.29998162512508,44.29998118500183,44.29998129979418,44.299981267303416,44.2999838130364,44.29998125296941,44.299987010794474,44.299984104766075,44.299981276207326,44.29999854708132,44.29999766081803,157.5347866325053,44.3099013437264
266,44.29995018133298,44.29995066041777,44.29995034030401,44.29995023290096,44.299950171500285,44.29995017011574,44.29995256392316,44.299949986943176,44.2999488244594,44.299949509057534,44.29995023624729,44.29996199244479,44.299961084043844,0.019127603338194663,44.309870247287556
267,44.29982109003388,44.29982150023087,44.29982111886343,44.29982105053755,44.29982107360979,44.29982106188035,44.29982336186927,44.29982097813221,44.29981848479935,44.29981994078879,44.29982115274513,44.29983132976534,44.299830599060904,0.019124453851879004,44.30974113743267
268,44.29995502541931,44.29995546241196,44.299955136375615,44.29995503164451,44.2999550140296,44.299955009869365,44.29995740579927,44.29995486281691,44.29995593034426,44.29995536975475,44.299955070734576,44.29996776576815,44.299967014406725,0.019127022114140548,44.30987508561828
269,157.53324465980253,157.53324098046352,157.53324455726553,157.5332441070029,157.53324442395947,157.53324417613598,157.533247763209,157.53324419658483,157.53325005058556,157.5332471246545,157.53324419695033,157.53328428612198,157.53328291077395,157.53409926684142,157.54316426229596
270,44.29998417555061,44.299984229181426,44.2999844712231,44.29998401834519,44.2999841281026,44.2999840957516,44.29998687112544,44.29998408137042,44.29998481790809,44.29998487773445,44.29998409522873,44.300007625978026,44.300006679184975,157.53409990640415,44.309904171393946
271,44.299951380729,44.29995129484882,44.299951650548344,44.29995144894693,44.2999513652922,44.29995136139147,44.299953435963715,44.29995128315017,44.299951824432945,44.29995187062664,44.29995135838636,44.299963170510516,44.29996249444071,157.53409977940976,44.30987143718201
272,44.299952032373106,44.29995204928672,44.29995230303484,44.299952077336705,44.29995201462656,44.29995200679782,44.299954035758624,44.299951940121396,44.29995501908911,44.299953560559764,44.2999520051375,44.29996303617258,44.29996236998581,157.53409962076498,44.30987208326169
273,44.29997920018101,44.29997951888213,44.29997945445786,44.29997903389034,44.29997915563924,44.29997912202972,44.29998162502769,44.29997911764988,44.29998337437802,44.299981281679266,44.29997912762817,44.29999592540077,44.29999509097652,157.53409889759192,44.30989919918883
274,44.29993490363051,44.299934511745846,44.29993493855983,44.299934684816954,44.29993486582382,44.299934830018806,44.29993724318573,44.299934832157014,44.29993471145308,44.2999348963842,44.29993489782851,44.29994734355977,44.29994652485425,0.01912450039826313,44.3098549084194
275,0.15108426378740902,0.15108425080828045,0.15108466077944274,0.15108466154081454,0.15108445645621102,0.1510847157595309,0.15108669052855753,0.1510842431928646,0.15108214403605788,0.15108333243292724,0.1510847320505674,0.15109512600505245,0.15109434960759735,0.019123485804724113,0.16100467645144909
276,44.29992713888083,44.299927575655154,44.29992721612996,44.2999269896445,44.29992711059527,44.29992708491488,44.29992949263116,44.299927059531456,44.299928379837326,44.29992763300071,44.29992716211993,44.29993942222156,44.29993863764661,0.01912459957298082,44.309847161517915
277,157.5285135742498,157.52851384707847,157.52851388408996,157.52851342202317,157.5285135372562,157.52851350672185,157.5285165953629,157.52851342639846,157.52851925045536,157.52851625606203,157.5285135285264,157.52854451263082,157.52854326406091,0.031027314937838613,157.538433589856
278,44.29997994635237,44.2999801083036,44.299980255023534,44.299979779448826,44.29997990063452,44.299979868427705,44.299982554535546,44.2999798612291,44.29998137041682,44.299980859078765,44.29997986923535,44.30000172027214,44.30000082409822,0.031028093721985808,44.309899944735434
279,44.299949171938344,44.299949149976136,44.29994945449388,44.29994923709733,44.29994915619605,44.2999491513155,44.299951219824,44.29994907567842,44.29994952478473,44.29994964242879,44.299949147880675,44.29996074613396,44.29996005245539,0.031027996333754488,44.309869227573735
280,44.299951112768184,44.29995114511117,44.29995136935417,44.29995116254034,44.29995109616184,44.299951089001446,44.29995311774855,44.2999510195117,44.29995365614113,44.2999524745515,44.29995108724865,44.29996199141565,44.29996131317872,0.031027853184922394,44.30987116571958
281,44.2999791876957,44.29997944632197,44.299979428850214,44.299979018735144,44.29997914334697,44.2999791097245,44.29998162485686,44.29997910768841,44.29998347422784,44.29998131299222,44.29997911672413,44.29999583563002,44.29999498631744,0.031027226591411505,44.309899186969965
282,44.29994070646571,44.299940354820535,44.29994073919588,44.29994052099664,44.29994067032956,44.299940638132576,44.29994313544767,44.29994061281551,44.299939714995524,44.29994047047776,44.299940707453885,44.29995259052098,44.29995176426501,0.019125183466588997,44.309860716650114
283,0.15151096150368162,0.15151057704566495,0.1515110851242439,0.1515110954987612,0.15151101377741588,0.15151109591002088,0.15151331900416734,0.15151099148234504,0.15150921184677937,0.1515102991371772,0.15151115481747998,0.15152190732599027,0.15152113220259725,0.01912367009480031,0.16143112084434363
284,44.29994174052843,44.29994216126633,44.299941832735435,44.29994159059476,44.299941713692135,44.299941690542795,44.299944039868045,44.299941656147176,44.29994288101974,44.2999421484208,44.29994176370342,44.29995437638925,44.29995346991041,0.01912575166059339,44.309861767514356
285,157.53304147045006,157.5330418836721,157.53304097921475,157.5330405123823,157.53304103971,157.5330405921118,157.53304418082908,157.5330406821055,157.5330475887184,157.53304398998858,157.53304061277652,157.53307232575028,157.53307112478458,157.5347281626895,157.54296067770892
286,44.299979709418345,44.29997982899312,44.299980023349775,44.29997954523301,44.2999796643544,44.29997963322242,44.29998233618779,44.29997963126127,44.29998188370285,44.29998087059605,44.299979633168455,44.30000170116418,44.30000079154996,157.53472886442387,44.30989970912896
287,44.29994732479387,44.2999472206788,44.29994762024634,44.299947386696914,44.29994730820538,44.299947302802245,44.29994940060762,44.2999472357819,44.299946864317626,44.299947484373085,44.29994729889964,44.29995948105849,44.299958795575456,157.53472877175258,44.309867378789114
288,44.29994744162104,44.29994738213748,44.299947702407046,44.299947493581975,44.29994742395606,44.29994741646516,44.299949452178005,44.29994735703107,44.299948964634694,44.29994839415494,44.29994741341434,44.299958325186616,44.29995762410956,157.53472862112977,44.30986749301048
289,44.29997845595315,44.299978730038,44.29997870410011,44.2999782882215,44.29997841067975,44.299978376671554,44.29998092042922,44.29997837928593,44.29998185221755,44.29998022354247,44.2999783825663,44.29999467344393,44.29999383830674,157.5347280616793,44.30989845407321
290,44.29994263378435,44.29994261685033,44.299942700165246,44.29994253101243,44.29994260778645,44.299942586197496,44.29994513413917,44.29994252417043,44.29994161168108,44.299942387931246,44.299942655913874,44.29995477538055,44.29995431663752,0.019126313280560026,44.30986266504572
291,0.15146794479597428,0.15146813138105608,0.15146810309593403,0.15146808920540916,0.15146800306280697,0.1514680920451664,0.15147029386476896,0.15146796705767382,0.1514664103961078,0.1514673385503071,0.1514681461132698,0.15147736683412663,0.15147700566062436,0.019124254268935173,0.16138811683633633
292,44.299936299437725,44.299935989671106,44.29993633090211,44.299936127222544,44.299936268526515,44.29993624056846,44.29993861643759,44.29993621863529,44.29993749669932,44.29993683943308,44.299936313713395,44.29994649317311,44.29994590111178,0.019125369201168557,44.30985631836947
293,157.53187988230545,157.53188009848935,157.5318801538812,157.53187972364628,157.53187984017595,157.53187980494172,157.5318828761915,157.5318797262629,157.53188541355988,157.53188246820554,157.53187982409725,157.5319102849086,157.531909037884,157.53477469776627,157.54179988761493
294,44.29997883820858,44.29997894494983,44.299979136534056,44.299978674574184,44.29997879314101,44.29997876142295,44.299981465952605,44.29997875741976,44.2999791642274,44.29997932597832,44.29997876124387,44.30000085914326,44.2999999729687,157.53477527612037,44.30989883786055
295,44.299945975366676,44.299945870854906,44.2999462455594,44.29994601762885,44.299945956006894,44.29994594729734,44.29994802356754,44.29994589852057,44.2999452600173,44.299946041027845,44.29994594399023,44.299957726356325,44.2999570358013,157.53477516139313,44.309866023451036
296,44.29994762605555,44.29994758415731,44.29994788168898,44.299947677417755,44.2999476084681,44.29994760093985,44.29994962736105,44.299947544997735,44.29994981707741,44.29994882481054,44.299947598369975,44.29995841358828,44.29995770764225,157.53477500991522,44.30986767751648
297,44.299976385120324,44.299976691605174,44.29997662983638,44.29997622603188,44.299976342294435,44.2999763106889,44.29997881708602,44.299976317704164,44.29998049031668,44.29997843798329,44.29997631521737,44.2999927881998,44.299991946323566,157.53477444573429,44.30989638791132
298,44.29993332445685,44.299933383502626,44.29993340424662,44.29993317239905,44.29993329231278,44.299933263282135,44.299935796900364,44.29993324826816,44.2999323865665,44.29993303891413,44.29993333084344,44.29994543700162,44.29994489226852,0.019126401231058,44.30985334177882
299,0.1511184035351689,0.15111884500910067,0.15111866603289906,0.15111865699571322,0.1511185200580857,0.15111867593157147,0.15112084060182487,0.15111836898985734,0.15111611396717026,0.1511174135479716,0.1511187234812739,0.15112943654169098,0.1511287743257022,0.01912467975057212,0.16103868183762654
300,44.299937070923356,44.29993737826873,44.29993713714276,44.29993690212183,44.29993704146395,44.29993701516241,44.29993944974561,44.29993699677572,44.29993728906257,44.29993716939766,44.29993708792377,44.29994888509437,44.29994813669424,0.019126202050756814,44.30985709253009
301,157.53249629776698,157.5324963996854,157.53249660705413,157.53249615112603,157.53249626314863,157.53249623307963,157.53249932484545,157.53249616000718,157.532502272585,157.53249914149936,157.53249625573287,157.53252703481306,157.5325258916645,0.03866933012004716,157.54241631787957
302,44.29997963761218,44.299979782456994,44.2999799452931,44.29997947484952,44.299979592737664,44.29997956125612,44.29998225949324,44.29997955750122,44.29998163352899,44.2999808236603,44.29997956116674,44.3000019197494,44.30000102190687,0.03867009816749957,44.30989963726085
303,44.29994858148847,44.29994846288458,44.29994885616541,44.29994865169587,44.29994856577673,44.29994856104208,44.29995065223343,44.29994848836694,44.29994897611755,44.29994909055062,44.299948556862226,44.29996058429105,44.299959900202765,0.03867000657914343,44.309868637139694
304,44.29994957937124,44.299949562677085,44.29994984177401,44.29994963832433,44.29994956296046,44.2999495567583,44.299951585260835,44.29994948823033,44.299952668038905,44.299951143366904,44.299949554141925,44.29996056841194,44.2999598811669,0.038669861223577226,44.309869633358794
305,44.299978850132334,44.2999791477604,44.29997909441388,44.299978680083576,44.299978805590946,44.299978771984705,44.29998129083898,44.299978772886554,44.2999838260094,44.29998124887141,44.29997877643856,44.29999571379516,44.299994831907036,0.03866928416374734,44.30989884926091
306,44.29993808235408,44.29993821350039,44.29993812793103,44.29993790283561,44.299938047730286,44.29993801654476,44.299940498684556,44.29993799589621,44.29993782463139,44.299938068837406,44.29993808455176,44.299950423354325,44.29994984674153,0.01912506036452595,44.309858095156386
307,0.15147518598792195,0.15147482658829928,0.15147533756954082,0.1514753234088256,0.15147524215482308,0.1514753292022685,0.1514775058375819,0.15147520629848552,0.15147383163987813,0.15147473852828988,0.1514753838639329,0.15148541086788925,0.1514848055765029,0.019123825688886688,0.16139535447396486
308,44.29993901203522,44.299938731326876,44.299939100467505,44.299938857615786,44.29993898303965,44.29993895811182,44.29994135426947,44.29993892291821,44.29994008664614,44.29993942849592,44.29993903277113,44.29994989458739,44.29994928893686,0.01912503365860589,44.30985903552733
309,157.53271992176872,157.53272004034042,157.53272018859693,157.5327197578961,157.5327198777025,157.53271983753228,157.53272291962165,157.53271976984814,157.53272693220939,157.5327231719564,157.53271985973035,157.53274995009448,157.53274881770878,0.03104714765403914,157.54263992228243
310,44.299981441677,44.299981630832605,44.29998175131883,44.299981277882445,44.29998139627268,44.29998136458116,44.29998407864872,44.29998135827771,44.29998605578705,44.2999837854479,44.29998136416457,44.30000403104492,44.30000310577169,0.031047882681995487,44.30990144050285
311,44.29994829421679,44.29994818323602,44.299948575613605,44.299948374850096,44.29994828013753,44.29994827718784,44.29995037144664,44.29994820249599,44.299949848549325,44.299949262496504,44.29994827250014,44.299960460000484,44.29995976662428,0.031047784708965468,44.309868353042184
312,44.299951185636814,44.29995122089457,44.29995144931731,44.29995125348586,44.29995117109937,44.299951167327414,44.299953200609686,44.29995109055725,44.2999543684916,44.29995280330689,44.299951163730704,44.299962426654986,44.299961741328644,0.031047631894512113,44.30987124342735
313,44.29998013528214,44.299980478385315,44.2999803824608,44.299979961977165,44.299980089714005,44.29998005606481,44.29998259862909,44.2999800595737,44.29998609906266,44.29998299714587,44.299980060779944,44.29999723904883,44.29999637655163,0.031046954693738093,44.30990013263932
314,44.29993993875465,44.299939564192805,44.29993999483417,44.29993976076663,44.29993990638931,44.29993987828519,44.29994223645688,44.29993985547683,44.29993994149939,44.29994001941486,44.299939944069344,44.2999521261703,44.29995131347877,0.019124178415289423,44.30985995528595
315,44.29929678361782,44.29929651975709,44.299296818061855,44.29929674493377,44.29929677213121,44.29929676129626,44.29929899595084,44.299296652607666,44.29929540048897,44.29929617117309,44.29929686212598,44.2993073871325,44.299306604240684,0.019123091082731126,44.3092168375071
316,44.29994810039512,44.29994766251897,44.299948209054314,44.29994810728135,44.29994809234603,44.299948091309794,44.2999504477822,44.29994793021749,44.299948742979346,44.299948300311094,44.29994817130653,44.299959578615166,44.299958868914906,0.019124166028579855,44.30986816744119
317,157.5333199501254,157.53331930406796,157.53331894875174,157.5333185276566,157.53331929330753,157.53331859889462,157.53332261365594,157.53331879421236,157.53332418432043,157.53332136308222,157.53331862564093,157.53335527738375,157.5333539457619,0.031058104576770846,157.54323868485795
318,44.29998421965621,44.299984387395135,44.29998450916162,44.299984055164124,44.29998417226631,44.29998413976828,44.29998692017218,44.299984130288586,44.29998462380305,44.299984691455705,44.29998414032911,44.300007843893354,44.30000686937749,0.0310589355162232,44.30990421525714
319,44.299946492442444,44.29994638326685,44.299946761623254,44.29994656235953,44.299946475800624,44.29994647071209,44.299948562455675,44.29994640919591,44.29994601405417,44.29994663775,44.299946467456145,44.299958386352564,44.2999576928761,0.03105883126862148,44.309866546258725
320,44.29994629053119,44.29994625675954,44.29994654479262,44.29994634034264,44.29994627245376,44.29994626523853,44.29994830838524,44.299946215937894,44.299948413305714,44.299947479045265,44.299946261164685,44.299957284538046,44.29995654755575,0.03105869231375041,44.30986634116689
321,44.29997603271841,44.29997632053241,44.29997628170916,44.299975869886744,44.299975988946755,44.29997595729563,44.299978495116044,44.299975973149,44.299980500156465,44.299978269611266,44.29997596037476,44.29999315389312,44.299992260285755,0.03105807841097061,44.30989603368474
322,44.29993608094839,44.299935728846265,44.29993613539656,44.2999359135606,44.299936049545046,44.299936022202026,44.29993846592311,44.29993600748052,44.29993661913671,44.29993651705113,44.299936089338985,44.29994811110809,44.299947438998196,0.019124275280593447,44.309856098955834
323,44.2994931142455,44.299492815642736,44.29949313625435,44.29949307296974,44.299493103702986,44.29949309377323,44.2994954281151,44.29949299100601,44.299492839772874,44.29949303105918,44.299493192721286,44.299503665778076,44.299502998618465,0.019123160836482075,44.30941316961133
324,44.299949556189326,44.29994915423584,44.299949657467344,44.29994959364293,44.29994955182604,44.2999495538254,44.299951905639254,44.2999493673803,44.29995054685475,44.29994987523268,44.299949628789626,44.299961428119495,44.29996064403448,0.019124029931894774,44.309869629804915
325,157.53359051090095,157.53358996583887,157.53359027063726,157.53358984283636,157.5335902212273,157.5335899138457,157.53359353753933,157.53358996261215,157.53359703796983,157.53359330285392,157.53358993888526,157.5336287506657,157.53362721328432,0.03284224710894656,157.54350999990172
326,44.30001413097611,44.30001425694343,44.30001442406904,44.30001398758094,44.30001408572238,44.30001405560199,44.30001681515938,44.30001401809779,44.300019391224616,44.30001667668961,44.300014056550886,44.30003749496319,44.30003655672729,0.03284299737765826,44.30993413129813
327,44.299955430412844,44.29995539330566,44.29995569918518,44.29995544886276,44.29995541083323,44.29995540247325,44.299957528082,44.29995534608838,44.29995844195855,44.29995696282771,44.29995539899281,44.29996825515081,44.2999675689614,0.03284288907366093,44.30987547822065
328,44.29995249184923,44.29995250342523,44.29995276037628,44.29995254912021,44.29995247587718,44.29995247097917,44.29995451774079,44.299952394980714,44.299955223281245,44.29995392784975,44.29995246724312,44.29996397507599,44.299963283228614,0.032842733583405316,44.309872547062476
329,44.299979822506,44.299980115676256,44.29998006796769,44.29997965190939,44.299979776841006,44.29997974395678,44.299982282048,44.2999797390948,44.299983212599464,44.29998154581608,44.299979749869784,44.29999715499437,44.2999962406302,0.03284206526265811,44.30989982038262
330,44.2999409073737,44.29994096022267,44.29994096756587,44.29994075754473,44.29994087734179,44.29994085262238,44.29994334954134,44.29994081939301,44.299940423961516,44.29994082036962,44.29994092002971,44.299953153552316,44.29995227231647,0.019125512303731804,44.309860929575876
331,44.29930670015671,44.29930660902553,44.29930676024585,44.29930666535274,44.299306687344846,44.29930667631675,44.299308998967284,44.299306581143696,44.299305730821935,44.2993062591137,44.29930676867132,44.299316189547824,44.29931551654173,0.019123594494246145,44.30922675177741
332,44.29994619495184,44.29994667514912,44.29994633866633,44.29994618257843,44.29994618258066,44.29994617717062,44.29994848494325,44.299946048496935,44.299946344998325,44.299946121566656,44.299946246443994,44.2999571862521,44.29995645258662,0.01912561377441505,44.30986625290375
333,157.53325278233532,157.5332536610697,157.5332506630898,157.5332502205269,157.53325156949091,157.5332502924219,157.53325484535702,157.53325070120061,157.53325716184824,157.53325378371858,157.53325031470376,157.53328093340605,157.53327971334713,0.03110915582271076,157.54317037857666
334,44.29998863038233,44.299988780165016,44.29998891930529,44.29998847353215,44.299988584208734,44.299988553067664,44.299991275179174,44.29998853428574,44.299993191478215,44.29999091366228,44.299988551883025,44.30001116876983,44.30001022135347,0.031109886162703798,44.30990862860673
335,44.299954226796395,44.2999542243464,44.29995450447777,44.299954260287,44.299954208513185,44.299954201868076,44.29995631564469,44.299954135984045,44.29995648790927,44.299955466068496,44.299954197211996,44.299966592057764,44.299965897852815,0.031109792796726668,44.30987427755162
336,44.2999532731485,44.29995334521203,44.29995354889235,44.299953312657344,44.29995325537718,44.29995324856148,44.299955286331915,44.299953179553874,44.29995584424574,44.299954612981615,44.29995324557334,44.299964466665635,44.299963757362484,0.031109633373394906,44.309873324704576
337,44.299980467110124,44.29998083734487,44.299980737788054,44.29998029664102,44.29998042128031,44.29998038769588,44.29998292025815,44.29998037614845,44.2999834321511,44.29998196166559,44.29998039427789,44.2999977310786,44.29999682378811,0.03110896425688281,44.30990046431642
338,44.2999452959454,44.29994574037844,44.299945382305026,44.299945202046246,44.29994527279123,44.299945254121646,44.29994767684017,44.29994516164845,44.29994421680474,44.29994485448958,44.29994532109265,44.29995756439046,44.299956691533644,0.01912439561056029,44.309865331346856
339,44.29984626201772,44.299846777690355,44.29984631105531,44.29984621144926,44.299846247937474,44.29984623529243,44.299848491494885,44.2998461429732,44.299844994767234,44.29984566039019,44.299846330021644,44.29985639504855,44.29985570876982,0.01912332618940053,44.30976631055469
340,44.29994909956351,44.29994956548537,44.29994925694904,44.299949154632,44.299949095425625,44.29994909766174,44.29995145106842,44.29994891551403,44.29994915468391,44.29994896370274,44.299949168702916,44.299961034576285,44.29996027450602,0.0191244846955358,44.30986917380193
341,157.53322911812816,157.53322994717195,157.53322750929632,157.53322707065502,157.53322815460038,157.53322714103518,157.53323136356877,157.53322744787997,157.53323291137497,157.53323005575615,157.533227166761,157.53325800472706,157.53325672200154,0.031032719718040915,157.5431472270017
342,44.29999528319354,44.29999551363269,44.299995576722246,44.29999512881693,44.29999523642737,44.29999520475338,44.29999790998824,44.29999517241808,44.299996944962636,44.29999621837067,44.299995204839036,44.30001776329318,44.30001680531894,0.031033607331275626,44.30991528045781
343,44.29995407034779,44.29995404975812,44.2999543689457,44.299954111259375,44.299954051558665,44.29995404490018,44.299956180854025,44.29995397066805,44.29995393743121,44.29995433481877,44.29995404143367,44.29996694128902,44.29996621580943,0.03103353638351057,44.30987412057187
344,44.29995061577549,44.299950634995234,44.299950909140826,44.299950691487716,44.299950600789124,44.29995059661871,44.299952639545886,44.29995051187282,44.29995253272747,44.299951717094025,44.29995059306882,44.29996185079623,44.29996110672652,0.03103338795213985,44.309870672650845
345,44.299979817298414,44.29998017119638,44.29998008865579,44.299979650621,44.299979772150955,44.299979739187116,44.29998227476568,44.29997973247072,44.29998387373553,44.29998182693493,44.29997974491014,44.2999973460627,44.29999642375771,0.03103281339064574,44.30989981569709
346,44.299948601786866,44.299948796258896,44.29994868339338,44.29994860471436,44.299948588782065,44.29994858094204,44.29995101330135,44.29994843402546,44.29994856494073,44.29994863173823,44.29994863975472,44.299961033471014,44.299960231010935,0.019125158277498226,44.309868658139955
347,44.299854799117405,44.29985447857891,44.299854839258536,44.299854747300145,44.29985478380567,44.29985477094865,44.29985706575486,44.29985468530202,44.29985434569741,44.299854627767814,44.29985486375761,44.29986477913488,44.29986409169234,0.019123548743829075,44.30977484624044
348,44.299946788484725,44.29994705788837,44.29994698182383,44.29994680608971,44.29994677867748,44.29994677550777,44.29994907572817,44.29994663098659,44.299948196012956,44.29994725938378,44.29994684898023,44.29995803522496,44.299957335964415,0.019124909315920213,44.309866851684326
349,157.53328467392475,157.5332845819482,157.53328288962487,157.5332824328605,157.53328361610096,157.53328250119446,157.53328686920824,157.53328284933238,157.53328917714296,157.53328582325813,157.5332825278694,157.5333142711851,157.5333129762347,0.03116769301279425,157.5432025874131
350,44.30000694018253,44.30000719548942,44.3000072450875,44.30000679352482,44.300006894007915,44.3000068631251,44.300009556814054,44.30000682229516,44.30000969109173,44.30000839781518,44.30000686409358,44.30002840152306,44.300027525449224,0.031168540315057124,44.30992693887499
351,44.2999551417896,44.29995499297394,44.29995543646,44.29995514295916,44.29995511865322,44.2999551074266,44.29995724454961,44.29995506326828,44.29995677581763,44.29995611341143,44.29995510356477,44.2999673124018,44.299966650527494,0.031168459165052762,44.30987518310238
352,44.299951527163785,44.29995142354007,44.29995182191209,44.299951581299695,44.29995150979834,44.29995150306414,44.29995355786696,44.29995143810603,44.29995515995598,44.299953352184566,44.29995150056788,44.299962811761105,44.29996210818186,0.03116831575573628,44.309871579079946
353,44.29998179808512,44.29998220829575,44.2999820714867,44.299981632642634,44.29998175190216,44.299981718309546,44.29998425829768,44.2999817027297,44.29998683759274,44.29998427220801,44.299981726002336,44.29999955559101,44.29999862694171,0.031167768737632745,44.30990179471272
354,44.299954799137254,44.299955172393,44.29995495577277,44.29995480345347,44.299954785086356,44.29995477646616,44.299957168048856,44.299954614983086,44.299954343866354,44.29995454645354,44.29995483735879,44.29996720948849,44.299966305771754,0.019125222507761105,44.30987485391845
355,44.299890506415004,44.29989105934064,44.29989054863319,44.29989043853002,44.299890488618225,44.29989047270369,44.29989278173429,44.29989038919183,44.29988886947414,44.2998897259836,44.29989056447263,44.299900226586765,44.2998995186806,0.019123515274090428,44.3098105488468
356,44.29994080247059,44.299941304221086,44.29994091020328,44.29994068561899,44.299940775266315,44.299940754058106,44.299943095040646,44.29994070355537,44.299941788724624,44.29994111595037,44.29994082255144,44.29995169722941,44.2999510595192,0.01912462963087744,44.30986083001324
357,157.53326352630924,157.53326402688944,157.53326205032005,157.53326159059318,157.53326261620848,157.53326165826232,157.53326585004473,157.53326194534816,157.5332693941355,157.5332654326323,157.5332616841438,157.53329227003624,157.53329104340662,0.0310164470949745,157.5431817443975
358,44.30005252691569,44.300052856185516,44.30005283194483,44.30005239592274,44.30005248314348,44.30005245406917,44.30005513517613,44.30005239888934,44.30005809799963,44.30005517137541,44.30005245611755,44.300074690523154,44.30007373494768,0.03101721787396709,44.30997253027375
359,44.299960027079315,44.29996008792702,44.299960296741716,44.299959951466214,44.2999599971497,44.299959978458645,44.29996208067374,44.29995997234201,44.29996249033027,44.299961377804244,44.29995997660556,44.29997262197258,44.299971927328606,0.031017115973443404,44.3098800542219
360,44.2999570458686,44.29995704027139,44.299957323737054,44.29995701631739,44.29995702068877,44.29995700612798,44.299959071148464,44.299956975304035,44.299959424755286,44.29995836175943,44.299957004365076,44.299968845877224,44.29996816178459,0.031016973109906046,44.30987708234205
361,44.299983309615946,44.2999837456116,44.29998358293212,44.29998314509291,44.299983263755394,44.2999832303312,44.29998576895738,44.29998320518056,44.29998738735455,44.29998535127542,44.2999832377399,44.30000113059384,44.300000233947124,0.031016327617061495,44.309903306979976
362,44.299953802657136,44.29995389807374,44.299953927738564,44.29995383117949,44.299953793369944,44.29995378921853,44.29995608255373,44.29995359493869,44.29995282903445,44.29995340197647,44.29995385804431,44.29996587006702,44.29996507443867,0.01912413576837668,44.309873866767866
363,44.29989300248308,44.299893187639476,44.299893039305694,44.29989292438835,44.299892984778666,44.29989296922119,44.29989522052251,44.29989287865909,44.29989118459239,44.29989216013345,44.29989306875705,44.29990321273278,44.29990247016864,0.01912322159638081,44.30981304578296
364,44.29994385792053,44.29994413373486,44.29994397251742,44.29994377839594,44.299943838264994,44.29994382371117,44.29994618511432,44.29994373962316,44.299944850014604,44.29994418191476,44.29994389777246,44.29995565265753,44.299954908496716,0.019124050008574613,44.30986389978809
365,157.53326498332953,157.53326529780904,157.53326338462603,157.53326295951388,157.5332640314589,157.53326302832588,157.53326725021915,157.53326333428217,157.53327028790332,157.53326659363714,157.53326305429434,157.53329415365243,157.53329289595683,0.031006024649892605,157.5431831144795
366,44.30000051934645,44.300000781683046,44.30000082744169,44.30000037114683,44.30000047384161,44.30000044324501,44.30000314497672,44.30000041194153,44.30000442714746,44.30000243215767,44.30000044543021,44.300023658028834,44.300022666042814,0.03100686153430157,44.30992051890374
367,44.29996088080855,44.29996081242285,44.299961157882514,44.299960789402235,44.299960847644996,44.29996082604806,44.299963000145716,44.29996082599468,44.29996146105409,44.29996147741815,44.29996082518897,44.29997419259437,44.299973465497324,0.031006780743992046,44.309880901885855
368,44.29995737598248,44.29995747846843,44.29995764240606,44.29995732360203,44.29995734805098,44.29995733038083,44.2999593917726,44.29995731059115,44.299959977961855,44.299958771357645,44.29995732912676,44.29996910327122,44.299968389821835,0.03100662382165723,44.30987740653327
369,44.29998502632974,44.2999854165304,44.29998529933989,44.29998486259507,44.299984980229794,44.29998494678221,44.29998749580793,44.29998491840782,44.29999016910216,44.299987532080046,44.29998495524964,44.30000271045764,44.300001776001146,0.0310059731544745,44.309905023622285
370,44.29995109986667,44.299951120302715,44.299951200906186,44.29995112994194,44.2999510917658,44.299951088641684,44.299953373206,44.29995090298191,44.299950667467925,44.29995086697368,44.29995115506062,44.29996328433557,44.29996244669359,0.01912434384239085,44.309871165815984
371,44.29989006290186,44.29989059183405,44.299890101768845,44.2998899929689,44.299890047474655,44.29989003409779,44.29989231031153,44.29988994785768,44.299888274013576,44.2998892070781,44.299890128722275,44.29990101737593,44.29990020743191,0.01912332804588456,44.30981011007424
372,44.299952588287404,44.299953093393604,44.29995278214207,44.299952623365094,44.29995258140102,44.29995258129981,44.299955064712464,44.29995241573754,44.29995387858954,44.29995305573731,44.299952651235465,44.2999658974144,44.299965211886445,0.01912454532972296,44.309872657703515
373,157.53377505671884,157.5337702914804,157.5337749250958,157.53377447050403,157.53377480684887,157.5337745376612,157.53377814505336,157.53377457707504,157.53378280791262,157.5337784208868,157.53377456400332,157.53381655822133,157.53381497451133,157.53446776375583,157.5436946242576
374,44.300151338437665,44.3001516669172,44.30015164751302,44.300151211215706,44.300151294698175,44.30015126622044,44.3001540014257,44.3001512025916,44.30015553413863,44.30015335845463,44.30015126727014,44.30017529332782,44.30017427407058,157.53446853705643,44.31007134228803
375,44.299961021570226,44.299961020922446,44.29996129420248,44.299960913217376,44.299960986390026,44.29996096320273,44.29996313731734,44.299960973254976,44.29996292728228,44.29996212942487,44.2999609597231,44.2999747850956,44.299974039109436,157.53446843423671,44.309881038706315
376,44.29995582815071,44.299955852801055,44.29995610401779,44.29995581398874,44.29995580426771,44.299955791027564,44.29995784893995,44.29995575129238,44.299958982424876,44.29995745193065,44.29995578781376,44.29996771474754,44.29996699006701,157.53446826848872,44.30987586698595
377,44.29998219992348,44.299982449918396,44.299982479382095,44.299982035104506,44.299982153567235,44.29998211994927,44.29998469371906,44.29998210451506,44.29998730660023,44.29998470969249,44.29998212469826,44.30000055108169,44.29999960891788,157.53446763386776,44.30990219642833
378,44.29994591406799,44.299945516165394,44.29994601141144,44.2999458576476,44.299945896178485,44.29994588269165,44.29994820912854,44.29994578019168,44.29994569233202,44.2999460044614,44.29994594827588,44.299958717732515,44.29995792137189,0.01912472042190902,44.30986595971128
379,44.29951862453493,44.29951843892795,44.299518664617516,44.29951858952095,44.299518613562505,44.299518604562614,44.29952087569041,44.29951850729331,44.29951727347663,44.29951806230927,44.29951870212434,44.29952963177244,44.29952879602701,0.019123407323176383,44.30943867971411
380,44.29995501586131,44.2999554799844,44.2999551042461,44.29995504180305,44.29995501007551,44.29995501021585,44.29995733439596,44.29995483524516,44.29995578603893,44.299955158625515,44.29995508349381,44.299968883158435,44.29996802431413,0.019124666966430188,44.309875086639316
381,157.53375324274955,157.53375166684089,157.53375279647767,157.53375236468773,157.53375285097766,157.53375243493284,157.53375618242592,157.53375252680357,157.53376003495575,157.53375611833346,157.53375246005473,157.5337952206722,157.53379350325966,0.031082693180226037,157.54367252130803
382,44.29999578906958,44.29999584136626,44.299996101415836,44.299995632193166,44.29999574210711,44.299995710183246,44.2999984949764,44.29999569010363,44.29999997918577,44.299997896941825,44.299995709944774,44.300020609461484,44.30001956561486,0.03108347104877326,44.30991578567555
383,44.29995260450815,44.299952576914556,44.29995290532009,44.29995266337783,44.29995258860772,44.29995258470657,44.29995469467724,44.2999525051126,44.29995355243733,44.29995330937629,44.29995258064995,44.29996536530346,44.29996462280536,0.031083359825847753,44.30987266024366
384,44.299952708734565,44.29995279326841,44.299952994787155,44.29995275842365,44.29995269237167,44.29995268659503,44.299954715849594,44.29995261098588,44.29995503056773,44.29995393751594,44.29995268307881,44.29996428420034,44.29996355087781,0.03108319881697602,44.30987276253239
385,44.29997961742979,44.299979947278764,44.29997988389542,44.299979448949905,44.29997957251633,44.2999795396886,44.29998205968159,44.29997953406024,44.29998297887229,44.29998133362461,44.29997954509333,44.29999717652574,44.299996222156786,0.031082516886991523,44.30989961611832
386,44.29994075072148,44.2999403618738,44.29994081442848,44.29994058336961,44.29994071987858,44.29994069242752,44.2999430481507,44.299940671853506,44.29994041081315,44.29994088605418,44.29994075862987,44.29995313400318,44.299952357885665,0.019124018572432268,44.309860769421896
387,44.2996782192263,44.29967801819182,44.299678225458074,44.29967818300969,44.2996782083223,44.299678200212526,44.299680426043096,44.29967810621296,44.29967725451099,44.29967798442792,44.29967829676695,44.29968893323235,44.29968823410517,0.019123088423888036,44.3095982751928
388,44.29995029782314,44.29994988361222,44.29995040982734,44.29995032402718,44.2999502910304,44.29995029007194,44.29995256693142,44.29995012239502,44.29995108720788,44.299950507507155,44.29995035663101,44.29996221573032,44.29996152492544,0.019123925182178307,44.309870366133914
389,157.53325435216354,157.5332583476509,157.53325181385577,157.53325138747832,157.53325294506405,157.5332514616027,157.5332562019738,157.5332519528505,157.53325982742533,157.53325567190623,157.533251485653,157.53328368858948,157.53328241716346,0.03099771316141413,157.5431715477673
390,44.299992798418856,44.29999298069084,44.29999308268936,44.29999264429776,44.29999275334594,44.299992722498224,44.29999542724585,44.29999270014509,44.299997829125225,44.29999534210027,44.29999272303956,44.30001642631629,44.30001541255381,0.030998535222936913,44.30991279801393
391,44.29995799420926,44.299958064530976,44.299958270333825,44.29995794634099,44.29995796750057,44.29995795201287,44.29996007272228,44.29995792969581,44.29996025130155,44.2999592666225,44.29995794867406,44.29997093535709,44.29997019329783,0.030998444385599438,44.30987802773982
392,44.29995795499656,44.29995800781467,44.29995822415102,44.29995789288315,44.29995792634989,44.299957907746794,44.299959974756206,44.29995789629552,44.299961472337884,44.29995970472834,44.29995790581146,44.29996963231787,44.29996889576096,0.030998291417014812,44.309877984091464
393,44.29998470086764,44.29998500708006,44.299984977642424,44.29998453221924,44.299984654196585,44.29998461994298,44.2999871824937,44.29998459857967,44.299990064311125,44.29998728866485,44.29998462839803,44.300002845981915,44.30000192154674,0.030997633659656906,44.309904696803336
394,44.299949771076236,44.299949659265195,44.29994986227985,44.29994978876667,44.29994976304741,44.29994975985795,44.299952042935814,44.29994958206439,44.29994944377529,44.299949581590944,44.29994982832597,44.2999620073075,44.299961167384716,0.01912394935069048,44.309869836901306
395,44.29984260220508,44.299842551016695,44.29984261418901,44.2998425530236,44.29984259086015,44.299842580121684,44.29984483344405,44.29984247796574,44.29984092083131,44.299841844823696,44.299842679829204,44.29985351239645,44.299852757354124,0.01912302801675785,44.30976265633396
396,44.29995226958315,44.29995232227503,44.299952341252315,44.29995231080519,44.29995226554729,44.29995226693915,44.29995458500517,44.29995207219926,44.299952868088006,44.299952349567825,44.29995234214173,44.29996439174169,44.29996362275949,0.019123907209803268,44.30987234316882
397,157.53280313889346,157.5328032174364,157.53280331255147,157.53280291395203,157.5328030632197,157.53280298542663,157.53280604670223,157.53280293889244,157.53280974709403,157.53280608960088,157.53280301146307,157.5328328058854,157.53283150235907,0.030988954612265588,157.5427230706597
398,44.3000427334585,44.30004303844496,44.30004302966949,44.300042609049505,44.300042690892845,44.30004266266564,44.300045351738135,44.30004260316073,44.300045410870176,44.30004412156769,44.30004266620069,44.300065955021836,44.30006494680836,0.030989842223389675,44.30996273855391
399,44.29995953352657,44.29995961293971,44.2999598094981,44.29995946834512,44.29995950388965,44.299959485586534,44.29996162079459,44.299959469922904,44.299960439732494,44.29996023607898,44.29995948393478,44.299972837303386,44.29997209985086,0.03098975494737663,44.30987956144124
400,44.29995722353689,44.29995725548027,44.29995749673409,44.299957171964145,44.2999571949195,44.29995717647645,44.299959254033524,44.299957156569384,44.299959098612966,44.29995832174746,44.29995717523667,44.299969041556324,44.29996829540189,0.030989608213798467,44.30987725290834
401,44.29998292856044,44.29998334294806,44.29998320092533,44.299982760232744,44.29998288175086,44.2999828472885,44.29998539442283,44.299982825658766,44.299987364600646,44.29998511963992,44.29998285522572,44.30000108597334,44.30000014468081,0.03098897513344451,44.309902924065796
402,44.299952422817746,44.29995202887304,44.29995251848995,44.29995244907203,44.29995241447651,44.299952410571564,44.29995469889307,44.29995222416182,44.299952240015045,44.299952340031204,44.29995247935788,44.29996471407009,44.29996387324743,0.019124168213219318,44.30987248810755
403,44.29986249586286,44.29986224350453,44.29986252295361,44.2998624430905,44.299862482060085,44.29986247075042,44.29986470713121,44.29986238858456,44.299861255700506,44.29986196138817,44.29986256504702,44.299873419151204,44.29987257027842,0.019123322275354918,44.309782546130286
404,44.29994916364376,44.299949100913494,44.299949296500756,44.299949209942916,44.2999491583683,44.29994915906218,44.29995154090432,44.299948983212325,44.299949741207705,44.2999492494437,44.299949230149586,44.2999611653217,44.299960375515354,0.01912423876818002,44.30986923576581
405,157.53326327633116,157.5332633752005,157.53326199380066,157.53326157472978,157.53326248148807,157.53326164439065,157.53326562981906,157.53326188560848,157.53326760709206,157.53326457930197,157.5332616701156,157.53329194624715,157.5332906910048,0.031030223338463576,157.543181730091
406,44.29999702102567,44.299997290278924,44.299997319226435,44.29999686882232,44.29999697477937,44.29999694370262,44.299999644069004,44.29999691230801,44.29999779903013,44.29999759208607,44.29999694494092,44.300020021474516,44.30001900923502,0.03103109911318276,44.30991701924265
407,44.29995562401052,44.299955639861366,44.299955912525924,44.29995562334091,44.299955601099306,44.29995558955864,44.29995771824945,44.29995553494254,44.299954659292816,44.29995557528414,44.29995558747669,44.29996787491887,44.29996719712077,0.03103102053757274,44.30987566530239
408,44.299955943318395,44.29995600353587,44.29995621642879,44.29995592151132,44.29995591847069,44.299955904121134,44.299957956018694,44.29995586824621,44.29995881383649,44.29995739219178,44.29995590258364,44.299967199600964,44.29996644083703,0.03103087250395724,44.309875980224994
409,44.29998446379844,44.299984857368806,44.29998473799912,44.299984298512726,44.299984417471656,44.2999843838993,44.2999869364421,44.299984361363805,44.29999005032519,44.299987090020814,44.29998439187185,44.300002774794144,44.30000180367708,0.031030302376019874,44.30990446046977
410,44.299958055301744,44.29995781773419,44.299958147426956,44.29995801263942,44.29995803798033,44.299958025329715,44.29996035310956,44.29995788183742,44.299958584397864,44.29995825153852,44.29995809048853,44.2999705663777,44.29996966876107,0.0191245068025867,44.30987810299538
411,44.29990151381477,44.29990124675182,44.29990152640371,44.299901424824775,44.29990149592303,44.29990148004336,44.29990373251774,44.29990140412229,44.299900272606635,44.29990095324635,44.29990157579818,44.299911759664205,44.29991103573454,0.01912336584070861,44.30982155682955
412,44.29995623578569,44.29995626277002,44.29995639587162,44.29995620306433,44.29995622096572,44.29995621312534,44.29995863783651,44.29995607685634,44.29995640037669,44.29995615467514,44.2999562807255,44.299968327538785,44.29996766813304,0.01912461701386269,44.3098762897887
413,157.53326531561817,157.53326409892068,157.53326432747852,157.53326388962827,157.53326465364248,157.53326395770966,157.53326782444725,157.53326414374436,157.53326913304957,157.53326648733264,157.53326398382137,157.53329505956822,157.5332937344839,0.031104728749109512,157.54318404340526
414,44.300003848853635,44.3000040799058,44.30000415400709,44.3000037008951,44.300003802040045,44.30000377067154,44.30000646123971,44.30000372865916,44.3000041285269,44.300004274147376,44.30000377295726,44.30002460723923,44.30002377684958,0.03110543919024424,44.309923846401254
415,44.29995812728395,44.29995806975328,44.299958404909454,44.29995806747895,44.299958096847746,44.29995807812196,44.299960225267334,44.299958063667084,44.29995773753328,44.299958358204314,44.29995807747655,44.299971221307324,44.29997043675027,0.03110534175454383,44.309878154102755
416,44.29995533826504,44.29995537986178,44.29995561306001,44.29995531910054,44.299955313388075,44.29995529847489,44.29995735619559,44.29995526534776,44.299957722243846,44.29995665913139,44.299955296852964,44.299966944256745,44.29996616599041,0.031105173699133352,44.309875374999955
417,44.29998047855663,44.29998082438985,44.299980745126554,44.299980310091335,44.29998043330172,44.29998039927918,44.29998292327003,44.29998038943594,44.29998462335053,44.29998254098842,44.299980404712706,44.299998649131005,44.2999976970245,0.031104480772164805,44.309900476482824
418,44.29994065030919,44.29994086755935,44.299940709588356,44.299940451658046,44.299940614879176,44.29994058125641,44.29994296891189,44.29994057006589,44.299940289394776,44.299940629608464,44.299940647278554,44.299953287849085,44.299952452510105,0.01912466154537446,44.309860659933065
419,0.1530233691834396,0.15302386900732304,0.15302341459631535,0.15302340890948063,0.15302337473467742,0.15302339159068387,0.1530256320043396,0.15302333151571915,0.15302138125263484,0.15302253671232732,0.15302347280030754,0.1530335721356641,0.15303287143659403,0.019123548856584172,0.1629434519496061
420,44.29993957734745,44.29993988610995,44.299939613458996,44.29993939361515,44.29993954784697,44.29993952123721,44.29994186889474,44.29993949883689,44.29994005729559,44.29993973166785,44.299939598873635,44.299951095286296,44.299950313480885,0.01912495065243593,44.30985959844926
421,157.53285834167835,157.5328585438367,157.53285863531946,157.53285817847816,157.5328582984495,157.5328582581196,157.53286134394156,157.53285819644896,157.53286540104708,157.53286160491714,157.53285828295108,157.53288865343816,157.53288750461863,157.5330776585507,157.54277834361864
422,44.299981587332525,44.29998174600191,44.29998187270428,44.299981420486,44.299981541805714,44.29998150970939,44.29998419389758,44.29998150828271,44.29998591658971,44.29998378327813,44.29998150960287,44.30000538830856,44.300004338376176,157.53307830489155,44.30990158571868
423,44.299952178137424,44.29995214927496,44.29995244684525,44.29995221254408,44.299952159869946,44.29995215249289,44.2999542580724,44.29995209110992,44.29995331521431,44.299952948925174,44.299952149695535,44.299964955169884,44.29996416666342,157.5330782004006,44.309872228624755
424,44.299952374254026,44.29995243269332,44.2999526292462,44.299952385716146,44.29995235433893,44.299952344400594,44.29995437826955,44.29995229827202,44.29995530987491,44.299953857849346,44.29995234195403,44.29996403569925,44.29996328007807,157.53307803154942,44.30987242104219
425,44.29998040704758,44.29998075454423,44.2999806513125,44.29998022691873,44.299980361754656,44.29998032727829,44.29998285697502,44.29998032567551,44.299985084114006,44.29998267456301,44.29998033290493,44.29999843500508,44.299997470768915,157.53307730221454,44.309900404566065
426,44.299928287449184,44.29992807373893,44.299928326984,44.29992807481322,44.29992825092051,44.29992821597878,44.2999306011325,44.29992821619309,44.299927252096126,44.29992796125103,44.299928285334424,44.29994109928376,44.29994021441848,0.019123885967348157,44.309848294273245
427,0.15133247374104672,0.15133280125250007,0.1513326870137762,0.15133271684013824,0.15133258434315636,0.1513327351316174,0.15133482006125304,0.15133242366669616,0.1513301327291036,0.15133150820275723,0.15133279361361252,0.15134407137473216,0.151343276313369,0.019122978057188524,0.161252750142213
428,44.29992479185548,44.29992481565855,44.29992478861439,44.29992461618246,44.299924762479556,44.299924734850585,44.29992711657578,44.29992471799278,44.29992425191631,44.299924624885,44.29992481608141,44.299938220963014,44.299937307063466,0.019123671335834494,44.309844811801675
429,157.53328395445774,157.53328440722228,157.53328196861062,157.53328149565223,157.53328279866767,157.53328157873332,157.53328629861826,157.53328197926257,157.5332870327952,157.53328453515138,157.5332816059453,157.5333271291369,157.53332524813808,0.031008320577031564,157.54320166531446
430,44.299979937731486,44.29998014156436,44.29998025416749,44.29997975630834,44.29997989217839,44.29997985962558,44.299982588300615,44.2999798707074,44.2999798021381,44.29998028966718,44.29997986109644,44.30000545154008,44.300004340354974,0.031009175115990984,44.30989993548099
431,44.29994565111676,44.29994558614314,44.299945934581295,44.2999456750991,44.29994563117544,44.29994562153099,44.29994772415491,44.299945589890946,44.29994473540943,44.299945607443874,44.299945619207215,44.29995873526733,44.29995795748505,0.03100907145110149,44.309865697537866
432,44.29994613120778,44.2999461848531,44.29994639105126,44.29994615585198,44.29994611235889,44.29994610313355,44.29994812154081,44.29994607135023,44.299949141019795,44.29994766764286,44.29994609993613,44.29995755672596,44.299956764102205,0.031008913717571755,44.309866179621196
433,44.29997846423036,44.299978890970515,44.299978708274615,44.29997828423262,44.299978420071874,44.29997838691194,44.299980900316676,44.29997839666543,44.29998399233228,44.29998112034698,44.29997839117605,44.29999639784199,44.29999541114546,0.031008240982922458,44.30989846423325
434,44.29991503504544,44.29991520535771,44.29991508727747,44.29991487324289,44.29991500367607,44.299914973848,44.29991738245935,44.299914946435194,44.29991452545483,44.29991487760486,44.299915044537585,44.29992802100563,44.29992713376206,0.019123827928704075,44.30983505212769
435,0.15104964254641934,0.1510496051431404,0.15105016813556466,0.15105019258778918,0.1510499167268353,0.15105028104872373,0.15105208784192706,0.15104965080270277,0.15104726521460227,0.15104859160808756,0.1510502657855177,0.15106134056476386,0.1510605455428453,0.0191229881243537,0.16097019788502664
436,44.299892778233705,44.29989288157614,44.299892806415464,44.29989269480003,44.29989275877415,44.29989274238403,44.29989513587605,44.29989268725891,44.29989248011578,44.29989266584255,44.299892823773824,44.29990643870596,44.29990546592405,0.019123633786988267,44.30981281803292
437,157.5318223898311,157.5318226001498,157.53182273374307,157.5318222309776,157.53182235586058,157.5318223269815,157.53182562450078,157.53182225641024,157.53182594409896,157.53182421211244,157.5318223530364,157.53186631275835,157.53186443650847,0.03099808009635485,157.54174241100228
438,44.29997810968491,44.29997823456693,44.299978393064414,44.299977918192276,44.29997806402833,44.299978030938526,44.299980757364814,44.29997804444887,44.299975861450584,44.299977717149595,44.29997803165435,44.30000304715693,44.30000194606861,0.03099894463608246,44.309898107514364
439,44.299943176331816,44.29994312817578,44.29994345874332,44.29994315883376,44.29994315186247,44.29994313730316,44.29994521668734,44.29994313399133,44.299942001270914,44.2999430824844,44.29994313465753,44.299955709227255,44.29995491906562,0.03099884017324428,44.30986321357212
440,44.29994665902794,44.29994676656321,44.29994693082463,44.299946693373364,44.2999466406024,44.29994663189978,44.29994865038776,44.29994658738104,44.29994883614783,44.29994784696442,44.299946627775576,44.29995810459844,44.29995731235642,0.03099869494689901,44.30986670864194
441,44.29997667884998,44.29997704562243,44.29997692706993,44.29997651186334,44.299976636170705,44.299976604170894,44.29997909827062,44.29997661642867,44.29998077166593,44.29997872578954,44.299976607621836,44.29999434841773,44.29999336316711,0.03099804430087211,44.30989668151818
442,44.299922551732216,44.299922146478885,44.299922581377444,44.29992237551689,44.29992251942161,44.29992248886585,44.29992493636488,44.29992247643592,44.29992193119346,44.29992249476447,44.29992255831325,44.299935632068646,44.299934779210055,0.019124001637104395,44.30984256714823
443,0.15142871321608228,0.1514285807593467,0.15142886300327965,0.15142887369305966,0.1514287857443867,0.15142888998319728,0.15143102621968152,0.15142876203756225,0.15142734121655552,0.15142819550163425,0.1514289486105413,0.15144040947149004,0.1514397443431256,0.01912309219145648,0.1613489105711405
444,44.29992734546627,44.29992750219733,44.29992732464939,44.29992715363962,44.2999273144122,44.29992728538095,44.29992961774863,44.299927282781844,44.299928301121945,44.29992776844643,44.29992735771669,44.29994090150445,44.29994027036464,0.01912401455890304,44.30984736235706
445,157.53067943570235,157.53067968191755,157.53067977306532,157.53067928286399,157.53067940439644,157.530679378317,157.53068248715414,157.53067930835564,157.53068589141242,157.53068251953172,157.53067940170578,157.53071478103655,157.53071333202638,0.03120595330931063,157.54059946258943
446,44.29997947823921,44.29997973648542,44.299979783194594,44.2999793011849,44.29997943334848,44.29997940105656,44.29998208817687,44.299979409042464,44.299980410573234,44.29998025679427,44.29997940106397,44.30000348440856,44.30000244287326,0.031206796709407795,44.309899477276076
447,44.29994489176721,44.29994488324527,44.29994518119191,44.29994491761505,44.29994487200346,44.29994486219616,44.29994694213769,44.29994482744036,44.299942516742874,44.29994432639086,44.29994485893894,44.29995773644811,44.299956941992384,0.031206716942859106,44.3098649383015
448,44.299942611128365,44.29994257070956,44.29994286623904,44.29994259882363,44.2999425864798,44.29994257107996,44.29994458853096,44.299942577115694,44.299944113478546,44.299943554464654,44.299942566844635,44.29995409786465,44.29995329267654,0.03120657710213323,44.30986264763965
449,44.29997402345777,44.29997432266305,44.299974285204655,44.29997386292816,44.2999739810849,44.29997394982944,44.2999764592713,44.29997396667545,44.299977375490194,44.29997576816816,44.29997395304164,44.299991946906374,44.29999095133821,0.031206031739649604,44.30989402723043
450,44.299924132104195,44.2999240481305,44.29992418528576,44.2999239638377,44.29992410033773,44.29992407103367,44.299926593790076,44.29992405554563,44.29992341684257,44.299923997700056,44.299924143906885,44.29993735618362,44.29993658964477,0.019124762973677562,44.30984414950394
451,0.15108436748767104,0.15108430574252582,0.15108476306795007,0.1510847503375052,0.15108455382910158,0.15108481020695566,0.15108680388997808,0.15108435501505857,0.15108262327379265,0.15108365136485943,0.1510848286514444,0.15109620390380632,0.15109541716998293,0.019123300586148344,0.16100477136260413
452,44.299929419095854,44.29992917550113,44.299929483574374,44.299929233347235,44.299929387416796,44.299929358709726,44.29993183721192,44.299929353637644,44.29993061060289,44.29992998709552,44.299929433203936,44.29994294346142,44.29994199013439,0.01912463115898128,44.309849436008506
453,157.52438925217425,157.5243894354077,157.52438956210642,157.52438907736976,157.52438920976297,157.52438917545228,157.52439228791016,157.52438909664238,157.52439414630825,157.5243916164854,157.5243891968113,157.52442417431232,157.52442268634715,157.5346856760919,157.534309258006
454,44.299978327127455,44.29997842039469,44.299978612961915,44.299978144185495,44.29997828114031,44.29997824833018,44.299980930697586,44.29997825200464,44.29997563049101,44.299977676451924,44.29997824822158,44.3000024372652,44.300001348756815,157.53468649599964,44.30989832480305
455,44.299944568415384,44.299944433647,44.29994485881847,44.29994458094888,44.29994454580427,44.299944533729324,44.29994661380584,44.29994450658066,44.29994340682211,44.299944445996026,44.299944531492066,44.299957004697745,44.29995616064104,157.53468640947455,44.309864610032946
456,44.29994611230754,44.29994616312468,44.299946391446575,44.29994614532328,44.29994609361574,44.299946084610504,44.29994809844424,44.29994604526748,44.29994934868338,44.29994773740855,44.29994608055645,44.29995774322635,44.29995694028138,157.53468627989517,44.309866161259
457,44.29997729828559,44.29997761892682,44.29997754916683,44.29997712878827,44.29997725509997,44.29997722286142,44.29997972380816,44.29997723420053,44.29998277480011,44.29997994638766,44.29997722586913,44.29999561216585,44.29999464765288,157.534685803379,44.30989730023125
458,44.29993437267888,44.29993450066427,44.29993439249757,44.29993418107429,44.29993434004135,44.29993430926287,44.29993674762815,44.29993430541925,44.2999345833262,44.299934551510326,44.29993437881097,44.29994784178791,44.299947171228006,0.01912505635506218,44.3098543879139
459,0.151470752194757,0.15147094970145716,0.1514709352559031,0.15147091563538795,0.15147082557242317,0.1514709308196046,0.15147310818411708,0.15147073605855946,0.1514698795839428,0.15147033314296313,0.1514709861992919,0.15148162275625224,0.15148087015532224,0.019123683529508256,0.16139094982889263
460,44.29994180816511,44.29994156151104,44.299941840480535,44.2999416498003,44.2999417811725,44.299941758127794,44.299944131155286,44.2999417148794,44.29994301951186,44.29994228885826,44.29994183802808,44.29995454720581,44.29995372429636,0.019124604114534493,44.30986183551078
461,157.5330235194822,157.53302404002292,157.53302316745152,157.53302269357317,157.53302315343439,157.53302277356445,157.53302625051876,157.5330228409921,157.5330287991467,157.5330256802626,157.53302279867887,157.53305731879448,157.53305586265222,0.031009146914653396,157.54294285943212
462,44.299980011147255,44.29998011529748,44.29998032648243,44.299979844303,44.29997996543323,44.29997993378635,44.299982623517195,44.29997992990389,44.299979869197664,44.29998028219266,44.29997993431997,44.300004137168166,44.30000301891436,0.031009959466238565,44.309900009691745
463,44.299949316258,44.2999492786878,44.299949610397285,44.29994940385064,44.29994930316533,44.299949301369914,44.29995136548241,44.29994921131797,44.29994858724529,44.299949370167724,44.29994929772814,44.29996199359988,44.299961191511585,0.03100987198624597,44.30986937737117
464,44.29995216287009,44.29995225274604,44.29995242918713,44.29995220772974,44.29995214528663,44.29995213819013,44.29995417548531,44.29995207180431,44.29995462940835,44.29995346857322,44.299952135409,44.29996387547964,44.299963069729635,0.031009738441888715,44.30987221483895
465,44.2999796384213,44.29998003436605,44.29997988205945,44.29997946513376,44.29997959251471,44.29997955830797,44.299982092880406,44.29997956083192,44.29998444437084,44.299981962490996,44.299979564305765,44.29999790638704,44.29999691282547,0.031009130231400218,44.309899635657274
466,44.29994050145265,44.299940471447265,44.29994051595988,44.299940301184684,44.29994046705534,44.299940435186954,44.29994289611898,44.299940416390605,44.29994067646956,44.29994069324345,44.2999405041791,44.29995328832914,44.299952413353886,0.019124147224884983,44.30986051375867
467,0.15787743435403126,0.1578778146186254,0.15787748408962185,0.15787746910222034,0.1578774372285885,0.15787745048379767,0.15787970105633034,0.15787738980379415,0.15787550846806253,0.1578766835619083,0.15787753741050772,0.15788866954986816,0.15788790603340613,0.019123081604909088,0.1677975114043455
468,44.29994732901219,44.29994774912342,44.2999474139479,44.29994731694068,44.299947318669886,44.299947313064884,44.29994967642033,44.299947163587824,44.299946861982725,44.29994707415475,44.299947383843396,44.29996043740753,44.29995956315374,0.01912431183619816,44.30986739052508
469,157.53300510318095,157.5330057610029,157.53300452113848,157.53300408619236,157.53300464298096,157.53300416335443,157.53300774366298,157.53300426804225,157.533009721571,157.53300686429213,157.53300418570615,157.53303724886828,157.53303578876435,0.031048564308265126,157.54292424900532
470,44.29998442557235,44.29998456332484,44.29998474357222,44.29998426001001,44.299984378198275,44.29998434551867,44.299987062515775,44.29998433275423,44.29998672184459,44.29998563918256,44.299984346078325,44.30000867407276,44.30000751690246,0.031049312055222444,44.309904421454945
471,44.29995244494339,44.29995243542288,44.29995274876638,44.29995250418719,44.29995242909185,44.29995242478331,44.2999545419645,44.299952345242964,44.29995306554331,44.299953014307654,44.299952421113694,44.29996585959477,44.29996503794765,0.031049225674720193,44.30987250065454
472,44.29995360150139,44.299953668980855,44.29995386050669,44.299953617878835,44.299953581527326,44.29995357217342,44.29995561266647,44.29995352030756,44.29995635688891,44.29995505430802,44.29995356860434,44.29996544987112,44.2999646403189,0.031049064868401807,44.30987364848886
473,44.29998225680586,44.299982631585266,44.29998250215331,44.29998208141967,44.299982210565986,44.29998217637902,44.29998471195063,44.299982166746105,44.29998755304342,44.2999848193576,44.29998218142296,44.300000773505445,44.2999997616111,0.031048384935771806,44.309902253110444
474,44.29994315031996,44.29994326559838,44.29994320065109,44.29994300482036,44.299943122826896,44.299943098988386,44.299945451449815,44.29994304411104,44.29994289356421,44.29994302943722,44.29994316503442,44.29995622299498,44.299955263403,0.019124063606885802,44.30986317611168
475,44.299802373530646,44.2998029012736,44.299802416633035,44.299802322949596,44.299802360799454,44.299802350093806,44.299804642207825,44.29980225090799,44.299800290549456,44.29980139575045,44.299802450760346,44.29981372585029,44.29981285064159,0.019123318269360114,44.30972242558496
476,44.29994949446706,44.299949817639884,44.29994960653821,44.29994952389709,44.299949489860865,44.299949491445545,44.299951912895914,44.29994931316113,44.29994899441817,44.29994921128804,44.299949569779386,44.29996272256739,44.29996182925632,0.019124009514241324,44.3098695676039
477,157.53276906960073,157.53276937785728,157.53276934781934,157.53276890820416,157.5327690252898,157.5327689838832,157.5327720576753,157.53276891908163,157.53277231357848,157.5327705926579,157.53276900943314,157.53280210248292,157.53280056367345,0.03100951985433928,157.54268906876078
478,44.29998009792434,44.29998034878946,44.29998043106087,44.29997995309652,44.29998005574427,44.29998003189234,44.29998273361725,44.29997998394108,44.29997834722456,44.299979645080775,44.29998003486768,44.300004793331276,44.300003590687105,0.03101037421189913,44.309900108763635
479,44.29994814644416,44.29994803662742,44.29994845543133,44.29994822954353,44.29994813163561,44.29994812849919,44.29995025696949,44.29994804919095,44.29994726550871,44.29994815679183,44.29994812566772,44.299961516248686,44.29996064923545,0.031010291950254978,44.30986820436655
480,44.29995083209275,44.29995088110655,44.29995110848808,44.29995088271011,44.29995081565784,44.2999508099226,44.2999528657056,44.2999507467083,44.29995434531469,44.29995262371316,44.29995080482561,44.29996302122461,44.29996218790122,0.031010144881979427,44.3098708861453
481,44.29998051965205,44.29998089462998,44.299980768539285,44.29998034226828,44.29998047389677,44.2999804398499,44.299983007526606,44.2999804403637,44.29998597207395,44.29998317093353,44.29998044253771,44.29999991861563,44.29999889470765,0.031009476723259325,44.30990051657389
482,44.29994291496541,44.29994254075624,44.29994295408418,44.29994276515425,44.2999428865245,44.299942862152164,44.29994520143003,44.29994280277577,44.2999429294315,44.29994290577409,44.29994292891723,44.29995596610195,44.299955019794574,0.01912401282210679,44.30986293949872
483,44.29982997513221,44.29982976420187,44.299829950446615,44.29982991655257,44.299829961474806,44.299829950889695,44.29983222320158,44.29982984765073,44.29982799480704,44.29982907948346,44.2998300518444,44.29984121466697,44.29984038111058,0.019123099515297,44.309750026220776
484,44.29995021623367,44.29994978103414,44.29995029925698,44.29995023972537,44.29995020933617,44.29995020899971,44.299952642241074,44.299950026107496,44.299949461482676,44.29994979543637,44.299950287559824,44.29996288144895,44.29996198157568,0.0191239849889972,44.30987028525856
485,157.533461243063,157.53346033769196,157.53346022092305,157.53345975968872,157.5334605577452,157.53345983317874,157.53346391206077,157.53346004126948,157.53346362019187,157.53346172616838,157.53345986086592,157.53350498268006,157.53350297895642,157.53474536840415,157.54337991926351
486,44.29999102887114,44.299991092148396,44.299991354483126,44.29999085976144,44.299990979475716,44.29999094584963,44.29999373192425,44.29999092812898,44.29999067358397,44.29999121079615,44.29999094724625,44.300017652506575,44.30001641663586,157.5347461013968,44.309911021388814
487,44.299953394851705,44.29995332822188,44.29995368997516,44.29995342233809,44.29995337456939,44.29995336636006,44.2999555392225,44.29995330393697,44.29995302665687,44.29995360386,44.299953363351335,44.299967381278,44.299966498920845,157.5347460002706,44.30987344218348
488,44.29995157619769,44.299951568842395,44.2999518454213,44.29995161394638,44.299951557716206,44.299951550425284,44.29995362051658,44.29995149134384,44.29995385243907,44.29995282380225,44.29995154639294,44.29996377027916,44.29996291012545,157.53474584087147,44.30987162653582
489,44.29997967225645,44.29997994689858,44.2999799249815,44.299979498702925,44.29997962615685,44.29997959284654,44.299982171940854,44.29997959475455,44.299982631838134,44.29998123712079,44.299979598050356,44.299998928991016,44.29999785388105,157.53474520351094,44.309899669360085
490,44.29993930700781,44.29993930594466,44.29993935296989,44.29993912724785,44.29993927406927,44.299939245555436,44.29994172222206,44.29993922834377,44.29993839085949,44.299939046897045,44.299939313160756,44.299952465709566,44.29995144904216,0.019125478995475422,44.30985932250556
491,44.29984246595303,44.299842998615354,44.299842495945704,44.29984241050618,44.29984245228974,44.29984244049806,44.29984475390757,44.29984234757881,44.29984110523148,44.2998417940577,44.299842536132836,44.29985412867734,44.299853293969136,0.01912354097259775,44.309762515091855
492,44.29995197254663,44.299952420533806,44.29995209668513,44.29995200677512,44.299951968094796,44.29995196998994,44.29995435835511,44.29995178963671,44.29995266113311,44.29995208799579,44.29995204184835,44.299966603828416,44.299965551408256,0.019125545675297298,44.309872045993046
493,157.53376795847555,157.53376611504632,157.53376694805868,157.53376648392296,157.53376727975484,157.5337665609682,157.53377069110567,157.53376677231995,157.53377260471936,157.53376948674904,157.5337665871829,157.53381295778453,157.53381084215943,157.5324945845861,157.543686647601
494,44.30000094963012,44.300001053954276,44.300001288935725,44.30000079625507,44.30000090590897,44.30000088049622,44.300003654348494,44.300000814052005,44.30000284530055,44.300001895488265,44.30000088391543,44.30002738159945,44.300026132230094,157.5324953334272,44.30992095769759
495,44.29995266894408,44.29995260270446,44.299952970894815,44.299952709553274,44.29995265184717,44.2999526467513,44.2999547934836,44.29995257544945,44.29995244345698,44.29995291813333,44.299952644090354,44.299966559218326,44.299965698709535,157.5324952241809,44.309872722348665
496,44.29994955561971,44.29994950707218,44.2999498328013,44.299949612679505,44.299949539824915,44.29994953528118,44.29995158325636,44.29994946788605,44.29995101908844,44.29995040715536,44.299949531385515,44.2999616903957,44.29996083532965,157.5324950533907,44.30986961121269
497,44.29997898583861,44.299979212203816,44.2999792358502,44.29997881374289,44.29997894031246,44.29997890764301,44.299981441999115,44.2999789097076,44.29998151409824,44.299980310827465,44.29997891174975,44.299997326803634,44.29999625240134,157.5324943192752,44.30989898403977
498,44.29994011589406,44.29993973933426,44.299940138230646,44.29993995202626,44.2999400843014,44.29994005802164,44.29994250385348,44.29994002922222,44.29993870512343,44.29993969559546,44.299940126368824,44.29995306063765,44.299952023429256,0.019124941198370955,44.309860134768634
499,44.29984206650641,44.2998422504422,44.29984207544553,44.299842015592496,44.29984205375863,44.29984204366153,44.29984430042045,44.29984194852835,44.29984033838297,44.299841286857735,44.29984214181234,44.29985355025099,44.29985271364206,0.019123479946719372,44.309762118922514
500,44.29995623086015,44.29995612927982,44.299956304920705,44.29995618618073,44.299956216242556,44.29995620875107,44.29995860821037,44.29995607951216,44.299956958715256,44.29995643017921,44.29995628026139,44.299970396064644,44.29996949010178,0.019125334786089118,44.30987628507944
501,157.53322081499826,157.53322131531286,157.53321952793092,157.53321907770984,157.5332200054557,157.53321915438048,157.53322316809684,157.5332194007083,157.5332236451433,157.5332213111096,157.53321917985758,157.53325422987405,157.53325268838822,157.53478106006753,157.54313924020798
502,44.29999671679071,44.29999676738203,44.299997050943034,44.29999656781877,44.29999667212561,44.29999664627616,44.29999937573495,44.29999657694366,44.29999625020718,44.29999670657804,44.29999665035451,44.30002244737155,44.300021216217374,157.53478177100945,44.30991672347594
503,44.29995125074816,44.29995108171868,44.29995156247579,44.299951318278666,44.29995123465858,44.29995123106503,44.299953382163544,44.299951146060515,44.29994994994225,44.29995106487721,44.29995122912474,44.299964681065795,44.29996375148067,157.5347816814735,44.30987130669578
504,44.299949803845756,44.299949751046,44.29995007981404,44.29994986918632,44.29994978857662,44.29994978455426,44.29995183072748,44.29994971390025,44.29995237367786,44.2999511485694,44.29994977996707,44.299962031935515,44.299961201472314,157.53478152659048,44.309869860519505
505,44.29998013695536,44.29998045676612,44.299980390308974,44.29997996685639,44.29998009107465,44.2999800578186,44.299982620981886,44.29998005730703,44.29998415025503,44.29998215369918,44.29998006251437,44.2999990487782,44.29999800134289,157.5347810406346,44.30990013432906
506,44.29995121549095,44.29995114061855,44.29995128358297,44.299951253540165,44.299951209047286,44.299951209027,44.29995363931534,44.29995102481222,44.29995212077669,44.29995157726535,44.29995127796582,44.29996421729211,44.29996329695478,0.019125810590711157,44.309871285890296
507,44.29990959804342,44.29990966807563,44.299909624331434,44.29990948286018,44.299909579236356,44.29990956229518,44.29991190065301,44.299909485807625,44.29990936912548,44.29990943461949,44.29990966150873,44.29992109769054,44.299920275070825,0.019123509169260675,44.30982963896651
508,44.29995942535981,44.29995900986207,44.29995946062858,44.29995933132229,44.299959405901625,44.29995939298613,44.29996180599834,44.299959282570036,44.29996070238054,44.29995991259205,44.29995946572333,44.29997257976829,44.29997187434402,0.01912522955443029,44.30987946954172
509,157.53328285391956,157.53328201132493,157.53328125480598,157.5332808234228,157.53328190045232,157.53328089328178,157.53328511919693,157.53328120655732,157.53328674766112,157.53328369889724,157.5332809201016,157.53331524391328,157.53331376368354,157.53473784076013,157.54320097964316
510,44.30000028212334,44.300000363209584,44.300000568755365,44.30000013047345,44.3000002349493,44.30000020324502,44.300002925696504,44.300000172227776,44.30000060107611,44.300000518879614,44.30000020467822,44.300025551625545,44.30002432404013,157.53473868737782,44.309920278844835
511,44.2999539385543,44.2999538281752,44.29995422445614,44.29995396509357,44.29995391811557,44.29995391002987,44.29995607226923,44.29995384543273,44.299951825569174,44.29995340476905,44.299953908363904,44.29996791436381,44.299967006887364,157.53473861893568,44.30987398558563
512,44.29994757137641,44.29994746297433,44.29994784437184,44.29994764122358,44.29994755538723,44.29994755089371,44.299949605553685,44.29994748132333,44.29994709765569,44.299947729870716,44.299947547192254,44.29995958735432,44.29995872345146,157.53473847068528,44.30986762676283
513,44.299978507412,44.29997876619936,44.29997876291762,44.29997833857191,44.29997846163524,44.29997842881399,44.29998099185462,44.299978431362035,44.29997990624981,44.29997942273334,44.299978433198085,44.29999688606572,44.299995823758174,157.53473797242842,44.30989850518651
514,44.29994734909778,44.29994743906379,44.29994739807267,44.29994733658976,44.299947336058246,44.29994732901449,44.299949750678245,44.299947191117525,44.29994667081462,44.29994708278023,44.29994739260858,44.29996014867561,44.29995923742794,0.019125807750478657,44.30986740553953
515,44.299904477445956,44.29990452808773,44.299904488645005,44.29990437327089,44.29990445956292,44.29990444297683,44.29990671984094,44.299904366050754,44.29990356863311,44.29990403502183,44.2999045382473,44.29991578172173,44.29991497703934,0.01912360313392319,44.30982451935355
516,44.29995830788244,44.299958431205376,44.299958362679426,44.299958246207844,44.29995829212303,44.29995828327382,44.299960671340045,44.29995816541895,44.29995955722219,44.29995877285433,44.29995834944617,44.299971591043374,44.29997078439707,0.019125324545600217,44.30987835924902
517,157.53320083984522,157.53320062347635,157.5332005921579,157.53320016165677,157.53320054393998,157.53320023221912,157.5332036648118,157.53320027865132,157.53320613317345,157.5332029798625,157.53320025771205,157.53323413787464,157.53323271453988,157.53470909720963,157.54312031805145
518,44.30012015560967,44.30012028110517,44.30012044940846,44.300120028138814,44.300120111191895,44.30012008212939,44.300122779491126,44.300120019498884,44.30012240113552,44.30012112711714,44.30012008397611,44.30014491123225,44.30014374342659,157.5347099288417,44.31004015809874
519,44.29996108878216,44.29996099740265,44.29996136550079,44.299960982547674,44.29996105378522,44.29996103069897,44.29996321794869,44.29996104079127,44.29996198167324,44.29996172824993,44.299961028520805,44.29997567460353,44.29997482715124,157.5347098459641,44.309881106461084
520,44.29995556057164,44.29995553612866,44.29995584148011,44.2999555444485,44.299955536692124,44.29995552420334,44.29995761157864,44.29995548752141,44.299956908279626,44.29995640818101,44.29995552132161,44.299968440680715,44.29996758786519,157.53470970354346,44.30987560018094
521,44.299982493978405,44.299982777793126,44.29998277123959,44.29998232934219,44.29998244818555,44.299982415549614,44.29998500186327,44.299982395422745,44.29998520472984,44.29998394289788,44.29998242084793,44.300002300053045,44.30000120496444,157.53470914992914,44.30990249190514
522,44.299953618760554,44.29995398814665,44.29995371788963,44.29995362390547,44.29995360754915,44.29995360247623,44.299956075289096,44.299953437807524,44.299952856001475,44.29995327228146,44.299953667960956,44.299966928402796,44.29996598266968,0.019126743785497502,44.30987367962688
523,44.29992331734028,44.29992355894482,44.29992334224692,44.29992314568067,44.299923291099695,44.29992326695916,44.29992553114238,44.29992323564758,44.299922088532945,44.29992270782608,44.299923356313855,44.299934835373364,44.29993391901644,0.01912355258946931,44.30984334348175
524,44.29995554334115,44.299955352626625,44.2999556335119,44.29995544796199,44.29995552316271,44.29995550979382,44.29995799047766,44.29995540492263,44.299956465828934,44.299955946464,44.29995557999129,44.29996763426794,44.2999671210416,0.01912616873079016,44.30987558668827
525,157.53300857770887,157.53300881006152,157.53300825182464,157.53300783228124,157.5330082472228,157.53300790239345,157.53301132323176,157.53300795335983,157.53301113656326,157.53300939674043,157.5330079283003,157.53304153869826,157.533040018332,157.53478189813862,157.54292798792122
526,44.29999308866895,44.29999311213143,44.29999338404327,44.299992930957806,44.29999304032904,44.299993007700216,44.299995704650854,44.29999297914873,44.29999140556155,44.29999264532211,44.29999300960896,44.3000177201701,44.30001655739758,157.534782711877,44.30991308311132
527,44.299948630005964,44.2999483934445,44.29994893558194,44.29994871358894,44.29994861473628,44.29994861196156,44.299950737807535,44.29994852788787,44.29994627556197,44.29994804788196,44.29994860940625,44.29996208192978,44.29996117198343,157.5347826389865,44.30986868749819
528,44.29994717203897,44.299947019929725,44.29994746233393,44.29994723314541,44.299947155332625,44.29994714941799,44.299949197080196,44.29994708756008,44.29994848801934,44.29994797442797,44.29994714546013,44.29995880061714,44.29995802746904,157.53478250427472,44.3098672252732
529,44.29997948082627,44.29997970419469,44.29997975569802,44.299979319963,44.29997943549171,44.29997940325048,44.29998195342998,44.299979390897704,44.29998281817612,44.29998119778432,44.299979406859514,44.299995854041605,44.299995005823575,157.5347821179911,44.30989947951658
530,44.29995566153843,44.299956083969654,44.29995580902145,44.29995560940805,44.299955643512696,44.299955632693006,44.29995822662142,44.29995551033603,44.29995554065457,44.299955781355244,44.29995570056514,44.2999694397867,44.29996872833747,0.019266877592217204,44.309875710200906
531,44.29989433777984,44.299894774839224,44.29989436468577,44.29989426854332,44.29989431946652,44.29989430600241,44.29989665915133,44.29989423385755,44.29989304799102,44.29989376894602,44.29989439429715,44.29990440582205,44.29990370855072,0.01912643743531631,44.30981438173756
532,44.29994294602273,44.299942929709125,44.299943066511815,44.29994291311558,44.29994292719781,44.2999429171094,44.29994535000893,44.29994281835243,44.29994387716831,44.29994331318127,44.29994298303509,44.29995312979765,44.299952593306095,0.01926526366476646,44.30986299285647
533,157.5331113525416,157.53311139439725,157.53311107809034,157.53311063770255,157.53311103701856,157.5331107089465,157.533114157791,157.53311075400512,157.53311642272266,157.53311343745347,157.5331107306824,157.53314122322683,157.53313995928016,157.5347856410411,157.54303079455792
534,44.30011492581198,44.30011503357974,44.30011523273577,44.30011479230223,44.30011487984478,44.30011484994977,44.30011755884693,44.30011478767101,44.30011594454307,44.30011557882701,44.3001148507818,44.30013916962053,44.30013799892888,157.5347863523604,44.31003492596101
535,44.299965613789055,44.29996547149736,44.29996587196778,44.29996548049083,44.299965574360755,44.29996554779853,44.299967780457685,44.299965560332716,44.299964969732,44.299965770254964,44.29996554588568,44.29998062118231,44.29997969149181,157.53478628976438,44.309885623531294
536,44.29995968589555,44.29995957185286,44.29995993201768,44.299959580488995,44.29995965056438,44.29995962677727,44.299961754751415,44.29995964047231,44.29996152801121,44.299960778064786,44.29995962519738,44.299972774563344,44.29997190242193,157.53478613945103,44.309879702780655
537,44.29998816020406,44.29998840444055,44.299988416292415,44.29998800173476,44.29998811346294,44.299988080503745,44.29999070989743,44.29998804889444,44.2999921807972,44.29999015207471,44.299988086175496,44.300008955961886,44.30000784796107,157.53478563906992,44.30990815692945
538,44.29994883359392,44.29994906699557,44.299948913926166,44.29994885918911,44.29994882492169,44.29994882340509,44.299951322791365,44.299948662655794,44.2999486019288,44.29994876696213,44.29994889261328,44.29996253382085,44.29996176045086,0.01912690900488905,44.30986890049382
539,44.29991069802852,44.29991073233305,44.29991073578304,44.29991059527527,44.29991068058241,44.299910664884926,44.299912991546364,44.29991058957472,44.29990965259992,44.299910217790675,44.299910758769585,44.29992274248183,44.29992197316077,0.019124027076975064,44.30983074140894
540,44.29995555481688,44.29995519361186,44.29995561031817,44.29995540896658,44.299955531094724,44.299955513555894,44.299958039508205,44.299955438665826,44.2999567439266,44.29995604794337,44.29995558674255,44.29997008904693,44.299969357328,0.019126483629593707,44.309875590293736
541,157.53374608587424,157.53374430686307,157.53374566553506,157.53374520245424,157.53374569135283,157.53374527368663,157.53374905252267,157.53374536440938,157.53375040547309,157.53374774891455,157.53374529924497,157.5337909098789,157.53378890126436,157.53479213015768,157.543665360109
542,44.29999409680846,44.29999401260071,44.29999438773959,44.29999393667568,44.29999404791953,44.29999401498845,44.29999680767102,44.29999399214108,44.299993971749444,44.299994372080796,44.2999940158775,44.30002090211644,44.300019648828595,157.53479276728976,44.309914090521
543,44.29995050300462,44.299950268556664,44.29995078988724,44.29995052570473,44.29995048143868,44.29995047250144,44.29995264130766,44.29995042408743,44.29994920700912,44.29995036169467,44.29995046944066,44.299964783640235,44.29996387878984,157.53479266870826,44.30987054782215
544,44.299954116666385,44.299954068851605,44.29995439717746,44.29995410881477,44.29995409302498,44.29995408089337,44.29995616588507,44.29995404071667,44.29995632439124,44.29995529923184,44.29995407802836,44.299966433939794,44.299965564972155,157.5347925139037,44.30987415679294
545,44.299982715440905,44.299983105129854,44.299982989714444,44.299982551477065,44.29998266882435,44.29998263556459,44.29998523657179,44.299982617679404,44.299987577881815,44.299985033030616,44.2999826417271,44.30000286851086,44.300001768925405,157.5347920311494,44.30990271185883
546,44.299949305265464,44.299949857904856,44.2999494391108,44.299949347145066,44.29994929570004,44.299949294275415,44.29995180756867,44.29994911278144,44.29994837651011,44.2999488443663,44.29994936496187,44.29996259003139,44.299961543496586,0.0191513034971049,44.30986937153674
547,44.29990515206875,44.29990569993877,44.29990518972676,44.29990505428676,44.29990513224039,44.299905115956655,44.29990743528623,44.29990504034948,44.29990284196469,44.299904185948414,44.299905212380594,44.29991654560886,44.29991570864552,0.019124360915330676,44.30982519283703
548,44.29994143226267,44.299941714902104,44.29994156978412,44.2999413651946,44.29994140935532,44.299941395251864,44.29994390490748,44.29994131582364,44.299941739659374,44.29994151840169,44.2999414704371,44.299952422151506,44.299951833849384,0.01915061047474013,44.309861471287235
549,157.53376515253876,157.5337639549176,157.53376494923808,157.53376447870602,157.53376485905028,157.53376454476623,157.53376825780302,157.5337646017231,157.53376933146828,157.53376683436605,157.53376456957946,157.53380967309872,157.53380768737017,157.53479554881733,157.54368463138033
550,44.30005623623723,44.30005641109733,44.30005654793939,44.30005610301191,44.30005618985745,44.30005615897778,44.300058906758274,44.30005609494712,44.30005519672673,44.30005594276019,44.300056159764246,44.30008169886988,44.30008045863568,157.53479599000016,44.30997623511944
551,44.29995359577106,44.299953485729354,44.29995388586761,44.29995359341488,44.29995357167738,44.299953559683445,44.29995569258468,44.29995351432072,44.29995059980601,44.299952770383264,44.29995355705676,44.29996711463431,44.29996619509376,157.53479584538908,44.30987363505997
552,44.29994817222184,44.299948057637046,44.29994846752376,44.299948245254505,44.2999481568649,44.29994815261992,44.2999502006758,44.29994808097169,44.29994839526419,44.29994857980009,44.29994814916781,44.29996006272339,44.29995917603424,157.5347956698472,44.30986822838454
553,44.29997815891582,44.2999783971041,44.29997843658245,44.29997799982448,44.29997811488789,44.2999780835679,44.299980621218914,44.299978084935056,44.299979971862335,44.299979245377706,44.29997808683948,44.29999648844768,44.29999534732684,157.5347951479535,44.309898159764536
554,44.29994731789126,44.299947506508154,44.29994747044441,44.299947343973365,44.29994730626965,44.29994730176127,44.299949753996486,44.299947146653544,44.29994530037549,44.29994654962425,44.299947368325064,44.2999604775041,44.29995945028222,0.019126801352790237,44.30986737892044
555,44.29991487029764,44.29991537106019,44.299914916067564,44.2999147461413,44.299914847482704,44.29991482747881,44.29991718986099,44.299914773205764,44.299912905748414,44.29991394044011,44.29991492156478,44.29992586354225,44.2999249964035,0.019125015112462302,44.30983490417688
556,44.29994385629197,44.29994405114647,44.299944055676285,44.29994385082105,44.299943843087625,44.29994383707018,44.29994625811624,44.29994372480354,44.29994450815732,44.29994404312572,44.299943909055706,44.29995542683943,44.29995476109076,0.019126509600682833,44.30986391317185
557,157.53322195796048,157.53322249713105,157.53322062308663,157.53322016811418,157.53322111886695,157.5332202383904,157.53322434528783,157.53322049529757,157.53322496718445,157.5332225277651,157.53322026110024,157.5332553188169,157.53325376736666,157.53478191548737,157.5431403240612
558,44.30001353797323,44.300013630012586,44.30001384703664,44.30001339257854,44.300013490536465,44.300013459204706,44.300016178080476,44.300013416892995,44.30001385240033,44.30001381842451,44.30001345993124,44.30003824020915,44.300037057673684,157.53478256591993,44.30993353492013
559,44.29995539262069,44.299955282439896,44.29995566131427,44.299955368082074,44.29995536665867,44.29995535231506,44.29995750553033,44.29995531965343,44.29995478867901,44.29995551088351,44.29995534859395,44.29996901863701,44.29996815209986,157.5347824663789,44.30987542804879
560,44.29995236076243,44.29995231318011,44.29995262916949,44.29995239559903,44.299952342682026,44.29995233528289,44.299954395131515,44.299952273689634,44.29995450614419,44.29995354114237,44.29995233144854,44.29996442875963,44.29996360902263,157.53478231690545,44.309872411303196
561,44.29997979369102,44.29998004583279,44.29998004994916,44.2999796301928,44.299979748960034,44.29997971669028,44.29998226566192,44.29997971047177,44.29998317653832,44.29998153391944,44.29997972127048,44.29999797654771,44.29999698374609,157.53478180540262,44.30989979320515
562,44.299949390245125,44.299949628136865,44.299949512753045,44.29994941914094,44.299949382515216,44.299949380674946,44.299951794031784,44.29994921897066,44.29994854465378,44.29994903267828,44.29994944939613,44.29996324298887,44.29996233547006,0.019131374690944055,44.3098694581033
563,44.299874808763626,44.299874904800255,44.29987482903696,44.29987475151125,44.299874793183896,44.29987478144948,44.299877107231474,44.29987470398715,44.29987397441104,44.29987440348421,44.29987486964646,44.29988532236374,44.299884657013365,0.01912494193723354,44.30979485701773
564,44.29993206146411,44.29993172017041,44.29993215519969,44.299931934047095,44.29993203256968,44.299932009497674,44.29993446806909,44.29993199706177,44.29993286535552,44.29993249236984,44.29993207783853,44.2999434624594,44.29994293209771,0.019129552974931584,44.30985208559496
565,157.53217671698425,157.5321767796886,157.53217701239888,157.53217657179647,157.5321766801761,157.5321766494111,157.5321797216805,157.53217657644518,157.5321794332811,157.53217798620335,157.53217667213406,157.5322123868516,157.53221068731023,157.53478881777968,157.54209673357363
566,44.29998409349077,44.29998412200439,44.29998438864211,44.29998394513405,44.299984049320955,44.29998402413387,44.29998673212515,44.29998396563121,44.29998380619403,44.2999842569958,44.29998402749297,44.300009145824454,44.30000787239744,157.53478951277873,44.30990410127157
567,44.29995025287571,44.29995006398958,44.2999505311496,44.29995031864329,44.299950237323365,44.2999502337409,44.299952356088504,44.29995015474529,44.29995031018273,44.29995059588276,44.299950231003265,44.29996347069439,44.29996258061862,157.53478942844967,44.30987030954043
568,44.29994795829077,44.29994791645698,44.29994822654563,44.299948021393,44.29994794115334,44.2999479352192,44.29994998891278,44.299947869746376,44.29994995722018,44.29994912172115,44.29994793105396,44.29995933332513,44.2999585732851,157.53478929069612,44.30986801131644
569,44.299979438349055,44.299979691824994,44.299979687202914,44.299979272469265,44.29997939327964,44.299979360876314,44.29998190613504,44.29997935969728,44.29998329753375,44.299981410635915,44.299979366044944,44.29999761814624,44.2999966142466,157.53478890305152,44.30989943731438
570,44.29994801063409,44.2999485325459,44.29994813235465,44.29994800860822,44.29994799885977,44.2999479929558,44.299950382885704,44.29994784720873,44.29994810693899,44.299947999378695,44.2999480612501,44.299960918228145,44.29995998575112,0.019130347714586174,44.30986806982486
571,44.29987757797304,44.299877888754,44.29987761580032,44.29987751405633,44.29987756210992,44.299877549151226,44.299879835508364,44.29987746893341,44.29987622605117,44.29987700040335,44.299877639090596,44.29988867715797,44.29988786415311,0.019124432761096086,44.30979762428348
572,44.299947005425956,44.29994713145748,44.29994709814591,44.2999470157564,44.299946995687755,44.29994699275829,44.29994939243175,44.299946846486,44.29994810001573,44.299947394311715,44.299947056817444,44.299958999763824,44.29995826107753,0.01912927286767873,44.30986706855401
573,157.53294440695328,157.53294446395373,157.53294450948894,157.53294402888406,157.53294425939055,157.53294410969488,157.53294735255702,157.53294408833537,157.5329495769079,157.532946703262,157.53294413224975,157.5329808599258,157.53297923554132,157.5347754717076,157.54286419527668
574,44.300005220904985,44.300005330467776,44.30000553822165,44.3000050626864,44.30000517399909,44.30000514236695,44.30000785126751,44.30000510944836,44.30000698890931,44.300006173800064,44.30000514320989,44.300030712572315,44.30002950008707,157.53477629628142,44.3099252180078
575,44.29995198506097,44.29995174138964,44.29995228933328,44.29995200811137,44.29995196465455,44.29995195621992,44.29995409365099,44.2999519028703,44.299952128812954,44.29995240443597,44.29995195270367,44.29996599842486,44.299965147177886,157.53477622212492,44.309872031995575
576,44.29995840252504,44.299958379147036,44.29995865850958,44.299958301505484,44.299958368005214,44.29995834450258,44.29996043063551,44.299958358318385,44.299961764161374,44.299960101642,44.29995834165433,44.299970673595205,44.299969877288994,157.5347760918872,44.30987842072353
577,44.29998731249967,44.29998761170856,44.29998756985086,44.29998715593096,44.299987266570724,44.29998723361939,44.29998978998629,44.29998720301671,44.299992152315944,44.2999896866255,44.299987237997605,44.3000071592678,44.3000061761729,157.53477569291132,44.309907310187725
578,44.29995886387138,44.29995935241326,44.29995895502919,44.29995875375107,44.299958840207324,44.29995882243433,44.2999613743196,44.299958732945065,44.29995990672987,44.299959371892804,44.299958882890955,44.29997477064898,44.29997412990161,0.01912928511897866,44.309878899852805
579,44.29989874135803,44.29989881605987,44.29989887462961,44.29989865473578,44.29989872435479,44.299898709772656,44.299901020410395,44.29989863918694,44.29989856141847,44.29989862420215,44.29989880229761,44.29991060581909,44.299909707839696,0.019124291615538802,44.30981878511596
580,44.29994891044871,44.29994850229394,44.299949033713936,44.299948922422296,44.29994890271724,44.29994890126263,44.29995128499697,44.29994875588196,44.29995034374053,44.29994948855401,44.29994896838985,44.29996399635163,44.29996305218265,0.01912860370184838,44.309868977364324
581,157.5326279479606,157.53262778472927,157.5326282549887,157.53262778126282,157.53262790223067,157.53262785973504,157.5326309870442,157.53262779433774,157.53263162181165,157.53262971045984,157.53262788116265,157.5326651088153,157.5326634181039,157.53477155245744,157.54254794498854
582,44.29999803492881,44.29999806191423,44.299998336557515,44.299997871656835,44.29999798713422,44.29999795497181,44.30000066881766,44.2999979326361,44.30000154424832,44.29999977520135,44.29999795449327,44.300023454781694,44.30002218578651,157.53477230738395,44.30991803062289
583,44.29995657574682,44.29995639436279,44.29995683033227,44.29995650012308,44.29995654575176,44.2999565272774,44.2999586608047,44.29995652610983,44.299961213458936,44.299958844627156,44.2999565222534,44.29997026923133,44.299969424700926,157.53477222282035,44.3098766030464
584,44.29995352429006,44.29995342502742,44.29995377957845,44.299953511902714,44.29995350165586,44.299953490037666,44.29995555023992,44.299953448948806,44.29995847848837,44.2999559027493,44.299953486189445,44.29996440380071,44.29996378876081,157.53477208539155,44.30987356611373
585,44.299981384237235,44.299981749033826,44.29998163617907,44.299981218244106,44.29998133866639,44.2999813058284,44.29998386905891,44.299981288955706,44.29998744646147,44.29998431571673,44.29998130740793,44.29999775257641,44.29999703589786,157.53477163662856,44.30990138233839
586,44.29995567140245,44.299956227937145,44.2999557265176,44.29995561653101,44.29995565509176,44.29995564501571,44.299958189503,44.29995551156102,44.299956797527464,44.299956211015235,44.29995570793513,44.29996942783196,44.299968799370625,0.019126743022725847,44.30987572202249
587,44.299911113170275,44.29991164669628,44.29991119498691,44.299911003447725,44.299911093843804,44.29991107549784,44.29991334848935,44.29991100427967,44.29991101568853,44.29991094648157,44.29991116237253,44.29992330377525,44.29992251008719,0.019123679704697024,44.3098311513967
588,44.299953627539686,44.29995392469055,44.29995371471424,44.29995359009808,44.29995361598757,44.29995360996103,44.299955918100856,44.29995348374967,44.29995566391568,44.29995441733853,44.29995367792054,44.2999689213404,44.29996817537798,0.019126163024990796,44.30987368569828
589,157.53281077650954,157.53281123029976,157.53281084881158,157.53281038325744,157.53281062313985,157.53281046441415,157.53281368942015,157.53281044837112,157.53281701149217,157.53281358388188,157.53281048593865,157.53284710657394,157.53284549040686,157.5347746850223,157.54273054976457
590,44.30000348684791,44.30000364180847,44.300003802444884,44.30000332566848,44.30000344104864,44.300003409943855,44.30000612064413,44.300003379883044,44.300006109550964,44.30000491931878,44.30000340858785,44.30002970400384,44.300028488195856,157.53477540762202,44.30992348558447
591,44.29995430223692,44.29995419770339,44.29995459962908,44.29995428070254,44.299954278594335,44.29995426596059,44.29995640176949,44.29995422679238,44.29995562916735,44.29995516137001,44.29995426219886,44.299968683297884,44.29996783314846,157.53477531935266,44.30987434188862
592,44.29995106162453,44.29995102730538,44.29995135980577,44.299951095256084,44.29995104423671,44.299951037380204,44.29995309590306,44.299950974208734,44.29995440617895,44.29995272188834,44.29995103297475,44.2999637691255,44.29996297499654,157.53477518104395,44.30987111366974
593,44.29997961544456,44.299979930264165,44.29997989979222,44.29997944515754,44.29997957056704,44.29997953801387,44.29998211948589,44.299979531263865,44.29998489012693,44.299982177304145,44.29997954241554,44.299999962828,44.299998950910975,157.53477468295793,44.30989961498124
594,44.29994175410918,44.29994222530262,44.29994182224477,44.29994163452136,44.29994172840778,44.29994170859677,44.29994427006891,44.29994164616692,44.29994148714547,44.29994160611276,44.299941776473084,44.29995665867903,44.299955943491774,0.01913107074335605,44.309861786456736
595,44.299645571410245,44.29964611679201,44.29964566462883,44.299645538288495,44.299645560843125,44.29964555759153,44.299647861920825,44.299645494004885,44.29964386019814,44.29964478092711,44.299645648922684,44.299657981121754,44.29965701794589,0.01912456343133471,44.30956562801623
596,44.29994377814439,44.29994395499262,44.29994388166114,44.29994369583741,44.29994375901592,44.29994374579414,44.29994615705619,44.29994364833767,44.29994404178883,44.29994381156565,44.29994381901193,44.299958469881176,44.29995734851037,0.019128585994711823,44.30986382214952
597,157.53329382521846,157.53329239570607,157.53329269423418,157.5332921925503,157.53329307397175,157.5332922810571,157.5332965025768,157.5332925147451,157.53329760850423,157.5332950039387,157.53329230514967,157.53334245777208,157.53334024474483,157.53479016831082,157.54321236766123
598,44.29999158234924,44.29999161558632,44.29999190691274,44.299991418260596,44.29999153834177,44.29999151298163,44.29999427670928,44.299991446068894,44.299990059926564,44.299991254943535,44.299991515929804,44.30001955625939,44.30001821938978,157.53479083008443,44.309911590159516
599,44.29995112007473,44.29995099882432,44.2999514317277,44.29995114143217,44.29995110086887,44.29995109373444,44.299953252955724,44.29995102912022,44.29994912742774,44.29995066960962,44.299951091545914,44.29996555406575,44.299964583138895,157.5347907363352,44.30987116929228
600,44.29995146144196,44.29995142656648,44.29995175607141,44.2999514748569,44.29995144113857,44.29995143223957,44.29995350506039,44.29995138080623,44.29995299922221,44.299952345580486,44.299951430173984,44.29996420502099,44.29996327268413,157.53479058432438,44.30987150822409
601,44.29998017889988,44.29998046826702,44.299980464032465,44.29998000943592,44.299980132102895,44.29998009884275,44.299982714851325,44.299980095371126,44.29998403728484,44.29998208409055,44.29998010488027,44.30000103198535,44.299999874500514,157.53479008376254,44.30990017530768
602,44.29993987248698,44.29994014464342,44.29993994704453,44.29993972436045,44.29993984458786,44.299939821896764,44.2999422088157,44.29993978676162,44.29993953028971,44.29993978720674,44.29993988981605,44.29995369929802,44.29995276477978,0.019127902759325455,44.30985989850442
603,44.299551049262995,44.29955123885568,44.29955106470598,44.29955100014622,44.299551036575686,44.29955102731564,44.299553319603625,44.29955093944847,44.29954975360201,44.299550487174635,44.29955112010271,44.29956262694278,44.29956190970493,0.01912397200505974,44.309471101562565
604,44.299952012264676,44.29995208722436,44.29995208690868,44.29995199868234,44.29995200318876,44.29995200102584,44.299954465536366,44.29995185455243,44.299952977695966,44.299952355859936,44.299952072831054,44.299966405291144,44.299965428351015,0.01912763572082403,44.30987207697489
605,157.53324455672401,157.53324402405386,157.5332445275176,157.5332440714223,157.53324435924876,157.53324414958036,157.533247660799,157.5332441593201,157.53324943373033,157.53324662014853,157.53324417261703,157.53329282982133,157.53329057813988,157.53477692507542,157.54316423550742
606,44.300070639637205,44.30007072715639,44.300070938439546,44.30007049821034,44.3000705933892,44.30007056289065,44.30007331983924,44.30007050082089,44.30007094908365,44.300070976895746,44.3000705634353,44.300097975531266,44.30009669953636,157.53477748658375,44.309990638968515
607,44.29995882093507,44.299958684172,44.2999590705627,44.29995870994437,44.29995878591052,44.299958763321065,44.299960921852914,44.29995877351069,44.29995912645103,44.2999593137975,44.29995876032337,44.29997321952563,44.299972319121245,157.53477735425014,44.309878838736914
608,44.29996029252886,44.299960265681136,44.299960520744456,44.2999601734543,44.29996025739007,44.299960233594355,44.299962323313565,44.29996025308671,44.29996376402669,44.29996202188152,44.29996023074113,44.29997329639323,44.29997243026733,157.53477718733163,44.309880309380425
609,44.29999824883129,44.29999855800144,44.2999984928904,44.29999809590047,44.29999820317847,44.2999981710934,44.30000071889523,44.29999812928128,44.30000319854637,44.30000061321319,44.29999817836936,44.30001812812784,44.3000170353624,157.53477649396447,44.30991824755225
610,44.29995974739051,44.29996006072639,44.29995978214021,44.299959580459124,44.29995971875008,44.29995969497668,44.29996219953659,44.299959613510474,44.29995977754687,44.29995973284924,44.299959766850456,44.29997411123673,44.29997322319553,0.019125231633860342,44.309879772855055
611,44.2999253850796,44.29992594962596,44.29992542725037,44.29992519616186,44.29992535797182,44.29992533189727,44.299927588221244,44.29992529816593,44.29992381001548,44.299924596482526,44.29992542790375,44.29993641088015,44.299935553681955,0.019123632868052187,44.30984540859424
612,44.29995867805627,44.299959093083125,44.29995872317602,44.299958445481444,44.299958642540986,44.29995861255487,44.29996102968016,44.29995859130873,44.299960318217025,44.29995927641946,44.29995868264654,44.29997080221805,44.29997000494448,0.019125021316407347,44.30987868918112
613,157.53372245513034,157.53372105228362,157.53372202541416,157.53372160031068,157.53372207436476,157.5337216701513,157.5337252047474,157.5337217506757,157.53372591319598,157.53372372199678,157.53372169535808,157.53375879139523,157.53375711505834,157.53478675090346,157.54364175615748
614,44.300593878042974,44.300594044696645,44.30059417266791,44.30059374027572,44.30059383269603,44.300593802764325,44.30059643730031,44.300593730640486,44.30059352746554,44.30059392373809,44.30059380712271,44.30061635671429,44.30061530573534,157.53478751136313,44.3105138788398
615,44.2999644220292,44.2999642722009,44.29996469184885,44.29996428540996,44.29996438266468,44.29996435608793,44.299966548181374,44.29996436864,44.299964916647774,44.29996493262283,44.299964358215895,44.299977544274874,44.29997682448572,157.53478744056505,44.30988443152621
616,44.299960544954466,44.299960392999715,44.299960800546756,44.29996041438034,44.29996050734173,44.29996048150203,44.29996257714364,44.299960500091146,44.29996382106285,44.29996226183525,44.2999604840163,44.299972472987015,44.29997181097482,157.53478730999197,44.30988055763164
617,44.29999748813043,44.299997661649066,44.2999977644584,44.29999733403605,44.29999744163868,44.29999740881874,44.29999996066265,44.299997364828705,44.300002851540704,44.30000010045245,44.29999741571995,44.30001559586166,44.300014763898766,157.53478692478404,44.30991748567059
618,44.29998084925401,44.29998140384066,44.29998095443855,44.29998072529133,44.299980815786846,44.299980791078205,44.299983484486766,44.29998066400976,44.29998245586682,44.299981560308986,44.299980840889795,44.29999737782679,44.2999967669514,0.019379564430554396,44.3099008685819
619,44.29993542449652,44.29993580978121,44.29993545425211,44.299935237218335,44.29993539127785,44.29993536309393,44.299937683832894,44.2999353329346,44.29993514989789,44.299935163337274,44.29993543848232,44.299945712879094,44.299944889226246,0.019184545184547985,44.30985544031834
620,44.299943890939915,44.29994379536405,44.2999441139402,44.29994392201139,44.29994387735681,44.299943874006146,44.29994639005178,44.29994371801066,44.29994575301149,44.29994450874296,44.29994394212091,44.2999566728111,44.29995587261806,0.01937945698642631,44.30986395054995
621,157.53326277420828,157.5332672275237,157.53325989863245,157.53325942055352,157.53326117343192,157.53325948889292,157.53326454075412,157.53326003139514,157.5332669455436,157.5332632991935,157.53325951091352,157.53328501758853,157.53328425262234,157.53480368613899,157.54317957558547
622,44.299999560441556,44.29999946734881,44.29999986776024,44.29999940547878,44.29999951231866,44.29999947963734,44.30000220885927,44.29999944414453,44.30000399494293,44.3000017744474,44.299999482826145,44.30002041463632,44.30001966666365,157.53480520174844,44.309919555847216
623,44.29995611701466,44.2999556896464,44.299956387037476,44.29995602945649,44.299956082985624,44.299956061057664,44.29995816649306,44.29995606415983,44.29996048583204,44.29995825387535,44.29995606223732,44.29996868333478,44.299967994053794,157.5348044445398,44.30987613704708
624,44.29995943176993,44.2999591528257,44.29995968025532,44.29995930063064,44.299959393528304,44.299959366711555,44.299961412845676,44.29995938562777,44.29996482540358,44.299961946693976,44.29995936765337,44.299970597559,44.299969966237,157.534804470453,44.30987944283101
625,44.30000307181299,44.30000306626095,44.30000335407444,44.30000292068876,44.30000302567074,44.30000299341765,44.300005531762146,44.30000294988594,44.30001040944384,44.30000655374895,44.30000299630037,44.30002206389321,44.30002115789869,157.5348044548908,44.30992307002624
626,44.29998028405395,44.299980664701,44.299980486634105,44.299980140796485,44.299980248148465,44.29998022202031,44.299983022261095,44.29998014230176,44.29998468713949,44.299982329617286,44.299980234675786,44.299999497441206,44.2999989764371,145.17466591747169,44.30990029918991
627,44.299936119034946,44.29993660371383,44.299936225631654,44.29993603090477,44.299936093687144,44.299936076174,44.299938484521846,44.29993600023234,44.299937436099356,44.299936672051054,44.299936160834164,44.29994791506368,44.29994740420103,145.1746593775221,44.30985615181112
628,44.29995340963168,44.29995395617681,44.299953610509334,44.29995336169595,44.299953389386296,44.29995338166034,44.2999560757135,44.29995328081689,44.299956627181864,44.299954736783555,44.29995345596159,44.299967112193855,44.29996631053367,145.1746618659162,44.309873456277195
629,157.53322813482518,157.53323215072683,157.53322604722828,157.5332255798878,157.53322692299506,157.5332256490964,157.53323021672486,157.53322605540765,157.53323414905532,157.53322994784062,157.5332256668577,157.5332594526465,157.53325812968828,157.53480468272951,157.54314573539713
630,157.5228223822878,157.52282244931868,157.52282263886076,157.52282221215282,157.5228223322519,157.52282229052818,157.52282495150894,157.5228222050587,157.5228295028719,157.52282568477347,157.52282229492855,157.5228452933533,157.52284419032,157.53480565777446,157.5327423731366
631,44.29996928314679,44.2999689471198,44.299969548872866,44.29996915788437,44.29996924652455,44.299969223858504,44.299971368651825,44.299969243737586,44.29997526017862,44.299971958968605,44.29996921938875,44.29998202490004,44.29998135443273,157.53480458924332,44.309889298259044
632,44.29996359516023,44.29996338813032,44.29996383036846,44.299963454620034,44.29996355760438,44.299963532230045,44.29996557760138,44.29996356436377,44.299969879623056,44.299966440578864,44.299963528572505,44.29997594717373,44.29997522533409,157.53480435308663,44.30988360731545
633,44.2999985534617,44.29999855710178,44.29999881121947,44.299998402317776,44.29999850821941,44.29999847704543,44.30000102222428,44.299998438274166,44.300006563644324,44.30000235212275,44.2999984781882,44.3000157122435,44.3000149577095,157.53480389154183,44.30991855320382
634,44.299973475704086,44.299974045015524,44.29997355919348,44.29997337569608,44.29997345220943,44.29997343529607,44.2999760391718,44.29997332773707,44.2999766584339,44.29997500969501,44.29997349358387,44.29998848971627,44.299988218426535,0.019240051607798736,44.30989351174131
635,44.299918600913635,44.29991869740497,44.29991861574418,44.29991848472931,44.2999185785443,44.299918560401856,44.29992102756275,44.29991850384216,44.2999184522892,44.2999184567143,44.29991864687057,44.29992949894668,44.299929053089585,0.019237938798432185,44.30983863646447
636,44.29994360445315,44.299943268108194,44.29994374101858,44.29994358149477,44.29994358923049,44.29994358179903,44.29994603024957,44.299943481003055,44.29994575351552,44.299944469002064,44.29994364915978,44.29995686305646,44.29995617864112,0.019239563775153446,44.30986365689552
637,157.53321931529112,157.5332237821397,157.5332171581382,157.53321672025848,157.53321808732224,157.53321679605662,157.5332213553316,157.5332172068733,157.533224723795,157.53322074821597,157.5332168149985,157.53325193023238,157.53325048562476,157.53478119350908,157.54313688168733
638,44.300751482033036,44.30075166864936,44.3007517459036,44.300751332696166,44.30075143662449,44.30075140628449,44.30075406309657,44.300751345556534,44.300757262062156,44.30075418782621,44.30075140531117,44.30077576930586,44.30077462260701,157.53478189639716,44.31067148268259
639,44.29995998753777,44.299959775719934,44.29996022444099,44.29995986795609,44.29995995214693,44.2999599292368,44.29996204962396,44.29995994275621,44.29996413458051,44.29996204876475,44.29995992475647,44.2999728810872,44.29997214810357,157.53478179878067,44.309880004810985
640,44.299955258629204,44.299955079703444,44.29995549093258,44.29995519024959,44.299955229277025,44.29995521145174,44.299957268538094,44.29995519930361,44.299959691343616,44.29995741567796,44.2999552081936,44.29996593637753,44.299965326803054,157.5347816625637,44.30987528731911
641,44.29998671935966,44.29998689366034,44.299986971835835,44.299986560147715,44.299986673069185,44.29998664067054,44.299989195459695,44.29998660926731,44.29999261062707,44.299989517238494,44.29998664639951,44.30000546957691,44.3000044770363,157.53478123202095,44.30990671719663
642,44.29995779793992,44.29995836533607,44.299957918962114,44.2999576486431,44.29995777043459,44.29995774860799,44.29996020226221,44.299957669988665,44.29995817639523,44.29995790058029,44.29995781317641,44.29997160614652,44.2999706970102,0.019130164876563223,44.30987782562644
643,44.299906316165185,44.29990676546034,44.29990634692493,44.29990622145345,44.29990629571475,44.29990627878899,44.299908576297064,44.29990619627217,44.29990482968554,44.299905605750915,44.29990636999229,44.299916615227254,44.299915810828914,0.019124549406784108,44.3098263548167
644,44.299932064107416,44.299931935607084,44.299932138289314,44.29993193286452,44.2999320346865,44.29993201156801,44.29993450562122,44.299931984150284,44.29993288571535,44.29993239707244,44.29993208429801,44.29994288038775,44.29994226361804,0.01912941269696143,44.30985208724967
645,157.53293100018203,157.5329310186403,157.53293127661317,157.53293080833998,157.53293093918202,157.53293088360647,157.532934038293,157.53293081839772,157.53293727802506,157.53293389608652,157.53293090383886,157.53296515844758,157.53296365908702,157.53478849925557,157.54285096822827
646,44.3000369516134,44.30003710041256,44.30003725998687,44.30003680716538,44.300036905519086,44.30003687462692,44.30003957117103,44.300036825474244,44.30004067244502,44.30003873177494,44.300036875989576,44.300061470216,44.30006025731014,157.53478913835826,44.309956950648655
647,44.299948950287494,44.2999486612234,44.29994923986374,44.299948996758296,44.29994893262842,44.29994892721115,44.29995108234316,44.29994886569609,44.29995142473308,44.299950272234135,44.29994892342785,44.2999627312011,44.29996191871314,157.53478905877492,44.30986900280572
648,44.299947286409555,44.29994707171355,44.29994756239813,44.29994733239166,44.29994726816748,44.299947261662936,44.29994933425743,44.29994719732167,44.29995145494104,44.299949309562045,44.299947258464364,44.299956887754576,44.29995639924451,157.53478890864736,44.30986733769446
649,44.299996533341215,44.299996859620194,44.29999678427344,44.29999637742821,44.29999648767933,44.299996455801995,44.299999011066355,44.29999640969046,44.30000262825965,44.29999942891444,44.299996460506236,44.30001349294698,44.30001265939179,157.53478845680925,44.30991653250453
650,44.299958463380456,44.29995814936092,44.299958580720904,44.299958306405806,44.29995843535132,44.29995841394035,44.29996083156249,44.299958335811404,44.29995885676277,44.29995863994563,44.29995848521188,44.29997238642779,44.29997137360258,0.01912618340754396,44.3098784911399
651,44.29991340549012,44.29991335266573,44.29991341863781,44.299913272142554,44.29991338330379,44.29991336296871,44.29991562844418,44.29991330330904,44.29991274438848,44.29991306158151,44.29991345853412,44.299925086331704,44.29992414889904,0.01912386601121984,44.30983343890343
652,44.29994807748192,44.29994819486014,44.29994824580644,44.299948073985576,44.29994806611693,44.299948063542644,44.29995051886892,44.299947940390744,44.299949821092405,44.29994875286773,44.299948128557816,44.2999617284711,44.29996085936489,0.01912614844081824,44.30986813804708
653,157.5337853494865,157.53378398362756,157.53378485563675,157.5337843929099,157.53378492088646,157.5337844626403,157.53378832017944,157.533784576476,157.53379208283692,157.53378807893196,157.53378448523915,157.53383721621864,157.53383473781972,157.53479067967734,157.5437045491487
654,157.53284367435504,157.5328438312509,157.5328439541104,157.53284351187128,157.5328436295189,157.5328435903072,157.53284630071397,157.53284351588988,157.53284855862765,157.53284589468845,157.5328435984559,157.53286873286132,157.5328674735778,157.53479135307632,157.54276367503044
655,44.29996831563344,44.29996813582124,44.29996857243049,44.29996818714337,44.29996827879316,44.29996825691666,44.299970457302074,44.29996828745566,44.29997228811978,44.299970237511616,44.29996825133992,44.29998350732166,44.29998262180709,157.53479125144244,44.3098883305334
656,44.29996071258924,44.29996058728017,44.299960946201885,44.29996057829421,44.29996067626922,44.299960652750464,44.29996275273886,44.29996068718705,44.29996451861194,44.29996258606889,44.29996064803108,44.29997447256411,44.299973613528124,157.53479111349804,44.30988072745106
657,44.29999665128622,44.29999685503273,44.299996897497294,44.299996497296064,44.29999660675235,44.29999657680573,44.29999914306806,44.299996539301,44.300001767527014,44.299999108389464,44.29999658250804,44.300017468753374,44.30001640015242,157.5347907084774,44.30991665266285
658,44.299954471002515,44.29995500310954,44.29995455152986,44.29995440845141,44.299954455579034,44.29995444669987,44.2999569283463,44.299954325188146,44.299954837719106,44.29995458789065,44.299954516220474,44.299969064196,44.29996820114042,0.01912985722131896,44.309874523359184
659,44.299918438218214,44.299918775005075,44.299918437576856,44.29991828951546,44.299918415373064,44.29991839466908,44.299920646117606,44.29991834437823,44.2999179461706,44.29991814228384,44.299918492081694,44.299929864774526,44.29992900625464,0.0191240737274212,44.30983847099415
660,44.29995888117936,44.29995866517299,44.29995899993772,44.29995876787163,44.2999588606563,44.299958846564714,44.299961327372245,44.29995875187245,44.29995982006913,44.299959282895834,44.29995891439529,44.29997262342902,44.29997184364601,0.01912869898087539,44.309878922583316
661,157.5337658529586,157.53376446706667,157.5337656298087,157.53376516133952,157.53376555220026,157.53376523026841,157.53376892057187,157.53376528739722,157.53376930075697,157.53376716408528,157.5337652551048,157.53381388874473,157.53381155559623,157.5347812505175,157.54368531680464
662,44.3000245464425,44.300024604705214,44.30002485503596,44.300024400809214,44.30002449904517,44.300024467663036,44.30002722897428,44.30002441695634,44.30002443097279,44.30002482420567,44.30002447010782,44.30004960998943,44.30004833865999,157.53478187985803,44.309944543477975
663,44.29994202323254,44.29994165605266,44.29994228604409,44.29994201876011,44.29994199724148,44.29994198327105,44.299944108856415,44.29994197883081,44.299941587687265,44.2999422124914,44.29994197987307,44.299954102563525,44.2999533820828,157.53478175908984,44.30986205847139
664,44.299944548381255,44.299944352940024,44.29994480225418,44.299944575534376,44.29994452826741,44.29994451868381,44.29994656836598,44.29994448474793,44.299947350785516,44.2999459778515,44.299944514873665,44.299955872244965,44.299955162891166,157.53478160243506,44.30986459446762
665,44.29998168118561,44.29998198549966,44.29998192271145,44.299981521121396,44.29998163698391,44.29998160546697,44.2999841471308,44.29998158654214,44.29998673585876,44.29998410503211,44.299981610393395,44.30000013168921,44.2999991563183,157.53478104664848,44.30990168180938
666,44.29995710226643,44.29995750206365,44.29995722805598,44.299957008059955,44.29995708045624,44.29995706397085,44.29995951639595,44.299956957928146,44.29995695879138,44.29995696682328,44.299957130484664,44.29997145743798,44.29997050532669,0.019126608789681494,44.30987714089297
667,44.29957111843134,44.29957088986962,44.29957116984196,44.299571085846935,44.29957110591753,44.29957109566393,44.29957341132964,44.29957101740709,44.299570148602236,44.29957061870286,44.29957118877945,44.29958295691128,44.29958198593485,0.019124419494371502,44.3094911705898
668,44.299943095934054,44.29994294681703,44.299943187809866,44.29994308734603,44.29994308438449,44.299943078610745,44.29994544043803,44.29994296617886,44.299944390012804,44.29994358029665,44.29994314511955,44.29995557963269,44.29995478756113,0.019126519659706437,44.30986315439406
669,157.53327650513455,157.5332758883133,157.5332750609446,157.53327462548404,157.5332756241832,157.53327469519633,157.5332788695684,157.53327497381568,157.53327980592394,157.5332773123964,157.53327471911493,157.53331068565396,157.53330909058175,157.53478077497934,157.54319478141772
670,44.300651542071705,44.30065163777153,44.30065182297212,44.300651400579774,44.300651496013224,44.300651465196744,44.300654143081694,44.30065140170902,44.30065360773887,44.30065260041073,44.30065146822432,44.30067582006265,44.30067454137711,157.53478148435974,44.310571541465116
671,44.29996040030005,44.2999602606902,44.29996063742187,44.29996026862032,44.29996036361161,44.299960338922034,44.29996247163692,44.29996036456831,44.299962877011815,44.29996170069999,44.29996033743251,44.29997430300156,44.299973408390855,157.5347813893441,44.30988041428582
672,44.29995888656197,44.29995875699046,44.29995911974843,44.29995876579152,44.29995885170754,44.29995882794364,44.29996092435058,44.29995885256604,44.299964024771235,44.29996128168139,44.29995882413948,44.29997152094938,44.29997075654456,157.53478126406947,44.30987890389536
673,44.29998907024095,44.29998931022754,44.2999893088151,44.29998891112126,44.29998902626306,44.299988995156525,44.29999153452393,44.29998896627356,44.299996809350795,44.29999269869984,44.29998899770657,44.300009728471416,44.30000873267951,157.53478082992788,44.30990907156155
674,44.2999698620226,44.29996992673986,44.29996993288387,44.299969717500964,44.29996983674088,44.299969816738184,44.29997229880249,44.299969726073805,44.29997364527791,44.29997141585131,44.29996987403664,44.29998527917173,44.299984697048274,0.01912805048112947,44.30988989339744
675,44.29993624480111,44.299936083813485,44.299936237844555,44.29993602557016,44.299936214572206,44.29993618619659,44.29993845276283,44.299936168192545,44.29993757805986,44.29993672393204,44.299936275384134,44.29994709363127,44.2999466036934,0.019124149873474706,44.30985626219268
676,44.29993966389679,44.29993955005012,44.29993972984053,44.29993961195046,44.29993964569877,44.29993963433205,44.299942034287476,44.29993954247155,44.29994308653452,44.29994096453228,44.29993970443212,44.29995170468004,44.299951162446604,0.019127713913941944,44.30985970978103
677,157.53304752366049,157.53305345731488,157.53304506442902,157.53304463001555,157.5330461488699,157.53304470471187,157.5330494996157,157.53304516160327,157.53305416432906,157.53304942923592,157.53304472441923,157.5330726791196,157.53307186053212,157.53473608375145,157.54296479027383
678,44.300068595457184,44.30006867655643,44.30006886486226,44.300068454666125,44.30006854960948,44.30006851830541,44.300071218267455,44.30006846352047,44.3000761207828,44.30007207743818,44.30006851836932,44.30009121396449,44.30009027421486,157.53473665705792,44.30998859496491
679,44.29995058396235,44.29995031861747,44.29995085422226,44.299950582408705,44.29995056132804,44.2999505501052,44.299952669106595,44.29995051063577,44.2999567760649,44.29995337728976,44.29995054730686,44.29996210058409,44.2999615237545,157.53473653886036,44.309870626438446
680,44.299950214491965,44.29995007760629,44.29995048237475,44.29995020669304,44.29995019157041,44.29995017835219,44.299952239100435,44.29995013033965,44.29995626561743,44.29995295070819,44.299950176699554,44.29995987835226,44.29995942152857,157.53473637898753,44.30987025557689
681,44.30001416204167,44.30001456765371,44.30001442348151,44.300014010463435,44.30001411809223,44.300014084812375,44.30001660697226,44.3000140203363,44.30002171213929,44.30001767437003,44.300014093949805,44.30003342103509,44.300032439571474,157.53473564663588,44.309934163590434
682,44.29996906274568,44.29996950938463,44.299969134189695,44.29996895768651,44.29996904062816,44.299969019313274,44.299971346266,44.29996888005943,44.29997123740332,44.2999699365977,44.29996908867318,44.299983677215096,44.2999828112899,0.019125944948940505,44.30988910017063
683,0.15139906990341093,0.15139873269890766,0.1513992884604947,0.1513992493087326,0.15139914047240352,0.15139923907329486,0.15140146069081373,0.15139901506218326,0.15140100282994134,0.15139980072405348,0.15139930090652423,0.15140980016408848,0.1514092564968946,0.019124009958742295,0.1613192769465938
684,0.15147024113819205,0.15147017875027627,0.15147056790590582,0.1514703759436417,0.15147028614540478,0.1514703648528532,0.15147280561015883,0.15147023626601028,0.15147309561587408,0.1514715017963397,0.15147039956628644,0.1514851364030871,0.15148452488235883,0.019126769981906384,0.16139040202228014
685,44.299985071848376,44.29998502361414,44.29998538901567,44.29998489225709,44.29998501174939,44.29998496615759,44.29998817786291,44.29998483902014,44.299991822639235,44.299988239638225,44.2999849806491,44.30001246448168,44.30001168365453,157.53480362309557,44.309905046637994
686,44.2999787061639,44.29997872758981,44.29997899550162,44.29997853735995,44.29997865478963,44.299978616417384,44.29998131771842,44.29997855238162,44.29998297045747,44.299980701627995,44.29997861989846,44.299995790963415,44.299995179554536,157.53480479424374,44.3098986954355
687,44.29994047576594,44.299940194073095,44.29994074542168,44.29994047873087,44.29994044862869,44.29994043127129,44.299942524307035,44.29994037868485,44.29994401084476,44.29994219875842,44.29994043205152,44.29995002342676,44.299949567527115,157.53480402393419,44.30986050885548
688,44.29992146824472,44.2999210565597,44.29992171677305,44.299921424350394,44.29992143393485,44.299921409171866,44.29992344788449,44.29992142320873,44.29992610211892,44.29992365021945,44.299921407912514,44.29993064080446,44.29993020688457,157.53480398856087,44.3098414861793
689,44.2999675209254,44.29996734998563,44.299967802503666,44.29996737086495,44.29996747500444,44.299967441827384,44.299969971776754,44.29996741822737,44.29997493008593,44.29997103146696,44.299967444778524,44.29998170947365,44.2999811759581,157.53480395749875,44.3098875190262
690,44.29997172895352,44.2999722564437,44.2999718923358,44.29997161355425,44.29997169734318,44.299971673145116,44.29997424606149,44.29997155980917,44.2999757776815,44.299973310840535,44.2999717126224,44.29998516986806,44.29998463488544,145.17465973020913,44.30989175000989
691,44.299802538705855,44.29980297065944,44.29980263302726,44.299802500627145,44.29980251929081,44.299802505312634,44.299804989118,44.29980240329093,44.29980364623407,44.29980287226454,44.299802589558794,44.29981461099839,44.29981377949715,145.1746532484964,44.3097225811406
692,44.299941989720814,44.299942326193,44.299942234895276,44.2999419740112,44.29994196705959,44.29994195534159,44.29994455097482,44.299941844473985,44.29994473584864,44.299942991399966,44.29994201268929,44.299955264381445,44.29995444215905,145.17466021596397,44.30986203129958
693,157.53265730150818,157.5326572435391,157.53265762398857,157.53265714335933,157.53265725380948,157.53265721329237,157.53266034016073,157.532657121303,157.53266594252977,157.53266130447943,157.53265722895028,157.5326824181095,157.53268165641472,157.53480480040034,157.5425772984382
694,44.29998963108603,44.29998961623651,44.29998993432506,44.299989470559126,44.29998958221227,44.29998954858471,44.299992264551996,44.29998951692607,44.299997980879574,44.29999359226764,44.29998954732556,44.30000739138043,44.30000681323573,157.5348058687092,44.30990962482978
695,44.29995031073349,44.29994982877904,44.29995059363441,44.299950281917624,44.29995028367568,44.29995026822855,44.299952382695885,44.299950233567024,44.299957009668425,44.29995337704026,44.299950266105704,44.29996012914171,44.29995969181869,157.5348048824438,44.30987034449066
696,44.29994366182399,44.299943282330155,44.29994393005919,44.29994365265597,44.29994363490726,44.299943619377025,44.2999456516186,44.2999435744222,44.29995024871326,44.29994657724552,44.29994361738694,44.29995291907601,44.29995249965153,157.5348048140559,44.30986369561623
697,44.299976865243444,44.29997681902946,44.29997714344753,44.2999767109821,44.29997681847714,44.29997678557245,44.299979315140114,44.29997674953899,44.29998493314102,44.299980631413234,44.2999767913916,44.29999126412272,44.29999071772943,157.53480610545293,44.30989686231175
698,44.29996888814873,44.29996941248245,44.29996906703565,44.299968775122714,44.299968860912536,44.29996884168622,44.29997139428455,44.29996874387589,44.29997265532494,44.29997040176477,44.299968902131106,44.299982679941316,44.299982134113314,157.53479871217732,44.30988891875038
699,44.29993487441322,44.29993527695583,44.2999350027202,44.299934722266734,44.299934846492626,44.29993482354221,44.299937216189996,44.2999347770473,44.299935345793266,44.2999349482836,44.29993491764366,44.2999456048561,44.29994520704164,145.17466019928688,44.30985490073883
700,44.29994276599627,44.29994328783883,44.299942973866486,44.29994274711901,44.29994275079981,44.29994274272459,44.299945360829604,44.29994264746961,44.29994586548279,44.29994400512837,44.2999428118579,44.29995646674764,44.299955930604625,145.17466053852473,44.30986281868832
701,157.53275868868732,157.53275858953546,157.5327590050151,157.53275852980738,157.53275864121687,157.53275859974323,157.53276174711553,157.5327585103055,157.53276785887425,157.53276297573922,157.5327586164196,157.53278488472932,157.53278416894355,157.53480480676365,157.54267868487162
702,44.29999711593791,44.2999971384088,44.299997405631096,44.299996958236086,44.299997067205766,44.29999703414407,44.29999973992148,44.29999699440924,44.30000519291448,44.30000091278219,44.29999703284016,44.30001942728298,44.300018548259146,157.53480499455614,44.30991711028944
703,44.299966484556386,44.29996637974126,44.29996672834731,44.29996634282035,44.29996644583729,44.299966418092474,44.299968563310465,44.29996643276107,44.29997226067448,44.29996914574742,44.29996641544688,44.29997987973664,44.29997912259347,157.53480466028407,44.309886494651245
704,44.29996294219515,44.29996284953492,44.29996317046945,44.29996280154932,44.299962904790625,44.299962876917164,44.29996498262733,44.299962890932726,44.29996831563626,44.29996550171083,44.299962875687726,44.29997575429274,44.299974978567406,157.53480441972718,44.30988295433452
705,44.299998278961546,44.29999854479396,44.29999852573616,44.29999812585873,44.299998233477886,44.2999981995709,44.300000778374624,44.2999981412664,44.30000432597135,44.30000110444009,44.29999820821225,44.30001926032937,44.30001816900426,157.53480377369775,44.30991827819721
706,44.299957196814326,44.299957722951376,44.29995728514393,44.299957110538976,44.29995717505713,44.299957155298735,44.29995954801648,44.29995701387381,44.29995780902777,44.29995734240203,44.299957229241976,44.29997071156003,44.29996983431396,0.019294140590550984,44.30987723609868
707,0.15103136880490403,0.15103119618057165,0.1510319603080669,0.15103198978984334,0.15103166918110375,0.15103206019025928,0.15103396232948677,0.15103134266171844,0.1510313441690267,0.1510311676192276,0.15103203474554305,0.15104218995549162,0.1510417766711352,0.019293920851765973,0.16095200116532554
708,0.15102341051263904,0.151022982870732,0.15102430774319592,0.15102411291272122,0.15102375899218398,0.1510241970722638,0.1510261874677073,0.15102328176095037,0.1510250753422773,0.15102384695027,0.151024129441225,0.15103781199247135,0.15103702904626046,0.019294451981814228,0.16094411101846953
709,44.2999816196764,44.29998152338709,44.299981958005795,44.29998144081131,44.29998155850105,44.299981512378444,44.29998493672499,44.29998140598571,44.29998646128118,44.299983757740854,44.29998152766881,44.3000156719192,44.30001468045278,157.5347983146245,44.309901592744644
710,44.29995712258802,44.299956891647106,44.29995742253542,44.2999569787643,44.299957072951486,44.29995703643085,44.299959790373606,44.299956989883675,44.29996084550183,44.29995896802391,44.29995703909878,44.299974861206,44.29997419616161,157.53479941430598,44.30987711499689
711,44.2999257687855,44.29992544640564,44.299926016410666,44.299925707928985,44.29992573100082,44.299925703065135,44.29992781506698,44.29992570939874,44.299930800184505,44.29992810006825,44.29992570143497,44.299935492321794,44.29993501931498,157.53479873539186,44.309845780168104
712,44.29991467878029,44.29991440517018,44.299914907305045,44.29991464040999,44.299914643624476,44.29991461846752,44.29991668853118,44.29991461839335,44.29992050807218,44.29991733533277,44.29991461555429,44.299923973832875,44.29992351905,157.53479857902346,44.30983469523323
713,44.299965703482634,44.29996563737683,44.299965955393105,44.29996554871733,44.29996565770643,44.29996562423605,44.29996818918996,44.299965607046,44.299972304144326,44.299968780831115,44.29996562968606,44.299979869757514,44.29997927399889,157.53479815851372,44.30988570160554
714,44.299961035211645,44.29996157371769,44.29996117157989,44.29996089114446,44.299961002948656,44.299960974540035,44.29996337732976,44.299960918756234,44.299963222309565,44.29996188558951,44.29996102345641,44.29997363563106,44.29997269318255,0.01913180626049976,44.30988105182248
715,44.29987743689359,44.29987707918505,44.29987757319032,44.29987737736144,44.299877411153496,44.299877389755046,44.299879709546154,44.299877315883684,44.299876582184766,44.29987703300333,44.29987745816104,44.299887101348325,44.299886244807816,0.01912519074065935,44.30979746558356
716,44.29991586033707,44.29991633722301,44.29991600880336,44.299915763719646,44.29991582688947,44.299915800218194,44.29991831500155,44.2999157562789,44.29991742400594,44.29991639170854,44.29991585685701,44.29992822430493,44.299927427912,0.019132272398466772,44.30983587723875
717,44.30686494568304,44.30686496141637,44.306865270177205,44.30686477638852,44.30686488689557,44.30686484317428,44.30686825738377,44.306864719015266,44.30687364553793,44.30686899301628,44.30686485960512,44.306899294645454,44.306898392211394,157.53480546645557,44.3167849234034
718,44.29996692937101,44.299966622359754,44.29996723123568,44.299966776111944,44.29996687926234,44.299966843805976,44.29996959193741,44.29996679872929,44.299973682508295,44.299970109403155,44.29996684685952,44.29998511339195,44.299984523372764,157.53480714864472,44.30988692141205
719,44.29990154248575,44.29990105731121,44.2999017860349,44.29990151065039,44.299901505441085,44.29990148005348,44.2999036013222,44.29990146146249,44.299907307128116,44.29990411626512,44.29990147971685,44.299911557532596,44.29991110985991,157.53480594777122,44.3098215569483
720,44.299916230891135,44.29991574958701,44.29991646199665,44.299916190716154,44.299916195058785,44.299916169635445,44.29991825345402,44.299916176601336,44.29992271168109,44.299919150425694,44.29991616941763,44.29992576351361,44.29992533513457,157.53480597112136,44.30983624695603
721,44.29997882536903,44.299978925690105,44.29997909307098,44.29997866662985,44.29997877841394,44.299978743717496,44.29998132049741,44.29997871170519,44.29998691401249,44.29998264578145,44.29997875186663,44.299993589544876,44.29999303291613,157.53480806898503,44.309898821771185
722,44.29995453256757,44.29995481641325,44.299954865477254,44.299954450353766,44.29995449943442,44.29995447825064,44.299957199854,44.299954342859166,44.299956560809676,44.29995521110751,44.29995454205062,44.29996865950145,44.29996785364501,157.5348061145129,44.309874557091355
723,0.15117256236645807,0.15117283487945724,0.1511731011665331,0.1511728103188527,0.1511726660546075,0.15117280571574634,0.1511753501628797,0.15117229677251162,0.15117178306614765,0.15117195776132522,0.15117286017051182,0.15118578204589217,0.1511848979465222,157.5348026105241,0.16109283659103932
724,44.29993976177746,44.29994024353987,44.29994004902587,44.29993974513011,44.29993973545451,44.29993972057019,44.29994253438934,44.2999395858889,44.29994201951279,44.29994051177986,44.29993978719781,44.29995502533087,44.29995426529742,157.53480086265554,44.309859797893104
725,157.53315539658146,157.53315305646535,157.53315593646542,157.53315546537593,157.53315546133686,157.533155533089,157.53315855255383,157.53315542700412,157.53316295870158,157.53315899196693,157.53315555111868,157.5331827578169,157.53318190878164,157.53480691323063,157.54307561893378
726,44.30032635911513,44.30032652900263,44.30032665826048,44.300326217945695,44.300326311979205,44.300326279980936,44.30032902096868,44.300326211778724,44.300333269922966,44.30032956680344,44.300326280457774,44.30034583161541,44.3003450861427,157.53480821718566,44.3102463564834
727,44.29995728304701,44.29995707510414,44.299957549652646,44.299957162472786,44.299957246729605,44.29995722156463,44.2999593722704,44.29995723544098,44.2999629355447,44.29995990576705,44.29995721986865,44.299969840272205,44.29996916726748,157.53480615697546,44.30987729790599
728,44.29995811668103,44.2999580028196,44.29995836718339,44.29995798550376,44.29995808172282,44.29995805600374,44.299960141048984,44.29995808178894,44.299964328736856,44.29996101365811,44.29995805528622,44.29997123014814,44.29997042160244,157.53480578624425,44.309878133095346
729,44.29998873349037,44.299989039042124,44.29998900603317,44.29998857894133,44.299988688945824,44.299988655926064,44.29999121940364,44.29998861378874,44.299995563366345,44.299991954474756,44.29998866538685,44.30001011706137,44.300009033653936,157.53480505312612,44.30990873390442
730,44.29995837251004,44.29995869695486,44.299958491064615,44.299958261217164,44.29995834648732,44.29995832350204,44.2999607710989,44.29995820456367,44.299958061972546,44.29995814485952,44.29995838617461,44.29997115946494,44.29997045046155,0.019132729806215564,44.309878402784335
731,0.1514950611169867,0.15149459428315096,0.15149530575474954,0.15149520388141832,0.15149511232906238,0.1514951949971736,0.1514975582284339,0.15149507677437463,0.15149273586379156,0.1514940450771947,0.1514952444309707,0.15150570161731713,0.1515048737695439,0.019124640917424673,0.1614152283123879
732,44.29879704663069,44.29879657542687,44.29879728469805,44.298797008699125,44.298797015656184,44.29879699004325,44.29879958187453,44.29879690638587,44.298797338574666,44.29879711404987,44.298797048234,44.29881062030574,44.29880996896109,0.019133559620613083,44.30871706786593
733,44.299976636911396,44.29997639454601,44.29997696761935,44.29997646810034,44.2999765811291,44.29997654013412,44.29997974496169,44.29997646751668,44.299982889180605,44.299979516272195,44.299976550568374,44.30000426477702,44.30000350625732,157.5347854655392,44.309896618679424
734,44.299980458575305,44.29998052314382,44.29998074662061,44.29998029542677,44.29998040823637,44.29998037080828,44.29998314729348,44.29998032465367,44.29998489934394,44.299982631957505,44.29998037202321,44.30000083906285,44.30000006005747,157.53478662587145,44.30990044898817
735,44.29995758749183,44.29995762530439,44.2999578380109,44.29995745870395,44.29995755197408,44.299957525119005,44.29995965027398,44.29995754121492,44.29996154931053,44.29995951410901,44.29995752360045,44.299971265148486,44.299970392674226,157.5347859696184,44.30987760266421
736,44.29995384921822,44.29995392500532,44.29995408765733,44.29995375274108,44.299953818432186,44.299953795757375,44.29995585044217,44.29995380048132,44.299958673888966,44.299956121172386,44.29995379453177,44.29996655574569,44.29996572999764,157.53478580761254,44.309873873348245
737,44.299980759248776,44.2999811169191,44.29998100733445,44.29998059869232,44.299980715316934,44.29998068138736,44.29998322957436,44.29998064960689,44.29998572469966,44.299983085819655,44.29998069210941,44.30000103816533,44.29999994215092,157.53478508926415,44.30990075976246
738,44.299937320880105,44.299937665346846,44.299937360130464,44.29993712636718,44.29993728822907,44.29993725582161,44.29993969980696,44.299937206690174,44.29993569346653,44.29993659095447,44.299937330948005,44.2999504083185,44.299949615668346,0.019130096355887177,44.30985733590328
739,0.15148256867590945,0.15148230700403384,0.15148268702542914,0.151482729317324,0.1514826318243852,0.1514827246327865,0.15148498029388704,0.15148257660832692,0.15148097957300075,0.1514818645498428,0.1514827814627639,0.15149310853592649,0.15149228016556124,0.019124313745621842,0.1614027507145297
740,0.15146004706881241,0.1514600615428238,0.15146034558263508,0.15146017655281238,0.15146009135036584,0.15146016902813056,0.1514627048261152,0.1514600376752517,0.15146146483335077,0.1514606024094086,0.15146020291235404,0.15147451503487772,0.15147363567449648,0.019131353223368838,0.16138019918711552
741,157.53211899546528,157.53211914348918,157.53211931935786,157.53211883545953,157.53211894869054,157.53211891160626,157.53212209907048,157.53211881552545,157.53212545750532,157.53212195251584,157.53211892694048,157.53214871587795,157.53214770124436,157.53480258105972,157.54203899552994
742,44.29998589413497,44.299985986828524,44.29998617573125,44.29998572684858,44.29998584503224,44.2999858094749,44.29998858537068,44.29998577053143,44.299990316024484,44.2999879974494,44.299985808720834,44.30000765833902,44.30000681722583,157.5348036792776,44.30990588691054
743,44.29994962857396,44.29994945921397,44.29994987983616,44.29994957258112,44.29994960052566,44.29994958245232,44.29995171327786,44.29994956219201,44.29995345380704,44.299951505092935,44.29994957969353,44.299960836391875,44.29996024576486,157.5348029523647,44.30986965929779
744,44.299952474766776,44.29995239790829,44.299952712914255,44.2999523920158,44.299952444772735,44.29995242394177,44.299954498510715,44.299952423501786,44.299958063846816,44.29995513135083,44.29995242233238,44.299964909861494,44.29996414434777,157.53480286803077,44.30987250117979
745,44.29998157609671,44.29998170443276,44.299981836043344,44.29998141764122,44.299981530578,44.29998149688944,44.29998410604722,44.29998147187565,44.29998903289583,44.29998512149521,44.299981503370276,44.300002268182986,44.300001259925146,157.5348026978385,44.309901574852255
746,44.29995177903029,44.299952202496456,44.299951897819845,44.29995172321548,44.29995176026731,44.29995174775417,44.299954342752805,44.29995162419212,44.29995327570861,44.29995228055025,44.29995181534775,44.29996744601599,44.299966585690555,145.1746572938915,44.309871826026715
747,0.1514104207940382,0.15141069921824996,0.1514106445177247,0.15141057036523578,0.15141047584084436,0.1514105624306847,0.15141296423234513,0.15141034532158515,0.15141048251794428,0.15141033520242392,0.1514106222927669,0.15142166017692926,0.15142089039201453,145.17465572991625,0.16133059902252284
748,44.29993558665055,44.29993580059122,44.29993574675927,44.29993550080917,44.299935560905574,44.299935541165844,44.299938048249736,44.29993545969564,44.299937427150034,44.29993626946389,44.299935613850835,44.29994747380281,44.29994674483914,145.1746565048269,44.30985561843021
749,157.53324572102557,157.53324944051576,157.53324349940817,157.5332430214531,157.53324443893865,157.5332430905236,157.53324779411196,157.53324353092347,157.53325189855659,157.53324750769124,157.53324310956336,157.5332812342863,157.5332795739584,157.53480228887932,157.5431631763636
750,44.30038095508444,44.30038116961338,44.3003812603505,44.300380817288556,44.300380909557326,44.30038087840257,44.30038363184249,44.300380817750046,44.30038773216152,44.30038402476111,44.30038087768662,44.30040633826058,44.300405219557,157.5348033331837,44.31030095525298
751,44.299950537659605,44.299950361237585,44.299950819042465,44.299950483132825,44.29995050956352,44.29995049232631,44.29995263876225,44.29995047646114,44.299955973514365,44.29995305618262,44.29995048959478,44.29996121530832,44.299960755162964,157.53480252654836,44.309870568673084
752,44.29995028616609,44.299950213758756,44.29995055295053,44.2999502223532,44.299950257362696,44.2999502383988,44.29995231396331,44.29995022644862,44.299955723340595,44.29995284088704,44.29995023677589,44.29996005822478,44.299959594059686,157.53480232627504,44.309870315313255
753,44.29998325746786,44.29998340521311,44.299983532979006,44.29998310195211,44.29998321241905,44.29998317892922,44.299985778946414,44.299983148896224,44.299990765010676,44.299986820538045,44.29998318781393,44.30000366346179,44.300002685836624,157.5348017536341,44.309903256808866
754,44.29995387835283,44.29995422503149,44.29995397560328,44.29995380815814,44.29995385950138,44.2999538430515,44.29995631285792,44.29995371988756,44.29995530713513,44.299954382929485,44.299953908195356,44.29996848569346,44.29996773945754,0.019127889593843473,44.30987392211895
755,44.299522743984596,44.29952251619857,44.2995227196777,44.29952269370372,44.299522728279435,44.29952271501545,44.29952509721496,44.2995226163956,44.2995230382627,44.29952276268051,44.299522811186044,44.299533273029034,44.29953254546464,0.019124487453664806,44.30944279165274
756,0.15149166393161176,0.1514916213044412,0.15149200519361358,0.15149179427648093,0.15149170665400952,0.15149178192041698,0.15149423012146637,0.15149165437553017,0.15149471723559374,0.15149295894793205,0.15149181942048567,0.1515049779993207,0.15150437968645747,0.019127734794472828,0.16141182159192594
757,44.29998145764653,44.299981440305366,44.2999817783992,44.29998128435289,44.299981399744304,44.299981356547086,44.29998457856382,44.29998124853257,44.299989268287476,44.29998513585705,44.299981369293256,44.3000090730793,44.300008266926035,157.53480344072784,44.30990143584645
758,44.29997992789158,44.299980015119125,44.299980225484745,44.299979764499874,44.29997987763941,44.29997983990581,44.299982599527084,44.29997979596144,44.299984974887735,44.299982345545686,44.29997984079622,44.29999788802664,44.29999726286268,157.53480495644598,44.30989991839226
759,44.29993696801477,44.29993677618885,44.299937236998886,44.29993698181796,44.29993694503927,44.29993693110182,44.299938980015845,44.29993689296521,44.29994119139953,44.299938981863846,44.29993692832152,44.29994609902499,44.29994564614638,157.53480418542526,44.30985700831679
760,44.29993597866288,44.29993584195726,44.299936235359915,44.29993597573008,44.29993595497487,44.299935939603245,44.29993791693181,44.29993592377928,44.299941316975726,44.299938461165986,44.29993593732568,44.299944707639945,44.29994426082495,157.53480418049114,44.309856016676605
761,44.29996618804693,44.29996618064916,44.299966454926015,44.29996603980694,44.29996614601428,44.29996611473343,44.299968590386214,44.29996610587224,44.299973100087065,44.29996941324569,44.29996612232836,44.29997915112276,44.29997862121317,157.5348042343504,44.3098861924644
762,44.29975208838213,44.29975215057908,44.29975218454018,44.29975203725434,44.29975205633905,44.29975203255285,44.29975466169926,44.29975192423353,44.29975366881788,44.2997528224113,44.2997521045204,44.29976354851478,44.29976317531014,157.53479833171198,44.30967211048951
763,0.15100508776223798,0.1510048347904056,0.15100582031314377,0.1510057511724612,0.15100540923419484,0.15100583597225328,0.15100770017790102,0.1510050548244723,0.15100641685281263,0.1510056947738608,0.15100577204936186,0.15101658811373697,0.15101612563698394,145.17465953743746,0.16092572851248912
764,44.29992966496027,44.29992995707759,44.29992978573693,44.2999295299233,44.299929632998364,44.299929605290664,44.299932137990936,44.2999296036155,44.29993117261856,44.299930353592,44.29992966653975,44.29994161200177,44.29994090330985,145.17465883297896,44.309849682479786
765,157.5330537264221,157.53306245491348,157.53305046590236,157.53304996483197,157.53305192690382,157.53305003524108,157.5330555360545,157.53305066626413,157.53305724657903,157.53305383582628,157.53305005607808,157.53308368767003,157.5330827201026,157.5348039312643,157.5429701210583
766,44.29997888704241,44.29997885317161,44.29997919489534,44.2999787306205,44.299978839956935,44.29997880712187,44.29998152205323,44.29997879799986,44.299985971413214,44.2999822968875,44.29997880725136,44.29999612767896,44.29999551229118,157.5348049822274,44.309898883248216
767,44.29994072686824,44.299940557409066,44.29994101848188,44.299940799671276,44.2999407130689,44.299940709241184,44.29994272353665,44.29994064316893,44.29994636065674,44.29994335424825,44.29994070748298,44.2999518240371,44.29995114343499,157.534803975994,44.309860785579616
768,44.299942834862016,44.299942802157894,44.29994310979094,44.29994287661853,44.29994281954958,44.29994281269242,44.299944781004534,44.29994275926723,44.29994853033298,44.29994547211237,44.29994281264076,44.29995430198769,44.29995355158902,157.53480376843837,44.30986288998178
769,44.29997807440805,44.29997820400694,44.299978349422105,44.29997792171998,44.29997803162357,44.29997799887665,44.29998048315769,44.29997798828004,44.299983301261754,44.29998053943871,44.29997800993983,44.29999581833659,44.29999482341514,157.53480324863168,44.3098980775953
770,44.29994845117793,44.299948931240046,44.299948545014644,44.29994837858263,44.29994842795214,44.299948407980075,44.29995082076391,44.29994828700739,44.29994651411644,44.29994761885501,44.29994847014603,44.29996014517687,44.299959260049455,0.01912825634456814,44.309868488091865
771,0.15121698873193026,0.15121638422223513,0.15121734707299234,0.1512172547226617,0.15121709783550194,0.1512172460851565,0.15121948309425612,0.15121687013997612,0.1512151760746289,0.15121616280058786,0.15121729836228953,0.1512264774355955,0.15122571270294605,0.01912450922738752,0.16113727203776043
772,0.15102277939392994,0.1510221849141727,0.15102379718553718,0.15102353773453572,0.15102314469372854,0.1510235933613054,0.15102554445750813,0.15102264049673034,0.151023883538759,0.15102301604500243,0.15102353469481697,0.1510360513958194,0.15103534742291172,0.01912879632163232,0.16094352601201953
773,44.299979164957826,44.29997900713957,44.299979498935905,44.299978985346804,44.29997910276984,44.29997905527235,44.29998248284435,44.299978937894025,44.299986538027866,44.29998258075418,44.299979071922934,44.300013401642225,44.30001244600385,157.53479639055135,44.309899136175225
774,44.299958716617766,44.29995841809488,44.29995901287182,44.29995855114499,44.299958665214994,44.299958625797736,44.29996133779394,44.299958587518994,44.29996447745598,44.29996143506866,44.299958630605694,44.29997570598743,44.299975110232246,157.5347974141798,44.30987870452814
775,44.29993452042132,44.29993431892399,44.29993478941046,44.2999345236164,44.29993449233944,44.29993447403378,44.299936592360105,44.29993441729746,44.29993916335187,44.29993671801148,44.299934475494716,44.29994433480595,44.299943872956284,157.53479674372443,44.30985455185955
776,44.29994456175704,44.299944641430244,44.29994482599085,44.29994454202716,44.299944537770365,44.2999445224198,44.29994656997257,44.299944479783086,44.299949828003044,44.29994703609898,44.299944524682395,44.29995377088094,44.29995333526964,157.53479657251407,44.30986460029593
777,44.29998116766071,44.29998160816397,44.299981435204415,44.299981008528896,44.299981123277355,44.299981089393874,44.299983655432776,44.29998105627816,44.29998785417613,44.29998429244949,44.2999811028887,44.299997496248345,44.29999677261998,157.53479593008316,44.309901167829615
778,44.2999522220211,44.29995262489686,44.299952333806495,44.29995214360719,44.29995220077014,44.299952181991465,44.299954590105415,44.299952052957174,44.299951505796635,44.29995180173754,44.29995225300701,44.29996428747409,44.29996351626343,0.019125922466798288,44.309872261087826
779,44.29949984219103,44.299499759267285,44.299499873875696,44.29949979681265,44.29949982627689,44.29949981102373,44.299502165101835,44.29949970390759,44.29949725966974,44.29949867489659,44.299499913984505,44.29951027175303,44.29950945086824,0.019123953995941984,44.30941988851881
780,0.15107035313079925,0.15106985240959134,0.1510708469286307,0.15107068019376405,0.15107048915511925,0.15107067285441025,0.15107309062988078,0.15107019960084073,0.1510710939382889,0.15107055879223955,0.15107070816131704,0.15108402562967,0.1510833128078796,0.019126133233140576,0.16099069234129393
781,44.299972823199745,44.299972787158104,44.2999731346547,44.29997265803772,44.29997276794757,44.29997272591752,44.299975944783775,44.299972626731176,44.299978528802576,44.29997532754991,44.29997274370512,44.30000036612547,44.29999967109392,157.53479146201695,44.30989280612948
782,44.29996057212662,44.29996046230152,44.29996086700831,44.299960398551434,44.29996051891711,44.299960477136956,44.29996326081541,44.29996043013359,44.29996587865269,44.29996312401875,44.299960483366085,44.2999785560923,44.29997793263484,157.53479267499077,44.309880557138094
783,44.29969395307409,44.29969354256868,44.299694197343456,44.29969391291977,44.29969391334894,44.29969388207985,44.29969601469664,44.29969385431187,44.29969870866379,44.299696230202585,44.29969388519218,44.29970362587769,44.29970316359026,157.53479202529653,44.30961396163165
784,0.15113263702195837,0.1511320124302631,0.15113313142190424,0.1511328050515556,0.15113271383527468,0.15113281239050635,0.15113475898018616,0.15113230530865499,0.1511383506307966,0.1511351613149691,0.15113278559104346,0.15114191613321318,0.15114154246304526,157.53479186592915,0.16105280032617322
785,44.29993949322992,44.299939260966205,44.299939785160284,44.2999394994834,44.299939460461964,44.29993943754355,44.299941966476915,44.2999392874495,44.2999448852209,44.29994194879607,44.299939452274636,44.299953153162164,44.299952572098,157.5347912767149,44.30985951844979
786,44.2998168776269,44.299817320916105,44.29981704835398,44.29981680373683,44.29981684174289,44.299816811074464,44.299819431049904,44.29981669535099,44.29981523871346,44.299816150396914,44.29981688379746,44.29982953117605,44.29982863977954,0.019158212971136738,44.309736891410914
787,0.15108848428300853,0.15108817282781647,0.15108911135507555,0.15108898582053285,0.15108871638406177,0.15108901766404442,0.15109113077912387,0.1510883873253349,0.1510859916807312,0.15108721713478346,0.1510890290676816,0.15109934533485656,0.15109823860384083,0.019130889897116254,0.1610089950004225
788,0.15106383565947631,0.15106316736047445,0.15106463529713618,0.15106442428928524,0.15106411566681066,0.1510644700030709,0.15106660413874348,0.15106368902313358,0.15106493770060672,0.15106413438710548,0.1510644442586636,0.15107752570451594,0.15107676359234853,0.019157792856405103,0.1609844289000137
789,44.29996676483856,44.2999665431116,44.2999670804086,44.29996659506525,44.29996670777325,44.29996666364431,44.29996987213739,44.29996657230648,44.29997372214145,44.29996988654644,44.299966679927614,44.29999409860408,44.29999334807973,157.5347788231162,44.3098867441868
790,44.29995737706645,44.299957247839615,44.299957677421524,44.29995721963979,44.29995732816872,44.299957290412856,44.29996005071845,44.29995726447316,44.29996179780943,44.29995938727554,44.2999572954362,44.29997556417968,44.29997494671034,157.53478003559044,44.30987736971566
791,44.29994078854094,44.29994077708202,44.29994107524738,44.29994083022518,44.29994077096958,44.29994076154825,44.29994286677635,44.29994068882534,44.299943734926245,44.299942252520786,44.29994076358975,44.29995115693068,44.29995064220486,157.53477938988775,44.309860839914684
792,44.29994698052432,44.29994709824672,44.299947236984984,44.299946914723506,44.299946953235754,44.29994693315522,44.29994898517273,44.29994693011964,44.299951911992395,44.299949317936644,44.29994693445676,44.29995894253458,44.29995820044371,157.5347792183263,44.3098670116122
793,44.2999802120734,44.29998063018224,44.299980479279846,44.299980055009875,44.299980168651096,44.29998013442869,44.299982698830284,44.29998010367589,44.299986129708564,44.29998295741376,44.29998014815249,44.299999013891295,44.29999805031136,157.53477849453017,44.309900213772956
794,44.29995337541513,44.299953798286595,44.29995346521111,44.29995327555938,44.29995335161744,44.299953327575885,44.29995579121876,44.29995321083937,44.299952803463924,44.29995313457087,44.29995339168147,44.29996581997944,44.2999651647012,0.019125189060866132,44.30987340822504
795,0.15152108581751397,0.15152065167440168,0.1515212712685746,0.15152126076996347,0.1515211483168987,0.1515212406715298,0.15152346522313567,0.15152109739426975,0.15152055377542378,0.15152090079994643,0.15152130130680977,0.15153147345706316,0.15153076061137388,0.019123508454575017,0.16144127860758165
796,0.15146845151831326,0.15146790694426412,0.15146880893294914,0.15146858716307376,0.15146849373243837,0.15146856871593478,0.15147104923756557,0.15146846871618977,0.1514709712516342,0.15146951875397258,0.15146860598327688,0.15148237041795296,0.15148170595399318,0.019125766635375564,0.16138861066565205
797,44.300002070381424,44.30000226987394,44.300002393689006,44.3000019046821,44.300002016360594,44.3000019739452,44.30000519371249,44.30000187755732,44.300010383827754,44.30000595563079,44.300001990903304,44.30002960320804,44.30002889719876,157.53480007863567,44.30992205580196
798,44.2999573598451,44.29995711432582,44.29995765832137,44.29995720074019,44.29995730804035,44.299957268691564,44.299960044366095,44.299957213112755,44.29996368791249,44.29996043484608,44.29995727282988,44.29997545680601,44.29997482651597,157.53480131669622,44.30987734744702
799,44.299926213859585,44.299925884037556,44.29992646728882,44.29992616052261,44.299926176998774,44.29992614933517,44.29992827927367,44.29992614144729,44.299930535477934,44.29992834811734,44.299926151822866,44.29993602197694,44.29993555375399,157.53480062890415,44.30984622722434
800,44.29993036103891,44.29993018121487,44.299930613069314,44.299930326485615,44.29993032902112,44.29993030560331,44.29993236829543,44.29993028872983,44.299935968477286,44.29993297711011,44.29993030810115,44.29993961393645,44.29993916676184,157.53480053677333,44.309850383579544
801,44.299978631408614,44.29997893557211,44.29997889956587,44.299978475852384,44.299978587028136,44.299978552473355,44.29998112457431,44.299978518374466,44.29998538801101,44.299981786056264,44.29997856411202,44.29999284398292,44.29999228062866,157.53480023215482,44.30989863162882
802,44.29994959756328,44.29995008974992,44.29994976311759,44.29994952492492,44.29994957301403,44.29994955214346,44.29995216253355,44.29994941461772,44.299948645815554,44.29994911008395,44.29994961743916,44.299960317434945,44.299959639712455,145.1746526306793,44.30986963271306
803,0.15100308102177432,0.1510027747997538,0.15100402812925712,0.15100390723501506,0.1510034653606124,0.1510039593219497,0.1510059319873491,0.15100301870990288,0.1510021358354501,0.1510025486516456,0.15100391489507875,0.15101624472823993,0.15101539071122744,0.019133001375642555,0.16092388758944468
804,0.1514243924972438,0.15142420613287844,0.15142473985957924,0.15142452785133564,0.15142443766663696,0.15142451562496492,0.15142708507593147,0.15142438229153696,0.15142600950853208,0.15142503688109193,0.15142455021742415,0.151442079416602,0.15144124900283662,145.1746536836041,0.16134457238858876
805,44.29997749757826,44.29997721883015,44.29997782771275,44.2999773280308,44.29997744059161,44.29997739669434,44.29998062511169,44.29997730737458,44.29998346590954,44.29998025299926,44.29997741088447,44.30000623429271,44.3000054245904,157.53480332226096,44.30989747733212
806,44.29996042210166,44.29996022718146,44.29996071743963,44.29996025599522,44.299960370384724,44.29996033083753,44.299963096058285,44.29996028976786,44.29996755178749,44.29996380521316,44.29996033363475,44.29997877002986,44.29997816216481,157.534804356577,44.3098804100318
807,44.299938419154635,44.29993812880435,44.29993871110634,44.29993846951559,44.29993840011506,44.29993839024794,44.29994051163729,44.299938305565824,44.29994473147732,44.29994128241264,44.299938390742035,44.299948300136116,44.29994784902188,157.53480358836055,44.30985846850468
808,44.29994067351878,44.29994048710137,44.2999409533063,44.29994068820577,44.299940652896204,44.29994064056609,44.29994270216634,44.299940585630274,44.29994704252855,44.299943563659774,44.2999406418699,44.29994993855891,44.299949504044086,157.53480348561533,44.30986071910619
809,44.29997913371104,44.29997926472816,44.29997941931216,44.29997897575319,44.29997908859095,44.299979053672565,44.29998162831141,44.29997902899501,44.299986816787225,44.29998268661365,44.29997906307522,44.299994191915225,44.2999935728239,157.5348030518608,44.30989913305141
810,44.29997024704182,44.29997070796377,44.29997046313198,44.29997008982139,44.29997020836194,44.29997017385705,44.29997282461059,44.29997007849422,44.29997155923393,44.299970657639285,44.299970222021244,44.299981817981525,44.29998131055851,145.174658077715,44.30989025498018
811,0.1510655588724303,0.15106502935181967,0.15106626311257046,0.15106614490997103,0.15106582815895087,0.15106618330995364,0.15106831666080092,0.15106541331759096,0.1510652680443783,0.1510652081723358,0.15106615411638585,0.1510762885877486,0.15107550424871227,145.17465606555086,0.16098619980622542
812,0.15343906059866688,0.15343857691780674,0.153439256910053,0.1534390817710536,0.1534390468902678,0.15343905121730578,0.153441756361943,0.15343894358963386,0.15344188667755085,0.153440222166453,0.1534391009516132,0.1534551954833108,0.15345433094351948,145.1746595473588,0.16335912178882872
813,44.2999740323944,44.29997366990302,44.29997433593176,44.29997385904503,44.29997397297996,44.29997392487459,44.29997715142105,44.299973814219584,44.29998231698264,44.29997790933723,44.29997394100894,44.30000239884519,44.30000161621643,157.534804540608,44.30989400866067
814,44.29994709365337,44.299946707162064,44.29994739386083,44.299946969649454,44.29994704332703,44.299947002475726,44.29994977145182,44.29994691147524,44.29995522231883,44.29995082781068,44.29994700555067,44.2999648534335,44.299964218760216,157.53480569676228,44.30986708123839
815,0.15102643525808232,0.1510258513909021,0.15102694177283196,0.1510266222773106,0.15102651995034383,0.151026627373298,0.15102852852537482,0.1510260494349824,0.15103258819898144,0.151028997631998,0.1510265982321263,0.15103581196446522,0.15103542134626588,157.5348047137638,0.16094664127476505
816,0.15101390706507592,0.1510133406797831,0.1510145832055421,0.15101425095883542,0.15101407656981766,0.1510142731166391,0.15101602818152773,0.1510131463048072,0.15101900858367917,0.15101576968444075,0.1510142354779959,0.15102250231936715,0.15102211498563065,157.53480467457544,0.16093428159710862
817,44.299941146333644,44.29994081713878,44.29994144373922,44.29994111552981,44.299941112456615,44.29994108866159,44.29994355822845,44.29994098840576,44.29994794650302,44.299944220560455,44.29994109844594,44.29995424588022,44.29995370390549,157.53480599342325,44.30986116981908
818,44.299939632292826,44.29994006259462,44.29993990394728,44.29993967691954,44.29993962101585,44.29993961688129,44.29994222446862,44.29993944325776,44.299941068001495,44.29994022104932,44.29993969344099,44.29995197499999,44.29995127675243,157.5348006829132,44.309859697707516
819,44.29842370656501,44.29842415292935,44.29842387397921,44.298423673603736,44.29842368745557,44.29842367378833,44.29842612487716,44.298423574262046,44.298422718101996,44.2984231494591,44.29842377814561,44.298435258303805,44.29843456425194,145.1746603955805,44.308343753423095
820,44.299927275111266,44.29992690242427,44.2999274758944,44.2999271731204,44.29992724466124,44.299927221698994,44.299929688379855,44.299927187964364,44.299929206242695,44.299927984545015,44.29992729116187,44.299939902749514,44.29993909270871,145.17466051864133,44.30984729852613
821,157.53277684776347,157.53277681985213,157.53277715067028,157.53277666631297,157.5327767884116,157.53277673444657,157.53278009552923,157.53277665597736,157.53278360654366,157.5327799179223,157.53277675399661,157.53280770622607,157.5328068914104,157.53480475641416,157.54269681963018
822,44.29997475720746,44.299974733068154,44.2999750663109,44.299974603212085,44.299974710905666,44.299974677292376,44.299977400307235,44.299974655214534,44.29997889614862,44.29997679373428,44.29997468026087,44.299992177111754,44.29999157981765,157.53480580486996,44.309894754753635
823,0.1519114465117738,0.15191082851068247,0.15191179943367214,0.15191149009874702,0.15191145751878557,0.15191148493393364,0.1519134898314174,0.15191148119953263,0.15191419044564106,0.15191289448113357,0.1519114557718473,0.15192071029972526,0.15192025535669187,157.53480464280787,0.16183150760538123
824,44.299908817624384,44.29990863195144,44.2999090601019,44.299908788166626,44.29990878750121,44.299908763878705,44.29991075236424,44.2999087745144,44.29991255970621,44.29991062366478,44.29990876500596,44.29991733271806,44.299916899346215,157.53480435429344,44.30982884205045
825,44.299962514957066,44.29996276092752,44.29996276076829,44.29996236665614,44.29996247585984,44.29996244446869,44.29996489700907,44.29996244085223,44.29996765000925,44.29996489063103,44.29996245524766,44.29997527609026,44.29997473812173,157.5348035686579,44.30988252361298
826,44.29991314073504,44.29991347398225,44.29991322190239,44.29991290480754,44.299913099029,44.29991305674613,44.299915446740464,44.29991308160452,44.299913129026926,44.29991302464208,44.299913128097565,44.299924115534935,44.29992336640254,0.019135148777501793,44.309833136389756
827,0.15100405779283585,0.15100347824696356,0.15100484440910228,0.15100489451009116,0.1510044615051326,0.15100497849344086,0.1510067650688423,0.15100408863299214,0.15100401017348514,0.15100386975329963,0.15100491840543337,0.15101606627348088,0.15101545898817342,0.019133584577633842,0.16092487409755712
828,0.15102269199372487,0.15102206855107347,0.15102363754784187,0.15102348321945216,0.1510230791146889,0.15102356751335896,0.15102545732907546,0.15102263960703713,0.15102523986972596,0.15102358483621248,0.15102347604051014,0.1510374245340725,0.15103686577231004,0.019134546592431256,0.16094346319459513
829,44.29997798038203,44.299977710355506,44.29997831021468,44.29997780415321,44.29997792032802,44.29997787464941,44.299981273213554,44.299977764795244,44.29998494546007,44.29998121826745,44.29997788838145,44.30001287578173,44.300011968719836,157.5348039416668,44.30989795522862
830,44.29997356368719,44.29997354698572,44.29997384741235,44.29997340751874,44.2999735167044,44.29997348082235,44.29997615213765,44.29997345139241,44.29997936945309,44.29997631616515,44.29997348439243,44.299990156144055,44.299989555718874,157.53480438717136,44.30989356019061
831,44.2999371286537,44.29993697547991,44.29993740693609,44.29993718421946,44.299937111589834,44.29993710322618,44.29993921195838,44.29993701994846,44.2999419919473,44.299939391115515,44.299937102575534,44.29994695801154,44.29994649973808,157.53480428895307,44.309857181427766
832,44.299936737383256,44.29993660753987,44.299937003961155,44.29993679025907,44.29993672112965,44.29993671304053,44.299938753701724,44.29993664239351,44.2999413683933,44.299938916609754,44.29993671238777,44.29994589241955,44.29994544775895,157.53480423432484,44.309856791259364
833,44.29997365854001,44.299973843763944,44.29997391209418,44.29997350696076,44.2999736161552,44.29997358349286,44.29997612879578,44.299973563373335,44.29997809671062,44.29997578365533,44.29997359353259,44.299987623300716,44.299987065887194,157.53480416431083,44.309893662398714
834,44.29993088921839,44.299931359475664,44.29993096119272,44.29993067657272,44.29993085063794,44.299930816313605,44.299933442321255,44.29993079789671,44.299929098340506,44.299930068523395,44.29993089142089,44.29994236599739,44.299941811901185,145.17466288119996,44.30985089644824
835,0.151016998772337,0.1510166279177514,0.1510178403383992,0.1510177827450052,0.1510173892133798,0.15101787184898444,0.15101971515325274,0.1510169800940321,0.15101571776653,0.1510162756974793,0.15101782370837571,0.15102861215200208,0.15102789780533907,145.17465933490794,0.16093777688075284
836,0.1510550024775408,0.1510544501464294,0.15105588470226836,0.1510556876253071,0.1510553324978164,0.15105574595846236,0.1510578579076062,0.15105488202481757,0.1510563627877736,0.1510554112169304,0.15105569666918342,0.1510709387511612,0.15106992923856902,145.17465928378985,0.160975695414195
837,44.29997377124926,44.29997366637017,44.29997408481953,44.29997360308767,44.299973716108354,44.299973673474,44.29997687414533,44.299973572092284,44.29997908972221,44.29997618049953,44.29997368683445,44.30000141788434,44.30000060633092,157.53480411312054,44.309893753582394
838,44.29995971179736,44.29995961376505,44.29995999044478,44.29995955073027,44.29995966324955,44.29995962632145,44.2999623910209,44.29995959705372,44.299963263206934,44.29996143538012,44.299959629105246,44.29997766953333,44.29997702323885,157.53480514641717,44.309879705095916
839,44.29992140291793,44.29992101127396,44.29992163902336,44.29992136126642,44.299921368643425,44.29992134359787,44.299923479983555,44.29992135826089,44.29992499622355,44.299923167871064,44.29992134235844,44.29993115111648,44.299930670301876,157.53480420075536,44.309841421068306
840,44.2999288074,44.29992863935144,44.29992904184282,44.29992878643833,44.2999287801093,44.29992876096776,44.2999308125371,44.29992876160924,44.299933038201424,44.29993083505553,44.29992875868058,44.299937983923535,44.299937534182725,157.53480396811327,44.3098488382825
841,44.29996596110289,44.29996609551157,44.29996620815985,44.29996580651909,44.29996591979173,44.29996588852341,44.29996843763755,44.299965885813386,44.299970736342694,44.29996821081744,44.29996589575794,44.299980104233335,44.299979543940935,157.53480354411354,44.30988596644419
842,44.29992785908825,44.29992829260075,44.299927951278534,44.299927619718254,44.29992781761943,44.2999277789556,44.2999303191339,44.299927799859,44.2999274426131,44.299927605703154,44.29992784409428,44.2999395814345,44.299938970618975,145.17449253930735,44.30984785747401
843,0.15103545554641556,0.15103505484924118,0.15103620328398012,0.15103613051163634,0.15103578581772628,0.1510362058215758,0.15103811177702148,0.15103542545746404,0.15103649618192927,0.15103563441515985,0.15103617207061332,0.15104593108084882,0.15104526588475964,0.01914784864752418,0.16095613513004478
844,44.29989257432461,44.299892087694786,44.29989274337414,44.29989248330946,44.29989254478598,44.29989252047897,44.29989510420871,44.2998924594844,44.299894797211216,44.299893503549306,44.29989259548407,44.29990557084208,44.29990491113309,145.17449229765197,44.309812599041386
845,44.300060238975696,44.30006035458382,44.30006053283022,44.300060078252706,44.300060187570516,44.30006015069083,44.30006334846396,44.3000600672963,44.30006610307888,44.30006300309652,44.30006016263162,44.30008738060649,44.30008658426735,157.53479907667008,44.30998022905944
846,44.299977210318154,44.29997718455187,44.29997748726485,44.29997704715144,44.2999771630567,44.29997712859002,44.29997989747528,44.2999771091908,44.29998263850547,44.29997983741304,44.299977130024565,44.29999514327923,44.29999447970215,157.53479965020372,44.309897206371126
847,44.29993221231376,44.29993191814464,44.29993247499201,44.29993222617613,44.29993218903806,44.29993217523904,44.29993429716015,44.299932139495304,44.299937353371796,44.299934631609624,44.299932172437394,44.29994201769015,44.299941554762206,157.5347995257807,44.309852252114474
848,44.299934256289596,44.29993410760603,44.29993452377747,44.29993430554643,44.29993423942488,44.29993423148488,44.29993628008929,44.29993417547687,44.29994036766569,44.29993708856974,44.29993422883992,44.29994353539205,44.299943094801186,157.53479940520432,44.30985430850017
849,44.29997389926397,44.29997403669802,44.299974160789844,44.299973744300125,44.29997385649606,44.299973824502615,44.299976398489555,44.29997382070914,44.29998115957553,44.299977308217656,44.299973830867366,44.29998822518684,44.299987692230474,157.5348003038523,44.309893902424086
850,44.299933422565175,44.29993389712397,44.299933531928396,44.299933307068564,44.299933397009276,44.299933375117966,44.29993594289482,44.299933295986705,44.29993283374264,44.29993308923807,44.29993344137258,44.29994507838459,44.29994451154905,145.1746280647271,44.309853453673526
851,0.15147587732595916,0.15147621996180863,0.15147609793400016,0.15147603372803695,0.15147593665395603,0.15147602899875273,0.1514783105710408,0.15147588606027854,0.15147486558674486,0.15147539211964936,0.15147608153660053,0.1514861945492558,0.15148552177064023,0.019127711596456164,0.16139606446899243
852,44.29992698383128,44.299926886043494,44.29992707081151,44.299926772914084,44.29992694471951,44.29992691033174,44.29992943535509,44.299926905571596,44.299928628964665,44.29992762202841,44.299926982161054,44.299939873467174,44.29993910471452,145.17462646792396,44.309846988519034
853,157.52746513874794,157.52746540121686,157.52746547022593,157.52746499633636,157.52746510022325,157.52746506883827,157.52746823188517,157.52746497467737,157.52747165596438,157.52746808323556,157.5274650863078,157.52749144239257,157.52749073533627,157.53478375484227,157.537385152709
854,44.29997966084871,44.29997979578499,44.29997997697194,44.29997950400307,44.2999796141308,44.299979580961825,44.29998237169112,44.299979556809,44.29998389384007,44.299981659488246,44.29997958033824,44.299998581774126,44.29999799021174,157.534784982349,44.30989965754181
855,44.29993355347208,44.29993326958829,44.299933860005616,44.29993362583269,44.29993353766778,44.299933532352945,44.299935663189665,44.299933465049236,44.299936247919426,44.29993493979751,44.29993352884619,44.29994348613286,44.29994302960028,157.53478432404873,44.30985360855843
856,44.29993383285802,44.299933686126174,44.299934125241954,44.299933899584424,44.299933817736274,44.29993381219779,44.29993586533801,44.29993374914202,44.299937583586946,44.29993567175523,44.29993380962628,44.29994303962241,44.299942598502405,157.53478413847424,44.30985388866125
857,44.29997493018171,44.29997526375959,44.29997520760325,44.29997478012186,44.299974888455665,44.299974857825624,44.29997740131757,44.29997484750904,44.29997990740956,44.299977305661514,44.29997486854842,44.299988955884736,44.29998840038149,157.53478340985893,44.3098949350462
858,44.299931472137104,44.299931851109726,44.29993157402773,44.29993130160292,44.2999314407351,44.29993141293361,44.29993386168198,44.29993137279225,44.299930393488815,44.299930996103704,44.29993148334705,44.29994220168993,44.29994160310441,0.01912652609048045,44.30985149058361
859,44.29978688199902,44.299786979398995,44.29978693087626,44.29978684230117,44.29978686761283,44.29978685466724,44.29978922661613,44.2997867574064,44.29978549318724,44.29978622985653,44.29978694550821,44.299796481179165,44.29979591434946,0.019123983525909317,44.30970693074965
860,44.299925564949625,44.29992508555639,44.29992563865665,44.29992530170909,44.29992551930766,44.29992547678152,44.299928059207645,44.29992551592147,44.29992681784353,44.29992605725431,44.299925541261054,44.29993742803833,44.299936701338304,0.01912647265309003,44.309845555305806
861,44.300078274892286,44.300078476808714,44.3000786085716,44.30007812810391,44.300078226305054,44.30007819115446,44.300081397751086,44.30007811236906,44.300082139607206,44.30008006665065,44.300078204661936,44.30010591925654,44.30010520639613,157.5347921028115,44.309998269372365
862,44.299971429275416,44.29997135834761,44.29997173686701,44.29997127385371,44.2999713810591,44.29997134640879,44.29997411796024,44.29997131714862,44.29997477529809,44.299973028546155,44.29997134810964,44.29998984385957,44.29998922945118,157.5347933910384,44.309891423934495
863,44.29992778424773,44.29992746608389,44.29992803484266,44.299927758892046,44.29992775370797,44.29992773303221,44.29992985773333,44.2999277266297,44.29993207742172,44.29992983346372,44.29992773042655,44.29993771552168,44.299937261827296,157.53479274357662,44.309847809769444
864,44.29993361285998,44.299933448261605,44.299933870138716,44.299933661319194,44.29993359528087,44.29993358688635,44.29993563794062,44.29993353070662,44.29993840544237,44.29993587292456,44.299933584777925,44.299942856981396,44.29994241548177,157.53479260220774,44.30985366391658
865,44.29997464592151,44.29997479234251,44.29997489612899,44.29997449439347,44.29997460329261,44.29997457179118,44.29997713604786,44.29997455903049,44.29998024581108,44.299977267143255,44.29997458014483,44.299988694078905,44.29998815228702,157.5347921755134,44.30989464969134
866,44.299931708475164,44.299931829573445,44.299931773684136,44.29993155298075,44.29993167638401,44.29993164923715,44.299934219003084,44.29993159573643,44.29993167799912,44.29993168689435,44.299931725721756,44.29994183604385,44.299941300149506,0.01912932200707287,44.30985172758954
867,0.15216812070691962,0.15216763471720043,0.15216823646487768,0.15216824665876827,0.152168161903908,0.15216822819954834,0.15217052539888973,0.15216809220146482,0.15216780037341124,0.15216791554373557,0.15216829990690758,0.15217743390513874,0.15217687921157788,0.019124346772655617,0.16208827024928715
868,44.29993236721399,44.29993191908495,44.29993243667644,44.29993224065004,44.29993233994994,44.29993231835834,44.29993484621888,44.2999322571814,44.29993351417304,44.29993275712448,44.29993239060975,44.299943285514416,44.29994275195663,0.01912899311200615,44.309852396188894
869,157.51430929636666,157.51430949718576,157.51430959875935,157.51430913884175,157.51430924906796,157.514309212071,157.51431239827969,157.51430911078288,157.51431394155176,157.51431146578662,157.5143092294956,157.51433537646736,157.5143345938094,157.5347916908049,157.5242292949666
870,44.299976388021605,44.29997637939192,44.29997668153359,44.29997622804658,44.29997634058935,44.29997630734879,44.299979070061134,44.29997629536692,44.29998128653387,44.29997872283986,44.2999763077089,44.299994502252105,44.29999385146579,157.53479289600878,44.309896384035405
871,44.29992524701223,44.299924949477905,44.29992547879798,44.29992521583036,44.29992521799101,44.2999251982258,44.29992723563878,44.29992521802561,44.2999303083914,44.29992763105227,44.2999251940092,44.299934444906846,44.29993400751359,157.53479220749182,44.309845274610474
872,44.29991592391104,44.29991564831047,44.29991614339763,44.29991589570911,44.29991589399995,44.29991587248346,44.29991786333216,44.299915893098934,44.29992149070683,44.29991853090892,44.29991586933497,44.29992455945373,44.29992413737012,157.5347920594319,44.30983594949484
873,44.29996139793153,44.29996146755201,44.299961633535446,44.299961243842084,44.299961356684,44.2999613250331,44.29996377733077,44.299961329348925,44.29996641626055,44.299963777603544,44.29996133179754,44.29997419967154,44.299973663173425,157.5347915928006,44.309881403396766
874,44.29992185037549,44.299921420545935,44.299921893456826,44.29992154316503,44.29992179722114,44.299921746981575,44.2999242171524,44.29992181322643,44.299921042106206,44.29992156129311,44.29992181368046,44.29993178612806,44.29993113221422,145.17462850364362,44.309841826839055
875,0.15102083896603244,0.15102029432335665,0.15102153833857776,0.15102155098984296,0.1510211755294546,0.15102161475624393,0.15102343446306007,0.15102076299577447,0.15101918261540068,0.15101997572107553,0.15102157646438283,0.1510305507991551,0.15102978932636912,0.019134458111959015,0.1609415398223288
876,0.15146948508168778,0.15146899466254055,0.15146976309365248,0.15146962280404627,0.15146952762609237,0.1514696036271457,0.1514720499276526,0.15146948894544948,0.15147070169671292,0.15147003359077751,0.15146964218817788,0.1514818327819785,0.15148110112719324,145.1746286831891,0.16138963648049343
877,157.53280712293818,157.53280734923138,157.53280737150405,157.53280690347376,157.53280704482924,157.53280697048874,157.53281032359607,157.53280690171053,157.53281117487725,157.53280901069263,157.53280699067716,157.53283623771748,157.53283533161914,157.53479406399615,157.54272705596944
878,44.29996117302118,44.29996109770186,44.29996146726099,44.29996101077122,44.29996112563045,44.29996109066858,44.299963787054025,44.29996108472732,44.299965028108744,44.299963061193374,44.29996109193081,44.29997802001237,44.2999773956293,157.53479439669636,44.309881167851124
879,44.29988041942255,44.29988014637911,44.2998806737098,44.29988039936966,44.29988038818985,44.299880365699664,44.299882413312154,44.299880376518,44.299884757795695,44.29988249763944,44.29988036372311,44.29988946658719,44.29988902472474,157.5347942217903,44.309800442659956
880,0.17056470354669906,0.1705644487903781,0.1705649335554047,0.17056467499058728,0.17056467120536556,0.17056464779201108,0.17056663185693557,0.17056465725223136,0.17056930003782025,0.17056689444614928,0.17056464713626454,0.17057320531459538,0.17057278090280503,157.53479404193342,0.18048472945496818
881,44.29995009586181,44.29995018932439,44.29995033841043,44.299949964416065,44.29995005689716,44.29995002683796,44.299952469400864,44.29995001721688,44.299954331468335,44.29995210375308,44.29995003491587,44.29996274889691,44.299962186039885,157.53479341508861,44.309870105435834
882,44.299891988514446,44.29989191294459,44.2998920828708,44.29989187561903,44.29989195813082,44.299891929274885,44.29989432424845,44.29989187658981,44.2998893743159,44.29989090286849,44.29989199859654,44.29990208458414,44.2999014475409,0.019128698923508203,44.30981200896556
883,0.15101169595953515,0.1510111353937836,0.15101251937341992,0.15101247885055902,0.15101206762085675,0.15101255004486516,0.1510142389861926,0.15101163815387333,0.15100853658492405,0.15101021348799124,0.15101250847916045,0.1510217607898777,0.15102105488709536,0.019124483340540593,0.16093245618580468
884,0.15112496984288082,0.15112444629118363,0.15112545393299434,0.15112526079372696,0.15112509214921893,0.15112525862970455,0.151127557429173,0.15112482854499326,0.15112538611325943,0.1511250159596301,0.15112527872975584,0.1511377212398025,0.15113683948138965,0.019129278068056022,0.1610452742451556
885,44.299981942208056,44.299981994074635,44.299982276283394,44.29998176376346,44.29998188115206,44.29998183424155,44.29998523906537,44.29998171061677,44.299985855537045,44.29998369812412,44.29998184899744,44.30001528416067,44.300014278525026,157.53478395458515,44.30990191455901
886,44.29996384326739,44.2999638276585,44.29996413280392,44.29996368199563,44.29996379529723,44.29996375784611,44.29996644175866,44.2999637451121,44.29996500233542,44.29996457318854,44.299963760910174,44.29997949797565,44.29997878821402,157.53478500948572,44.30988383682428
887,44.299929127113494,44.299928965905174,44.299929387012334,44.29992911963709,44.299929100188116,44.2999290815979,44.29993118997143,44.299929063294705,44.29993116714477,44.29993025949664,44.299929081285335,44.29993858488092,44.299938076349896,157.5347843497145,44.30984915930739
888,44.29993167965474,44.299931612362336,44.299931937423956,44.29993170689459,44.29993165893368,44.299931646174365,44.299933695420485,44.2999316053741,44.29993409125365,44.29993291991972,44.299931646686396,44.29994066683356,44.299940196651924,157.53478416240077,44.309851723986405
889,44.299970782690956,44.29997097976059,44.29997103179057,44.29997063696093,44.29997074131139,44.29997070913158,44.29997325037872,44.29997069487789,44.29997403633334,44.29997232536627,44.29997072215267,44.299984189787864,44.29998361531676,157.53478328142322,44.30989078781712
890,44.29992232867169,44.29992211023941,44.299922369180614,44.29992193001934,44.29992227008631,44.299922211358044,44.29992471702533,44.299922309311796,44.299920807628745,44.29992172115117,44.29992228721443,44.29993252238384,44.299931857551876,0.01912804232812036,44.3098422915343
891,0.1510364660269274,0.15103594903994572,0.15103715434962153,0.15103713985452225,0.15103678143827878,0.1510371878085922,0.1510390808489446,0.15103641662306186,0.15103515194037623,0.15103574854810328,0.1510371765256174,0.15104682524286675,0.15104614597852575,0.01912414965294664,0.16095713288612762
892,0.1514502081002079,0.15144957927257466,0.1514505392578006,0.1514503536095954,0.15145025605564855,0.15145033817763667,0.15145287405325933,0.15145020461360584,0.15145212436212754,0.15145104002965684,0.15145037523356805,0.15146493271285663,0.15146424613811585,0.019128562613121514,0.161370375469416
893,44.29997746230551,44.29997751186673,44.29997778410459,44.29997729043614,44.29997740541415,44.29997736077499,44.29998056504268,44.299977257576096,44.29998127226451,44.29997924407119,44.29997737558401,44.300004085743616,44.30000327754158,157.53479668925618,44.30989744149312
894,44.29996953684051,44.29996963563875,44.29996982953002,44.29996937392204,44.29996948772334,44.29996944900484,44.29997219929481,44.29996941116817,44.29997298137116,44.299971181757535,44.299969453675764,44.29998671276237,44.299986027054906,157.53479705507837,44.30988952893289
895,44.29968538070269,44.29968504865726,44.29968561150283,44.29968534514717,44.29968534380247,44.2996853143672,44.299687430031156,44.29968530672576,44.29968968007909,44.299687424770184,44.29968531431924,44.29969493226014,44.29969445898842,157.53479689481333,44.30960539351761
896,0.1510302395416806,0.15102961646990765,0.15103072886044308,0.15103043072295216,0.15103032156129736,0.1510304265877961,0.15103239464847204,0.15102989683420695,0.15103494303575815,0.15103230534120007,0.15103033848514344,0.15103995779634036,0.1510395351162076,157.5347967213015,0.16095032722038968
897,44.29993170181629,44.29993152787293,44.29993197143673,44.299931710205584,44.29993167024829,44.29993164914321,44.29993415951052,44.299931533232574,44.299935977786966,44.29993364468046,44.299931659179926,44.29994525843885,44.299944644055905,157.5347960706525,44.30985172854292
898,44.29990766283435,44.29990801196175,44.29990773711737,44.29990743263673,44.29990761824416,44.29990757585377,44.299910160264005,44.299907588675296,44.2999068951951,44.29990738733789,44.299907651365125,44.29991943701924,44.29991848910655,0.019136199886046413,44.309827655849396
899,0.15108345063037076,0.15108278119843704,0.1510839960103734,0.15108397941502918,0.1510836951769355,0.15108401460976548,0.15108600876583392,0.15108336625503885,0.1510819410372857,0.15108273315248713,0.1510840139472597,0.15109364507966047,0.15109280552245893,0.019125241904750373,0.1610039772553189
900,44.299871643169546,44.29987138738909,44.29987178649429,44.299871562845844,44.29987161158132,44.29987158620901,44.2998741679798,44.29987151371904,44.299872339036604,44.29987193103148,44.29987165703582,44.29988323458495,44.299882565806946,0.019136376992975924,44.309791664594975
901,44.29998108831899,44.299981090024055,44.29998138557247,44.2999809137689,44.299981032248276,44.299980991294696,44.29998419752102,44.29998091696908,44.299985514118504,44.29998313115772,44.29998100167405,44.30000766366846,44.300006875493814,157.5347838422613,44.30990106972729
902,44.29997538052218,44.29997538933614,44.29997565669189,44.299975215276,44.29997533202623,44.29997529617563,44.29997805554407,44.29997528026711,44.29997780163044,44.29997669708383,44.29997529696141,44.29999266850276,44.29999197267165,157.53478441777943,44.309895374361986
903,44.299926780736804,44.29992651433401,44.29992702500375,44.29992675925814,44.29992675131467,44.29992673159797,44.29992885456148,44.299926724354215,44.299929153970055,44.29992807646815,44.29992672867423,44.299936389229764,44.29993589250562,157.5347842895559,44.30984680891962
904,44.299920367068154,44.29992013741801,44.2999205984273,44.29992033342733,44.29992033626031,44.29992031356707,44.29992237254786,44.29992032636017,44.299924520401156,44.29992238595426,44.299920311416486,44.29992942223087,44.29992896064612,157.5347841249691,44.309840391114136
905,44.299951431365805,44.299951441036455,44.29995170332572,44.29995128306217,44.29995139063076,44.299951359067705,44.299953880236,44.299951363689644,44.299956113569145,44.299953677478676,44.29995136794347,44.29996505415529,44.29996445670534,157.53478349427266,44.30987143749752
906,44.29928498920521,44.29928478794023,44.29928519771732,44.29928493862232,44.29928496453716,44.29928494761014,44.299287495081366,44.2992849012003,44.29928484503995,44.29928500630259,44.29928502036079,44.29929712480154,44.299296307339795,0.019134169164415665,44.309205022211195
907,0.15134963333720056,0.15134909894471013,0.15134992764690158,0.1513498751091283,0.15134973639697927,0.1513498726787807,0.15135211594993506,0.1513495344450811,0.15134821985024266,0.15134902215290516,0.15134993098354585,0.15135957295711724,0.15135888643413536,0.019125682390733655,0.16126989972995207
908,44.29992181412413,44.299921362115235,44.299921849741956,44.29992146673188,44.299921760684384,44.29992170958653,44.29992427419648,44.2999217973207,44.29992258588221,44.29992218371018,44.29992178248057,44.299932885668376,44.299932238227655,0.019134179379013138,44.30984178898652
909,44.30032076733408,44.300320954528935,44.300321059581826,44.30032060530118,44.30032071679964,44.30032067978018,44.30032389859034,44.30032059727957,44.30032566639142,44.30032306014764,44.300320691475065,44.30034762160809,44.30034686863137,157.5347832022867,44.31024075847129
910,44.299972909514246,44.29997290146863,44.299973193785576,44.29997274470562,44.29997286394265,44.29997283013495,44.29997558208171,44.29997282311724,44.29997405942013,44.299973634828746,44.29997283240161,44.299990386770624,44.299989694118295,157.53478383464744,44.3098929081067
911,44.29992220097879,44.29992194093665,44.29992245227527,44.2999221733545,44.2999221714229,44.299922151182564,44.29992427141533,44.299922161273294,44.299923490619825,44.299922999976985,44.299922150444395,44.29993179976933,44.29993128538262,157.53478371465457,44.309842228212375
912,44.29988903116725,44.2998887863379,44.29988926329664,44.2998890079379,44.29988900095722,44.29988897891685,44.2998910316272,44.29988900248794,44.29989165229742,44.299890376849085,44.29988897747265,44.29989799921655,44.2998975243714,157.53478355737482,44.3098090559841
913,44.29995004818545,44.299950166897425,44.299950312724974,44.29994990849582,44.29995000962128,44.2999499803207,44.29995250301727,44.299949989364855,44.29995208374635,44.29995116105261,44.29994999047431,44.299963295363106,44.29996265388593,157.53478298852193,44.30987005799094
914,44.299683652792595,44.29968342626427,44.29968383384794,44.2996835992646,44.299683627677354,44.29968360723134,44.29968612947804,44.29968353946606,44.299679086631166,44.29968183379575,44.29968367802089,44.29969434212037,44.299693482262576,0.01912665872687368,44.309603683822665
915,0.1510493674191857,0.15104851255410356,0.15105007989050853,0.15105000960495066,0.15104967506359113,0.15105006828991502,0.1510519408550834,0.1510493047318991,0.15104492104658288,0.15104736783408348,0.15105005725799364,0.1510584684219923,0.15105773408136505,0.019124272358693167,0.16097000750116994
916,44.299915392048725,44.299915052156756,44.299915424214866,44.29991506103778,44.29991534104375,44.29991529125804,44.299917834296785,44.299915379768926,44.29991505115137,44.299915327807575,44.29991536191997,44.299926054170555,44.299925302964226,0.019126559769981604,44.30983536996853
917,44.30001182743367,44.30001205707875,44.30001213212412,44.300011666521506,44.30001177590188,44.30001173826244,44.30001498792012,44.300011668316465,44.30001466348784,44.30001322500237,44.300011749484646,44.300038236668975,44.300037387020694,157.53479415925426,44.30993181674145
918,44.29997296760544,44.299973001405256,44.29997325382826,44.29997281055034,44.29997292359752,44.299972890900875,44.29997562734897,44.29997288899247,44.29997497977942,44.29997397555169,44.29997289282044,44.299989910778486,44.29998917366004,157.53479468573946,44.30989296879147
919,44.29992557139155,44.299925324746376,44.29992582578566,44.29992556219022,44.29992554550631,44.29992552841992,44.299927665003196,44.29992552734887,44.29992702737069,44.29992640648418,44.29992552816591,44.299935257006695,44.2999347339073,157.5347945672405,44.309845605450114
920,44.29991475077921,44.29991459435865,44.29991498291756,44.29991472993003,44.29991472301038,44.299914702768625,44.29991675810012,44.299914727163745,44.29991667591508,44.29991575494095,44.29991470174909,44.29992375992911,44.29992328402671,157.53479439824088,44.309834779910915
921,44.299955486173644,44.29995555853048,44.29995573505956,44.299955335684494,44.29995544717533,44.299955417079055,44.29995795458414,44.29995543102899,44.29995766610986,44.29995657828934,44.29995542701213,44.29996905003042,44.29996847022239,157.53479387458876,44.309875494970306
922,44.299903047602385,44.299902850435906,44.29990313563002,44.29990286372219,44.2999030111765,44.299902976157675,44.29990547863938,44.29990298239352,44.299899587828726,44.2999015869113,44.29990303871895,44.299913715171094,44.2999131586721,0.019131600192507116,44.30982305430431
923,0.1510930333947058,0.15109283172523083,0.1510936537591803,0.15109359849646845,0.1510932932179719,0.15109362238844,0.15109563613997296,0.1510929954628721,0.15108735058186373,0.1510905226267776,0.15109363690572333,0.151102515841489,0.15110196403104295,0.019124862131070935,0.16101359380277502
924,44.29982087012789,44.299820300146386,44.29982104121054,44.299820834265795,44.299820849523535,44.299820831179254,44.29982341885207,44.29982076013679,44.29981731921482,44.29981938317121,44.29982090763743,44.29983275759455,44.29983208179386,0.019131457954137943,44.30974091023855
925,44.299981136868695,44.299981455415946,44.299981460896646,44.2999809797519,44.299981088112624,44.299981048959665,44.29998423861838,44.299980985822636,44.2999787217772,44.299980284438526,44.29998106609228,44.30000642647327,44.30000561452203,157.5348030723578,44.309901129723876
926,44.299947207792776,44.29994719331918,44.29994750403773,44.29994707673594,44.29994716566035,44.29994713050311,44.299949827217496,44.299947111119344,44.29994352268474,44.299946052606934,44.299947136730566,44.29996287043135,44.29996205509493,157.53480362130585,44.30986721142687
927,0.15115081521821913,0.15115020167961654,0.15115140224125492,0.15115108348486542,0.15115094642816496,0.15115109936329232,0.15115295682565907,0.15115050765694685,0.15114923919030265,0.15115021448241903,0.15115104681438832,0.15115946285211918,0.15115892663709768,157.53480348586737,0.16107105241601724
928,0.1510037178498756,0.15100304789347938,0.1510042432477778,0.15100390453993376,0.15100381511871575,0.15100393434067666,0.15100582710406793,0.1510034160011792,0.15100614181864738,0.15100478021166727,0.15100385620624038,0.15101282217848477,0.15101235066811122,157.53480339205828,0.16092381280216714
929,44.29981357377645,44.29981338033347,44.29981381730898,44.299813495209385,44.29981352664342,44.29981348532945,44.29981592925787,44.29981344663576,44.29981589077604,44.29981473230489,44.29981350161466,44.29982551693684,44.29982488886619,157.534803325004,44.309733567586676
930,0.15101275647006934,0.15101265338110134,0.1510132618659123,0.1510131118297485,0.1510129186263076,0.151013129859521,0.15101534224753213,0.15101263592727962,0.1510082149386611,0.15101076975527425,0.15101313295691035,0.15102407134457063,0.15102326660237866,145.17465904635685,0.16093311789949774
931,0.15099807625320905,0.15099747477340267,0.1509989853152864,0.15099893497507907,0.15099848714322134,0.1509990094544419,0.1510007010115719,0.1509980757053256,0.15099461683773166,0.15099651588615656,0.15099897011572444,0.15100913715517042,0.15100820111998287,145.1746571152875,0.16091890675334417
932,0.1515003544129638,0.15149967909355486,0.1515006692163615,0.1515004864712937,0.15150039963477327,0.15150047368176145,0.1515028777053841,0.1515003892492968,0.15149617448633493,0.1514986887727132,0.1515005107845024,0.1515122330046663,0.15151139952662182,145.1746583005976,0.16142050873875777
933,44.29998774182692,44.29998800729373,44.29998807825561,44.29998756519405,44.29998768310037,44.29998763501779,44.29999101106535,44.29998751545755,44.29998603523216,44.299987278145046,44.2999876520556,44.300017874960055,44.30001680733955,157.53480361813897,44.30990771807248
934,44.299937676218924,44.299937497260345,44.29993797048656,44.29993760372606,44.2999376374655,44.29993760565274,44.29994023908256,44.29993753318326,44.29993727522139,44.299937730285855,44.2999376122298,44.29995235788024,44.29995159915836,157.53480382439636,44.309857687958896
935,0.1515774835021217,0.151577156250048,0.15157778940417135,0.15157752023477447,0.15157749212954694,0.15157751371565997,0.15157947437411037,0.15157746838139027,0.1515788771654636,0.1515782428858288,0.15157749699645,0.1515860814697608,0.1515855886576444,157.5348035822544,0.16149755563411114
936,0.15149025701490576,0.15148995952485778,0.1514905625019952,0.15149029549673124,0.15149026660871193,0.1514902899659115,0.15149221831928117,0.1514902236919067,0.1514924031107082,0.1514913626370529,0.15149027308830118,0.15149854903564894,0.15149808232154655,157.53480341655487,0.161410332745797
937,44.299937694695984,44.299937684701156,44.29993795832746,44.2999376274627,44.299937662792935,44.29993763472572,44.29994003908528,44.29993758307438,44.29993991521521,44.29993881849725,44.29993764936748,44.29994903900169,44.29994837922879,157.53480298541143,44.30985771726722
938,0.15107934314332075,0.15107847569625266,0.15108010216988302,0.15107990822922432,0.15107962189713434,0.15107997107308532,0.1510819881538761,0.15107920541327963,0.1510757721457592,0.15107773406774133,0.15107993303470083,0.1510891796855419,0.15108827809412467,145.17465740667078,0.16099990137155382
939,0.15099963571616895,0.15099903058624023,0.1510005678832508,0.15100048205292635,0.15100005441366499,0.15100057845287432,0.15100225784003904,0.15099959561907403,0.15099758461824037,0.15099856433289421,0.15100051897442465,0.15100946570581386,0.1510086232196657,145.1746536127774,0.16092044499217675
940,0.15102241993980045,0.15102177034937478,0.15102333389883987,0.15102314325129015,0.15102278909610165,0.15102324160574018,0.1510252307373122,0.15102233537856882,0.1510214737559353,0.15102185494467527,0.15102315989778586,0.1510349878295769,0.15103423183917355,145.1746578274869,0.1609431199161751
941,44.29998036852307,44.2999803614328,44.29998070224446,44.299980186370526,44.29998031202785,44.29998026823963,44.29998365327152,44.29998018242245,44.29998303848714,44.299981655772854,44.29998027982009,44.300011361139944,44.30001028190548,157.53480287237372,44.30990034884039
942,44.2999523949674,44.29995224510672,44.299952689085224,44.29995223408421,44.29995235151144,44.29995231799243,44.299954960632874,44.29995232825177,44.299953704900325,44.299953186843716,44.29995231982315,44.29996803968408,44.29996734927169,157.53480299479656,44.309872396831565
943,44.29990582217234,44.29990555620132,44.29990607566799,44.299905787889436,44.29990579121124,44.2999057686524,44.29990787962105,44.29990578825237,44.29990732550769,44.299906726285236,44.29990576707905,44.29991534525524,44.299914854041866,157.53480278236376,44.30982584622665
944,44.299911371806026,44.299911180396634,44.29991161018821,44.299911341036655,44.29991134247502,44.29991132077981,44.299913375893986,44.29991134330939,44.299914954219844,44.299913125763815,44.299911318219564,44.29992046454967,44.299920015540984,157.53480255995336,44.309831398177096
945,44.29995621473744,44.29995630856644,44.29995648614828,44.29995605186533,44.299956173933225,44.29995614247659,44.29995867660747,44.29995615805242,44.29996081822364,44.29995839916793,44.29995615077209,44.29997003940964,44.29996946730421,157.53480185088776,44.309876220371365
946,44.29990977895386,44.299909908386525,44.299909908853955,44.29990952522328,44.299909731696125,44.29990968810855,44.29991226111756,44.299909727804696,44.299907323045424,44.299908752542336,44.299909750381225,44.299920395997134,44.29991972580209,0.019131787437947755,44.309829766469704
947,0.15146605596005128,0.15146591442513616,0.15146629385090746,0.15146622383754121,0.15146612050323466,0.15146621616196146,0.15146851179564796,0.15146609889856952,0.15146321794804413,0.15146487585987398,0.15146625921171114,0.1514759959773835,0.15147535089662428,0.019125191530576336,0.16138624659842432
948,44.29990524968742,44.299905036726635,44.29990536138066,44.29990509734182,44.29990521209779,44.299905178868606,44.299907760454175,44.299905159073184,44.299904564330284,44.29990491999598,44.29990523960574,44.29991754649341,44.299916699206904,0.019132541141015227,44.30982525729032
949,44.29998824759887,44.29998831622431,44.299988556475654,44.29998808175378,44.29998819523723,44.29998815708987,44.29999135663775,44.2999880893561,44.299991399938,44.299989652858365,44.299988169059844,44.30001503589704,44.300014211807074,157.5347964787417,44.30990823553054
950,44.299975704461566,44.299975612472416,44.29997599144436,44.29997554545093,44.29997565592016,44.299975620295136,44.299978385751196,44.29997559924778,44.299976790453705,44.29997638450494,44.2999756239138,44.2999934044453,44.29999272241969,157.53479696007471,44.30989569849016
951,44.299929310308336,44.299928998455385,44.299929574717254,44.299929322486726,44.29992928610577,44.299929271771305,44.299931413893376,44.29992924077993,44.29993075990098,44.29993018213631,44.2999292727863,44.29993898428443,44.29993847459183,157.53479683734218,44.30984934930449
952,44.29992646054864,44.299926186260755,44.299926708014816,44.29992645086606,44.29992643326249,44.299926414667844,44.299928482792666,44.29992640962306,44.29992888701491,44.29992774243067,44.29992641622874,44.29993546689042,44.299934986961084,157.53479667839173,44.309846492289836
953,44.29995888429383,44.2999588934189,44.29995913579338,44.29995873108208,44.29995884176207,44.29995880915391,44.29996135764756,44.299958815973405,44.299962581096814,44.29996071328922,44.29995881899725,44.29997244206681,44.2999718441902,157.53479615208738,44.30987888744133
954,44.29991198210706,44.29991227172973,44.29991207051743,44.29991168360396,44.29991192881611,44.299911879835484,44.29991452454885,44.29991193633244,44.29991018522863,44.29991129909987,44.299911955573094,44.29992282242927,44.299922089679,145.17461814074025,44.309831959905864
955,0.15106456311802716,0.15106410510898488,0.15106522305035178,0.15106513736144264,0.1510648331969143,0.1510651829119684,0.15106729632478935,0.1510644705331325,0.15106218785309886,0.1510633984434083,0.15106518127209329,0.15107479258554246,0.15107403010649045,145.17461534549494,0.16098514027846508
956,0.15102259469783727,0.1510220611962633,0.15102314596152508,0.15102295099570975,0.15102275040854132,0.15102295495017612,0.1510253709759496,0.15102242019671622,0.1510206271801876,0.1510217676844777,0.15102296930682688,0.15103591204191472,0.15103516854749235,145.17461804763482,0.16094296238220976
957,44.29997664060905,44.29997653765349,44.29997694535504,44.29997647657533,44.299976588327105,44.299976547349424,44.299979743529086,44.29997648608431,44.29997900947987,44.29997788966339,44.29997656090675,44.300002310064656,44.30000140923668,157.53479191858867,44.309896628082534
958,44.29995304520441,44.299952889962036,44.29995332795645,44.299952887613266,44.29995299823663,44.29995296096552,44.29995570225257,44.299952948918836,44.29995551312919,44.299954316323664,44.2999529649583,44.299969961575876,44.299969213195574,157.53479235927836,44.309873040856054
959,0.15184829285132498,0.151847829644452,0.15184862559166504,0.15184834444497328,0.15184830837919935,0.15184833853654348,0.1518503510231705,0.15184828963368688,0.15184980022445976,0.15184913563453223,0.15184830917901943,0.15185751484375287,0.15185700921749087,157.53479219248888,0.16176835819590876
960,44.29987293698161,44.2998726491389,44.29987316694967,44.29987291329822,44.299872905546486,44.29987288086423,44.299874931474825,44.29987290001112,44.29987400544049,44.299873610957185,44.299872881770625,44.299881697161105,44.299881204537996,157.53479202781364,44.30979295910393
961,44.29995726805703,44.29995727736961,44.299957528012705,44.29995711399,44.299957225641606,44.29995719226346,44.29995975813252,44.29995719858645,44.29995861564899,44.29995809791874,44.299957203376266,44.29997067157149,44.29997003155615,157.53479129954425,44.30987727077355
962,44.299915097395655,44.29991478285785,44.29991521774597,44.29991479627976,44.299915045205495,44.299914995831635,44.29991756279376,44.29991506466653,44.29991054432694,44.29991322045171,44.29991506505173,44.299925768824004,44.29992491132328,0.019130665802569162,44.30983507500962
963,0.15107469435998488,0.15107403889720028,0.15107510599969717,0.15107500439848218,0.1510748272175845,0.15107500248348824,0.1510772198066913,0.15107463000653878,0.1510720676747432,0.15107357205980257,0.15107504362947174,0.1510848418116333,0.1510842460238281,0.019124243038259565,0.1609950152965922
964,44.299532235462074,44.299531686476605,44.29953238458285,44.29953220566592,44.29953221043729,44.299532191668554,44.299534815787844,44.299532121642834,44.299529411772475,44.29953109927928,44.29953225853671,44.29954470863578,44.299543941686245,0.019130785436426153,44.309452269346394
965,44.29997384277549,44.29997369137138,44.29997415980361,44.29997368324914,44.29997379185408,44.29997375392565,44.29997694252353,44.29997370721855,44.2999743565623,44.29997420630672,44.29997376682471,44.29999911392961,44.29999816170021,157.53478711356647,44.309893832287024
966,44.29994541420248,44.29994513758839,44.29994571130496,44.29994528477122,44.29994537047446,44.299945338193766,44.29994807326679,44.29994533152486,44.29994487407492,44.2999454334404,44.29994534169302,44.29996179629746,44.29996102020947,157.53478825218832,44.30986541605292
967,44.29983998176338,44.29983966198438,44.29984022590406,44.29983996498089,44.29983995051305,44.299839927718644,44.29984201369334,44.299839946993835,44.29984017077732,44.299840313401766,44.29983992878186,44.299848958136046,44.29984842766856,157.5347875841115,44.309760004812524
968,44.29992114910345,44.29992099715659,44.29992138958317,44.29992113837732,44.29992112204068,44.29992110247493,44.29992315086252,44.299921109998316,44.29992344480052,44.299922286039525,44.29992110421577,44.29992999320283,44.29992951357618,157.53478742408944,44.309841179963875
969,44.29996064015959,44.29996073619447,44.29996089500787,44.299960489769695,44.29996059867697,44.29996056629403,44.29996312478382,44.29996056772978,44.29996262997631,44.299961694482015,44.29996057951036,44.2999742770808,44.29997366792392,157.53478675866998,44.309880644827075
970,44.29989406156623,44.29989356961903,44.29989420076782,44.299893917452124,44.2998940245279,44.299893990546934,44.29989652472536,44.299893962140324,44.29988840272663,44.2998917093127,44.29989405842096,44.29990439057315,44.299903552646434,0.01913657295765586,44.30981406962408
971,0.15101137397582284,0.15101083914334004,0.15101176581935916,0.15101173679856075,0.15101153335310685,0.1510117397008783,0.1510139076107672,0.15101131113409713,0.15100458729883728,0.15100839249985668,0.1510117802834238,0.15102130886527737,0.1510204454719752,0.01912832308209126,0.16093173918622142
972,0.15352752837868622,0.15352699970764955,0.15352774070513908,0.15352755814727545,0.15352751899709038,0.1535275251734916,0.15353014197573492,0.15352745843910334,0.15352252180520362,0.1535254918813064,0.15352759020368698,0.15354028341113907,0.15353933321823846,0.019137037293118775,0.16344758954421412
973,44.29997684459033,44.29997685025911,44.29997715154915,44.29997668264097,44.29997679346338,44.29997675122282,44.29997990585798,44.29997668493774,44.29997546893099,44.299976442570035,44.29997676802687,44.30000089927185,44.29999990410719,157.5347950130388,44.30989683334966
974,44.29994358713356,44.299943343521846,44.29994387177222,44.29994345654176,44.29994354350967,44.299943506755916,44.299946212707006,44.29994348624725,44.29994362202493,44.299943776094416,44.29994351309426,44.29995930534967,44.29995849149407,157.5347954841633,44.309863588576256
975,0.15105705904534025,0.15105621025048158,0.15105785697076687,0.15105754120598414,0.15105729866608333,0.15105756643908955,0.15105932599533742,0.15105655442865298,0.15105775832061477,0.1510571083264571,0.1510574705639671,0.15106587193211415,0.1510653335601918,157.53479533832103,0.16097746955217748
976,0.15164757067849954,0.1516471749234889,0.1516478619941986,0.15164758988534974,0.15164756962324882,0.1516475821596406,0.15164958800462824,0.15164757506109355,0.1516476139804018,0.1516477688324305,0.15164756743345312,0.15165634136118278,0.15165582817334952,157.53479519409754,0.16156762820644427
977,44.299948596589076,44.29994850058801,44.299948862860724,44.29994844769035,44.29994855352219,44.29994851656747,44.29995106208387,44.2999485035908,44.29994713085458,44.299948130197606,44.29994852918488,44.299961336419535,44.299960615488395,157.5347947276029,44.30986859830572
978,44.29964618157984,44.29964595353713,44.299646366870945,44.29964609222267,44.29964614283537,44.299646110774404,44.299648842479826,44.2996460277512,44.29963539315403,44.299641847428866,44.299646192336944,44.29965617795596,44.299655162812634,0.019155417440211667,44.309566191166645
979,0.15103242517953672,0.1510319497266065,0.15103313203017554,0.15103306259637134,0.15103272297791598,0.15103311898179217,0.15103510147436552,0.15103220065858922,0.15102162203021574,0.15102782573393345,0.15103309192354872,0.15104174056533898,0.1510408651258389,0.019125785462221462,0.16095301731638245
980,0.15147105561429244,0.1514705587119683,0.1514713535131385,0.15147117319187883,0.1514710913704099,0.15147116079630105,0.15147369455509319,0.15147106628180623,0.15146290711966467,0.15146795758468182,0.15147119434868814,0.1514837732168796,0.15148274872933826,0.019155950414535095,0.16139118538459973
981,44.29997793192512,44.29997775662255,44.29997822913887,44.29997776540751,44.29997787810001,44.299977834997414,44.299981019666866,44.29997777524582,44.299975818347356,44.29997744696357,44.29997784800793,44.300001135582924,44.30000005471596,157.53451528683686,44.30989791631607
982,44.29995805187473,44.29995788813661,44.29995833523599,44.299957888478595,44.29995800456452,44.29995796504334,44.299960704491156,44.29995796246868,44.29995850072951,44.29995856800628,44.29995797043759,44.29997401684134,44.299973217189596,157.53451639079503,44.30987804592471
983,0.15181526138844997,0.15181475931450256,0.15181558498530157,0.15181531600985998,0.15181527729406177,0.15181530779960029,0.15181723216834156,0.1518152933453044,0.1518170695668518,0.1518162384115548,0.15181527591795344,0.15182351350938333,0.1518230159522592,157.53451569006623,0.1617353180638218
984,44.29949992514742,44.299499635047916,44.29950013517527,44.29949988875354,44.29949989217744,44.29949986355311,44.29950182257692,44.29949989186099,44.29950212810633,44.29950104551517,44.29949986570835,44.29950779091863,44.29950732109768,157.5345155112067,44.309419943623055
985,44.29994852997351,44.2999484670421,44.29994876443043,44.29994838961516,44.299948489525974,44.29994845511741,44.2999508444272,44.29994845106783,44.2999508118846,44.29994968852801,44.299948467621725,44.29995981361905,44.29995923896224,157.53451464308702,44.309868536177795
986,0.15148115038380358,0.15148069649677834,0.15148137322856456,0.1514812291851358,0.15148117057131208,0.15148122349246956,0.15148362953428354,0.15148111896849276,0.15147905191499325,0.1514802798773681,0.15148126234476755,0.15148970100157008,0.15148901042619964,0.01913595565164603,0.1614012489343098
987,0.1510026341207755,0.15100229329550763,0.15100321614688156,0.15100321879377906,0.15100291196590424,0.15100329499552737,0.15100517146006012,0.15100239030924514,0.15100016265031932,0.15100133075132832,0.15100325042806895,0.15101068499640105,0.151009910376301,0.019125809182231324,0.16092317718963742
988,0.15105752839391598,0.15105674608056638,0.15105805271210512,0.15105794612039228,0.15105772938274797,0.15105799657363758,0.1510601775890356,0.15105721155472984,0.15105570929881892,0.15105658051988505,0.15105796103882568,0.15106739450787882,0.15106664817013724,0.01913706753038064,0.16097793391511753
989,44.29997776218582,44.29997756827348,44.29997806388683,44.299977588990146,44.299977705109285,44.29997765816979,44.29998086847781,44.299977582953424,44.29997697090365,44.29997759106792,44.29997767286786,44.30000200220635,44.300000995710896,157.53480455290367,44.30989774112441
990,44.299928534606465,44.29992810622619,44.29992881291645,44.29992847921426,44.299928496802686,44.29992846521668,44.29993097026705,44.29992842614677,44.29992819460589,44.29992867482121,44.29992847088611,44.299941112819226,44.299940337753775,157.53480497025058,44.309848547603046
991,0.15109268222129263,0.151091955878215,0.15109323343367922,0.1510929502562212,0.1510928099655164,0.1510929588885558,0.1510947343644748,0.15109240517790382,0.1510938719406237,0.15109316530729086,0.1510928818635685,0.15110062194242285,0.15110010180320912,157.5348048095638,0.16101288867184094
992,0.15148963271928753,0.1514892074272554,0.15148994779258287,0.151489685275946,0.15148964799959638,0.15148967712755618,0.15149157138931935,0.15148956731988697,0.15149186913365512,0.15149074798980802,0.15148966147867643,0.15149770530916334,0.1514972429454087,157.53480483792603,0.16140972140871235
993,44.29993611388972,44.29993601060206,44.29993638275661,44.29993604719178,44.2999360805191,44.29993605153506,44.299938416145785,44.299936003621355,44.29993851550288,44.299937278691154,44.29993606512942,44.299947028024896,44.29994638841645,157.53480507642297,44.30985613438045
994,0.15107908538278295,0.15107855603162457,0.15107971815377447,0.15107950018486296,0.15107929430223427,0.15107954287774628,0.15108172347111662,0.1510788505791983,0.15107916133587687,0.15107903512431725,0.15107951934578107,0.15108899894212238,0.15108813910673854,145.1746657967206,0.16099949238508074
995,0.15099362685903378,0.15099306856853556,0.15099449535703488,0.15099433865572667,0.1509939795129069,0.15099441091186652,0.15099619756896532,0.15099348832320628,0.15099310298312008,0.15099336189301896,0.1509943678582432,0.15100434275538502,0.15100352794067198,145.17466062658917,0.16091429225102044
996,0.15099913400655351,0.15099810231720875,0.15100010200759734,0.1509998749173848,0.15099949871512827,0.150999953722025,0.1510018289406165,0.15099893482620966,0.15099756841000153,0.15099842416084272,0.15099986421891587,0.1510111899382258,0.15101047453110647,145.17466069697295,0.16091979753754918
997,44.29994118570708,44.299940826167365,44.299941499720916,44.2999410673204,44.29994113445746,44.299941095759316,44.29994428295526,44.29994102014475,44.299942641235674,44.299942079779264,44.29994110720748,44.29996548511253,44.299964470299834,157.53480520128727,44.30986117637541
998,44.299913858805276,44.299913417630705,44.29991414137502,44.29991378844476,44.29991381510442,44.299913780702774,44.29991631451556,44.299913781653025,44.299916890050504,44.29991541385571,44.2999137836666,44.29992739650128,44.299926709804005,157.53480511532578,44.30983386044247
999,0.15305171696950517,0.1530513102190593,0.15305198355949837,0.15305169679768318,0.1530516929320901,0.15305168101508465,0.15305374146172526,0.15305169140506647,0.15305471055754521,0.15305323134813184,0.15305167803231956,0.15306076472886734,0.15306027875889083,157.53480479012376,0.16297175309069928
1000,44.29991687720747,44.29991656714687,44.29991711246813,44.29991683430226,44.29991684392615,44.29991681716856,44.299918881982826,44.29991683732973,44.29991901823511,44.29991805462762,44.29991681848512,44.29992564095346,44.29992515275442,157.53480460251032,44.30983689608262
1001,44.29995949590495,44.29995939004153,44.29995976037626,44.29995934054882,44.29995945211559,44.299959417258115,44.29996199951852,44.29995941044729,44.29996120199994,44.299960489495106,44.29995942914601,44.29997307658377,44.29997242114744,157.53480414676923,44.30987949659248
1002,44.29992478570367,44.29992440730779,44.299924932429015,44.299924562998804,44.29992474027048,44.29992469923868,44.29992730858979,44.29992469575799,44.299920316938575,44.299923222766246,44.2999247779413,44.299934957914395,44.299934086677204,145.1746570392563,44.309844779937436
1003,0.1510532831967093,0.15105284526472923,0.1510540037125932,0.1510538442865901,0.15105354423399492,0.15105388998673255,0.15105606885879072,0.1510530358407097,0.15104847600501373,0.15105111797498602,0.15105387756759345,0.15106278711476231,0.1510619826667489,0.019138944504551204,0.16097382132120766
1004,0.15149854552054273,0.1514982054622583,0.15149885327419185,0.1514986494210865,0.15149857325632451,0.15149863583499623,0.15150127899001706,0.15149855677671134,0.1514912575760462,0.15149562608287928,0.1514986686609736,0.15151025262094903,0.15150936161626657,145.1746573157762,0.16141866191691487
1005,44.29997295216389,44.299972583378924,44.2999732554203,44.29997278469265,44.29997289583469,44.29997285080551,44.299976053845135,44.299972791346505,44.29997140318978,44.29997272955189,44.299972863739576,44.299995148728584,44.29999392169154,157.53480415948712,44.30989293249615
1006,44.29994463416681,44.29994419615895,44.29994491887825,44.299944495695804,44.2999445886937,44.29994455073241,44.2999472822951,44.2999445420011,44.29994670085546,44.29994580834269,44.299944556185814,44.2999600007471,44.299959110166895,157.53480458206982,44.30986463210659
1007,0.15112895025365633,0.15112819533331992,0.15112966620175527,0.15112937847501223,0.15112915020164233,0.15112937562727588,0.15113116353565603,0.1511285413288793,0.15113098164220387,0.15112974655691244,0.15112931687130485,0.15113762054246777,0.1511370654975938,157.53480438913041,0.16104932851545342
1008,0.15183898050257713,0.15183840143770388,0.1518392481008972,0.1518389828773828,0.15183896521170798,0.15183896261371474,0.15184099798272724,0.15183902362254253,0.15184121044799187,0.15184018188315498,0.1518389546155188,0.15184805840641188,0.15184756365614907,157.53480435478696,0.1617590225605872
1009,44.299949613673924,44.29994934290121,44.29994988783562,44.2999494733161,44.299949571303586,44.29994953710217,44.299952130510064,44.29994954532882,44.29995127674717,44.299950562186076,44.299949549628366,44.299963726617364,44.29996306343065,157.53480549229985,44.309869617017625
1010,44.29992783994817,44.29992766925653,44.29992810191596,44.299927755982644,44.29992780697237,44.29992777987231,44.29993047191345,44.299927713645395,44.2999232124574,44.29992630294159,44.29992783860805,44.29994003220591,44.29993920984902,145.1746611203691,44.30984786042128
1011,0.158947218247231,0.15894722212976944,0.15894742524631988,0.15894723480872824,0.15894720198011145,0.15894719880971872,0.1589497502622005,0.15894715320324554,0.1589440166274352,0.1589461721866375,0.15894727028199676,0.15895915619639892,0.15895837431556228,145.17465964284895,0.16886726873038604
1012,44.29992939739392,44.29992892196785,44.299929536363585,44.29992931746403,44.29992937173845,44.29992935099218,44.299932007109305,44.299929277474185,44.29992772156013,44.299928905274975,44.29992940924834,44.299942361200145,44.29994154821273,145.17465994286738,44.30984943005914
1013,44.30001440793989,44.30001444536754,44.30001473704741,44.30001425030201,44.30001435538014,44.30001431681114,44.300017551943164,44.30001423314454,44.300014805507395,44.30001490035377,44.30001432958742,44.300040836160825,44.30003988744963,157.5348044330028,44.30993439520026
1014,44.29996692396754,44.29996683042291,44.29996722346096,44.299966770872764,44.29996687767457,44.29996684291866,44.29996960172943,44.299966833889584,44.29996636526125,44.29996702260835,44.299966847410154,44.29998398499432,44.29998325531966,157.53480538434806,44.309886920823125
1015,44.299856120723426,44.29985570959314,44.29985636978875,44.29985610828309,44.29985609066145,44.29985606910733,44.29985813861134,44.29985608850689,44.29985488109338,44.29985593496053,44.29985607002515,44.2998651999472,44.29986467524626,157.53480434120874,44.309776145989105
1016,44.29991142212415,44.299911123710565,44.299911676464006,44.29991139942854,44.299911392111824,44.299911369885365,44.299913420624826,44.299911385530294,44.29991034271388,44.29991125205595,44.299911371421985,44.299920160762845,44.299919656212865,157.53480409505178,44.309831447228106
1017,44.29995967945184,44.299959704839274,44.299959963397846,44.29995952948391,44.29995963783804,44.29995960523627,44.29996217258244,44.29995960574863,44.29996191932231,44.29996083239248,44.299959617633824,44.299973379875915,44.299972753474066,157.5348031954503,44.30987968368018
1018,44.29988379706244,44.299884203857545,44.29988398711154,44.29988369321996,44.299883764588856,44.29988373581164,44.29988645786117,44.29988369614748,44.29987952730803,44.299882158847,44.29988380792452,44.29989507170564,44.29989422882078,145.1745951192838,44.30980381534503
1019,0.15099747978841477,0.15099681068161577,0.1509985379157108,0.1509984188236799,0.15099792589172456,0.15099848405541977,0.15100032113547365,0.1509974484141323,0.15098631654114442,0.1509924983692644,0.1509984470197903,0.15100983233303664,0.15100902457228324,145.17459189041048,0.16091835560674467
1020,0.15108186537680882,0.15108092991323407,0.15108257796940192,0.1510823780861468,0.1510821005956577,0.15108239426297732,0.15108467557773578,0.15108170484255276,0.15107548867704967,0.15107935631620922,0.15108239047199104,0.1510966863277994,0.15109570825069274,145.17459587682433,0.1610023648946419
1021,44.29997755420393,44.299977582891074,44.29997786761783,44.299977396344275,44.29997750506525,44.29997746506183,44.29998062386125,44.29997740590438,44.299974590904775,44.29997661831993,44.299977481650295,44.30000156483632,44.300000547298765,157.5347853959043,44.309897546042585
1022,44.299943488561404,44.2999433447546,44.29994378551283,44.29994336190004,44.299943447657455,44.29994341470782,44.299946120983314,44.29994340776056,44.29994067617357,44.29994270128157,44.29994342123698,44.299959569975194,44.2999587620131,157.53478583055977,44.30986349493612
1023,0.15167638553177865,0.15167608054876294,0.15167672418875977,0.1516764434232418,0.15167640399280893,0.15167643708213535,0.151678447528432,0.1516764079323832,0.1516750790665883,0.15167621926807426,0.15167641178132077,0.15168551990805273,0.15168499862101276,157.53478566962318,0.16159646387738755
1024,44.29984499128815,44.29984484654625,44.299845214273525,44.29984496519568,44.299844960234566,44.29984493460253,44.29984697504806,44.29984495779943,44.29984476938093,44.29984521942165,44.299844935813326,44.299853609743145,44.29985311087821,157.53478549587427,44.309765013458495
1025,44.299954451595205,44.29995460642217,44.29995470439051,44.2999543012265,44.29995441115076,44.2999543778408,44.29995692094702,44.29995438303132,44.2999555506598,44.299955116389164,44.29995439104363,44.299967626183864,44.29996697853222,157.53478468091305,44.30987445741244
1026,44.29975090070934,44.29975063136133,44.2997510833607,44.299750848118926,44.29975087578555,44.299750852270456,44.29975336983561,44.29975078512254,44.29974252622731,44.29974747251617,44.29975092033112,44.29976186348278,44.299761039649646,0.01912643355201217,44.309670930665824
1027,0.1510129026892436,0.15101227040324153,0.15101389335520768,0.1510138222388732,0.1510133455058794,0.15101390125784261,0.15101560130251318,0.15101289834909776,0.15100389519530272,0.1510090094834682,0.15101384667897355,0.15102344896124162,0.15102256194201663,0.01912447899189069,0.1609337800415406
1028,0.1513647209858878,0.15136416254909787,0.15136515979412438,0.15136496782966122,0.1513648198259621,0.15136495654386203,0.15136739843776484,0.15136462016176133,0.15135940412386273,0.1513625979994899,0.15136498735756557,0.15137739421294288,0.15137658470301266,0.01912687260892989,0.16128497833509017
1029,44.29997705472974,44.29997698950692,44.29997737039975,44.299976892083805,44.299977001668765,44.2999769604609,44.299980152037676,44.29997690916417,44.299976925292015,44.29997721603369,44.2999769771981,44.300001444604135,44.300000511295174,157.534788166882,44.30989704069776
1030,44.299954875894,44.299954747123365,44.29995516587787,44.29995472020778,44.29995483090425,44.29995479609874,44.299957519341376,44.299954812661575,44.29995557840053,44.29995543888194,44.29995480114028,44.29997118430274,44.299970402809464,157.53478860254828,44.30987487489478
1031,44.299783792811745,44.2997834665161,44.299784039232804,44.299783776984874,44.29978376208711,44.29978373958195,44.29978582757548,44.29978376785072,44.299786225725626,44.299785096676324,44.29978373980672,44.29979307263692,44.299792586110534,157.53478845324716,44.30970381692435
1032,44.29984260251215,44.29984234492603,44.29984284064801,44.299842585428905,44.29984257097103,44.29984254759148,44.299844604330275,44.29984256736396,44.29984633608462,44.29984442704361,44.29984254741794,44.29985159332895,44.299851136674015,157.5347882810371,44.30976262494454
1033,44.299956541869115,44.29995671079018,44.29995679554512,44.29995638890103,44.29995649877176,44.299956465479106,44.299959030453614,44.299956467984934,44.29996093937441,44.29995864071305,44.29995647621825,44.299970548931206,44.2999699377676,157.53478755316712,44.30987654353299
1034,44.29991531876391,44.29991564591194,44.299915378897246,44.299914968165986,44.29991526295465,44.29991520857522,44.299917718830876,44.299915306999274,44.299913235211164,44.299914498848615,44.29991527598292,44.29992650952263,44.29992570030175,0.019127900547537095,44.309835287586885
1035,0.1514534672685718,0.15145338069312397,0.15145370166979635,0.15145364614603687,0.1514535335960443,0.15145363235250056,0.15145589904135592,0.15145351062630605,0.1514498365536915,0.1514520173691901,0.15145369230873953,0.15146326087109155,0.15146261461715949,0.019124777102691424,0.1613736603566007
1036,44.29992244459596,44.29992217977323,44.29992251375177,44.29992215225554,44.299922397558966,44.299922351367265,44.299924924474254,44.29992240578284,44.29991950672734,44.299921344059634,44.2999224213803,44.299934013902345,44.29993337152053,0.019128495428304904,44.309842431413834
1037,44.30000050580065,44.300000710439654,44.30000081284545,44.3000003442875,44.30000045312001,44.300000412965254,44.300003617785514,44.300000332891074,44.30000076780353,44.30000082097056,44.30000042953386,44.300025721781736,44.30002482497158,157.53471665480623,44.309920492703185
1038,44.299970039942174,44.29997010321375,44.29997032331145,44.29996988294781,44.29996999302739,44.29996995534642,44.299972693196075,44.29996993268489,44.29996924045946,44.299970022283816,44.299969961468946,44.29998602063492,44.29998521873898,157.5347178130277,44.30989003564016
1039,0.15183629230283543,0.1518359109231196,0.15183657458772107,0.1518363105125107,0.15183628579067418,0.15183629307519073,0.1518382436341754,0.15183633704151867,0.15183633619513848,0.1518366155725012,0.1518362760215077,0.15184463872028928,0.1518441498478034,157.53471711499077,0.16175633575874568
1040,0.1515758710963889,0.15157556164814498,0.15157617670573784,0.15157592115360982,0.15157588067117853,0.15157590300503163,0.15157781304746093,0.15157583812048367,0.1515781423480194,0.15157703820554982,0.15157588658356655,0.15158405142917622,0.15158359682961672,157.53471695295872,0.1614959457034048
1041,44.299940490424234,44.29994045547429,44.2999407340452,44.29994038690671,44.29994045527133,44.29994042380068,44.299942781672456,44.29994040512265,44.299942634392245,44.299941566688794,44.29994043735687,44.2999517834535,44.299951204100076,157.5347162567617,44.309860506179156
1042,0.15134310364951092,0.15134258819515828,0.15134347388395103,0.15134333039918582,0.15134319668407045,0.15134332295714267,0.15134549488051457,0.15134297546502468,0.15133993783415942,0.15134174059554442,0.15134335213338493,0.15135247862406812,0.15135167287328433,0.019135798085989773,0.16126334627467395
1043,0.1509990444157445,0.15099834637844342,0.15099988372280362,0.15099980572079072,0.15099940686662044,0.15099987467131906,0.1510014122756955,0.1509989332653228,0.1509963488773621,0.15099784456368964,0.15099982941854187,0.15100752968167533,0.15100670330662053,0.019129933532292295,0.16091974916914983
1044,0.15102333075264687,0.1510224003597324,0.1510242535028513,0.15102408270080075,0.1510236979006258,0.15102415738186278,0.15102584428561786,0.15102317396123596,0.15102084150159092,0.15102237343531696,0.15102407608657556,0.15103252467183576,0.15103169705538436,0.01913588804544543,0.16094402156080284
1045,44.29997843633856,44.299978366913344,44.299978736081975,44.29997826765588,44.29997838176564,44.29997833671988,44.299981516940164,44.29997827078265,44.29998014183041,44.29997942096316,44.29997835061459,44.30000215071123,44.30000111119178,0.031042841962823777,44.309898419403574
1046,44.2999411817695,44.29994102433013,44.29994147159693,44.299941062383766,44.29994114104078,44.29994110625601,44.29994363516423,44.29994109938912,44.29994303414995,44.29994217565678,44.29994111229232,44.29995435619487,44.299953661547995,0.03104320156718283,44.309861188432926
1047,0.15162650976719444,0.15162624836090524,0.15162680724741529,0.1516265291485457,0.15162650877388137,0.15162652000506868,0.15162844967335237,0.15162651378471523,0.15162838722464786,0.15162750729517047,0.15162650454672935,0.15163456094762545,0.15163406611832772,0.031043055650719867,0.1615465627120738
1048,0.1516456373505387,0.1516454980391523,0.15164593781035066,0.15164565595564491,0.1516456396677411,0.15164565443414982,0.15164756351514622,0.15164564372955172,0.15164811129484237,0.15164688304343096,0.15164563660240207,0.15165354151618862,0.15165306271176832,0.031042882206325617,0.16156569517609368
1049,44.299935518703826,44.299935565958755,44.29993579535867,44.299935449862666,44.29993548809022,44.29993546076299,44.299937799823454,44.299935425280985,44.299938089777385,44.2999367529743,44.29993547527466,44.299946246705325,44.2999456341715,0.03104196538917682,44.30985554312363
1050,0.1510271699008762,0.15102619082157162,0.1510279883828349,0.15102787420591549,0.15102751396435654,0.15102795375913225,0.15102965487753664,0.1510270856413514,0.15102234467020956,0.1510251564891166,0.15102788532163358,0.1510355095121508,0.15103487486367978,0.019127133192162606,0.1609478343109541
1051,0.1509992661043651,0.1509987822715324,0.15100007563172135,0.15100008786475064,0.1509996584332937,0.15100016281875436,0.15100169270017288,0.1509992328359728,0.15099447404639924,0.1509972713808088,0.15100012162119708,0.15100737432387232,0.15100676215019923,0.019124137714098006,0.16092004867593976
1052,0.15139801929844451,0.15139771956854192,0.1513982937239806,0.15139821335010784,0.1513980967324724,0.15139820564010362,0.15140045912294597,0.1513979858052126,0.15139467959739045,0.15139676766209073,0.15139824068213667,0.15140754367163414,0.15140679088897546,0.019129363629878382,0.1613182311597359
1053,44.29998360878363,44.29998378295668,44.29998393186015,44.29998343980956,44.299983555770496,44.29998351163002,44.29998674057891,44.29998343495626,44.29998464666511,44.29998423385629,44.299983527995515,44.30000806035593,44.30000710118472,157.5347152749916,44.30990359407048
1054,44.29994238037106,44.299942242836465,44.29994268296287,44.29994225578144,44.29994234011205,44.29994230570355,44.29994482441498,44.2999423079969,44.299942509719365,44.299942693572035,44.29994231142368,44.299955341239155,44.29995460362176,157.53471574791737,44.30986238744229
1055,0.15170623554522636,0.1517059303257399,0.15170657825560252,0.1517062668636847,0.15170624878398234,0.1517062763591497,0.15170828587852336,0.15170628886199647,0.1517071801649619,0.1517069265185197,0.15170624321137322,0.1517152067811859,0.1517146663672928,157.53471565545206,0.16162630311518866
1056,0.1519456663043378,0.151945450629116,0.15194596784904765,0.15194566795533757,0.1519456634006795,0.15194567339621293,0.1519476679693569,0.1519456774180041,0.15194781769139418,0.15194677571788576,0.15194565206060745,0.15195443147032398,0.15195393598919651,157.5347155071954,0.16186571332034397
1057,44.299945654897186,44.29994571686828,44.299945929906926,44.2999455108442,44.29994561476275,44.29994558048977,44.29994812338432,44.29994558117102,44.29994659368742,44.2999462530486,44.29994559218349,44.299958619106974,44.299957966458294,157.5347147910778,44.309865661531006
1058,44.29201641812625,44.29201607013777,44.29201654749102,44.292016376015944,44.29201639288663,44.29201637439741,44.29201901571287,44.29201631228102,44.29201003609044,44.29201392479399,44.29201644503434,44.29202671330797,44.29202597091816,0.019132735011378788,44.30193645027942
1059,0.15103779545854717,0.15103723335789102,0.15103852156351313,0.15103850341719782,0.15103813493663484,0.15103856806483315,0.15104050407627012,0.15103774214196314,0.15103049230556237,0.15103472251893638,0.15103854037508815,0.15104701180704913,0.15104635778220232,0.01912889961691935,0.16095847662061827
1060,44.299792225639315,44.29979170178357,44.299792302483304,44.2997921518348,44.29979219873039,44.29979217583514,44.29979478708277,44.29979212319569,44.299787406806274,44.29979035890967,44.29979224747584,44.29980315034499,44.2998024371716,0.019133458140013455,44.30971225445408
1061,44.29998051535771,44.29998060363486,44.29998082328634,44.29998035052939,44.29998046435131,44.299980423923394,44.2999835985766,44.299980365069395,44.29997956604123,44.299980341402666,44.299980437447125,44.300004052119725,44.30000309520681,157.5347838114435,44.30990050478393
1062,44.299951270689576,44.29995112988306,44.29995157781763,44.29995111360143,44.299951224987886,44.299951187041835,44.29995388741668,44.2999511970287,44.299949085369285,44.29995072949376,44.299951191270765,44.29996660984468,44.2999657653778,157.53478440423453,44.309871268065756
1063,0.15131594257809447,0.15131550829739404,0.1513163064517475,0.1513160001888203,0.15131596401270128,0.15131600080914026,0.15131800956967767,0.15131590246668747,0.1513145587749553,0.15131566174564748,0.15131597678906822,0.15132483277060887,0.15132426267837193,157.53478427092668,0.1612360315258736
1064,0.15155341809045836,0.15155309615460333,0.15155374343202863,0.15155344196258266,0.15155342500094954,0.1515534456833283,0.15155544312196473,0.15155338408037614,0.1515540238538757,0.1515538879323801,0.15155342616235568,0.15156205183899402,0.15156152603319703,157.53478412963116,0.161473486735313
1065,44.29994070409014,44.29994076074249,44.299940988744446,44.29994057726873,44.29994066489047,44.29994063030309,44.29994316679492,44.299940618119045,44.2999415798319,44.29994123773966,44.29994064310208,44.299953346025866,44.299952637471506,157.5347835910392,44.309860712849236
1066,0.1515048596921549,0.15150483483117935,0.15150517834852298,0.15150498661654377,0.15150490699065158,0.15150498642727098,0.1515074696566525,0.15150489758833208,0.15149915966443528,0.151502659754127,0.15150501650062645,0.15151567362520316,0.1515149242332712,60.547395706808175,0.16142501109493218
1067,0.15102145264299374,0.15102119049959487,0.15102238391616216,0.15102227738635277,0.1510218538777944,0.15102235983833223,0.15102422195697915,0.15102141160726448,0.1510126652568749,0.15101780674623846,0.15102230747276257,0.1510314673457703,0.15103071871024173,60.54739527502818,0.16094222637818875
1068,44.29980635895151,44.299806220488726,44.29980651966361,44.29980628690782,44.29980632828759,44.299806302563034,44.29980893143506,44.29980624901601,44.2997989924171,44.29980355657844,44.29980636881251,44.29981740638686,44.29981664722729,60.54739657191666,44.30972638171557
1069,44.2999798703353,44.299979949279674,44.29998018715731,44.29997970192409,44.29997981752148,44.29997977526165,44.299982958353695,44.29997971373942,44.29997785876259,44.29997938035333,44.2999797881569,44.30000276819258,44.30000171179055,157.53478913315658,44.30989985667558
1070,44.29995093246313,44.29995073800777,44.2999512368271,44.299950772255634,44.29995088597598,44.29995084713908,44.29995355070107,44.29995085401654,44.29994815486913,44.29995023177275,44.299950851933154,44.29996607797637,44.29996520254716,157.53478953441592,44.30987092846638
1071,0.15127892042257168,0.15127848150784431,0.1512793032507548,0.15127898545312257,0.15127895092829916,0.15127899691747626,0.1512810012112992,0.1512788792027905,0.15127802749847635,0.15127880874661268,0.15127896940266974,0.15128785837885017,0.1512872891324382,157.5347893844648,0.16119901917580726
1072,0.15148633876323805,0.15148608189811405,0.1514866932834212,0.15148638956981858,0.15148636088128944,0.15148639759760965,0.1514883712743764,0.1514862593868288,0.15148772698476196,0.15148709753684847,0.15148637665657042,0.15149499264861915,0.15149448834584736,157.53478921692457,0.16140643643025862
1073,44.29994526473481,44.299945422269566,44.29994551787279,44.29994511869257,44.29994522441024,44.29994518799496,44.29994772803581,44.29994518431145,44.299947516891194,44.29994640017315,44.299945202473886,44.299958226997205,44.29995758033872,157.5347884911569,44.30986527062342
1074,0.15147283767924338,0.15147282771887768,0.15147317178476866,0.15147299661718036,0.15147290062389052,0.15147299554501062,0.15147542803121292,0.15147286951911307,0.15146662264542068,0.15147035403331646,0.1514730272587137,0.1514837403663988,0.1514829356694287,0.01914053333072688,0.1613930185695395
1075,0.15102076580814092,0.15102085325798023,0.1510217365589366,0.15102165183040614,0.15102119708681747,0.1510217348835233,0.15102351819524945,0.15102078461386503,0.15101164984242396,0.15101685890325697,0.15102168631557342,0.15103058812500514,0.15102983142945384,0.019135214484550175,0.16094160759509046
1076,44.29985226014651,44.29985237227239,44.29985239893784,44.29985218407578,44.29985223313242,44.299852209098894,44.29985485286682,44.29985215298927,44.2998469852183,44.2998501575357,44.2998522804244,44.29986309004389,44.29986233370224,0.019140927662454458,44.30977228848141
1077,44.29998073103809,44.29998089730014,44.2999810541115,44.29998056477587,44.299980680325916,44.299980639655075,44.29998380928702,44.29998057676255,44.29997890894995,44.299980091873344,44.29998065357637,44.30000472993428,44.30000376821827,157.534783165593,44.30990072087726
1078,44.299952849089145,44.299952740432595,44.29995315578933,44.29995268503995,44.29995280265738,44.29995276393789,44.29995544737648,44.299952770159045,44.29994943325948,44.29995179830482,44.299952768930204,44.299967998046725,44.29996712600191,157.53478363930066,44.30987284513461
1079,0.15145997517916732,0.15145959782804963,0.15146033965350916,0.15146003131942037,0.1514599988945248,0.1514600379513486,0.15146203657586582,0.15145991775116166,0.1514584366614259,0.1514596206875777,0.1514600171194527,0.15146874707564398,0.15146817127551263,157.53478349308247,0.1613800761564364
1080,0.15152872253162847,0.15152850059409964,0.1515290520758379,0.1515287464899281,0.15152873269132,0.1515287569135875,0.15153074643092102,0.15152867861387043,0.1515302415519841,0.15152954411001537,0.1515287365503458,0.1515373595586221,0.151536841352308,157.53478333529947,0.1614487985362376
1081,44.29994429333008,44.299944496364,44.29994456258012,44.29994414460742,44.299944253100364,44.29994421707392,44.299946754908,44.29994421353748,44.29994694385883,44.29994560051003,44.29994423155304,44.299957221220176,44.29995655168471,157.5347826553922,44.30986429956737
1082,0.15147251573890066,0.1514725664099795,0.15147280811456335,0.15147266332792594,0.15147257431299058,0.15147266520578032,0.15147516266344216,0.15147254154935727,0.15146754455255287,0.15147059729399118,0.1514726996248589,0.15148360773265948,0.1514827534477054,0.019132123443073083,0.16139268809942006
1083,0.15102497362736697,0.15102453212805161,0.15102573629650187,0.15102571224140757,0.15102533218237807,0.1510257917604351,0.15102769424795603,0.15102491783759373,0.15101813931974517,0.1510221601817554,0.1510257503201652,0.15103465258670154,0.15103396954282738,0.019128221552649493,0.160945674918026
1084,44.29989357744765,44.29989352584678,44.29989367159913,44.299893417069946,44.29989354030723,44.299893505264514,44.2998961600865,44.29989348533323,44.29988850418468,44.2998916658976,44.29989357943892,44.2999040826974,44.29990346988026,0.01913273039515244,44.30981358571578
1085,44.29999003514919,44.29999028156192,44.29999034673392,44.29998986403506,44.299989981178264,44.299989938889695,44.29999314299169,44.299989864541864,44.29998954987897,44.299990080665715,44.299989952331025,44.30001462147675,44.300013707312225,157.53478192116555,44.309910019692005
1086,44.29995947559021,44.29995949221828,44.299959776795866,44.29995930900597,44.299959428722445,44.2999593903321,44.299962112332615,44.299959390670146,44.29995794642664,44.29995916701074,44.29995939429582,44.29997541709307,44.29997460929206,157.5347824569266,44.309879471007974
1087,0.1518720239157614,0.15187166898304336,0.15187236576041183,0.1518720523814296,0.15187203692026194,0.15187206387149507,0.15187407344142131,0.15187206498341502,0.1518720556003366,0.15187232978934773,0.1518720317029494,0.15188113074199902,0.15188061147447207,157.53478231395962,0.16179208222303199
1088,0.1520094289583663,0.15200920307414115,0.15200972600169507,0.15200943155837876,0.15200942674179688,0.1520094371382763,0.15201144198180688,0.15200943972206418,0.1520106629115252,0.15201019539104382,0.15200941736401155,0.15201817557767555,0.15201767825454165,157.53478216074407,0.16192947931642845
1089,44.29994529732056,44.29994541121167,44.2999455595633,44.29994515414012,44.29994525807873,44.29994522294994,44.29994776193315,44.29994521738453,44.29994556022143,44.29994559535148,44.29994523692729,44.299958085755726,44.29995742579367,157.5347815218501,44.309865305143866
1090,0.15144170321859565,0.1514411557767177,0.15144204606506287,0.1514418771768865,0.15144177345176976,0.15144187624710106,0.1514442975068161,0.15144169447893735,0.15142998706065613,0.15143709615571263,0.15144191156112852,0.151452530025621,0.15145174031966865,0.019128175789775975,0.16136189958331798
1091,0.15101210119622802,0.15101150073254702,0.15101295536408652,0.15101293684915582,0.15101250961485327,0.15101302753598053,0.15101475673669112,0.15101204571376894,0.15100073227597768,0.15100734937362573,0.15101297719968,0.1510215403387989,0.1510208440433364,0.019125513073801562,0.1609328920816397
1092,44.29980346366881,44.299802945441094,44.29980357806499,44.29980338903053,44.2998034354168,44.29980341116667,44.299806024885896,44.29980334989538,44.299797726145584,44.29980121085536,44.299803484527935,44.29981370769153,44.299812988276585,0.019128153806532978,44.30972348989337
1093,44.299980487608686,44.29998071349467,44.29998080548497,44.29998031772964,44.29998043522759,44.299980392535694,44.299983507894325,44.299980326040604,44.29997858082762,44.29997985689653,44.29998040767848,44.3000034631144,44.30000251621172,157.534574217885,44.30990047440841
1094,44.29994862095409,44.29994852356978,44.29994892590759,44.29994846436579,44.29994857678892,44.29994853898898,44.29995122151808,44.29994854114151,44.29994640680088,44.299948055830065,44.29994854482101,44.29996332434725,44.29996245899313,157.53457480250856,44.30986862098707
1095,0.15102504636000874,0.1510243618121149,0.1510256959519685,0.15102532481996161,0.15102521573920438,0.15102540806715792,0.15102715888363263,0.15102471752040023,0.1510235330095961,0.15102448002188865,0.15102529521132294,0.15103307961856452,0.15103252792357666,157.5345746237575,0.16094527317720234
1096,0.1510351365803532,0.1510346298188117,0.15103576623944623,0.1510354019957438,0.15103529619358097,0.1510354772105779,0.15103721995434824,0.15103480523749402,0.15103464561317662,0.15103493527921386,0.15103537963287209,0.15104292172474246,0.15104239788427765,157.53457447291674,0.16095536387986198
1097,44.299914777588754,44.29991478447255,44.29991502360002,44.29991463829716,44.29991473410974,44.29991469269206,44.299917034664965,44.29991473183005,44.299914095894735,44.299914685247074,44.29991470758046,44.2999251239814,44.29992446442987,157.53457384010477,44.30983477563664
1098,0.15100720697990946,0.1510064372877006,0.1510081701888815,0.15100800232549472,0.15100760853208872,0.15100811311513923,0.15100977099034485,0.15100712706732491,0.1509968600663595,0.15100288291033945,0.15100802303312108,0.15101611133380083,0.15101529534469307,0.019133454734836776,0.16092794412028832
1099,0.15099714588412635,0.1509973348402597,0.15099793170354997,0.1509979439857484,0.1509975339485081,0.1509980307955533,0.15099967023232605,0.15099708327980332,0.15098540310135766,0.1509920190243084,0.15099799079284978,0.15100534624822248,0.15100474803285516,0.01912770470705304,0.1609179125837383
1100,0.15107822849408567,0.15107839393631253,0.15107888363978153,0.1510787961360536,0.1510785064377864,0.1510788571191143,0.15108082164501543,0.15107810330075608,0.15106862068632823,0.15107442052719897,0.15107881787413455,0.15108728203378563,0.15108667122704195,0.0191345199605456,0.16099878877908447
1101,44.299980472379254,44.29998071117898,44.29998078242432,44.2999802946581,44.2999804180996,44.29998037272734,44.299983563081675,44.29998029891899,44.299979210139675,44.299980212110256,44.299980388080876,44.300003696466455,44.30000267627246,0.031089349271787855,44.3099004560405
1102,44.29993562924998,44.29993552794673,44.29993592153472,44.2999355432805,44.299935593622756,44.29993556291382,44.299938061631245,44.299935534487815,44.29993338239354,44.29993504215587,44.29993556815089,44.2999483784811,44.29994765573148,0.03108981484826961,44.30985564584669
1103,0.15104594659671347,0.15104545012544016,0.1510466435948855,0.15104628306852624,0.151046136468046,0.15104634909732353,0.15104807319892613,0.15104552690117268,0.15104568823075215,0.1510457950659145,0.1510462613067614,0.1510539375951552,0.1510534275599254,0.031089685149386176,0.16096625262728187
1104,0.1510672935638794,0.15106692760263518,0.1510679070632447,0.15106755543933267,0.15106744529368324,0.15106761734356397,0.1510693680770421,0.1510670098763553,0.15106954919900653,0.15106827113315838,0.15106753992014468,0.1510752463301205,0.1510747681175749,0.031089531254216377,0.16098753858414105
1105,44.29992887805724,44.29992907253969,44.29992914255856,44.2999288040331,44.29992884655082,44.29992881718254,44.29993113945191,44.29992879056533,44.29993019546033,44.29992960265648,44.299928833499365,44.299939340096614,44.29993870892198,0.03108882040092252,44.309848900126575
1106,0.15101660517981116,0.15101630996881296,0.1510175969459732,0.151017425299878,0.15101701455111322,0.15101752292693205,0.15101912455229696,0.15101657009082414,0.15100789252628752,0.15101287843411693,0.1510174426249817,0.15102563901489305,0.15102484904663707,0.01913057861356905,0.16093737932126204
1107,0.1509991316712234,0.1509984919231231,0.15100008724708222,0.15100001627994974,0.15099955723525435,0.15100009165097375,0.15100152994089758,0.15099912846329783,0.15099100585046543,0.15099554343192015,0.1510000545407736,0.15100729855032283,0.1510065676039791,0.01912609372065045,0.16091997563522842
1108,0.15211828304898065,0.1521179255295873,0.15211854812287406,0.15211838447648282,0.1521183134264766,0.15211836518368468,0.1521206721903101,0.15211826704115186,0.15211229039894783,0.15211595296656147,0.1521184136612639,0.15212729806120465,0.15212661841350233,0.019130771920458107,0.16203841218309722
1109,44.29999727648278,44.299997665206234,44.29999757968773,44.29999710632914,44.29999722307918,44.299997177626175,44.30000039789234,44.299997083234324,44.299995451304305,44.29999666548796,44.29999719493759,44.300022421198555,44.30002152371801,0.031159640555598615,44.30991726080214
1110,44.2999382970626,44.299938293616485,44.29993856910365,44.29993819551206,44.299938261052965,44.299938228822576,44.299940716161935,44.299938212589545,44.2999336127671,44.29993667246119,44.29993823437996,44.29995097062161,44.29995019184198,0.03116012059183919,44.30985831126924
1111,0.15115384140414204,0.15115341934995025,0.1511543960326547,0.1511540859893107,0.15115396182319937,0.15115410234620674,0.1511559964073533,0.15115365474764628,0.15115145419513915,0.15115300036726712,0.15115404483692016,0.15116250007137438,0.15116191315154479,0.031160028066997095,0.16107406236449962
1112,0.15148535988242132,0.15148504077696773,0.15148569457562325,0.1514854071081789,0.15148537763269235,0.15148540944595779,0.15148739936545877,0.15148531941646254,0.15148643584887253,0.15148605928815131,0.15148539002735795,0.15149402890562905,0.15149348977042812,0.031159862548321867,0.16140544974846383
1113,44.29994301291035,44.29994320023828,44.29994326103388,44.29994287468307,44.299942973578034,44.29994293770935,44.29994547305645,44.29994293487818,44.299944687734154,44.29994394068907,44.29994295336542,44.299955481319635,44.29995481058889,0.031158990404587052,44.30986302036862
1114,0.15150778829287118,0.15150758488623337,0.1515080892725931,0.15150793442945815,0.1515078456302613,0.15150793350989433,0.1515103349661049,0.1515078292458503,0.1515024142650985,0.1515056989451221,0.15150796511500517,0.15151835999944432,0.15151766818485082,0.019126206889200515,0.16142795862981577
1115,0.1510188733305561,0.15101841762877807,0.15101978847839453,0.15101973891906792,0.15101929340247353,0.15101982107199877,0.15102154581355642,0.1510188653769729,0.15100988361499498,0.1510149259369633,0.15101977170524786,0.15102856045263952,0.1510278123680466,0.019124300387151755,0.16093969025263805
1116,44.29990583171016,44.29990617496336,44.299905967719305,44.29990558923879,44.299905786956344,44.29990574356779,44.299908395018,44.2999057832707,44.299900341903054,44.29990369170432,44.299905817215915,44.29991687661792,44.299916094417114,0.019127310178381176,44.30982582391553
1117,44.299993180743286,44.29999344807694,44.29999348696819,44.29999301603875,44.29999312926833,44.29999308970227,44.29999625858202,44.299993022235434,44.299992600016566,44.29999302308216,44.29999310320414,44.30001820437727,44.30001735725204,157.53478039314817,44.30991316923726
1118,44.29996349541017,44.29996355883682,44.299963786098466,44.29996333930681,44.299963450931386,44.2999634163705,44.29996612378079,44.29996341881465,44.299959819707105,44.29996242081332,44.29996341933417,44.29997945383436,44.29997864060493,157.5347809486011,44.30988349545208
1119,44.29955465159376,44.299554384663736,44.299554899625434,44.29955462654146,44.29955462036515,44.299554596021615,44.29955667312216,44.29955462884002,44.29955330618302,44.299554438842534,44.299554595886605,44.29956345815919,44.29956290800354,157.53478080955696,44.30947467438838
1120,0.15350575267116334,0.15350549640144517,0.1535059943263982,0.15350572486219471,0.15350572480561436,0.1535057071958196,0.15350774529994063,0.15350573547895174,0.15350699437313128,0.1535065532220537,0.15350570504015917,0.15351436444002783,0.15351384193361345,157.5347806619317,0.16342578762079357
1121,44.29994649489492,44.29994658050894,44.299946749130726,44.29994634965493,44.299946454606065,44.29994642054539,44.29994898014298,44.299946427791234,44.29994681084333,44.299946924756085,44.29994643172852,44.299959627485926,44.29995895043013,157.53478004760032,44.30986650137709
1122,0.15262149219809434,0.15262123956852455,0.15262172256843118,0.1526215723613317,0.15262151371180852,0.15262155753263723,0.1526240966785873,0.15262147601210183,0.1526138087021407,0.152618600150796,0.1526216061848161,0.15263269979180846,0.15263190125095824,0.01917777358303763,0.16254160362593473
1123,0.15108752211642795,0.15108777658191644,0.15108810123078195,0.15108798337147514,0.1510877318590061,0.15108800324023922,0.1510900863264543,0.15108745486015066,0.15108066617932545,0.1510845739133344,0.15108802567977092,0.15109698677286562,0.1510962204507294,0.01916988334981541,0.16100797373379713
1124,44.29992568371225,44.2999260433862,44.299925832364146,44.29992544834523,44.299925640928656,44.29992560115915,44.29992830486842,44.29992560798766,44.29992176171738,44.29992412496313,44.2999256751703,44.29993628941051,44.29993552539824,0.019177867266149458,44.30984568215066
1125,44.299994858712466,44.29999506188602,44.299995170154055,44.29999469042236,44.29999480490156,44.29999476326275,44.299997954056614,44.299994687476264,44.29999434555376,44.29999475016786,44.2999947761731,44.3000202431341,44.30001940492539,157.5347830130582,44.3099148437934
1126,44.299958749054205,44.29995866426478,44.29995903427638,44.29995858735887,44.29995870330698,44.29995866612099,44.299961385088295,44.29995866520207,44.29995611278218,44.299958022879856,44.29995867026985,44.29997476338968,44.299973944117646,157.53478356975924,44.30987874651427
1127,0.1514775716755185,0.1514770981095547,0.15147794981038426,0.151477659053448,0.15147760867505322,0.15147766222906786,0.15147963808649806,0.15147749702063415,0.15147691489950543,0.15147757612553903,0.15147763720595464,0.15148645929689247,0.1514859025741296,157.53478343061641,0.1613976942246319
1128,0.15167551527111398,0.1516751105872667,0.15167581546806594,0.1516755193507083,0.15167551644731406,0.1516755313942847,0.15167753680099547,0.15167552747908608,0.1516775395495363,0.15167662347641087,0.1516755005662224,0.15168434635720668,0.15168383587130607,157.53478328462253,0.1615955635028071
1129,44.299949517396186,44.299949572593675,44.299949768549816,44.29994936139829,44.299949476940924,44.29994944313643,44.299951988676604,44.29994945506116,44.299951868557834,44.29995075111836,44.29994945396559,44.299962743030875,44.29996207174933,157.53478268649584,44.309869523485254
1130,44.295780227863936,44.295780519443376,44.295780378656445,44.29578017539588,44.29578020256003,44.29578018162974,44.295782807208695,44.295780127145825,44.295775685645054,44.29577848430256,44.29578025531554,44.29579191842819,44.295791042565696,0.019806026118397817,44.30570025945491
1131,0.1513626361158845,0.15136279274401002,0.1513629188145765,0.1513628436740021,0.15136271894806655,0.15136283182729737,0.1513652770680607,0.15136254543151365,0.1513577495454345,0.1513607123895149,0.1513628991328823,0.15137257022790748,0.15137192885853118,0.019804818531631442,0.16128286346839077
1132,44.29992270163527,44.29992241053756,44.299922798833514,44.29992241975552,44.299922656774385,44.29992261412327,44.29992525831875,44.299922665713645,44.2999205581628,44.29992205933126,44.299922689466676,44.29993341634269,44.29993279580258,0.019805665203472843,44.309842693897245
1133,44.299990942946636,44.29999111565743,44.299991249145116,44.299990778564336,44.29999089105315,44.299990852953094,44.2999940511526,44.29999078888787,44.29999049477508,44.29999092973198,44.29999086432782,44.30001708710322,44.300016270148994,157.5347438402175,44.30991093155456
1134,44.29995872051591,44.29995862609851,44.299959007501435,44.29995855761698,44.2999586749799,44.29995864117085,44.29996135189534,44.29995865427032,44.299954474392074,44.29995750106743,44.29995864267739,44.29997507115265,44.29997428212525,157.53474434451658,44.30987871911373
1135,44.299741047297886,44.29974070809871,44.29974128780422,44.29974102129099,44.29974101672804,44.299740995167724,44.299743077625855,44.299741029708805,44.2997397974579,44.299740944576335,44.29974099305006,44.29975006307776,44.299749531167066,157.53474419526364,44.309661072039724
1136,44.299870242995105,44.29986999899665,44.299870476661376,44.299870220286664,44.299870213293126,44.29987019159094,44.29987223872981,44.29987022719623,44.299872289089656,44.29987140912292,44.299870188314266,44.299879078248544,44.299878590048394,157.53474402506652,44.309790268668706
1137,44.29995353485663,44.29995367650965,44.29995378812001,44.299953381106214,44.299953494612566,44.29995346364844,44.299956018525336,44.299953487269875,44.299956150310436,44.299954892114336,44.29995347270543,44.299967025937114,44.29996639377029,157.5347431722263,44.30987354153731
1138,44.2998611411642,44.29986113950968,44.29986123856694,44.29986106668806,44.29986111571535,44.29986109433138,44.29986371429143,44.2998610411966,44.29985731021302,44.299859649105876,44.29986116662645,44.29987224164168,44.29987165809066,0.019130763489228767,44.30978117193939
1139,0.15135910833940766,0.15135869059703982,0.1513593908864885,0.15135934455046768,0.15135920496846558,0.1513593337535594,0.15136157161066874,0.15135901365618296,0.1513536555829377,0.1513568821317721,0.1513593989314008,0.1513689957162713,0.15136848835986053,0.019127134029883357,0.16127936453276923
1140,44.29991825657287,44.299917867260916,44.29991838020718,44.299917913095065,44.29991820386465,44.29991815350645,44.299920667958666,44.2999182454721,44.29991516244351,44.29991709873797,44.29991822839986,44.299929165338106,44.29992857863169,0.019131155682237725,44.30983823290938
1141,44.30000552303155,44.300005828785004,44.30000582987048,44.30000536494669,44.30000547333077,44.30000543694613,44.30000863301052,44.30000537062637,44.30000559005888,44.30000568627926,44.30000544962366,44.300031303767604,44.30003047433806,157.53459628813206,44.309925515260744
1142,44.29996290950666,44.29996303848447,44.29996321022335,44.29996275140261,44.299962865219015,44.29996283225762,44.29996553486571,44.299962840774946,44.299957767661425,44.299961180270486,44.299962834620885,44.29997930269524,44.29997853782922,157.53459681203265,44.30988291006773
1143,44.29985525847436,44.29985496431468,44.299855501137955,44.29985524033403,44.29985522910638,44.299855208503764,44.2998572896769,44.299855240186616,44.29985397897462,44.299855096655534,44.29985520741196,44.299864184173806,44.299863647348296,157.53459666701303,44.30977528523292
1144,44.29990353118344,44.299903379268436,44.2999037692526,44.299903512819746,44.29990350231021,44.29990348132737,44.29990553224621,44.29990351019298,44.29990463599878,44.299904299973974,44.29990347924331,44.299912286358314,44.29991180420023,157.53459649443693,44.30982355850628
1145,44.299956030717006,44.29995615178856,44.299956280493625,44.299955874838446,44.299955989792544,44.29995595800952,44.29995850655646,44.299955973531894,44.299956933058446,44.29995666536586,44.29995596889344,44.29996919264406,44.29996856658182,157.5345955764119,44.309876035998535
1146,44.299830556952855,44.29983022253307,44.299830659325295,44.29983050261063,44.299830534114555,44.29983051435503,44.29983307111329,44.299830442874615,44.29982409942574,44.29982801401267,44.29983058769912,44.29984095756078,44.29984031367899,0.019124778696732573,44.30975059165596
1147,0.1510452823815476,0.15104479770574328,0.15104570041456053,0.15104566870865732,0.15104545409854406,0.1510456761926812,0.15104779646057087,0.15104522829960015,0.15103761635326649,0.15104209256396728,0.15104571702814099,0.1510545668228648,0.15105399001312214,0.019123613706801195,0.1609656713455641
1148,44.29991415513973,44.29991370885448,44.29991420938945,44.29991377348049,44.29991409877644,44.29991404239278,44.29991658061244,44.299914153346414,44.29990919627505,44.29991230316876,44.29991411724203,44.299924672460655,44.29992405463861,0.019125244053267057,44.30983412235744
1149,44.300129989500135,44.30013037350067,44.300130289121206,44.300129833071686,44.30012993926141,44.300129900721004,44.300133107989545,44.30012981173789,44.30012857899396,44.300129606930035,44.30012991691228,44.300154941162454,44.30015407167178,0.031012889419349012,44.310049980736046
1150,44.299966304188196,44.29996650362954,44.29996658496197,44.299966146989334,44.299966259274875,44.29996622305342,44.299968928677664,44.29996621299356,44.29996118995126,44.29996469164724,44.29996622772504,44.29998221916781,44.29998143378018,0.03101338965615082,44.309886303234066
1151,0.151628162684208,0.15162787175675244,0.15162848231622328,0.15162820986404021,0.15162817829948436,0.1516282073821632,0.15163012450076271,0.1516281871853337,0.15162659351741428,0.15162785370531354,0.15162818365174402,0.15163630618199203,0.1516357986766145,0.0310131918031063,0.16154824209948876
1152,0.15174169344264643,0.15174152293986434,0.15174198264514285,0.1517417131990346,0.1517416974272148,0.1517417138402941,0.15174362419249898,0.1517417254941331,0.15174216564247506,0.1517421422941643,0.15174168887386366,0.15174976251810138,0.1517493003487852,0.031013016582126827,0.16166174653284834
1153,44.29994118269414,44.2999414045073,44.29994141696264,44.29994107127925,44.29994114828574,44.29994111690262,44.2999434750376,44.299941105212206,44.299942067108475,44.299941729960146,44.29994113192635,44.299952114938954,44.299951543138775,0.031012073980891786,44.30986119896053
1154,0.1510812396920089,0.15108081393522863,0.1510819353003829,0.15108184929086863,0.15108152776551279,0.15108189219387733,0.15108374968260038,0.15108119396986572,0.15107412823587604,0.1510783299499109,0.15108185976130306,0.15108987417051783,0.15108933536139568,0.019124733550819305,0.16100182179328268
1155,0.15100283577597817,0.15100216214018172,0.15100377794342099,0.15100377355870906,0.15100327748427403,0.15100383295544867,0.15100529591032838,0.15100284795525634,0.15099275919912583,0.1509984703957828,0.1510037967963942,0.1510108442627324,0.1510102777394058,0.01912360885728776,0.16092371852035423
1156,44.29341603053383,44.293415415871436,44.29341616689038,44.29341599423739,44.29341600909706,44.29341598911737,44.29341831580509,44.293415929384516,44.29340838979075,44.293412919984746,44.29341606132494,44.293425190565955,44.29342461532138,0.019124980690186595,44.30333606755614
1157,44.30004221447816,44.300042613686315,44.30004251876996,44.30004205348203,44.300042162937785,44.30004212176896,44.30004527175561,44.3000420251405,44.3000375216761,44.30004050874899,44.30004214029912,44.30006677733584,44.300065874899666,0.030989015146620096,44.3099622030609
1158,44.29995001143332,44.29995008696495,44.299950289606876,44.299949860133495,44.2999499697927,44.29994993446895,44.29995242464823,44.2999499394777,44.29994354163537,44.29994780138558,44.299949941754896,44.299962620423706,44.29996181268672,0.030989471397190844,44.309870015290265
1159,0.15165095406357698,0.15165072176032332,0.15165126431284337,0.1516510089927954,0.15165096600543995,0.15165099138582738,0.15165290398474812,0.15165097953623316,0.1516480669206857,0.1516501324381167,0.15165097078431328,0.1516589835393327,0.1516584641812548,0.030989330946400145,0.16157102748464555
1160,0.15172414578334,0.15172397979052266,0.1517244317024366,0.15172417148396375,0.15172414925280228,0.15172416501414113,0.15172607550268877,0.15172416971146205,0.15172421843812808,0.15172445277230442,0.15172414201323606,0.15173212370081415,0.1517316501681504,0.03098916943849045,0.16164419839770652
1161,44.2999417781653,44.29994184229172,44.29994201094551,44.299941655372606,44.29994174263285,44.299941710083345,44.29994406849165,44.299941701942004,44.29994269539382,44.299942412636476,44.29994172425827,44.29995279934351,44.29995222825861,0.030988292410752752,44.3098617923128
1162,0.1510930395050609,0.15109249205987615,0.15109361903360694,0.15109352145180663,0.15109326630853234,0.15109355913357667,0.15109544687304546,0.1510929619038777,0.151085362405322,0.15109010292291564,0.15109354107266817,0.15110161659877996,0.15110101546044213,0.01912495581121033,0.1610135092517446
1163,0.1510047718185444,0.1510042638607805,0.15100558734968345,0.1510055953552221,0.1510051657769235,0.15100567078495794,0.1510072139240245,0.15100471515053152,0.15099492408491763,0.1510006783534508,0.15100562638622497,0.15101264355318386,0.15101208005550779,0.019123848156758955,0.16092554477950746
1164,44.29977473416906,44.29977421404348,44.299774875719415,44.29977471176329,44.29977471359262,44.299774700031996,44.29977706066865,44.299774652010434,44.29976636319531,44.29977156726425,44.29977477155793,44.29978402156084,44.29978343245588,0.019125703783745254,44.30969477524902
1165,44.30000673633119,44.30000694809462,44.30000703354501,44.300006569693664,44.30000668267476,44.300006640458,44.30000984676062,44.30000655214903,44.30000415803301,44.300005972208616,44.300006656153755,44.30003135394754,44.30003033131538,157.534788464671,44.30992672144186
1166,44.29995016356376,44.29995008883191,44.29995045697324,44.29995001626753,44.29995012237604,44.2999500885876,44.29995263297758,44.299950105441376,44.29994779978217,44.29994957724545,44.29995009289065,44.29996353961746,44.29996280002601,157.53478885024458,44.30987016850214
1167,0.1519765471896591,0.15197626242936618,0.1519768194723323,0.15197653408176562,0.15197652730833705,0.15197651910356197,0.15197857245785143,0.1519765529973347,0.15197623479385425,0.1519767252761415,0.1519765114368117,0.15198541475110525,0.15198487492959925,157.53478874940276,0.16189658896668332
1168,44.29960655721438,44.29960637404354,44.29960679129905,44.299606522578436,44.29960652693598,44.29960650252452,44.299608547553795,44.29960654259489,44.299607521833785,44.299607252352246,44.29960650096961,44.299615252872734,44.299614743068304,157.53478859673012,44.309526580927866
1169,44.29995327087824,44.2999532842281,44.29995352551196,44.29995311495663,44.299953231237744,44.299953199551766,44.29995575425125,44.29995321883528,44.29995461852713,44.29995412217266,44.29995320898073,44.299966653768024,44.29996600915593,157.53478800204041,44.30987327837412
1170,44.29970451691486,44.29970405273462,44.299704652458324,44.2997044702881,44.299704491494445,44.29970447179263,44.29970708883371,44.29970441279686,44.29969813582778,44.29970203139604,44.29970453733322,44.29971572198125,44.2997149083104,0.019140252240913157,44.30962454868527
1171,0.1510374352275808,0.15103671761061624,0.15103788644948496,0.1510378193483066,0.1510376085594722,0.1510378348667003,0.15104004732491033,0.15103737623954527,0.15102992777335886,0.15103437288012098,0.15103786124459348,0.15104736164151247,0.15104653855271738,0.01913758384003277,0.16095781624768873
1172,44.299919634777204,44.29991916687543,44.29991972986102,44.29991934320418,44.29991958623865,44.299919540740746,44.29992213310456,44.29991960486824,44.2999148146718,44.29991774651857,44.299919607352415,44.29993080434732,44.29993003109951,0.019140520198677947,44.309839619882204
1173,44.29998598431127,44.299986100776174,44.29998629168554,44.299985816176324,44.29998593205955,44.29998589321769,44.29998906002561,44.299985833417885,44.299984569483996,44.29998563025915,44.29998590448776,44.300010330717406,44.30000934539146,157.5347869176091,44.30990597209287
1174,44.29995812910496,44.299957957585896,44.2999584397409,44.29995796452562,44.29995808340136,44.299958048133625,44.299960763137356,44.29995805815171,44.29995484954416,44.29995719568569,44.29995805152462,44.2999737702741,44.299972900369475,157.53478739488327,44.30987812698097
1175,0.1519498260813549,0.15194936738335332,0.15195016092873584,0.15194984553314714,0.15194983382429564,0.15194985677292622,0.15195187746621322,0.15194984225058425,0.1519490500820351,0.1519498161623656,0.1519498268641362,0.15195864258084443,0.15195807269935466,157.53478725085435,0.16186987455650695
1176,44.299881903493656,44.2998816480767,44.29988215535295,44.29988186729123,44.299881872276224,44.29988184804676,44.29988390059998,44.2998818840258,44.29988422967142,44.29988310734854,44.299881846330685,44.29989051890043,44.29989000653777,157.53478708969888,44.30980192618591
1177,44.29995586798855,44.29995591328795,44.29995614866124,44.29995570406922,44.299955826732436,44.29995579444622,44.29995834627547,44.299955814469996,44.29995939562567,44.29995753972094,44.299955802750894,44.2999693176532,44.299968677174554,157.53478646622412,44.309875872909515
1178,44.29988529365477,44.29988483498454,44.29988541087946,44.29988516869981,44.29988526150578,44.299885233289224,44.299887858585954,44.299885211646995,44.29988255590691,44.299884279183175,44.29988529870519,44.29989595337293,44.299895109845416,0.01912930590247629,44.30980531108373
1179,0.1510306554906001,0.15103086198765361,0.15103107571905194,0.15103099141140455,0.15103080640551547,0.15103100432579056,0.15103326042031964,0.15103060428590123,0.1510253923934014,0.15102859298295349,0.15103104103449355,0.15104028816236684,0.15103967169334842,0.019126569510043843,0.16095099667533283
1180,44.29990357325941,44.299903540713906,44.299903668845445,44.29990336087254,44.29990353234998,44.299903494593174,44.29990603884591,44.29990351615937,44.29989878542066,44.299901750570946,44.299903566179836,44.29991438809489,44.29991366899046,0.019129369742696346,44.309823572976
1181,44.2999863336668,44.29998649728899,44.29998665737369,44.29998616459281,44.29998628112816,44.299986242220314,44.29998943259906,44.29998618374932,44.29998690918601,44.29998677121217,44.29998625339956,44.30001102567712,44.30001007809941,157.5347907234353,44.30990632106941
1182,44.299961797382274,44.29996176357161,44.29996210995961,44.299961628567075,44.299961751654116,44.29996171660242,44.29996443668525,44.2999617261153,44.29996044049574,44.29996153540921,44.299961718327104,44.2999780803027,44.299977297930134,157.5347911918074,44.30988179543517
1183,0.15332982913628387,0.1533294761725238,0.1533301228189158,0.1533298044848501,0.15332980893116624,0.15332980163029833,0.1533318568981847,0.15332981518166797,0.15332945663861883,0.1533300225949901,0.1533297953393857,0.15333876026256138,0.15333822087520235,157.53479104840815,0.1632498753886997
1184,44.299894854258184,44.29989467097442,44.29989511619578,44.29989482072106,44.29989482376456,44.299894800938795,44.29989684732106,44.299894829913086,44.29989569977457,44.29989553487241,44.29989479891111,44.29990353349998,44.29990301809321,157.5347909023171,44.30981487882479
1185,44.299959013198794,44.29995910322558,44.299959283807546,44.29995884997545,44.299958970616935,44.29995893768811,44.29996149700441,44.299958948411934,44.2999602861363,44.29995979027524,44.2999589464892,44.299972604050225,44.299971918829165,157.53479032479453,44.30987901597004
1186,44.299903274258746,44.299902858256694,44.29990336847885,44.29990303402757,44.29990323085789,44.2999031903397,44.29990572295652,44.29990322174344,44.29990046098186,44.2999021780609,44.29990326261208,44.299914129439166,44.299913336654164,0.01912640006155695,44.3098232693821
1187,0.15144017208389496,0.15143981541043733,0.15144040687502025,0.15144035567654993,0.15144024579865084,0.15144035059837865,0.15144256862021901,0.15144020483825024,0.15143772500924368,0.15143933159284714,0.15144040895254976,0.15144968723031138,0.1514490370254989,0.0191235995158836,0.16136037190555996
1188,44.29992534642386,44.2999248604797,44.299925448744865,44.299925139516695,44.29992531159348,44.299925278933365,44.299927752096096,44.29992528492695,44.29992259351433,44.29992455272379,44.299925351975055,44.2999359713394,44.29993530854259,0.019126448732649747,44.30984535799717
1189,44.29998677343392,44.299986817987985,44.29998709006218,44.29998660709837,44.29998672135488,44.29998668276653,44.29998986825645,44.29998662340549,44.299985456931005,44.299986510815664,44.29998669421383,44.30001176941588,44.30001065820238,157.53475832606105,44.30990676142779
1190,44.29995989434326,44.29995972573576,44.29996020273427,44.29995973037172,44.299959848913296,44.29995981412034,44.29996253117767,44.2999598322702,44.29995954541272,44.29996002688265,44.29995981638515,44.29997675003893,44.29997591506767,157.53475880731145,44.30987989272857
1191,0.1596975969232482,0.1596972650888902,0.15969787476723862,0.15969756270037513,0.1596975693997464,0.159697552692229,0.1596996201707672,0.1596975826541214,0.1596978995210331,0.159698002393889,0.15969755124880872,0.15970700069833862,0.1597064456207178,157.53475866029063,0.16961763724352405
1192,44.299894151038266,44.29989392588025,44.29989439920703,44.299894120877816,44.29989412132372,44.299894098485595,44.299896147595376,44.2998941327302,44.29989583803353,44.29989509330755,44.29989409664841,44.299903361555465,44.299902827741,157.53475849179543,44.309814176375966
1193,44.29995580394142,44.29995584293747,44.299956068270404,44.2999556463863,44.29995576274977,44.299955730521994,44.299958276331864,44.29995574650339,44.29995656924288,44.29995633903716,44.299955739836406,44.29996977015403,44.299969090822295,157.5347576427994,44.30987580894311
1194,44.29985874458998,44.2998583828712,44.29985883317826,44.299858660769395,44.29985871443714,44.299858690186646,44.29986114951523,44.29985863105093,44.299851237133076,44.29985559456452,44.299858761779795,44.29986945124863,44.29986864242343,0.019128740325512626,44.309778767570315
1195,0.1513935774319771,0.1513933895881974,0.1513937811161307,0.15139377374446167,0.151393652350395,0.15139376406814625,0.1513961255080419,0.15139345302127002,0.1513859503118591,0.15139033640085786,0.151393823660535,0.1514024651208657,0.15140179229306527,0.01912626394848383,0.16131378764964385
1196,44.29991730087429,44.29991701459687,44.299917347301296,44.29991703579878,44.29991724962281,44.299917206893724,44.29991997940468,44.29991724640402,44.29991028894404,44.29991434472819,44.29991727983864,44.29992733598815,44.29992659146566,0.01913007373427288,44.309837285561464
1197,44.29998058419735,44.29998022030214,44.29998090987331,44.29998041228112,44.29998052906446,44.29998048922331,44.299983709282934,44.29998044203967,44.29997824014385,44.299979958191194,44.299980497749566,44.30000246110458,44.30000122596376,157.53479686866658,44.3099005674649
1198,44.299956928889124,44.29995660314148,44.29995724406151,44.29995676901052,44.29995688281253,44.299956848799894,44.299959590818496,44.29995687403176,44.29995625549123,44.29995708957481,44.29995684924295,44.299972769479155,44.29997186390062,157.53479728616898,44.30987692676496
1199,44.29985018480304,44.29984982109772,44.299850445192476,44.299850158015545,44.29985015490888,44.299850133494964,44.299852218447086,44.29985017441249,44.29985129957271,44.29985097165291,44.2998501308412,44.29985962470556,44.2998590553081,157.53479713499752,44.30977021045623
1200,44.29990743565708,44.29990719274716,44.2999076808433,44.29990741235659,44.2999074067475,44.29990738613412,44.299909432140396,44.29990741675464,44.29990919305444,44.29990845192629,44.299907383401084,44.299916428478376,44.29991585250202,157.53479699934215,44.30982746320323
1201,44.29995834938072,44.29995832881753,44.29995861206229,44.29995819218208,44.29995830723873,44.29995827526414,44.299960832789196,44.29995829319694,44.29996010532279,44.29995937275151,44.29995828263816,44.29997220744844,44.29997146386483,157.53479645918526,44.30987835316228
1202,44.29989219224708,44.2998923564904,44.299892351894606,44.29989204341587,44.299892154392644,44.299892121616665,44.299894668329046,44.29989211234675,44.299887353552585,44.29989032675096,44.299892192540234,44.29990286337195,44.29990203366527,145.17464502731207,44.30981219976709
1203,0.15112463158655834,0.151125022059536,0.15112500569952106,0.15112491933891095,0.15112475450694,0.15112491806299538,0.1511272525900942,0.1511245664548333,0.15111832432175626,0.15112203087284612,0.15112496424738858,0.15113435403913206,0.15113355704008652,0.019173384540913965,0.1610449235099263
1204,44.29990766393354,44.29990794418041,44.299907752981596,44.29990742593464,44.299907618078,44.29990757569167,44.29991026649608,44.29990761627908,44.29990296031364,44.29990590367249,44.29990764421209,44.29991873407176,44.29991776228494,145.17464594680504,44.3098276550834
1205,44.29999312288263,44.29999331869079,44.29999343282555,44.29999295540787,44.29999306888572,44.299993028172906,44.299996234457744,44.29999296046688,44.29999247952651,44.299993140640765,44.29999303878287,44.30001753921204,44.300016494915944,157.53479248993182,44.30991310779084
1206,44.29996645683792,44.299966408844,44.29996675331585,44.29996629378863,44.29996640983267,44.29996637240324,44.29996909683373,44.29996636801291,44.29996464811425,44.29996609300732,44.29996637540766,44.299983194352016,44.299982288297635,157.53479280994898,44.309886452603884
1207,0.15150816552748708,0.15150784461998526,0.1515084705340324,0.15150817852209958,0.15150816686809446,0.15150818155112739,0.15151010655116431,0.1515081452737028,0.15150831239084553,0.15150853513021717,0.15150816643337595,0.15151668074405467,0.1515161259036971,157.53479256828584,0.16142823581906335
1208,0.15208708090071685,0.15208689635895264,0.15208734360410905,0.15208706682664652,0.15208706951543768,0.15208706957808055,0.15208898175571203,0.152087082120728,0.1520880416129406,0.15208775991058837,0.15208705352708393,0.15209536835763798,0.15209482422078874,157.5347923700494,0.1620071195807721
1209,44.29994128443861,44.299941427610726,44.29994152961887,44.29994115925391,44.299941248408636,44.299941215743104,44.29994355513774,44.29994120930098,44.29994187155617,44.29994177186217,44.29994122741643,44.29995276952601,44.29995208933888,157.53479148342828,44.30986129798046
1210,0.1510939104265919,0.1510938071437981,0.1510945481519996,0.15109439647094203,0.15109414237628746,0.15109444330145053,0.15109632561007644,0.15109379968832504,0.1510865377349179,0.15109099185515354,0.1510944124539826,0.1511029836113835,0.1511022362899997,0.01912497087797473,0.16101438196071569
1211,0.15100335276368657,0.1510028633829096,0.15100418894030215,0.15100415823580518,0.15100373935913702,0.15100423659062148,0.1510057134613738,0.15100327332535493,0.15099422209569704,0.15099948675400257,0.15100418201685806,0.1510113775861531,0.15101067966829665,0.019123317826773078,0.16092410244492353
1212,0.15161296838739516,0.15161251900976178,0.1516131894691193,0.15161310140527323,0.1516130141845576,0.15161308694601974,0.15161532818451323,0.15161300395601726,0.15160614793565347,0.1516104328624282,0.15161312470829252,0.15162231389710137,0.15162155574940483,0.0191247185831437,0.16153311826226424
1213,44.29998804293256,44.299988340989195,44.29998835175732,44.29998787106209,44.299987989026995,44.2999879436526,44.299991085441626,44.299987853806044,44.299985071711596,44.299987039499065,44.299987960066886,44.300012698981924,44.30001157628728,0.031000891407980558,44.309908026693044
1214,44.29995898947339,44.299959008930024,44.29995928137228,44.299958818081784,44.299958941512756,44.29995889977218,44.29996157708653,44.29995888632757,44.299954203092845,44.29995750825416,44.29995890614165,44.299974845857356,44.29997387784058,0.0310014758817541,44.30987898260245
1215,0.1511625666701625,0.15116209024871774,0.1511630965828553,0.15116276380754795,0.15116267903863878,0.1511628111200928,0.15116459339547975,0.1511623347465417,0.15115984544747707,0.1511616168662325,0.15116274264880983,0.1511707887840862,0.1511701648105885,0.031001298535184244,0.1610827712486023
1216,0.1516212827809977,0.15162107120789578,0.15162156898818188,0.1516212797495916,0.15162127952967833,0.151621288039785,0.15162319486493855,0.15162127627693653,0.1516218900887763,0.15162181555731993,0.15162126837595938,0.15162969698906048,0.15162913581133272,0.03100114095802985,0.16154133022020242
1217,44.29994418030825,44.299944307377466,44.29994441614735,44.299944035672446,44.29994414168539,44.29994410621092,44.29994647126347,44.29994410445986,44.29994586590566,44.29994511077794,44.29994411838169,44.29995598735284,44.299955302513375,0.03100036810304813,44.3098641889616
1218,0.1514352932196898,0.15143468640974242,0.15143553244666208,0.15143543558785294,0.1514353505138776,0.1514354369940507,0.15143759874967275,0.15143530846296663,0.15143120275115227,0.15143380077427007,0.15143546816432316,0.15144460395915113,0.15144389226934424,0.019125166707592494,0.16135546165679163
1219,0.15100323546846087,0.1510026876448989,0.15100402881713698,0.15100408262422768,0.1510036434081971,0.1510041688230165,0.15100559525950105,0.15100321322727017,0.15099667551916074,0.15100045001796183,0.1510041185619171,0.1510114592081456,0.15101089203080711,0.019123597896676708,0.16092404587414297
1220,0.1515112361431774,0.1515106977741707,0.1515115066642545,0.15151138236932563,0.15151129025757273,0.15151137279231927,0.15151352243769883,0.15151129727926307,0.1515052441244483,0.15150897070582248,0.15151140870477095,0.15152061571039388,0.1515199151193154,0.01912528032762074,0.16143140017834692
1221,44.2999895306599,44.29998976136366,44.29998984150217,44.29998936434635,44.29998947891291,44.29998943712406,44.299992568995606,44.299989357666796,44.299986918985724,44.29998853972711,44.29998945260069,44.30001474598839,44.30001367287096,157.5347521290886,44.30990951849998
1222,44.29995914158533,44.29995909546623,44.29995943921299,44.299958976280784,44.299959095519824,44.29995905779689,44.299961745085135,44.299959055708335,44.29995284103728,44.29995704961334,44.299959062409805,44.29997588124238,44.29997486955573,157.53475276310567,44.309879138378285
1223,0.1518190504474278,0.1518187161219397,0.15181940571329308,0.15181908217574178,0.15181906856757849,0.1518191017670182,0.15182109227741916,0.15181910872043058,0.15181632390551378,0.1518183124205113,0.15181906416103166,0.15182851024624625,0.15182783770504704,157.5347526358316,0.16173910896798585
1224,44.299537174947346,44.29953697913901,44.29953741056687,44.29953714081501,44.299537143790694,44.2995371191883,44.299539161760215,44.299537160285105,44.29953743967113,44.29953754519875,44.29953711766459,44.299546406716416,44.29954582380111,157.53475249418966,44.3094571976545
1225,44.299956247622994,44.29995646917266,44.29995650314637,44.2999560892641,44.29995620689825,44.299956174423784,44.29995872464144,44.29995619327108,44.29995835399944,44.29995737134845,44.29995618346592,44.299970597692806,44.29996982172741,157.53475185837075,44.30987625326247
1226,44.29988814656782,44.29988802698721,44.29988826978079,44.299888008265064,44.29988811305626,44.299888082612746,44.29989064625411,44.299888068616404,44.29988237364725,44.29988583228962,44.29988815184955,44.299899660451246,44.29989874142135,0.01929736416996964,44.30980816152974
1227,0.15135837504484048,0.15135776904472192,0.15135871722660751,0.15135861457495234,0.15135847299058117,0.15135860360539757,0.15136080494443224,0.15135828598128978,0.15134843350390986,0.15135420717072706,0.1513586618742985,0.15136782628359918,0.15136701089894977,0.019284998205724296,0.16127862641636712
1228,44.29991488433411,44.2999144363647,44.299914996699876,44.299914561644165,44.29991483113269,44.29991478101801,44.299917300711684,44.299914866736515,44.29990607099315,44.29991140206232,44.299914851229225,44.299925633400214,44.29992469860531,0.019297058561684392,44.30983486067324
1229,44.29998842767997,44.29998865988804,44.299988737047904,44.29998826333647,44.29998837568454,44.29998833603824,44.29999146618144,44.29998826666253,44.299982568270366,44.299986332230326,44.29998834873505,44.300014594365514,44.300013417158475,157.53478539092745,44.30990841567053
1230,44.29995675836858,44.29995663524201,44.299957041886366,44.299956599116996,44.29995671339217,44.29995667692378,44.29995937319245,44.299956684622,44.29995095500789,44.29995490709738,44.29995668063682,44.2999733582017,44.29997228434819,157.53478590940264,44.30987675710122
1231,0.1516993229146315,0.151698835654233,0.15169963331697933,0.15169933415666145,0.15169932172224057,0.151699334495375,0.1517013643244845,0.15169938038673547,0.15169614556534636,0.15169841440474166,0.15169931278738538,0.15170883169017682,0.15170813988472318,157.5347857636618,0.16161937431440662
1232,0.1516771663046913,0.15167681129383792,0.15167747787764488,0.15167717702630681,0.15167716844032791,0.15167718397430427,0.15167919279178968,0.15167718467601207,0.15167673024412578,0.15167728371187922,0.15167715793121284,0.1516862396139634,0.15168557564316903,157.5347856188,0.16159721856985715
1233,44.29994978419084,44.29994980977242,44.299950042274055,44.29994962269874,44.299949742417006,44.29994970513865,44.29995225429939,44.29994970900526,44.29994997048265,44.2999501168869,44.29994971837575,44.29996359399136,44.299962769008594,157.5347850308576,44.309869787285656
1234,0.15408129063399692,0.1540807794085329,0.15408148636353305,0.15408133990340758,0.15408129934589468,0.15408132489701207,0.15408380958926324,0.1540812694909143,0.15407137504915014,0.1540773104934335,0.15408137674553662,0.15409321758824393,0.15409221831651468,0.019169474967678308,0.16400137802164502
1235,0.15107052085456704,0.15106964368986922,0.15107122575744006,0.15107116736373782,0.15107083046330622,0.1510712202023989,0.15107313756679705,0.15107048853250313,0.1510598736397694,0.15106623532860622,0.15107120344317276,0.15108018285281757,0.1510792909767023,0.019168280107263156,0.16099114075423723
1236,44.299924409401854,44.29992403449813,44.29992451010062,44.299924169571796,44.299924370539486,44.299924332536705,44.29992695905262,44.29992435264262,44.299916945627864,44.299921655900455,44.29992440384802,44.29993553379895,44.29993456627744,0.019170502520971928,44.30984441242515
1237,44.29999055692972,44.29999073110218,44.29999086371256,44.29999039393505,44.2999905065109,44.29999046888514,44.29999362095264,44.299990406130284,44.29998760902259,44.29998957995315,44.299990480371775,44.30001704505525,44.30001576184744,157.5348026767237,44.30991054780905
1238,44.29996140540644,44.29996130977338,44.29996169442228,44.299961247400454,44.29996136142589,44.299961328300064,44.29996403485902,44.29996134474575,44.29995786711518,44.299960342816824,44.299961330082304,44.299979091925024,44.29997809222086,157.53480323613806,44.3098814064839
1239,44.29973102497598,44.299730649741115,44.29973126628837,44.299731002166574,44.29973099537909,44.299730974285474,44.29973304797204,44.299731016661646,44.29973010456472,44.29973099375403,44.29973097221534,44.29974070554257,44.29974002814294,157.53480312033648,44.30965105123516
1240,44.299869538843524,44.2998692293092,44.29986977627066,44.299869519920776,44.299869509505875,44.299869488055215,44.29987153619544,44.29986952687735,44.29986991571037,44.29987000186483,44.29986948595616,44.299878912264745,44.29987827740255,157.5348030702364,44.30978956515224
1241,44.29995442419232,44.299954390458396,44.299954680482585,44.29995427665443,44.299954384243485,44.299954353457785,44.29995690839147,44.2999543787899,44.29995502301201,44.29995493619807,44.2999543618994,44.29996868056094,44.299967846641096,157.534802827061,44.309874431386696
1242,44.29984196299339,44.29984215728478,44.299842080254884,44.29984190274045,44.299841937547455,44.29984191627924,44.29984451706775,44.299841877586026,44.29983189409165,44.29983781853312,44.29984197704069,44.299853768635586,44.2998528273605,145.17465803159644,44.309761993007356
1243,0.15148510672098073,0.151485182508533,0.1514853334663057,0.15148527817857751,0.15148516971735307,0.1514852639069758,0.15148768506342566,0.15148518812210718,0.1514688892331831,0.15147851683716487,0.15148531589287345,0.15149552126659113,0.15149478958397664,145.1746577208621,0.16140528625471237
1244,44.29993339843463,44.29993356415301,44.29993353620796,44.299933337801384,44.29993338166643,44.29993336728541,44.29993596629651,44.29993327729151,44.2999231093736,44.299929539697125,44.299933436520234,44.29994553892083,44.29994483374995,145.17465811213174,44.309853445716044
1245,44.300050412872686,44.30005063699946,44.300050718016905,44.3000502603409,44.30005036304908,44.30005032637985,44.30005352080647,44.300050248544146,44.30004669280259,44.30004921860891,44.300050338804034,44.300076507129404,44.30007547903076,157.5348030410387,44.309970404777744
1246,44.299970655049414,44.29997067109041,44.29997094003556,44.29997050659994,44.2999706120782,44.299970579866745,44.29997328144495,44.299970576337095,44.29996468624518,44.29996874307346,44.29997058152197,44.29998798545131,44.2999869913362,157.53480337449037,44.30989065753091
1247,44.29981386558786,44.29981354622132,44.2998141099992,44.29981385851273,44.29981383794934,44.299813818782646,44.29981587861033,44.299813854635225,44.2998114212261,44.299813213654396,44.29981381728829,44.299823645096325,44.2998229464068,157.53480312942636,44.30973389535
1248,44.2999110236838,44.29991082508408,44.29991126488227,44.2999110154606,44.29991099766628,44.299910979282885,44.2999130189028,44.29991100716442,44.29991126434174,44.29991138283169,44.29991097788917,44.299920664272314,44.29992001821656,157.53480294623094,44.309831056113694
1249,44.2999598416101,44.2999599566267,44.2999600954316,44.299959692349624,44.29995980283626,44.29995977322631,44.29996233103373,44.29995979139476,44.29996045647738,44.29996036841076,44.29995978219947,44.29997510727497,44.29997429853592,157.5348023704847,44.30987985080642
1250,44.29990519274389,44.299905548452244,44.29990524651325,44.29990497247504,44.299905154027044,44.29990511581664,44.29990775772358,44.29990515625148,44.29989279296796,44.299900349278204,44.299905182070624,44.29991752976102,44.29991672931367,145.1746483073178,44.30982519380012
1251,0.21695907915690701,0.21695937253306727,0.2169592104956911,0.2169591265532713,0.2169590785891865,0.21695908949289588,0.2169615451598397,0.21695902989146743,0.2169412938407734,0.21695144407417621,0.21695917475408336,0.21697027054697357,0.2169695899759426,145.17464663059346,0.22687915363966918
1252,44.2999216985284,44.299922001114,44.299921803704365,44.299921473335935,44.299921664752446,44.299921630229015,44.299924165684736,44.29992167378373,44.299914635659924,44.2999189166493,44.29992169756551,44.29993524067464,44.29993459541192,145.17464853214008,44.30984170827489
1253,44.299991804918754,44.29999215351268,44.299992117043224,44.29999165307587,44.29999175857409,44.29999172422058,44.29999490907906,44.299991670523575,44.29998972462619,44.29999116829247,44.29999173765884,44.30002037909518,44.30001940117253,157.53479579235534,44.30991180245368
1254,44.29996803851742,44.29996826239659,44.29996832451985,44.299967891448524,44.2999679968298,44.29996796538291,44.29997065539882,44.299967963911975,44.29996133965998,44.29996576758136,44.299967967276736,44.29998439398489,44.29998361102813,157.53479618281656,44.30988804305395
1255,44.29991491635693,44.29991479825898,44.299915168803324,44.29991490717956,44.29991489030106,44.299914872022185,44.29991693036056,44.29991488758379,44.29991136882083,44.29991387864934,44.29991487247503,44.29992408250419,44.29992345782787,157.53479599953855,44.3098349487876
1256,44.29991991832758,44.29991984122623,44.299920168709406,44.29991991373725,44.2999198945029,44.29991987803516,44.299921915259496,44.299919889654284,44.299919261000575,44.29991994983671,44.29991987825958,44.29992957718278,44.29992892969168,157.5347958178049,44.30983995504491
1257,44.29996231212652,44.299962557775785,44.299962565369896,44.299962166562274,44.29996227348247,44.29996224346874,44.29996478552119,44.29996225367858,44.29996237394288,44.299962587662655,44.29996225417697,44.29997745635339,44.29997662149594,157.5347950041223,44.30988232130687
1258,44.29989937078116,44.29989921825538,44.299899447615076,44.299899175696346,44.29989933377965,44.29989929675051,44.299901789197435,44.29989931004641,44.29988220667159,44.29989241540222,44.29989935884482,44.299911427380806,44.29991059241391,0.01928748074241679,44.30981937492996
1259,0.1510323751926961,0.15103184628662286,0.1510328302203838,0.15103278155245295,0.1510325499020393,0.15103277084120703,0.15103486059307586,0.15103233122027085,0.15100760147938985,0.15102108305653703,0.15103281508163374,0.1510429565992988,0.15104210296423623,0.019133152664632374,0.16095276819744925
1260,44.29949598241081,44.299496069071914,44.29949620388168,44.29949595462018,44.29949596193952,44.29949594231446,44.29949850074983,44.299495871011175,44.29948846237181,44.29949295665718,44.29949601411541,44.29951030965407,44.29950932674902,0.01929136028039503,44.309416020767
1261,44.299982310681806,44.299982742181804,44.29998264408767,44.29998215574511,44.29998226402528,44.29998222633436,44.29998539119456,44.29998215727664,44.299977726743,44.2999807454946,44.299982242769914,44.300008252681614,44.30000740994197,157.53478092797835,44.30990230656414
1262,44.29995176419795,44.29995197638115,44.29995206380777,44.29995161332471,44.29995172283966,44.29995168752742,44.299954355468486,44.29995168805968,44.29994330938417,44.299948795343376,44.29995169385316,44.299967395270585,44.299966596486264,157.53478125015798,44.30987176813806
1263,0.15105645899563933,0.15105625348467025,0.15105731187931884,0.15105699210308476,0.15105672190494474,0.15105701088159046,0.15105860123427753,0.15105608564546366,0.1510494181743263,0.15105374350180398,0.15105694868354227,0.15106404143890576,0.1510634874917421,157.53478103058163,0.16097692431198116
1264,0.15150668442721027,0.15150659109104261,0.15150703830473466,0.1515067575797779,0.15150670934619653,0.15150674698148478,0.1515086079601943,0.15150665007013228,0.1515027483405991,0.1515054455594572,0.15150673279408206,0.15151495067986676,0.15151432688900512,157.53478085374002,0.1614267877999694
1265,44.29992749599335,44.29992750048763,44.299927730984194,44.29992740560994,44.29992746227408,44.29992743060603,44.29992974732992,44.299927413392595,44.29992436023409,44.29992645364218,44.29992744442268,44.29993770464907,44.29993702412579,157.53478007170446,44.309847513270775
1266,0.151026087975678,0.15102566058087466,0.15102703406363363,0.15102693304385437,0.15102649624767048,0.15102700455825,0.15102857471687717,0.15102608160736872,0.1510052519883925,0.15101740135734593,0.15102692550257416,0.1510364748046024,0.1510357028381894,145.17445072458867,0.16094687029521496
1267,0.1509989787137234,0.1509982482363225,0.15099996813316907,0.15099994544957215,0.1509994332415913,0.1510000045319982,0.15100138053298387,0.15099901086236742,0.15098375602547126,0.15099252524722032,0.1509999627167796,0.15100792846296654,0.15100715873218643,0.019128329193935412,0.160919869392984
1268,0.15107747934994173,0.1510771238189976,0.15107831163202148,0.15107813090716452,0.15107777640165257,0.15107814658745808,0.15108005498426932,0.15107736642607503,0.1510674315689482,0.15107360749574605,0.15107812668108964,0.15108795082617923,0.15108701276189676,145.1744532158469,0.1609980911171196
1269,44.29998088908718,44.29998110237677,44.29998120483313,44.29998072982614,44.29998083965247,44.29998079774515,44.29998393352693,44.29998072392005,44.299976640676114,44.299979433636224,44.29998081500515,44.300005525919595,44.30000451333904,157.53476568468028,44.30990088028412
1270,44.29996143025286,44.299961526297444,44.299961723158965,44.299961273207806,44.29996138635513,44.29996134817866,44.29996403237115,44.29996133491888,44.29995702785728,44.299960078373566,44.299961355251845,44.299979071906876,44.29997807505989,157.5347660586061,44.30988143023691
1271,0.15167456003807495,0.15167423664629978,0.15167487622486137,0.1516745886826183,0.15167456326256692,0.1516745785007703,0.15167648994300192,0.15167459359492957,0.15167322180878856,0.151674343447414,0.15167456357846995,0.15168374113748406,0.15168307884775425,157.53476584526297,0.16159462311854444
1272,0.152140293360728,0.1521400756229165,0.15214056808201035,0.15214029157593942,0.15214028179678948,0.15214028078559103,0.15214218366914586,0.15214029820041572,0.15214094497029568,0.1521408569116788,0.15214027113133688,0.1521490910063326,0.15214845051808365,157.53476566845913,0.16206033650048937
1273,44.299941431297874,44.29994144947045,44.29994168460497,44.299941300540645,44.29994139552352,44.29994136300494,44.29994369604665,44.299941361890795,44.29994083918502,44.299941450063436,44.299941375100325,44.29995375676495,44.2999529601254,157.53476483470362,44.30986144503783
1274,0.1513627533090036,0.1513623112193108,0.15136313261321835,0.15136299979766224,0.15136285904122052,0.1513630000663001,0.15136514525051528,0.15136268481446677,0.15135284175544542,0.15135897601067672,0.1513630245569759,0.15137290853037447,0.15137206889653954,145.17456428434528,0.16128301668036196
1275,0.15102389993937362,0.15102333731931702,0.15102467973391762,0.15102467543471187,0.1510242660315758,0.15102473392556545,0.1510264467492163,0.15102388836052608,0.15101492952363937,0.15102038778921642,0.15102469632995477,0.1510326830088328,0.15103180304051397,145.17454992321382,0.16094462904088713
1276,44.299257198718216,44.299256791101755,44.299257375584524,44.29925716264372,44.29925717547232,44.29925715428775,44.29925962326387,44.299257110960646,44.29925360491108,44.29925601979903,44.29925722279513,44.2992677897653,44.29926713119368,145.17456599782943,44.309177232941515
1277,44.29998054981587,44.29998046868729,44.29998088050714,44.29998038920806,44.299980498168026,44.29998045936028,44.29998362609961,44.29998041003537,44.2999802742363,44.299980670872166,44.29998047238775,44.30000483171571,44.300003864421306,157.5348039163858,44.30990053839389
1278,44.29996449198027,44.29996431055316,44.29996479614363,44.299964338491776,44.29996444748807,44.299964414116204,44.29996710921386,44.299964423740285,44.29996272750708,44.299964145205585,44.299964416572344,44.299981283132695,44.29998044190224,157.53480441559893,44.30988449220647
1279,44.299917619815126,44.29991729750548,44.29991788065164,44.29991758855715,44.29991759043199,44.2999175699487,44.29991963291629,44.29991759620324,44.29991603168532,44.299917404051,44.29991756820192,44.29992759080957,44.299926902326376,157.5348042730382,44.30983764692371
1280,44.29992026117478,44.299920040910365,44.29992052191884,44.29992023134189,44.299920233341226,44.299920214286324,44.299922256275885,44.299920234437515,44.29991990807418,44.299920429533024,44.29992021275721,44.299930225651245,44.29992956864422,157.53480425478938,44.30984029134513
1281,44.29996874479857,44.299968899369,44.299969020431526,44.29996859298982,44.2999687036313,44.299968672552005,44.299971228953524,44.29996867361813,44.299968493614806,44.299968906580624,44.29996868136495,44.29998450938342,44.299983652003384,157.53480409113092,44.309888750339034
1282,44.29991622617866,44.299916492188856,44.29991629698574,44.29991609660638,44.299916188162165,44.29991616540176,44.299918807527405,44.29991616780538,44.29990356951081,44.2999113184735,44.29991617865657,44.29992879279816,44.29992784669321,145.17465962306525,44.30983624249999
1283,0.15108843798325777,0.151088276440745,0.15108909787804406,0.15108902833591728,0.15108870939694846,0.15108905279791315,0.15109125223563488,0.15108835529484785,0.1510781682839508,0.15108427512408354,0.15108905926552482,0.1510996189943299,0.1510988963148677,145.1746591694769,0.16100900611787478
1284,44.29976427110345,44.29976395631974,44.29976447766658,44.29976423478926,44.29976424447306,44.29976422325074,44.29976698004909,44.29976416283227,44.299759034071876,44.29976241069358,44.299764293475796,44.299778387204306,44.29977753385847,145.1746603996033,44.309684301635464
1285,44.29997707110829,44.299977010352556,44.29997738733931,44.299976915699176,44.29997702230227,44.29997698573741,44.29998018305622,44.29997695770975,44.29997378531716,44.29997609168537,44.29997699745642,44.300001781216075,44.300000711464556,157.53480513634756,44.3098970644894
1286,44.29994159041451,44.29994119536453,44.299941886712254,44.29994146952072,44.299941551809326,44.29994152238868,44.29994420710228,44.29994154470185,44.29993581051962,44.299939793320505,44.299941524476,44.29995794017083,44.29995695763433,157.53480529748836,44.309861600936415
1287,0.1515342225791429,0.15153373182687907,0.15153457411290414,0.15153429163823776,0.15153424880971758,0.1515342903067057,0.15153627415176915,0.15153420354436317,0.15153035342358295,0.15153305716701193,0.15153426610171203,0.15154391885338228,0.15154322935489928,157.5348050225205,0.16145432250562672
1288,44.2998439343842,44.29984368303577,44.29984416375982,44.29984390571257,44.29984390462976,44.29984388122309,44.2998459195837,44.29984391466149,44.29984244218887,44.29984361775488,44.29984388122876,44.299853202940874,44.299852558822245,157.53480496013893,44.30976395961323
1289,44.2999580174933,44.2999581352924,44.29995827489372,44.29995786229525,44.29995797785812,44.29995794582544,44.29996049463896,44.29995795563585,44.29995737951347,44.299958008755056,44.299957955752916,44.29997304166853,44.29997215115617,157.53480474345454,44.309878024959964
1290,44.2997854322621,44.29978538568306,44.29978562462861,44.2997853898149,44.299785410193174,44.29978538988445,44.29978791812233,44.29978533216968,44.29977043949651,44.299779547727205,44.29978545676463,44.29979826095508,44.29979712780955,145.17466031621424,44.30970546825361
1291,0.15106485403060232,0.15106468957047473,0.15106571389488418,0.1510655547565968,0.15106518628918555,0.15106560095279642,0.15106752453846423,0.1510648230034754,0.15104839958566943,0.1510579308315592,0.15106558214312768,0.1510760877268862,0.151074871078021,145.1746605240789,0.16098551952679246
1292,0.15164480645621795,0.15164469229260322,0.15164498858787814,0.1516448173508013,0.15164478854783578,0.15164478237097584,0.1516475472965696,0.15164476685031536,0.15163535298246292,0.15164134765744833,0.15164484218766358,0.15165708957108556,0.15165621120307252,145.17466187123344,0.16156485317715655
1293,44.299975507402046,44.29997547979507,44.299975819693195,44.299975351240796,44.29997546101646,44.29997542405585,44.299978576562864,44.299975395426515,44.299970898349954,44.29997399288382,44.299975434993854,44.300001537948646,44.300000278089705,157.53480515067304,44.3098955044773
1294,44.29995221755846,44.29995211129519,44.29995250845479,44.29995206288279,44.29995217596393,44.29995214233685,44.29995483204795,44.29995215885216,44.299945574825806,44.29994996829384,44.29995214518966,44.29997034593007,44.2999692350065,157.53480531354765,44.30987222220228
1295,0.15182230164566843,0.1518219800240244,0.1518226607783469,0.15182235466227126,0.15182233145032956,0.15182237601871484,0.15182435464645863,0.15182238254029354,0.15181851307076602,0.15182115870557042,0.15182233523496722,0.15183245909518356,0.1518316943742871,157.53480496488962,0.16174237996492113
1296,44.29976848614194,44.2997682458425,44.299768715714,44.29976845360674,44.29976845700571,44.2997684336846,44.29977047792077,44.29976847291411,44.299767484206264,44.29976840757334,44.29976843249268,44.299778267682306,44.29977757134602,157.53480482415625,44.30968851192382
1297,44.29995840673115,44.299958610172816,44.29995866248944,44.29995825090833,44.299958368188406,44.299958337274,44.2999608830421,44.29995835359244,44.29995950591269,44.29995910336348,44.299958346629666,44.2999742635373,44.29997338244584,157.534804333473,44.30987841590986
1298,44.29987827547463,44.29987855737375,44.29987842783219,44.29987816922886,44.299878248038674,44.2998782222025,44.29988077050199,44.29987819710454,44.29986646136002,44.2998735620374,44.29987829062757,44.299891728652746,44.299890601887434,145.17465911845065,44.309798300333085
1299,0.15109428188762045,0.15109449651796333,0.15109497924724238,0.15109484122993969,0.15109454398229435,0.15109487198408342,0.15109698309834405,0.15109424515571335,0.15107733665981812,0.15108718193454823,0.15109487842468802,0.1511058430165286,0.1511046807673129,145.17465938444286,0.16101482253953217
1300,44.299908121312264,44.29990845266912,44.29990827765525,44.29990790480063,44.29990808200686,44.2999080448321,44.299910777258276,44.29990810096188,44.29990057581949,44.29990520425604,44.29990811422494,44.29992141017889,44.299920365510935,145.1746607070354,44.30982812390297
1301,44.29997935511031,44.29997946862526,44.29997966725684,44.299979199749394,44.29997930778459,44.2999792723973,44.2999824506526,44.2999792398939,44.299974400196895,44.29997770170337,44.29997928439061,44.300007123940425,44.300005907054015,157.53480432650454,44.30989935098103
1302,44.29995391558828,44.29995384427747,44.29995420129987,44.299953766150544,44.2999538739026,44.2999538417852,44.29995653229462,44.29995386118148,44.29994652616863,44.29995149920529,44.29995384348456,44.29997202556307,44.299970966094314,157.53480448724403,44.30987392025867
1303,0.1519068500176296,0.1519064625189346,0.15190717706328222,0.15190689527766885,0.15190686403848044,0.15190689208216288,0.15190888841593553,0.15190688285377424,0.1519036221629002,0.1519058870235404,0.15190686606972323,0.15191719190470443,0.15191645044446841,157.5348041535286,0.16182691873403535
1304,44.29990263208364,44.299902413253115,44.29990287130906,44.2999026096793,44.29990260329893,44.29990258130537,44.29990463555654,44.29990261305642,44.29990240562472,44.299902838263,44.29990257991695,44.299912674293914,44.29991196273363,157.53480389123774,44.30982265919557
1305,44.29996976799757,44.29996994589656,44.2999700216014,44.299969614828086,44.29996972664889,44.2999696947057,44.299972255656904,44.2999696968919,44.299971377086514,44.29997067064184,44.29996970316122,44.29998563753927,44.29998471638631,157.53480303648604,44.30988977290647
1306,44.29991584936752,44.29991594826807,44.299915939398744,44.29991551773634,44.29991579702078,44.29991574657422,44.29991828695878,44.29991583760188,44.29990834778272,44.29991300587623,44.299915811400446,44.29992808046048,44.29992705483482,0.019135841245700676,44.30983582575946
1307,0.15138010349455358,0.1513795942379334,0.15138047649551925,0.15138032572175306,0.15138019062084665,0.15138031001276583,0.15138252306639366,0.15138006189555286,0.15137091564485342,0.1513763622219487,0.15138036764549256,0.15139093237878534,0.1513899321202716,0.019128770171013554,0.16130033309907915
1308,44.299912972763956,44.29991260354782,44.299913104324304,44.299912748520846,44.299912929752544,44.2999128910871,44.299915553626995,44.29991294279544,44.29990586032442,44.29991036525092,44.29991296070804,44.29992600039605,44.29992477853262,0.01913670515265725,44.30983296989222
1309,44.299982395887604,44.29998237889117,44.29998270471026,44.299982235843544,44.29998234456389,44.29998230696744,44.299985493941875,44.29998225938257,44.29997813532919,44.2999810411719,44.29998231971788,44.30001017544791,44.300008880307075,157.5347611506276,44.30990238496768
1310,44.29997276655692,44.299972716634784,44.29997307418987,44.29997261450078,44.29997272096031,44.29997268745452,44.29997541405493,44.29997268849102,44.29996980847872,44.299971939475604,44.29997269074542,44.29999233818675,44.2999912889483,157.53476169222574,44.30989276513443
1311,44.29988090913895,44.29988048516906,44.29988117558111,44.29988090440284,44.29988088108886,44.29988086198074,44.299882928086454,44.299880895299026,44.299880466183005,44.29988108477707,44.2998808602419,44.29989151253988,44.29989078687658,157.53476154236674,44.30980093854013
1312,44.29992391505194,44.29992375990671,44.29992418168101,44.29992389592345,44.29992389016852,44.29992387347965,44.29992592174721,44.29992388174319,44.29992524098099,44.29992476938261,44.299923871053544,44.29993429400071,44.29993359624666,157.5347613843207,44.30984395036928
1313,44.29997675631255,44.29997693477328,44.299977027156466,44.29997660445423,44.29997671365626,44.29997668136384,44.29997925326641,44.29997667104676,44.29997898028386,44.29997793009463,44.29997668891624,44.29999342020637,44.29999255256453,157.53476063198673,44.30989675918513
1314,44.29993453986711,44.29993461139558,44.299934718528874,44.29993444855216,44.29993451713995,44.29993449699429,44.29993692363459,44.29993441206276,44.29992911064128,44.299932351390815,44.29993456342683,44.29994675944889,44.2999458519493,0.019134224739473796,44.309854575840426
1315,0.15149179392609227,0.15149206551072447,0.1514920630987178,0.15149198127082036,0.15149186132409062,0.15149195927718836,0.151494212905582,0.15149184582207287,0.15148526670705378,0.15148912943232826,0.15149202026941833,0.15150259609504715,0.1515017908185927,0.019125781508208633,0.16141198493689102
1316,44.29992231031439,44.29992262768761,44.29992248646065,44.299922128631124,44.29992227410318,44.299922241021626,44.2999249120732,44.29992225420369,44.29991776151795,44.299920424015376,44.29992231139072,44.299935003279906,44.29993411559139,0.01913533151095573,44.309842319557795
1317,44.29998763520283,44.299987679340184,44.29998796308619,44.29998747582494,44.299987584646345,44.29998754782238,44.29999073309292,44.299987489199346,44.29998648816797,44.29998726804525,44.29998756158911,44.30001401210461,44.30001306591988,157.53480380838639,44.309907626008915
1318,44.29996986953176,44.299969777443714,44.29997017196425,44.29996971812563,44.299969825239494,44.2999697926986,44.29997249427444,44.29996978735118,44.299967509816206,44.29996916692386,44.299969797267984,44.29998658435603,44.299985827170076,157.53480426010609,44.30988987040808
1319,44.29991776639986,44.299917467187534,44.299918019354756,44.299917735527764,44.299917738355155,44.29991771893094,44.29991968758767,44.29991774764983,44.299917224975104,44.29991785921493,44.299917721258815,44.29992711310796,44.299926453084076,157.53480405614582,44.30983779554518
1320,44.299920065425404,44.299919854586086,44.2999203136798,44.299920036094655,44.29992003813174,44.29992001934127,44.29992195552052,44.29992004449915,44.2999208635591,44.29992069504046,44.299920020860185,44.299929182870464,44.29992851665114,157.5348040284393,44.309840096124525
1321,44.2999597898985,44.299959923703334,44.299960051512926,44.29995964339192,44.29995975075743,44.29995972080837,44.29996208482822,44.29995973776128,44.299961560380375,44.29996080278383,44.29995972895535,44.299973265504825,44.29997246318294,157.53480378959026,44.30987979831033
1322,44.299897039158374,44.29989745062932,44.2998971805148,44.299896911859,44.29989700639501,44.29989697616307,44.29989931708494,44.299896977152976,44.29989078086911,44.29989455098089,44.29989703312835,44.29990717365598,44.29990639267453,145.1746593502539,44.30981705442766
1323,0.15105758753961487,0.15105795712752954,0.15105804397943756,0.151057923121474,0.1510577317381056,0.15105791973074545,0.1510600630531985,0.151057462577871,0.15105156070715783,0.15105526503854158,0.15105795901603217,0.15106631229831927,0.15106562978016705,145.1746592321963,0.1609779242805356
1324,44.2998994063162,44.29989946110303,44.29989958864803,44.299899292597104,44.299899374800255,44.29989934619687,44.299901823382946,44.29989934445272,44.299897220740455,44.29989879903285,44.2998994161612,44.29990996666309,44.29990928643479,145.17466105847396,44.309819424368555
1325,44.30004402865925,44.30004404982714,44.30004435723493,44.30004387465596,44.30004397746959,44.30004394008717,44.30004711759386,44.30004386531044,44.300044574370965,44.30004449220891,44.300043952925535,44.30007020328801,44.30006921972347,157.53480488643245,44.30996401867359
1326,44.29997502488854,44.29997486647979,44.29997532969288,44.299974872303295,44.29997497861621,44.299974944123015,44.29997767410927,44.29997493019115,44.29997362708033,44.29997479567978,44.2999749483387,44.2999925208186,44.29999171373799,157.53480506395528,44.30989502244981
1327,0.1620286348141138,0.16202816694606004,0.162028882632748,0.16202860750876694,0.16202860328621693,0.16202858191632144,0.16203055423375212,0.1620286135126033,0.16202755131842853,0.16202854547391862,0.1620285818549746,0.16203703018880958,0.16203651257233123,157.53480470559697,0.1719486655493655
1328,44.29991402372681,44.299913770757705,44.299914262537186,44.29991398839323,44.299913994323965,44.29991397164549,44.2999159075056,44.29991400052498,44.29991443723478,44.29991450906504,44.299913971108445,44.29992252588511,44.299921966738815,157.53480464575134,44.30983404932644
1329,44.299953478205616,44.29995352682286,44.29995373605217,44.29995333336492,44.29995343959769,44.299953409042736,44.299955766980354,44.29995342102573,44.29995448277862,44.299954168209894,44.29995341755829,44.29996477882256,44.299964172952286,157.53480441569434,44.30987348755028
1330,44.29985121623799,44.29985150863783,44.299851325640496,44.29985114495586,44.299851188984384,44.299851163602284,44.29985361689533,44.29985113149266,44.29984217196691,44.29984774445049,44.299851225200975,44.299861520985395,44.29986077293187,145.17466015236053,44.309771243094765
1331,0.15101884366959936,0.15101904907045885,0.15101978085995332,0.15101973251427406,0.15101926259781592,0.15101978932354043,0.15102149705798376,0.1510188547135606,0.1510121313156227,0.15101623469849704,0.15101973409674022,0.15102835662976563,0.1510279863968807,145.1746588243515,0.16093967241534116
1332,0.15106635306946345,0.1510662606113038,0.1510669659873851,0.15106676580594797,0.15106653485801522,0.1510667684909929,0.15106897994107757,0.15106625625845024,0.1510620523540377,0.1510648272314863,0.15106678533156342,0.1510788494271905,0.15107823217281718,145.17466030634435,0.16098675924214328
1333,44.299987851028305,44.29998794970958,44.29998817528784,44.29998768725404,44.299987797811774,44.29998775499454,44.29999093183841,44.29998767021096,44.2999864492917,44.299987561280574,44.29998777114022,44.30001285997155,44.30001197501906,157.53480576062648,44.309907836528744
1334,44.29997319308223,44.29997311694688,44.29997347960099,44.299973038702554,44.299973147929286,44.299973110722526,44.29997579149628,44.29997308033493,44.29996943158607,44.29997211084293,44.299973117185665,44.29998924741954,44.29998845991693,157.5348061627289,44.309893191685056
1335,0.15283575307260133,0.15283519110790889,0.152836017977675,0.15283575579109868,0.15283573810942339,0.15283573528445482,0.1528377626819725,0.15283573525547692,0.1528308651042267,0.15283423603560872,0.15283572963242145,0.15284457332454204,0.15284396068199432,157.53480584014963,0.1627558014943478
1336,0.15192744494440374,0.1519268980450747,0.15192776553512524,0.1519274923819973,0.15192745640564215,0.1519274822483658,0.15192946615254857,0.15192746473969745,0.15192417729554905,0.15192659002981124,0.15192745866774945,0.1519364822086202,0.1519357972548788,157.53480585060422,0.16184750609734594
1337,44.29995671313378,44.29995665565619,44.29995697395927,44.2999565633194,44.29995667176595,44.2999566379252,44.2999592085168,44.299956648443526,44.29995563766111,44.2999565533685,44.29995664640426,44.29997188791478,44.299970958981255,157.5348061190572,44.30987671748627
1338,44.29992006766374,44.29992036611563,44.29992016089582,44.2999198583222,44.29992002774741,44.299919989202465,44.29992264804747,44.29992002473438,44.299903726470546,44.29991299657598,44.29992003851322,44.29993322708983,44.29993206748869,145.17466363055954,44.309840068706514
1339,0.15136325002917253,0.1513632732303267,0.1513636534186392,0.15136354200512134,0.15136337196372174,0.151363531440552,0.1513659719066656,0.15136318695653403,0.15134696395053188,0.15135650522774535,0.15136356307086654,0.15137559031452227,0.15137484520030658,145.17466246473072,0.16128354673299464
1340,44.29991003339461,44.299910226828864,44.29991025733747,44.299909916981335,44.2999100003698,44.29990997109843,44.2999127473077,44.299909965494265,44.29990393389743,44.29990785998148,44.29991003275791,44.29992518952836,44.29992428806796,145.17466728678153,44.30983004940842
1341,44.29998796888708,44.299988127135805,44.29998830071366,44.29998781391524,44.29998791980904,44.29998788268142,44.29999111541748,44.299987825135695,44.29998602027174,44.299987553840445,44.29998789307942,44.30001493887545,44.30001396512055,157.53480682285408,44.30990796156922
1342,44.29996382972942,44.29996379447908,44.29996412682922,44.29996367827004,44.29996378755683,44.29996375484907,44.299966473576625,44.29996375987793,44.29996056240156,44.29996293507153,44.2999637585414,44.29998066590954,44.299979919951,157.53480831273427,44.309883833263164
1343,0.15329074079138363,0.15329038162004374,0.1532910100469162,0.1532907410993923,0.15329072336484753,0.15329071689342375,0.15329275361151035,0.15329072416508197,0.15328711900566744,0.15328973453432432,0.15329071309990308,0.15329969583999625,0.15329914888920462,157.53480628887377,0.16321078917209397
1344,44.29980984321085,44.299809521092136,44.29981008458364,44.29980983294783,44.29980981670332,44.29980979704886,44.299811837346084,44.29980983131858,44.29980738375667,44.29980919407947,44.29980979790628,44.299819554989305,44.299818907240756,157.53480624073802,44.30972987438901
1345,44.29995917480935,44.299959129602136,44.299959443423916,44.299959030491415,44.299959137108374,44.29995910763216,44.2999616771034,44.29995912389404,44.2999574096146,44.299958770920476,44.29995911607724,44.29997519477299,44.299974260342715,157.5348063875817,44.309879185596095
1346,44.29992505777662,44.29992532485479,44.29992518680553,44.29992490052248,44.29992502884608,44.2999250000789,44.299927563460926,44.29992500447704,44.29990588942232,44.29991771439944,44.299925049802034,44.29994007519304,44.29993896692307,145.17466432787933,44.30984507870042
1347,0.15108649360973533,0.15108665089717405,0.15108736065459996,0.15108724091918843,0.15108684528569724,0.15108728095706028,0.15108924680610888,0.15108641291164368,0.15105742843018635,0.15107428834524114,0.15108724597434586,0.15110081736266465,0.15109980969605263,145.17466304094307,0.16100720531398144
1348,44.299919999151484,44.299920261954384,44.29992021815914,44.29991989473223,44.29991996944395,44.2999199441532,44.299922719429965,44.299919938828516,44.29990876931536,44.2999161500469,44.29991999890371,44.299935367204085,44.29993442966173,145.1746747360551,44.30984002198387
1349,44.2999800823852,44.29998009308454,44.2999804027937,44.29997992583404,44.299980033818365,44.299979997739854,44.299983226644336,44.29997996421242,44.2999776858149,44.29997968956684,44.29998000552944,44.30000679072356,44.300005735299,157.5348068690548,44.309900075729765
1350,44.299961142429,44.2999610949153,44.29996143393785,44.29996099174815,44.299961101189645,44.29996106991407,44.299963788113025,44.29996108419934,44.299958640845716,44.29996066351365,44.29996107138356,44.299978369059666,44.299977603060086,157.5348083306589,44.30988114753031
1351,44.29988446941581,44.29988413075906,44.299884713904625,44.29988446585717,44.29988444326835,44.299884424740874,44.299886479781236,44.29988445400972,44.299882967909035,44.29988422334143,44.29988442392031,44.29989409137746,44.29989353619211,157.5348061986878,44.30980450137145
1352,44.29982416022688,44.299823752919,44.29982440102514,44.29982415111389,44.299824132632416,44.2998241126926,44.29982616843946,44.299824143991096,44.29982434507781,44.29982453818977,44.299824112298346,44.299833106933825,44.29983261221691,157.53480608192353,44.30974418945275
1353,44.299955816590035,44.29995570352205,44.299956080648734,44.2999556711666,44.29995577830766,44.29995574889065,44.299958313367654,44.29995576873634,44.29995730031581,44.29995672513058,44.2999557572469,44.29996977618102,44.29996913096602,157.53480584384553,44.30987582653709
1354,44.29991337283105,44.29991338528902,44.29991344511033,44.29991313921631,44.29991333352215,44.29991329431647,44.29991579633759,44.29991335821358,44.29990523396484,44.299910235156965,44.29991334760155,44.29992696191287,44.299925967718416,145.17466166020355,44.30983337266766
1355,0.1514524641184134,0.1514523637792001,0.1514527459954655,0.15145265705930502,0.15145253891183028,0.1514526449865485,0.15145495884769059,0.15145253177133894,0.15143907602943493,0.15144725123396088,0.15145269659383204,0.1514638996519199,0.15146283275499695,145.1746616582114,0.16137266670903555
1356,44.299932950614334,44.29993313110279,44.29993314635137,44.2999328643798,44.29993292678421,44.29993290734339,44.299935653612245,44.29993285343678,44.29992509948519,44.29993014749143,44.29993295977235,44.299946036029894,44.29994504733461,145.17466531865907,44.30985298536672
1357,44.30001989073174,44.300019891274154,44.30002020768783,44.30001973688848,44.30001983961602,44.300019803057296,44.3000229809735,44.300019737593765,44.30001740808523,44.300019166055904,44.30001981324747,44.30004559584668,44.30004437602013,157.5348072192203,44.30993988117419
1358,44.29997117268034,44.29997094351191,44.299971464759956,44.29997102336346,44.29997112910437,44.29997109691964,44.299973798266166,44.29997109662522,44.29996893797705,44.29997055605219,44.29997110003666,44.29998875353825,44.29998784122548,157.53480735661805,44.30989117458642
1359,44.299892966047146,44.29989243808631,44.299893214452226,44.29989295855082,44.29989293843423,44.2998929195918,44.29989499083027,44.29989295061048,44.299892361413264,44.299893013089445,44.29989291851919,44.29990268274125,44.299902055624365,157.53480661072757,44.30981299615371
1360,44.29991896361732,44.299918567463386,44.299919207077096,44.299918922573575,44.29991893496145,44.2999189146662,44.29992097381689,44.29991895269879,44.299919987125634,44.29991969628645,44.299918913527954,44.299929035001036,44.29992836665429,157.53480660354276,44.30983899154228
1361,44.29996009440933,44.29996010392136,44.2999603714328,44.29995993650483,44.29996005327195,44.29996002214404,44.29996260191316,44.29996004432689,44.299960774533076,44.29996064649594,44.29996002863874,44.29997654825149,44.29997561859264,157.53480702952194,44.30988009972132
1362,44.29991801842496,44.29991839175926,44.29991823569648,44.299917836035014,44.299917981487575,44.29991794877225,44.299920531003835,44.2999179783252,44.29990700465736,44.29991384628982,44.299918009870304,44.299932239900414,44.29993070771615,145.17466971242473,44.309838027193656
1363,0.15149026917770622,0.15149038695239633,0.15149059767538842,0.15149043803251633,0.15149033383856184,0.15149042991251466,0.15149292752130522,0.15149036802615037,0.15147550110858418,0.1514845611853772,0.15149047522044876,0.1515026306270664,0.15150130332038844,145.17466522479023,0.16141045270520643
1364,44.299921978955915,44.299922128226136,44.29992218526752,44.29992186367448,44.2999219480979,44.2999219233975,44.299924696632736,44.29992191343149,44.29991281649194,44.299918649000595,44.29992198134679,44.29993525862242,44.299934190155035,157.53479934435927,44.309842001331056
1365,44.299978919703996,44.29997870287388,44.29997925127629,44.29997876192423,44.299978870339096,44.299978834695565,44.299982044270365,44.299978811809915,44.29997490365287,44.29997774172326,44.29997884281639,44.300007394300316,44.30000593621286,157.53480825552973,44.30989891265131
1366,44.2999645442789,44.29996434721742,44.29996484468637,44.29996439114303,44.29996450067267,44.29996446855731,44.29996717171054,44.299964480633804,44.299959602394985,44.29996307637631,44.29996446966277,44.299983060630346,44.299981987310844,157.53480781625845,44.30988454622895
1367,44.29991047891344,44.29991009179958,44.29991072601835,44.299910450277714,44.29991045042223,44.299910430645234,44.29991249736859,44.29991046315785,44.29990867870695,44.29991009296711,44.29991042856807,44.29992059466036,44.29991989217075,157.53480673082066,44.30983050734405
1368,44.29991389090565,44.29991355691761,44.29991413154655,44.29991385666216,44.29991386253261,44.29991384214107,44.29991588428538,44.29991387560221,44.29991451613434,44.29991440909393,44.299913839971204,44.299923679828076,44.299923028916716,157.53480663154372,44.30983391907167
1369,44.29996078558836,44.29996087163287,44.29996105619593,44.29996062818338,44.29996074508309,44.29996071442772,44.29996327422544,44.2999607310198,44.29996173713146,44.29996138171857,44.29996072116876,44.29997602558074,44.299975182156395,157.53480939534913,44.30988079223501
1370,44.299898152562896,44.29989841499127,44.29989835105624,44.299898024639084,44.29989811861427,44.299898090054974,44.29990072445009,44.29989809223442,44.29988755769684,44.299893786047846,44.299898148371575,44.2999112344761,44.29991012690144,157.53474414851394,44.309818168609986
1371,0.15106270399974853,0.1510626867766579,0.1510636537233074,0.1510634445968437,0.15106306638301017,0.15106350845963337,0.15106545893233655,0.15106263922215415,0.15102999540111792,0.15104805630730436,0.15106346645822072,0.15107369181682914,0.15107271879257947,145.17466408544473,0.16098341806665398
1372,44.299884066223434,44.29988435859082,44.29988426884288,44.299883986880104,44.299884036655065,44.299884011710155,44.29988674933676,44.299884000850426,44.29987302939845,44.29988016802293,44.29988406845672,44.29989641467305,44.29989565901408,145.1746648102223,44.30980408958164
1373,44.29997815787598,44.29997813558202,44.29997850384185,44.29997799773559,44.299978109509766,44.2999780728573,44.29998126060118,44.299978049152315,44.299975667984036,44.29997756555223,44.299978083164774,44.30000473708282,44.30000337680678,157.53480702924458,44.309898151944516
1374,44.29995832725458,44.29995826408498,44.29995864518046,44.29995816271249,44.29995828357854,44.29995824900585,44.299960955088295,44.29995826462011,44.299954833571974,44.29995739950461,44.299958252432106,44.29997739842526,44.29997629500931,157.534806975299,44.30987832839699
1375,0.15149293789851734,0.15149263196320112,0.15149325846947934,0.15149297328062505,0.15149295166950047,0.15149297984474314,0.15149487113914756,0.1514929249861084,0.1514909560572341,0.15149247768967736,0.15149296136983878,0.1515024007571333,0.15150168223391433,157.53480598775252,0.1614130241460562
1376,44.29987883548181,44.29987874181464,44.29987907981393,44.2998787884894,44.29987880481738,44.29987877823371,44.299880713407,44.29987881283978,44.29987899979931,44.299879175025666,44.29987877913056,44.299888078463646,44.29988739380343,157.53480573994193,44.30979885800096
1377,44.299954830120896,44.29995500908615,44.29995509419923,44.29995467182857,44.29995479107519,44.299954757229585,44.29995710500061,44.29995476902743,44.29995701030046,44.29995598188575,44.29995476695091,44.29996812474394,44.29996730211067,157.5348049926041,44.30987483801821
1378,0.15139732521539837,0.15139667983984065,0.15139766050505205,0.15139751256688389,0.15139740555217454,0.15139751789513275,0.151399598139259,0.15139728665717075,0.15139018941472834,0.1513945947218072,0.15139754562918242,0.15140704784101355,0.15140618198910133,145.17465446952951,0.1613175394354953
1379,0.15099902261692125,0.15099890764621263,0.15099994248330875,0.15099990738920221,0.15099945649572213,0.15100000044412495,0.15100154298963567,0.1509990023552093,0.15098271925240414,0.15099193066416472,0.15099994469880276,0.15100849473740077,0.15100761019298586,145.17465565556645,0.16091984514531613
1380,0.15106558202446407,0.1510657396999325,0.15106618100115546,0.15106600571378423,0.15106578294700546,0.15106603113417555,0.15106816331855089,0.1510654545455811,0.1510527873712971,0.15106065653732845,0.151066027362476,0.15107573448667946,0.15107494099138533,145.17465866440475,0.16098601187987463
1381,44.299984881307466,44.29998499525649,44.29998520998348,44.299984713737764,44.299984830097,44.29998478923377,44.299987927800764,44.299984719563774,44.29998165339679,44.29998387036801,44.29998480156295,44.30001267420203,44.30001112733114,157.5348028591643,44.309904870417874
1382,44.299966505763614,44.29996644481165,44.29996681697941,44.29996634022174,44.29996646070188,44.299966423939175,44.299969097791866,44.29996641883161,44.29996345606431,44.29996565991167,44.299966428326826,44.29998486264798,44.299983678098066,157.53480307394872,44.30988650452892
1383,0.15154101696892938,0.15154067617730718,0.1515412992816222,0.1515410025376476,0.1515410054519212,0.15154100459191258,0.15154292801094374,0.15154101424256675,0.15154061985182443,0.15154113561597962,0.15154099548109354,0.1515503925480812,0.1515496584749533,157.5348028066694,0.16146106836499294
1384,44.2998981318861,44.29989798013182,44.29989837642888,44.299898079569545,44.29989810131416,44.299898075395284,44.29990001308985,44.29989811262269,44.29990052964208,44.29989940492507,44.29989807557927,44.299907316361264,44.299906656200534,157.53480264595208,44.30981815506103
1385,44.29995500242013,44.299955137568254,44.299955270198694,44.29995484199751,44.29995496359473,44.29995493018172,44.299957281555486,44.299954944565435,44.299958458049616,44.29995667114494,44.2999549395534,44.29996845594466,44.29996763377127,157.53480226462707,44.309875010861816
1386,0.1519588220739088,0.15195833242197615,0.15195911187636615,0.15195891249230256,0.15195885400221226,0.1519589107568089,0.15196113169835326,0.1519588332549175,0.1519550590977781,0.15195752694905226,0.1519589457868086,0.15196874118604006,0.15196780929282935,145.1746537575753,0.16187895052119333
1387,0.15100999359548037,0.1510093701938656,0.15101096247380769,0.15101082961355672,0.15101041173106813,0.15101093260667567,0.15101249771622008,0.15100993617520567,0.1509974459262575,0.15100478605065432,0.15101085304218106,0.15101859893122713,0.1510178789842739,145.17465072889294,0.16093076905986223
1388,0.15157891261187942,0.15157867749002663,0.15157921236581193,0.1515790407262492,0.1515789586152507,0.1515790324551793,0.1515813358920297,0.15157898168959857,0.15156844717903664,0.15157500416665934,0.1515790588117829,0.1515891063098558,0.15158828260445853,145.17465403478067,0.16149906278806203
1389,44.30001144789179,44.300011612773524,44.30001176709076,44.30001128052067,44.300011395215506,44.30001135449856,44.300014510472145,44.30001127200588,44.30000887708272,44.30001077755992,44.300011367067434,44.300038537065184,44.30003705679379,157.53480387366983,44.309931434959225
1390,44.29996793434386,44.29996777724969,44.29996824157209,44.29996777208797,44.29996788922304,44.29996785456678,44.299970533570566,44.299967855514716,44.299964573167614,44.29996704776224,44.29996785718611,44.299985857559506,44.29998472916557,157.5348043794016,44.30988793346742
1391,44.29990918358711,44.299908875842284,44.29990945253301,44.29990914938893,44.29990915361446,44.29990913206689,44.29991118958437,44.29990915960111,44.2999066354482,44.29990857159958,44.29990913021788,44.29991919779832,44.299918447848825,157.53480424429998,44.309829209365944
1392,44.299919134035996,44.299918859799675,44.29991939193862,44.299919094723045,44.29991910539817,44.299919084667174,44.29992114181287,44.299919110133544,44.299918750347814,44.29991933088925,44.29991908281065,44.299929202647185,44.29992847551767,157.5348041960568,44.30983916202522
1393,44.29997096617194,44.299971085893084,44.299971236645995,44.29997081154616,44.29997092546596,44.29997089461089,44.299973462218965,44.29997090171198,44.2999734228635,44.29997225340066,44.299970901404855,44.29998784872243,44.29998688320999,157.5348041038912,44.30989097254857
1394,44.299914466241454,44.29991476428091,44.299914571137975,44.29991416566342,44.299914419165084,44.299914374791534,44.29991692867649,44.299914458706915,44.29990898779374,44.29991221537219,44.29991443945112,44.29992781582291,44.29992665998668,145.1746593457665,44.309834453360175
1395,0.15148654917286494,0.15148625704076465,0.15148681883055182,0.15148672797720333,0.15148661710366518,0.15148671710217063,0.1514890419717707,0.151486624561149,0.15147358670808558,0.1514811420326221,0.1514867682441079,0.15149798039236803,0.15149706597551832,145.17465914302772,0.16140673921717408
1396,44.299936546607604,44.29993668802095,44.29993675266101,44.29993647047805,44.299936526906514,44.29993651253236,44.2999392084829,44.29993643023636,44.2999283512105,44.29993356117331,44.299936580573934,44.29994831105327,44.299947512530366,145.17466048540626,44.30985659126284
1397,44.30001551233451,44.30001563929505,44.30001583311833,44.3000153547963,44.30001546125582,44.300015424818696,44.30001859294918,44.30001535191784,44.30001214765127,44.30001447919823,44.30001543434404,44.30004060780436,44.300039455620315,157.5348051154924,44.309935502847054
1398,44.299969822204524,44.29996967748406,44.299970132682766,44.29996966908209,44.29996977803438,44.29996974564262,44.29997245664594,44.299969749856295,44.29996544110252,44.29996849127977,44.299969746860846,44.299989468969784,44.299988357498194,157.53480538495498,44.30988982339117
1399,44.29987332059414,44.299872930704254,44.2998735741281,44.29987330507288,44.29987329273612,44.29987327363684,44.299875334144815,44.2998733081196,44.299870298045754,44.299872468736346,44.29987327094938,44.299884187259636,44.2998833902605,157.53480513017496,44.30979335021965
1400,44.299918848420816,44.29991861894263,44.29991909366593,44.299918811046886,44.29991882137867,44.2999188020944,44.299920855054644,44.2999188323192,44.29991819320011,44.29991887411281,44.299918799873325,44.29992935507346,44.299928604042485,157.53480508306424,44.30983887909412
1401,44.299970253262096,44.29997038277792,44.299970515614014,44.299970101838845,44.2999702142696,44.2999701848473,44.29997274534495,44.29997019217413,44.299972097554985,44.299971277806655,44.299970191619956,44.2999872791735,44.29998628783602,157.53480510013677,44.309890262586414
1402,44.29990182742625,44.29990220344127,44.29990194113375,44.29990164479298,44.29990179180189,44.29990175896008,44.299904340206304,44.29990178219406,44.29989275964861,44.29989823421554,44.29990182533641,44.29991597450691,44.29991474371468,145.1746611080294,44.309821837471986
1403,0.15149982714944457,0.1515001109638965,0.1515001487437071,0.15150000085434248,0.15149989127209962,0.1514999877583358,0.15150244903900098,0.15149988498906333,0.15148550679980463,0.15149418737012255,0.1515000439623997,0.15151182548934328,0.15151088511080366,145.17466068135525,0.16142001147168647
1404,44.299941752204695,44.29994174187727,44.299941925422395,44.29994165889429,44.29994173271663,44.29994171668046,44.29994444152381,44.2999416418187,44.29993481354632,44.29993924824793,44.29994178558125,44.299955498767986,44.299954676610945,145.1746617034714,44.30986179505521
1405,44.300001976673364,44.300002075933605,44.3000022870095,44.30000181804405,44.300001925275104,44.30000188832012,44.3000050904877,44.3000018265622,44.29999948158879,44.30000129764341,44.30000189953793,44.30002850252114,44.30002736375994,157.5348054172167,44.30992196634319
1406,44.29997423924046,44.29997418456531,44.299974528565095,44.29997408566734,44.299974195240196,44.29997416290362,44.299976878712094,44.299974158819644,44.29997103250131,44.299973389585745,44.29997416370216,44.29999314860958,44.29999210204156,157.53480549097569,44.30989424063778
1407,44.29990969060939,44.299909327114705,44.29990993959978,44.29990966458747,44.29990966212102,44.2999096423978,44.29991171898197,44.29990967847366,44.299908533700794,44.299909561976385,44.29990963938457,44.29992041493724,44.29991963646777,157.53480514506805,44.30982971900152
1408,44.299918529539404,44.29991823674573,44.29991877415413,44.299918496902855,44.29991850244324,44.29991848388014,44.29992052669215,44.29991851383959,44.29991962062376,44.29991927353198,44.299918481425124,44.299929175808195,44.299928411148564,157.53480498295644,44.309838560748766
1409,44.29996913455412,44.299969180186935,44.299969393682375,44.29996898097189,44.299969093818554,44.29996906320651,44.29997162206602,44.299969069557726,44.29997003779615,44.29996980870653,44.29996907031904,44.29998588066159,44.29998486848356,157.53480460330863,44.3098891409046
1410,44.299905869130306,44.299905863668634,44.29990594001887,44.299905627288744,44.29990582648935,44.299905786561304,44.299908399575195,44.29990583209793,44.29989491002846,44.299901776193174,44.29990585239591,44.299919091198895,44.299917948696,145.17465990684755,44.30982586501071
1411,0.15148447230083528,0.15148429333434218,0.15148472216743547,0.15148464588523095,0.15148453705043505,0.15148463422404237,0.15148701598141545,0.15148454289384725,0.1514678267143822,0.15147768648495932,0.1514846911170031,0.15149549813157753,0.15149454094519438,145.1746590852184,0.16140465650131286
1412,44.29991002628682,44.2999097125911,44.299910174448875,44.29990983220937,44.2999099858821,44.29990995132142,44.29991271326776,44.299909989637136,44.29990331967787,44.29990759924653,44.29991002176042,44.29992198746606,44.299921028918256,145.1746600833592,44.30983002942068
1413,44.29997862287996,44.29997855824063,44.29997895161316,44.29997846652511,44.29997857477065,44.29997854007966,44.29998174459428,44.29997851259028,44.299976471704014,44.29997812053485,44.29997854951477,44.300003333746226,44.300002181013724,157.53480446125147,44.309898618082876
1414,44.29995722018003,44.2999570493555,44.299957526370314,44.29995706582992,44.29995717716787,44.29995714542057,44.299959854350725,44.29995717198369,44.29995304456719,44.29995592660495,44.29995714665565,44.29997697212469,44.29997580342257,157.53480452704986,44.3098772230155
1415,44.29991341789178,44.29991308408079,44.29991367245449,44.299913387428596,44.29991338995037,44.29991337103285,44.29991543088396,44.29991339948475,44.2999121034234,44.299913169424364,44.29991336905622,44.29992433273127,44.29992355660613,157.5348042017603,44.30983344774969
1416,44.29992244673187,44.29992223457105,44.299922693003225,44.29992240689135,44.299922421016355,44.29992240402054,44.29992444946948,44.29992242343054,44.29992424162388,44.29992347453027,44.29992240147015,44.29993326550149,44.29993252870518,157.53480395784908,44.30984248097607
1417,44.29997404672062,44.29997412006812,44.29997430415591,44.29997388821198,44.2999740046653,44.299973973131294,44.299976540261945,44.299973973563134,44.29997637157063,44.29997528584528,44.299973979354036,44.29999132208889,44.299990357539855,157.53480312621275,44.30989405090482
1418,44.29992327348771,44.29992283096495,44.29992334941792,44.29992303371873,44.2999232338498,44.29992319760464,44.29992567991769,44.29992321516388,44.29991948200635,44.29992184693501,44.299923264842676,44.29993638903537,44.299935319420456,0.01916833597495642,44.30984327651432
1419,0.15148714839920124,0.1514869449437293,0.15148737492584316,0.15148731082857445,0.1514872109707119,0.1514873052095869,0.15148957461063803,0.15148721546924845,0.15148293414216416,0.15148557907630486,0.15148736122037182,0.1514983950622621,0.15149749149861183,0.019143010034689503,0.16140732652391396
1420,44.299912922991744,44.299912807449424,44.2999130591553,44.29991270649585,44.29991288104779,44.299912844032946,44.29991554697791,44.2999128968513,44.29991005147966,44.29991200796844,44.29991291432339,44.299925573323826,44.29992445802006,0.019169754971518797,44.30983292239237
1421,44.29998978100364,44.299989595896285,44.29999009496083,44.299989619884634,44.29998972908376,44.29998969175859,44.299992892121075,44.299989642274305,44.299990596150195,44.299990344491725,44.299989702524925,44.300019963831716,44.30001840460722,157.5348033197331,44.30990976980073
1422,44.29997346441587,44.29997321742878,44.29997375456123,44.29997330643071,44.29997341873434,44.299973385537385,44.29997611082275,44.29997339150925,44.29997281406521,44.29997348792305,44.29997338695887,44.299994652960976,44.29999353343914,157.53480378225024,44.30989346322715
1423,44.299924187519686,44.299923839557806,44.29992443886733,44.29992415192158,44.29992416180192,44.29992414563977,44.29992622111018,44.29992415894956,44.29992463868794,44.29992466819342,44.299924142851495,44.29993544805179,44.29993468042147,157.53480364715722,44.30984422221585
1424,44.29992642430807,44.29992617945165,44.299926678671675,44.29992639732499,44.29992640102699,44.29992638737543,44.29992843964896,44.29992639073816,44.29992825238159,44.299927460417486,44.29992638474277,44.29993733662163,44.29993659336724,157.5348036035597,44.30984646388774
1425,44.29997592389464,44.29997598700106,44.29997618870225,44.2999757687062,44.299975881095186,44.29997585060969,44.299978443146955,44.299975854686245,44.29997859298441,44.29997733120188,44.299975856679715,44.29999348709788,44.299992555615006,157.53480343188934,44.30989592745047
1426,44.29993314982243,44.299933034093954,44.299933260523,44.29993305566773,44.29993312824073,44.29993311290656,44.29993569388348,44.29993305090306,44.299929543832405,44.29993175802259,44.299933176928356,44.29994653353126,44.299945567665,145.17465874525777,44.30985318971825
1427,44.29989405893891,44.29989444498474,44.29989411998758,44.299893905288194,44.299894030789034,44.29989400822362,44.299896582257,44.29989399511626,44.29988880708236,44.29989203668828,44.2998941042479,44.29990557087559,44.29990469670497,145.1746581268101,44.30981408429587
1428,44.299950293201015,44.29995045993647,44.29995045507591,44.29995020041142,44.29995027200962,44.299950258899116,44.29995303338066,44.29995019420946,44.29994801688438,44.29994956756226,44.29995032589168,44.29996426941265,44.29996340623646,145.17465931235944,44.309870334786275
1429,157.52139445366157,157.52139451834444,157.5213947769772,157.52139431106758,157.52139441336186,157.52139438129612,157.5213975257507,157.52139429844115,157.5213947212305,157.52139473271163,157.52139439838,157.52142206138572,157.52142074022805,157.5348037317185,157.53131446515593
1430,44.29997498755662,44.29997484533041,44.29997529513071,44.29997483294801,44.299974942198794,44.299974910593924,44.299977630508884,44.29997491216352,44.299972296295095,44.29997424936065,44.299974910795896,44.29999402328318,44.2999930598553,157.53480392457277,44.30989498693316
1431,44.299887956762085,44.299887656774736,44.299888209327946,44.29988794326718,44.299887928886164,44.299887910210465,44.29988987779109,44.29988794473807,44.29988678870586,44.299887817465084,44.29988790765646,44.29989752341641,44.299896823927334,157.534803586782,44.30980798659444
1432,44.29991319907884,44.299912992630944,44.29991342577036,44.299913169260286,44.29991317197503,44.2999131516093,44.29991509754976,44.29991318417503,44.29991491314082,44.29991420440404,44.299913148828125,44.299922810208216,44.29992210848636,157.53480339402296,44.309833229157384
1433,44.299955333263306,44.29995542573707,44.29995557066827,44.29995518134237,44.29995529557004,44.29995526408283,44.29995761054412,44.299955282483346,44.2999577130907,44.29995657284496,44.29995527283241,44.299969201140904,44.29996832062883,157.5348027271841,44.309875343752594
1434,0.15148748795798386,0.1514876632997644,0.15148769937758444,0.1514875569587705,0.15148754644271265,0.15148755248406956,0.15148971631556896,0.15148754582229648,0.15148006320471466,0.1514847193589974,0.15148755321996765,0.1514983052507432,0.15149729446451718,145.1746548007061,0.16140761531105996
1435,0.15100838902191036,0.15100857134137627,0.15100940393233844,0.15100929098636887,0.15100883103414245,0.15100937215281113,0.15101088724458375,0.1510083759438636,0.15099605723933915,0.15100294254189028,0.15100931263963183,0.1510181761030722,0.15101713561430202,145.1746544919826,0.16092922269006674
1436,0.15370942680497632,0.15370941266016647,0.1537096348410744,0.1537094635792301,0.15370942255854128,0.15370943131746692,0.15371185440052523,0.15370939112949908,0.15370114880196092,0.15370623373889764,0.15370949221627683,0.15371906956364148,0.1537180804470953,145.1746556948806,0.16362949450713418
1437,44.299989303464464,44.299989540948836,44.29998960054194,44.299989138717734,44.29998925191908,44.29998920915145,44.29999230141763,44.29998911871869,44.29998424068041,44.29998735446029,44.299989224355414,44.3000163656132,44.300014927929624,157.53480149826916,44.309909291629026
1438,44.299962886144385,44.299962901539864,44.29996316266125,44.29996272742213,44.299962842086195,44.29996280382357,44.29996545875324,44.29996278581158,44.29995729731312,44.29996103394072,44.29996280899635,44.299981196787144,44.29997994466331,157.53480186000397,44.30988288591993
1439,0.15162345491210402,0.15162309734108467,0.15162375937979364,0.15162347553337327,0.15162346048526404,0.15162347828960124,0.15162538672164752,0.15162348486286278,0.1516217520380203,0.15162309823357287,0.15162345892943999,0.15163315810576114,0.15163239642986806,157.53480160925886,0.16154352060980032
1440,0.1517391234726793,0.15173877586734363,0.15173940668426136,0.15173913459966568,0.15173912502085077,0.1517391385700466,0.15174104256193902,0.1517391620437997,0.15173985481196703,0.15173970350040497,0.15173911100588408,0.15174864225515977,0.15174790230995094,157.5348014603597,0.16165917012611816
1441,44.29994810461283,44.299948159534445,44.299948339545544,44.299947959786266,44.29994806646126,44.29994803157646,44.29995037649101,44.29994803837963,44.29994882981884,44.29994864604632,44.29994804216682,44.299961433684075,44.29996050789824,157.53480084807873,44.30986811381072
1442,0.15143186640136738,0.15143169209309232,0.15143218134809538,0.1514320209932781,0.1514319250935923,0.1514320137629565,0.15143417613373106,0.15143192608930292,0.15141958272844303,0.15142706664395797,0.15143203857460333,0.15144242298770064,0.15144139240904986,145.17465424012508,0.16135203734330783
1443,0.15100359189779408,0.15100335885161112,0.15100450959608666,0.15100444010660333,0.15100400056083357,0.15100451264316164,0.15100612114151993,0.15100353075886752,0.15098983294248175,0.15099774060118154,0.15100445271032661,0.15101299748214228,0.15101191689183166,145.1746538695427,0.16092435757824938
1444,0.18580453009470954,0.18580426237059663,0.18580471372382745,0.18580454472763464,0.1858045140221636,0.18580450900509948,0.18580699174283474,0.18580448822022166,0.18579817758382675,0.1858022710200923,0.185804573663934,0.1858150880276085,0.1858139862491611,145.17465557387433,0.19572457958315467
1445,44.299989617573885,44.29998976538167,44.29998991613953,44.29998945513509,44.29998956591293,44.29998952599406,44.29999267269991,44.29998945243246,44.2999864052318,44.299988591816486,44.299989540589884,44.300017062386274,44.3000157069903,157.5348021762054,44.30990960634418
1446,44.29997513190781,44.299975152304256,44.29997540917268,44.29997497735772,44.299975087145064,44.29997505295602,44.29997771833238,44.299975037747124,44.299970093189394,44.29997352782126,44.299975056018646,44.29999349949792,44.29999239512198,157.5348025224038,44.309895131660376
1447,44.29991596462079,44.29991560938891,44.299916210478905,44.299915938664014,44.29991593612147,44.299915916187935,44.2999179864151,44.29991594470069,44.29991415024508,44.29991557645369,44.29991591444113,44.2999267552747,44.299925970615895,157.53480233929744,44.30983599320493
1448,44.29992303385317,44.29992284006775,44.299923284224924,44.2999230157475,44.2999230098145,44.29992299385031,44.29992504568344,44.29992301061203,44.29992499747865,44.29992410395871,44.299922990868595,44.2999340322061,44.299933289037874,157.53480220758,44.30984307062179
1449,44.29997688553443,44.29997710116718,44.2999771497158,44.29997673500852,44.29997684388899,44.299976813212716,44.29997939289191,44.299976815069726,44.29998047604304,44.299978674750406,44.29997681930195,44.299994860779066,44.299993866519195,157.53480175742928,44.30989689030713
1450,44.29993227345488,44.29993260351409,44.299932424937474,44.29993216530039,44.29993224939528,44.299932230180936,44.299934719483424,44.29993217025778,44.29992682738091,44.29993009256115,44.29993229451177,44.299945715150216,44.299944536313156,145.17465400630294,44.30985230754888
1451,44.29978278842939,44.299783201700045,44.299782884040155,44.299782756737216,44.29978277142751,44.29978276070349,44.29978531454051,44.299782672808725,44.29977288062199,44.29977875368029,44.29978285514981,44.299793779146825,44.29979274790552,145.1746539954153,44.30970283633214
1452,44.29994114413904,44.299940953426564,44.299941328784854,44.299941051028185,44.29994112030192,44.2999411059902,44.29994385542764,44.29994103946899,44.29993532194286,44.29993886091693,44.29994117224197,44.29995341342985,44.29995249030184,145.17465494703737,44.309861182375805
1453,157.5318783411228,157.53187857241798,157.53187864161984,157.531878198553,157.5318783012627,157.531878268287,157.5318813355805,157.53187817917615,157.53187467471082,157.53187696401827,157.53187828648177,157.53190693685883,157.53190563733273,157.53480131618494,157.5417983523108
1454,44.29997756224608,44.299977600153596,44.29997785772604,44.299977409339725,44.299977517051595,44.29997748599008,44.29998021292983,44.29997747405889,44.299972006813455,44.29997586545096,44.29997748614508,44.299995667574564,44.299994637484126,157.5348016191135,44.30989756197837
1455,44.29991785456607,44.29991752838024,44.29991812059916,44.29991784990699,44.29991782982116,44.299917814838956,44.299919896901976,44.29991783555797,44.299916031885495,44.29991747779787,44.299917812286814,44.29992876085618,44.299927968529914,157.5348014041024,44.30983789059653
1456,44.29991581012592,44.29991549610721,44.299916081824655,44.29991579859498,44.299915784149455,44.29991576717918,44.299917824511546,44.299915795741235,44.29991618301636,44.299916275305186,44.29991576427222,44.29992677513767,44.299925986082634,157.53480122140465,44.30983584351151
1457,44.29996883212195,44.29996891965839,44.2999690997805,44.29996868314563,44.29996879139429,44.29996876119191,44.29997133471951,44.29996877128794,44.29996947428708,44.29996941280544,44.29996876637358,44.299986163821615,44.29998509704063,157.53480060468578,44.30988883858445
1458,44.29991605750334,44.29991574265737,44.29991616933648,44.299915776947216,44.29991601139354,44.29991596853146,44.29991852880429,44.299916037114635,44.29990907326009,44.29991351350858,44.29991603643902,44.29992929647799,44.29992801171178,0.019147679665456465,44.30983604711347
1459,0.15149687165712084,0.15149676653910601,0.15149710359338905,0.15149703455202987,0.151496931542301,0.1514970229760126,0.1514993709638161,0.15149692964255387,0.15148950629712865,0.15149409819783566,0.15149707969659423,0.15150856071327076,0.1515075173766475,0.01913930554883363,0.16141704505937832
1460,44.29992552889925,44.29992539690892,44.299925651368596,44.2999253615743,44.29992549567328,44.299925468114274,44.29992818257515,44.299925454906514,44.29991888749904,44.29992313782912,44.299925538217956,44.29993809118586,44.299936987085296,0.019148185978311385,44.30984554631154
1461,44.30002912047038,44.30002911887309,44.30002943052644,44.30002896159954,44.300029068339796,44.300029031139026,44.30003221935937,44.30002896112948,44.30002690235423,44.300028547666216,44.30002904140514,44.30005818526437,44.300056578126316,157.5348022721321,44.30994910919515
1462,44.29997454446282,44.29997433316862,44.299974844096404,44.29997438640324,44.29997449932699,44.29997446620988,44.299977190650175,44.29997446652127,44.29997302056157,44.29997429041928,44.29997446743536,44.2999953380799,44.29999413040255,157.53480284268218,44.309894543822146
1463,44.29991708722239,44.29991667985315,44.29991734111993,44.299917048057814,44.29991705818731,44.29991703864092,44.29991912034902,44.299917073973916,44.299916945597374,44.29991739839428,44.29991703588991,44.299928265149504,44.29992748000854,157.53480270353697,44.30983711525352
1464,44.29992328419104,44.29992302292687,44.29992353550284,44.29992325091109,44.29992325914978,44.29992324331465,44.29992529510536,44.299923261425015,44.29992504098393,44.29992431769231,44.299923239967825,44.29993432401401,44.29993357493978,157.5348026493405,44.30984331987893
1465,44.29997481993129,44.29997488764312,44.29997507984232,44.29997466441168,44.29997477826364,44.29997474778309,44.29997732190901,44.299974754137146,44.29997731494919,44.299976144063415,44.29997475242604,44.299992711195635,44.299991732597476,157.53480237581164,44.30989482487802
1466,44.29992650394558,44.29992659451694,44.29992660297051,44.29992633129762,44.299926472317246,44.299926445274586,44.29992897339179,44.29992643630317,44.29992112840785,44.29992437052056,44.29992650209812,44.29994023083373,44.29993908236538,145.17465736816794,44.30984652252571
1467,44.299534686885615,44.29953511191377,44.299534770819555,44.2995346505883,44.29953466837271,44.29953465558942,44.29953720761008,44.29953458390909,44.299527187734064,44.299531656428975,44.29953473926721,44.299545663766146,44.29954471634391,145.17465684670896,44.30945473054501
1468,44.29993514349052,44.2999354870423,44.29993528553464,44.29993506320594,44.29993512269247,44.299935108525034,44.29993782073999,44.2999350411618,44.29993112748452,44.29993371417234,44.29993517137155,44.299947377305216,44.299946508451775,145.17465764889187,44.30985518542709
1469,44.30006946619108,44.300069512656044,44.300069778963994,44.30006930769901,44.30006941592799,44.30006938061317,44.300072536800876,44.30006930988565,44.30006788400768,44.300069017149006,44.30006939064387,44.30009814162454,44.30009673267504,157.5348027659346,44.30998945803574
1470,44.29997515437023,44.299975034906076,44.29997546703505,44.29997498850799,44.29997510883828,44.299975075993245,44.299977785072365,44.29997507368292,44.29997208005412,44.29997427019736,44.299975078093816,44.29999580761677,44.29999463307527,157.5348030190958,44.30989515325344
1471,44.29992412120372,44.29992382377174,44.29992438843019,44.29992409055163,44.29992409650918,44.29992408138771,44.29992615410839,44.299924090923184,44.29992427259821,44.299924480407036,44.299924079747406,44.29993545866935,44.29993465701299,157.5348027895558,44.309844157812584
1472,44.29993022264245,44.29993006824666,44.299930476044246,44.29993019195431,44.299930200310484,44.299930187349666,44.29993223645031,44.299930189740365,44.29993354419228,44.299931884440234,44.299930184547144,44.29994147987255,44.299940738343814,157.53480260130502,44.30985026392924
1473,44.29997701609482,44.29997717283782,44.29997727385908,44.299976859644936,44.299976973903995,44.299976943173895,44.2999795178061,44.29997694363513,44.29998046233609,44.29997874496137,44.29997694825797,44.299994926219306,44.299993934245094,157.5348020434008,44.30989702019139
1474,44.299928764406765,44.29992856981289,44.299928863971076,44.29992863597898,44.29992873857196,44.299928718302,44.29993122525639,44.299928672857725,44.2999248505499,44.29992724835373,44.299928783340484,44.29994254545908,44.29994137142226,0.01913704156051076,44.3098487956775
1475,44.298720827630895,44.2987211777229,44.29872089669962,44.29872078869561,44.29872081138756,44.298720799044645,44.29872322921381,44.29872071897199,44.29871275360076,44.29871751843495,44.298720895425525,44.298732618126586,44.29873162392951,0.019131955101295273,44.30864087456076
1476,44.299906533896824,44.299906375687165,44.29990660730226,44.2999063157121,44.29990649295749,44.299906457214206,44.2999091026613,44.29990650120917,44.29989978812523,44.29990393162274,44.29990652816366,44.299919455880854,44.299918425034015,0.019136358248168405,44.30982653421514
1477,44.300009792422486,44.30000987774275,44.30001009339756,44.30000963629133,44.300009742061015,44.30000970631425,44.300012884240225,44.30000964657855,44.30000749187169,44.30000905785686,44.300009719786466,44.3000429571772,44.30004136300308,157.5343171650978,44.30992978374605
1478,44.299975571994686,44.29997561645695,44.29997585590692,44.29997541851722,44.29997552775702,44.2999754956636,44.299978191013615,44.2999754925207,44.29997073888661,44.29997403255277,44.29997549730084,44.29999648627168,44.29999526043711,157.5343178762523,44.30989557295285
1479,44.299920452548754,44.29992025422089,44.29992070563694,44.29992043428467,44.29992042745763,44.29992041124715,44.29992247502514,44.29992042808377,44.29991769974071,44.29991968719626,44.29992040984387,44.29993162739358,44.29993079351942,157.5343177483354,44.309840487744104
1480,44.29992296190675,44.29992284564994,44.29992321298774,44.299922952238624,44.29992293942919,44.2999229249049,44.299924970156326,44.29992293095407,44.299921888245365,44.299922826622726,44.299922923533906,44.299933784387726,44.29993296547334,157.5343176069263,44.30984300164467
1481,44.29997645550343,44.29997668128703,44.29997671081572,44.299976305036104,44.299976413834,44.29997638236032,44.299978956808864,44.29997637696008,44.299977204048425,44.29997705461642,44.29997639029555,44.29999378417264,44.29999273775257,157.53431693134607,44.30989645995442
1482,44.299933634408006,44.29993310214213,44.29993372236129,44.299933520138076,44.299933609550884,44.299933587472346,44.29993600495931,44.29993351008954,44.299925078342575,44.29993031826103,44.29993365061312,44.299946292413125,44.29994522346586,0.01912547765618191,44.30985366605686
1483,0.15184475381367582,0.1518442488934019,0.1518449194574962,0.1518449134972081,0.15184480985693213,0.15184489317674396,0.15184708644336345,0.1518447581135759,0.15182802564389714,0.15183786049627643,0.15184495702863357,0.15185614615873186,0.15185511031902893,0.019123707215170073,0.16176492346573426
1484,44.299915092504385,44.29991450351536,44.29991519251282,44.2999148360961,44.29991505028275,44.29991501051211,44.299917475949094,44.29991506132078,44.29989966890417,44.299909150901435,44.29991508152037,44.29992829016255,44.29992722701761,0.0191257756657444,44.309835088096605
1485,157.53304175677175,157.5330433160337,157.53304137487396,157.53304092851258,157.53304138280814,157.53304099674023,157.53304450124293,157.53304103740547,157.5330331909116,157.53303840880955,157.53304102064462,157.5330727342304,157.53307112030248,0.03100782660709964,157.54296108137657
1486,44.29997717062219,44.299977267564486,44.299977454619516,44.29997701831988,44.299977127239835,44.299977095178484,44.299979789464544,44.29997707806223,44.2999698252209,44.29997482697426,44.29997710089538,44.29999666611858,44.29999523445165,0.031008475860042337,44.30989717280958
1487,0.15191583483006152,0.15191538320731005,0.15191617769748922,0.15191591193366824,0.15191586056556486,0.1519159008963406,0.15191778747491444,0.15191589448288273,0.15191054871869994,0.15191419539090162,0.1519158734048632,0.15192549386769597,0.1519246019679176,0.031008296635985092,0.16183590569181705
1488,44.29975006354464,44.29974991210623,44.299750282587375,44.299750039240216,44.29975003452381,44.299750010113875,44.299751952380554,44.29975004460281,44.29974811059038,44.29974965455386,44.29975000957225,44.299759502853654,44.299758691580884,0.031008146933986975,44.30967008902885
1489,44.299954912048406,44.2999551322991,44.29995514297283,44.299954762446426,44.299954874448936,44.29995484197548,44.29995719457907,44.299954855157885,44.299954920548906,44.29995520733237,44.29995485114777,44.299968615132144,44.299967627378244,0.031007456939329863,44.30987492222042
1490,0.15148888083859144,0.15148861535298494,0.15148913689094548,0.15148901747655294,0.15148893195601992,0.1514890127093549,0.15149121835390097,0.15148898162175356,0.1514745116178425,0.1514831591610382,0.15148904038016967,0.15149994249196205,0.1514989881977045,0.01912497367489019,0.16140903649663216
1491,0.15101439791162416,0.15101369612523255,0.15101524055802892,0.15101531855127615,0.15101484162231402,0.15101539620027485,0.15101676007389989,0.1510144149541528,0.15099795130177063,0.15100717854482207,0.15101534736352037,0.15102380967216425,0.15102288608298967,0.0191234313258521,0.16093526324193688
1492,44.29950426471012,44.29950362793011,44.29950433724991,44.29950422234372,44.299504245876705,44.299504226830436,44.29950645936217,44.29950416178909,44.2994975842441,44.29950153055458,44.299504294535666,44.29951382361721,44.29951324357799,0.019125049486004447,44.30942430432958
1493,44.29999485316466,44.299995298629106,44.29999514593882,44.29999469337222,44.299994803266344,44.29999476285453,44.29999789172819,44.29999466681059,44.29999075038972,44.299993323638034,44.2999947796163,44.30001875693659,44.30001782497296,157.53477651642785,44.30991484393428
1494,44.29996458231475,44.29996474050401,44.299964868180375,44.299964425936054,44.2999645385888,44.2999645020278,44.29996712924799,44.2999644848592,44.29995603254667,44.29996171677153,44.299964506810916,44.299982018329736,44.29998087552928,157.53477706767515,44.30988458287882
1495,0.1516045272626887,0.15160421748752298,0.1516048420979186,0.15160457404513317,0.15160454482966146,0.15160457510339845,0.15160646380790474,0.1516045451263097,0.15159851354313972,0.1516026212813654,0.15160455244804721,0.15161438557216925,0.151613560802732,157.5347768878759,0.16152461147852457
1496,0.1524467310953771,0.15244660077876288,0.15244698002636944,0.15244672222015593,0.15244671746411653,0.15244671385539668,0.15244861433637244,0.15244672941921494,0.15244391780067554,0.15244591075241942,0.1524467067046549,0.15245625685083095,0.1524554630824326,157.53477675045355,0.1623667768221899
1497,44.29994291949108,44.29994306309491,44.29994315193121,44.29994278056969,44.29994288311326,44.29994285014828,44.29994518506532,44.299942852833446,44.2999404019368,44.29994212103458,44.29994286120718,44.29995626140329,44.2999552617436,157.53477625097975,44.30986293239814
1498,0.15107868540120192,0.15107887066116418,0.15107911133524224,0.15107902277698446,0.15107898274858608,0.15107903658149593,0.1510810500571566,0.15107877607404369,0.151063250591321,0.15107246208005415,0.15107901961188897,0.1510899589635181,0.15108899372418422,145.17460631446866,0.16099907339756062
1499,0.15100391383215658,0.1510039750307283,0.1510043664713006,0.1510044223854984,0.1510043566280169,0.15100444665902926,0.151006205554852,0.15100408692055298,0.15097889442141263,0.1509925837920851,0.1510044204423899,0.15101464018880173,0.15101362152719583,145.1746052341669,0.16092446854602316
1500,0.15109577243044006,0.15109480666342537,0.15109645689189816,0.15109638974524695,0.15109606621691907,0.15109643416926485,0.151098279826921,0.15109573309429197,0.15108241652481702,0.15109037330936692,0.1510963934822934,0.15110723224129533,0.15110620298284888,145.17460640704783,0.16101636804369748
1501,44.3000170869606,44.30001743950486,44.300017385698,44.30001692621678,44.30001703798255,44.30001699911198,44.30002011384443,44.30001691690128,44.300012721023194,44.30001563501369,44.30001701325486,44.30004838045517,44.30004679178376,157.53475385794147,44.309937079605994
1502,44.29997365595008,44.29997383285079,44.29997395276203,44.29997349345292,44.29997361255434,44.29997357898293,44.299976226308964,44.29997356940253,44.299967056963816,44.29997149645012,44.299973581777174,44.29999381839857,44.29999260560802,157.5347544970003,44.30989365796757
1503,44.299923099489405,44.29992297672189,44.299923345890754,44.299923053734624,44.29992307310513,44.29992305460368,44.29992511088803,44.299923070206155,44.2999206467494,44.299922506324826,44.299923054246584,44.29993429774146,44.29993346124619,157.53475435729308,44.30984313209032
1504,44.299926319232014,44.29992625478322,44.29992656477469,44.29992629089359,44.299926295538576,44.29992627994836,44.29992831986923,44.29992628314915,44.29992630327967,44.299926626179996,44.29992627893534,44.29993730520709,44.2999364969697,157.53475420293236,44.3098463573529
1505,44.299976422995144,44.29997663440759,44.29997667469377,44.29997626975185,44.29997638037268,44.29997634776541,44.299978908568995,44.29997633989874,44.29997682639487,44.29997683599844,44.29997635529569,44.29999392983444,44.29999288252486,157.5347534799432,44.309896425834246
1506,44.29991379744296,44.29991350781898,44.299913851058285,44.29991343493652,44.29991374316396,44.29991368956642,44.29991618022191,44.29991379118264,44.29990153763462,44.29990918315633,44.29991375603072,44.2999272735285,44.29992612959844,0.019129307964698822,44.30983376828764
1507,0.1514764924184066,0.15147626539304007,0.15147670127957322,0.1514766742041882,0.1514765595463304,0.1514766591808774,0.15147888594974665,0.15147656150996938,0.15146210103269464,0.15147051027412264,0.15147671965055196,0.1514887155914542,0.15148758614636296,0.019126812420123502,0.16139668051299624
1508,44.29987805706069,44.29987754629649,44.29987823498295,44.299877959780765,44.29987802915709,44.299878002986624,44.29988049672689,44.29987797805082,44.29986942593243,44.29987458374384,44.29987807662678,44.299890942413406,44.29988988147637,0.019130346994971188,44.30979808072404
1509,44.29998575604312,44.299986067307856,44.299986062071405,44.29998560135757,44.29998570905909,44.299985673519615,44.299988822661014,44.299985613525656,44.2999808681578,44.299983997295406,44.29998568856484,44.30001242324433,44.300011313228595,157.53478544986717,44.30990575217498
1510,44.29996969406228,44.299969873410696,44.299969987434025,44.299969545637225,44.29996965307069,44.29996962137074,44.29997226898979,44.29996961596796,44.29996152446407,44.29996686957593,44.299969624130064,44.29998982701517,44.299988674361806,157.53478600691292,44.3098896999885
1511,0.15321224569409012,0.1532120777356016,0.15321252863119592,0.15321223880860324,0.1532122264228412,0.15321221803082172,0.15321426428179366,0.15321223897994554,0.1532075602296753,0.15321074273412266,0.15321221505282911,0.15322327066516583,0.1532223814155893,157.53478586667123,0.16313229073906443
1512,44.2994461127821,44.29944592033212,44.29944636847031,44.299446095027264,44.29944608420798,44.29944606182556,44.2994481047111,44.29944610274408,44.299443013926115,44.299445289715,44.29944606170552,44.29945684401139,44.29945597036855,157.5347857187976,44.30936613967996
1513,44.2999601559495,44.29996020529273,44.299960437265575,44.299960005382246,44.29996011576466,44.29996008372117,44.29996264544795,44.29996009483856,44.29995802576471,44.29995961260811,44.299960093673214,44.29997733396613,44.29997618456497,157.53478513190973,44.3098801622567
1514,44.299914993668104,44.29991536929503,44.2999150960712,44.29991472677653,44.29991495110654,44.29991490678404,44.29991736928046,44.2999149574217,44.299897064123996,44.299907618900285,44.29991497082835,44.29992833882958,44.299927168104006,145.17449824944813,44.309834986147024
1515,0.1513809680750656,0.1513812107183801,0.15138133405718654,0.15138121477307004,0.1513810657935513,0.15138119301054762,0.15138343985898803,0.151380900454764,0.15134705665954307,0.1513668702967258,0.15138125507619163,0.1513922417811861,0.1513915575149321,0.0191286765643082,0.1613012178303323
1516,0.16614569456244496,0.16614583228564153,0.16614596207342305,0.16614570333744635,0.16614567543387534,0.1661456660932592,0.16614837563399176,0.16614560649339497,0.1661368377313353,0.16614266271292885,0.16614573209829556,0.1661605701600628,0.16615989328804517,145.17450104896065,0.17606573754883545
1517,44.29998937897671,44.29998957079372,44.29998971183289,44.29998922049224,44.299989328530124,44.299989289765136,44.29999246181759,44.29998920472439,44.29998524449386,44.29998804742511,44.29998930601315,44.30001571888244,44.30001479195727,157.53479957495574,44.3099093694048
1518,44.29997208520955,44.29997210074265,44.29997238984089,44.29997193408506,44.29997204155691,44.29997200846753,44.29997469946338,44.29997199435176,44.29996700455121,44.29997059291611,44.299972013122236,44.299988982807825,44.29998814312993,157.53479988100744,44.309892086898174
1519,44.29992168702148,44.29992142627675,44.299921950842936,44.29992164740167,44.29992165975162,44.299921640621676,44.299923708504906,44.29992165892199,44.29991844176573,44.299920856071274,44.29992164201614,44.29993196028145,44.29993119363683,157.53479970828758,44.30984171767903
1520,44.29993189442842,44.29993180891926,44.299932163013544,44.299931848074785,44.29993186857976,44.29993185090896,44.29993390722148,44.29993185204963,44.299930450595745,44.2999317111325,44.299931852977615,44.29994271637594,44.29994190598396,157.53479956936206,44.30985192811997
1521,44.29997877309875,44.29997897383701,44.29997905161298,44.29997862083903,44.29997872963272,44.29997869682031,44.299981278479635,44.29997867783366,44.29997918755037,44.29997925345953,44.299978706818315,44.299996857839425,44.29999579643145,157.5347990025175,44.309898774691426
1522,44.299940897553434,44.299941278119555,44.299940996516426,44.29994078821554,44.299940874036366,44.29994085201424,44.29994331838122,44.29994077911949,44.29992732346929,44.29993538361348,44.29994091255057,44.29995505164964,44.29995411195688,145.17464638112963,44.30986093096587
1523,0.15131201892787502,0.15131160552750297,0.15131242454322422,0.1513123332610226,0.15131214871012635,0.1513123168430437,0.15131458993666128,0.15131190802767722,0.1512967389032442,0.15130591178868075,0.15131236541176085,0.15132307581001617,0.15132231354331038,145.1746461335657,0.16123232981170962
1524,44.29992624454592,44.29992592852326,44.29992639168393,44.2999261120193,44.29992621848235,44.29992619407714,44.299928819094184,44.299926146129735,44.29992024391624,44.2999242001025,44.299926266292225,44.29993975486071,44.299938830668815,145.1746470326667,44.30984627289866
1525,44.3000089329147,44.30000913559073,44.300009258885616,44.30000878223074,44.300008884999166,44.300008850075585,44.30001200791454,44.30000877299818,44.300003543385536,44.30000720470462,44.300008866151366,44.30003560747806,44.300034543719875,157.53480424642296,44.30992892818042
1526,44.29996760839708,44.29996752456779,44.29996789996934,44.29996745929865,44.29996756542439,44.299967533770996,44.299970213767104,44.299967525279364,44.29996007029928,44.299965216980915,44.29996754044254,44.299983629038564,44.29998277196154,157.53480467787696,44.30988761125354
1527,44.29991925714531,44.299918972635886,44.29991951522279,44.29991923397599,44.29991923091777,44.29991921320272,44.299921268250586,44.29991922824551,44.29991318590769,44.29991737911058,44.29991921651254,44.29992978559375,44.29992889965343,157.53480451827699,44.3098392897385
1528,44.29991976762781,44.29991949596997,44.29992002970215,44.29991974436564,44.29991974136215,44.29991972359022,44.29992176036958,44.299919738364224,44.29991564302018,44.299918600141616,44.29991972467261,44.299930183225875,44.29992930184597,157.53480450226246,44.3098398003061
1529,44.29996491863295,44.29996498120018,44.29996517847429,44.299964773475516,44.29996487919445,44.2999648492742,44.299967405477595,44.29996486012285,44.29996360832848,44.29996472118906,44.29996485629413,44.29998206848948,44.29998090213479,157.53480446580554,44.30988492681727
1530,44.29989942031886,44.29989964664389,44.29989953117701,44.29989926622798,44.29989938769584,44.2998993568514,44.29990194729003,44.29989936476511,44.299877202474455,44.2998900677028,44.29989941994665,44.29991329267988,44.29991203204079,145.1746600628335,44.3098194347861
1531,0.15149817080859154,0.15149841213243734,0.1514984439742715,0.15149834574493948,0.15149823621666092,0.15149833148739295,0.1515006697885233,0.1514982524022628,0.15147438410864825,0.15148821128666787,0.1514983854196549,0.1515092921117088,0.15150841385210045,145.17465935226514,0.16141835466234042
1532,44.29994231000989,44.29994237294762,44.29994245625587,44.29994220232754,44.29994228987482,44.29994227095639,44.29994491165137,44.29994220861169,44.2999342137843,44.299939439816335,44.29994233749117,44.29995592502454,44.29995528159952,145.17466046579662,44.3098623491769
1533,44.3000530501894,44.30005316202624,44.30005335123047,44.30005290144988,44.300053001204,44.300052965567374,44.300056131193095,44.300052893248136,44.30004986091826,44.300052097122126,44.300052978501334,44.300080132153965,44.30007903010974,157.53480508588717,44.30997304372011
1534,44.29997350560513,44.29997340963089,44.2999737936126,44.2999733561521,44.29997346226984,44.29997343039067,44.29997613489886,44.2999734279455,44.299970487345256,44.299972676785785,44.29997343290581,44.299992315019296,44.29999133108034,157.53480537659064,44.309893508043096
1535,44.2999063655596,44.299905904268684,44.299906622376604,44.29990635562942,44.299906338171155,44.299906319627944,44.2999083860037,44.29990635010495,44.2999041839606,44.299905956668084,44.29990631872922,44.29991750138952,44.29991664113968,157.53480510954856,44.309826396115035
1536,44.299915145221775,44.299914779166706,44.29991539547557,44.29991512298275,44.29991511731517,44.29991509814119,44.299917146545575,44.29991512838777,44.299913659383314,44.29991495697353,44.29991509713383,44.29992619446492,44.29992533691422,157.53480506786352,44.309835174870905
1537,44.29997603932693,44.29997618517368,44.29997629855589,44.29997588800142,44.29997599807411,44.29997596684083,44.299978542808894,44.299975962183424,44.29997687189419,44.29997662515274,44.29997597494256,44.299994170524435,44.29999305723491,157.5348050214556,44.309896044517984
1538,44.29993028117863,44.29993067226375,44.29993037807628,44.2999301572996,44.299930257166636,44.29993023507308,44.29993280793233,44.29993018763926,44.299916241962286,44.29992467881822,44.29993029632562,44.2999467613378,44.29994523311521,145.17466084005542,44.30985031424851
1539,0.151487878853052,0.15148816097656903,0.15148818169654066,0.15148805635700946,0.15148794448758063,0.15148804093719467,0.15149043360508893,0.15148797077036896,0.15147317095893884,0.15148205957576014,0.1514880960411388,0.15150104120704008,0.15149994878996756,145.1746604402462,0.16140806363688653
1540,44.29992662071272,44.29992698739208,44.29992677083403,44.29992647243628,44.29992659389245,44.29992656801594,44.299929222146,44.29992655074141,44.2999190504608,44.29992393769572,44.299926638878134,44.299940455512164,44.299939854792775,145.17466208046667,44.30984664665823
1541,44.300004486820235,44.30000473120463,44.30000479829564,44.300004336491064,44.3000044396365,44.30000440425132,44.30000758940117,44.3000043384624,44.300001217483775,44.30000357372842,44.300004418286164,44.300034970538896,44.300033530767216,157.5348053600882,44.30992448298476
1542,44.29996477618415,44.299964858886774,44.2999650685234,44.29996462738507,44.29996473565731,44.299964703974474,44.299967385946566,44.29996470895325,44.299959216925686,44.29996293242704,44.29996470854369,44.299984013297326,44.29998296209367,157.53480542068823,44.30988478259053
1543,0.15163206807350904,0.15163172795668708,0.15163243359441717,0.1516321533960339,0.15163210219765447,0.15163215087797205,0.15163401907293714,0.15163213537167372,0.1516285458081946,0.1516310381462977,0.1516321227325653,0.15164136501973863,0.1516406432572863,157.53480498109639,0.16155217402945823
1544,44.29980510549267,44.29980488851111,44.29980534633665,44.29980509076892,44.29980507833127,44.29980505684903,44.299806990966424,44.29980508583611,44.299801179037765,44.29980400108252,44.299805057534286,44.29981460484828,44.29981377990222,157.53480486009605,44.309725134573135
1545,44.299955364498835,44.29995549190648,44.29995562529308,44.29995521946674,44.29995532671657,44.29995529657648,44.299957645569556,44.29995531303925,44.29995180829556,44.29995434336467,44.29995530475825,44.2999691054535,44.299968064397724,157.53480452598924,44.30987537493262
1546,44.29950798750547,44.29950824895871,44.29950817697583,44.299507965266905,44.29950796693286,44.29950794774058,44.29951016934874,44.29950790144543,44.299487991689766,44.29949997462265,44.2995080014116,44.29951893635036,44.299518009781025,145.1746596104635,44.30942802523894
1547,0.15101443619454855,0.1510145589886805,0.15101553233846104,0.15101544661350608,0.15101490764146955,0.15101549360020414,0.1510169370679235,0.15101449744729137,0.15099771912643956,0.15100738831087215,0.1510154419956685,0.15102366197445316,0.151023155030664,145.1746583432561,0.1609353467694302
1548,44.299888370344895,44.29988867767904,44.299888519973926,44.299888286487636,44.29988834619784,44.29988832245738,44.2998907570316,44.299888305730626,44.299882947519954,44.29988647457174,44.29988839120668,44.29990006248938,44.299899578476875,145.17466307009832,44.309808400773086
1549,44.29999581119063,44.299996134456535,44.29999614286546,44.29999565705578,44.299995762069166,44.29999572500835,44.29999889010087,44.299995650030866,44.299991755729515,44.299994506287725,44.29999574070656,44.30002216426907,44.30002123017611,157.5348044663146,44.309915804040365
1550,44.2999631802003,44.29996319172454,44.29996348426686,44.2999630279385,44.29996313780028,44.29996310476167,44.29996578059283,44.29996310346789,44.299957777306325,44.29996153203404,44.29996311019759,44.2999798343054,44.29997897062654,157.53480451724207,44.30988318354692
1551,0.15290158832327458,0.15290128288708485,0.1529018739961492,0.152901597888741,0.15290157730267026,0.15290157812455882,0.15290350987502013,0.15290158509403023,0.15289907419624205,0.15290092896561172,0.15290157295196985,0.15291086443566484,0.15291016868156396,157.5348041133619,0.16282164242984265
1552,44.299919642912734,44.29991959164795,44.2999198832481,44.299919604546155,44.29991961622252,44.29991959485064,44.29992152693631,44.29991961648463,44.29991958096835,44.299919903851,44.29991959666407,44.29992956217541,44.29992880172256,157.53480384790348,44.309839673298846
1553,44.29996338315767,44.299963625533444,44.29996363548722,44.299963236238575,44.29996334431876,44.299963312608305,44.2999656588914,44.29996331179657,44.29996277031763,44.2999634265089,44.29996332391448,44.29997755017692,44.29997658880645,157.5348029447548,44.30988339176804
1554,44.29979828699725,44.299798090234766,44.29979839931887,44.29979824779733,44.29979826692463,44.29979824691545,44.29980045208256,44.29979818169364,44.29978589332162,44.299793473813075,44.29979831474417,44.29980889577438,44.29980797914346,0.01912963168543633,44.30971832490437
1555,0.15099921032566216,0.15099868973725408,0.15100021374862968,0.15100019403525355,0.15099966397799774,0.15100023315870323,0.15100173392235752,0.15099920814783818,0.15097705693420285,0.15098883089681722,0.151000211055394,0.1510081184351088,0.1510074460340546,0.01912619939255588,0.16092011360908012
1556,0.1510199743641302,0.1510192341625539,0.15102102289928845,0.15102087738897294,0.15102039815847854,0.15102092876810905,0.15102263303011593,0.15101994357025827,0.15101028770594463,0.1510161833415277,0.1510208843179626,0.1510315971654684,0.15103105519116025,0.019130603226961963,0.1609408066905766
1557,44.29998387436876,44.299984198259324,44.29998418218536,44.299983715520916,44.299983823754644,44.299983784006436,44.29998692496505,44.299983697846415,44.299978309820766,44.29998194731754,44.29998380292256,44.300009175424584,44.30000834563694,157.53479665788356,44.309903864223706
1558,44.2999768611659,44.29997709682498,44.299977157890964,44.2999767113803,44.299976818531775,44.29997678563421,44.2999794423523,44.299976759749995,44.29997052667138,44.29997478839848,44.29997679177507,44.2999945450511,44.299993493822264,157.53479701986083,44.309896864363196
1559,44.299917867173605,44.299917643266305,44.299918132420345,44.29991784062937,44.29991784061332,44.299917821160015,44.299919883337914,44.29991784395181,44.29991591920042,44.29991746099548,44.29991782196537,44.29992802762738,44.29992728372048,157.53479686586147,44.30983789827286
1560,44.29992110220476,44.29992093079354,44.29992136648747,44.29992107722517,44.29992107696671,44.29992105918825,44.29992310265505,44.29992107919967,44.29992116442518,44.299921459350145,44.29992105852775,44.299931942333,44.29993112252137,157.53479671845463,44.30984113619645
1561,44.29997473392732,44.29997494619235,44.29997499946861,44.2999745863713,44.29997469279985,44.299974661663704,44.29997722501866,44.29997466135191,44.29997525328064,44.2999752658644,44.29997466920236,44.29999249662242,44.299991369491586,157.5347962041453,44.309894739337516
1562,44.299926542386935,44.299926339528554,44.29992660820133,44.299926371050994,44.29992651050285,44.29992648010503,44.29992893452664,44.29992646406898,44.299912309219515,44.29992097438924,44.29992653670539,44.299940365236154,44.29993925112715,0.01913120870945974,44.309846558702866
1563,0.1625187753499777,0.16251856227488554,0.16251882258087105,0.1625188206845065,0.16251877563246994,0.16251878498504027,0.16252114184048652,0.16251872289756494,0.16249650688103834,0.1625102103861877,0.16251886634795426,0.16253018412572853,0.16252923692055543,0.019125764345821267,0.17243884914026353
1564,44.299951532418135,44.29995188425722,44.29995169742586,44.29995141521467,44.29995151225635,44.29995149476988,44.299954054552416,44.29995142603647,44.29994456338141,44.29994900839795,44.2999515664703,44.29996438419187,44.29996379949531,0.01913220940986708,44.30987157202285
1565,157.53302837198763,157.53302863129542,157.53302839477172,157.53302795115374,157.5330281955296,157.53302801894878,157.53303126768066,157.53302797406772,157.53302396722162,157.53302667024886,157.53302804119969,157.5330520695196,157.5330511320238,157.53478773883248,157.54294810373054
1566,44.29997522522519,44.29997526831114,44.29997552076688,44.29997507620806,44.29997518222078,44.29997515284924,44.29997785711016,44.29997515022247,44.299969892920465,44.299973634643266,44.299975155474236,44.299992849269735,44.299991973267936,157.53478827756314,44.3098952285919
1567,44.299892195673415,44.299891784062936,44.29989247442244,44.29989220326448,44.29989217107331,44.299892156328944,44.29989422988351,44.29989218853178,44.29989071122035,44.299892033399374,44.29989215523372,44.299903617193415,44.299902752448254,157.53478813488596,44.30981223161448
1568,44.29992357879564,44.29992336171506,44.29992385509343,44.299923574211846,44.29992355635361,44.29992354321532,44.29992559819235,44.299923547266566,44.299923748987645,44.29992400301676,44.29992354207235,44.29993479617179,44.299933941425614,157.53478799304602,44.30984361910979
1569,44.299979015155834,44.299979250466976,44.299979285379806,44.29997886225971,44.29997897199514,44.2999789408727,44.29998152594667,44.29997892665452,44.2999791021417,44.299979367740754,44.29997894967361,44.299997267746896,44.29999615736673,157.53478743284526,44.30989901744712
1570,44.29994747924351,44.299947272808744,44.299947563018804,44.29994734927663,44.29994745341752,44.29994743142555,44.299949861985475,44.2999473604807,44.29993858233547,44.2999439887825,44.29994749848593,44.299961072628854,44.29995992825622,0.01913599690320113,44.309867508729354
1571,44.29988479654873,44.29988462531452,44.29988485968701,44.29988468971502,44.29988477737956,44.299884758769274,44.29988710274907,44.29988470173012,44.299874384197686,44.29988045094572,44.29988485226354,44.29989639137159,44.29989553026249,0.019125309110962798,44.30980483458271
1572,44.29995184042227,44.29995177217822,44.29995196216708,44.29995172490833,44.29995182065144,44.299951804482625,44.299954385722636,44.299951737275116,44.299945745388165,44.29994950734578,44.299951872953194,44.29996543636515,44.29996486749882,0.019137868689531216,44.30987188106095
1573,157.5318339007956,157.53183409746117,157.53183419796594,157.5318337458572,157.53183385576446,157.53183381734095,157.53183688412017,157.5318337238306,157.53183070065174,157.53183265835295,157.5318338363716,157.5318622062006,157.53186119213805,157.53478895150138,157.54175390030443
1574,44.29997710602833,44.29997724988973,44.29997742782283,44.29997695441108,44.2999770619874,44.299977031814734,44.29997975380444,44.299977020909104,44.29997200962865,44.29997552710365,44.299977035703904,44.29999471672335,44.299993977514326,157.53478938538606,44.309897107739424
1575,44.29992184129309,44.299921575301,44.29992212197121,44.29992183324054,44.299921817094635,44.29992180335307,44.299923885056806,44.29992180169281,44.299919599367136,44.299921358918986,44.29992180535202,44.29993096381375,44.299930400604865,157.53478922900734,44.309841878919514
1576,44.29993424233367,44.299934168796874,44.29993451299875,44.29993419867225,44.299934218041464,44.29993420322614,44.29993625179611,44.299934200678166,44.299932074563344,44.29993378955234,44.29993420576125,44.29994505848938,44.29994423096929,157.5347890737499,44.30985427912692
1577,44.29997856322365,44.29997882652898,44.299978842832815,44.299978412066345,44.29997852041192,44.299978489536585,44.29998106663234,44.29997847369547,44.29997628816849,44.29997801826983,44.29997849980945,44.29999659607691,44.299995514188566,157.53478837471027,44.30989856605544
1578,44.29994814134171,44.29994807145229,44.29994822514178,44.2999480119104,44.29994811543005,44.29994809267017,44.299950507145894,44.29994803054976,44.29993447809195,44.29994289629766,44.299948149408664,44.2999624386596,44.299961507236105,0.01912658606409744,44.30986816945504
1579,44.29988000591347,44.29987956184787,44.29988006237482,44.299879921606504,44.29987998940437,44.29987997308829,44.29988231964824,44.29987990488993,44.29986441500435,44.29987386408981,44.299880062166984,44.29989207389215,44.299891268154035,0.019123974478403093,44.30980004834154
1580,44.299955460149874,44.29995491444485,44.29995557647123,44.29995534298999,44.29995544004078,44.299955424091614,44.29995803430739,44.29995534966245,44.29994796662532,44.299952741108285,44.29995548907802,44.299969137460124,44.299968541605494,0.019127029007825636,44.30987550007139
1581,157.53301355614965,157.53301416675353,157.53301324457203,157.53301280169856,157.53301321973618,157.5330128711703,157.53301628325272,157.533012906771,157.53300909797102,157.5330115308407,157.53301289444627,157.53304316031208,157.5330420804444,157.5347937819332,157.5429329564308
1582,44.299979916059364,44.29998024576907,44.29998023517472,44.29997976582441,44.299979872438634,44.29997984277844,44.2999825529866,44.29997982330403,44.29997212160455,44.29997733724567,44.29997985013583,44.30000077696823,44.29999968712341,157.5347942784564,44.3098999184129
1583,44.299919479093006,44.299919260085886,44.29991975847175,44.299919479979614,44.29991945573994,44.29991944236216,44.29992150812007,44.29991945043782,44.299913236866615,44.29991756349913,44.299919447911925,44.29993044480782,44.29992958383797,157.5347941382672,44.309839517908394
1584,44.29992180307793,44.29992154003751,44.29992207468381,44.299921794437445,44.29992177916287,44.299921764675055,44.29992380948303,44.299921768507744,44.29991777579456,44.29992067477179,44.299921767295274,44.2999326191809,44.299931712019294,157.534794007348,44.30984184083591
1585,44.299976227834634,44.2999764465774,44.29997648659667,44.29997607776122,44.29997618505556,44.29997615313338,44.29997874178784,44.299976145935254,44.29997341550537,44.299975477740446,44.2999761624497,44.299993991515684,44.2999928280958,157.53479355910292,44.30989623047379
1586,44.29993557725806,44.299935693305144,44.29993565166015,44.29993547061408,44.2999355537598,44.29993553220991,44.2999380385291,44.299935463055526,44.29991760499731,44.29992840221235,44.29993559064469,44.29994942325889,44.29994843004977,0.0192012394177991,44.309855610519584
1587,0.15212154459886765,0.15212151293710416,0.1521217696619505,0.1521216903525877,0.15212159402518607,0.1521216667980364,0.15212400674048074,0.15212154158807278,0.1520977456317997,0.15211162573942505,0.1521217352823927,0.15213297882323806,0.15213207335731418,0.019181429272399905,0.16204170362540546
1588,44.29992643648723,44.29992660344315,44.29992661077181,44.299926310586535,44.29992641070361,44.299926387272144,44.29992898884168,44.29992634301783,44.29991417756033,44.299922076709855,44.29992646028006,44.29993857604895,44.29993779561233,0.019201816002869413,44.30984646583155
1589,44.30008858321241,44.300088888489604,44.30008888449979,44.30008843477515,44.30008853439647,44.300088499177484,44.300091640955294,44.30008840674349,44.300081528538726,44.300086274629344,44.300088516110726,44.30011374597888,44.300112762729135,157.53480385764084,44.31000857729837
1590,44.299971662847675,44.29997171732206,44.29997194816096,44.299971515973596,44.29997162005321,44.29997158878694,44.29997428818873,44.299971580336994,44.299964004950034,44.299969287753335,44.29997159511179,44.29998838206509,44.299987486872844,157.53480441549394,44.3098916663043
1591,44.299896013257445,44.29989564042459,44.29989625656055,44.299896012820476,44.29989598778164,44.29989597093362,44.29989802882783,44.29989599672121,44.29989083891929,44.29989450570983,44.29989597266806,44.29990704052932,44.29990615950334,157.53480428594506,44.30981604715861
1592,44.2999206141894,44.29992037283993,44.29992085978456,44.29992059751231,44.29992058966545,44.29992057386759,44.29992261698507,44.299920590307295,44.299917670861085,44.299919845806606,44.29992057543629,44.29993165203748,44.29993077077629,157.534804275303,44.309840650265095
1593,44.299973492638806,44.29997357509131,44.29997375057115,44.29997334744393,44.299973452121385,44.299973422269424,44.299975992089436,44.29997342433328,44.29997199862108,44.29997324880126,44.29997343126832,44.29999165100795,44.29999051579633,157.53480409990624,44.30989349929903
1594,44.29993148864789,44.299931901154224,44.299931565855125,44.29993137919328,44.299931465411476,44.29993144552958,44.29993399226179,44.29993140683295,44.299916249240255,44.299925626156885,44.29993149811102,44.299947919461836,44.29994686264802,145.17465974886125,44.309851522925555
1595,44.29985393671273,44.29985427938424,44.29985401000325,44.29985389002317,44.29985391995189,44.299853905945035,44.29985637115643,44.29985383438216,44.29983860413845,44.29984781104495,44.29985398758807,44.299865866136635,44.29986499516815,145.17465971855202,44.30977398167682
1596,44.299925549694954,44.29992554022317,44.29992570031168,44.29992541392172,44.29992552136716,44.299925497049,44.299928133451004,44.29992546924504,44.29992057917883,44.29992380994913,44.299925565404955,44.29993892128366,44.299938155497806,145.17466028361846,44.30984557411523
1597,44.29998534085045,44.29998541333027,44.299985650559364,44.29998518271557,44.29998528975776,44.29998525288939,44.29998845278152,44.299985187592846,44.29998394856452,44.29998503877581,44.29998526742599,44.30001217486724,44.30001120721823,157.53480473886182,44.30990533057203
1598,44.29997553465139,44.29997559837515,44.29997582946557,44.299975384968484,44.299975490793294,44.29997545848004,44.29997815708385,44.29997544385635,44.29997130754526,44.29997426127756,44.29997546411382,44.2999921539183,44.29999138725378,157.53480487069757,44.30989553615842
1599,44.29989996727131,44.29989978141183,44.29990021652031,44.299899960966975,44.29989994143881,44.29989992325102,44.299901864022985,44.299899945069484,44.29989557855754,44.2998986060424,44.29989992519629,44.29990943192118,44.29990869542542,157.53480451419668,44.30982000013941
1600,44.29991105350921,44.29991084805189,44.29991129490168,44.29991102844599,44.29991102595422,44.29991100490869,44.299912943093496,44.29991103222341,44.29990868629199,44.2999104307859,44.29991100655988,44.299920855103466,44.29992002745408,157.5348044023563,44.30983108259476
1601,44.29995598499908,44.29995608902081,44.299956238431236,44.29995583892498,44.29995594710349,44.2999559153663,44.299958259381725,44.29995592667702,44.29995513141901,44.29995594526418,44.29995592604288,44.29997024556449,44.29996923223862,157.53480406326693,44.309875995133744
1602,0.1514886352068099,0.15148895625013023,0.15148884311929978,0.15148871827465707,0.15148870085479277,0.15148870793030236,0.15149094456305212,0.15148868777817534,0.15147306515581835,0.15148260314776132,0.15148871011763812,0.15150059102988203,0.15149960748749067,145.17465775636498,0.16140877073857066
1603,0.15101634383089782,0.15101579273477858,0.15101730860925913,0.15101724225763197,0.15101677804146096,0.15101731789906928,0.15101894224213291,0.15101637914454596,0.15100056058063463,0.15101003803826316,0.1510172616467979,0.15102551074473833,0.15102488238552303,145.17465772232774,0.16093718485948896
1604,0.1514976809231446,0.15149752932336238,0.1514979257769605,0.15149782925235564,0.15149773343916453,0.15149781476904467,0.15150022354656587,0.15149772759305216,0.1514908936719566,0.151495322460408,0.15149784913480888,0.15150917535227945,0.1515085788310623,145.17465868255675,0.16141784534024553
1605,44.299986942305544,44.299987142990005,44.29998724321112,44.29998678254264,44.29998689172451,44.29998685027079,44.299990023326416,44.29998676692983,44.29998318967429,44.2999858047771,44.29998686782329,44.30001156185082,44.300010599305814,157.53480548794627,44.309906931991854
1606,44.2999613171659,44.29996125399191,44.299961594792144,44.299961163013315,44.29996127376662,44.29996123731426,44.299963911304474,44.29996122726717,44.2999552213165,44.299959336030874,44.299961243812426,44.299979087536194,44.299978078402205,157.5348060136287,44.30988131832788
1607,0.15160186632421427,0.15160134824168228,0.15160220876929523,0.15160194066975208,0.15160189122926204,0.1516019305195132,0.15160380026123735,0.15160189373670116,0.15159893291353713,0.15160108251798235,0.15160190816881983,0.151611469052935,0.15161069980304534,157.53480563012047,0.1615219617874906
1608,44.29977684497228,44.29977654989261,44.2997770687173,44.29977681281355,44.299776814338635,44.29977678763299,44.2997787203476,44.299776821048816,44.299776553777406,44.29977706005942,44.2997767898892,44.299786167531856,44.29978539314311,157.53480567090892,44.3096968677123
1609,44.29995052092678,44.2999506012257,44.29995075910494,44.29995037383832,44.29995048183511,44.29995044752652,44.29995280746605,44.299950464627024,44.29994953005531,44.29995038614363,44.299950457063765,44.299964525908244,44.29996349339941,157.53480582315333,44.30987052841494
1610,0.1515315892523635,0.15153171028058432,0.15153186940668653,0.15153172927613906,0.15153164129170102,0.1515317201999064,0.1515339182162771,0.15153169335054706,0.1515178094336907,0.15152615068014205,0.15153173934145836,0.1515454024381769,0.15154402172803544,145.17466442280542,0.1614517468343706
1611,0.15100585733169494,0.15100590388748902,0.15100691158297933,0.1510068383246364,0.15100632887330837,0.15100690872520742,0.15100842909972875,0.15100589289663832,0.15098040447044123,0.15099413229163997,0.15100682577244856,0.1510176262144855,0.15101664141490184,145.17466241935986,0.16092672885189188
1612,0.15152028640466855,0.15152058629844842,0.15152063936304802,0.1515204350940695,0.15152033881132915,0.1515204177436287,0.15152274391240242,0.1515203821835845,0.15150850204478009,0.15151616264004544,0.15152044386087934,0.15153153478500425,0.1515308520701623,145.17466401093824,0.16144044580271522
1613,44.29999026077089,44.299990392116904,44.299990565342775,44.29999010107766,44.29999020939053,44.29999016900219,44.29999333414571,44.2999900992362,44.29998744173843,44.29998944601788,44.29999018602998,44.30001851852157,44.300017199054956,157.53480655184893,44.309910249343254
1614,44.29997585779275,44.29997578133492,44.29997613649774,44.29997570512533,44.29997581337833,44.29997577911245,44.29997843697544,44.29997576726521,44.29997168031199,44.29997461098714,44.299975785319084,44.29999690399439,44.299995703282036,157.53480661317116,44.30989585803169
1615,44.29991677036434,44.29991634667308,44.29991701201749,44.299916735455206,44.29991674153294,44.29991672057047,44.299918782630975,44.29991675360214,44.29991458583606,44.299916328452774,44.29991672239368,44.29992789209569,44.299927015323,157.53480607934355,44.309836797852135
1616,44.29991264863353,44.299912242742295,44.29991288954514,44.29991263182629,44.299912620912046,44.29991260138166,44.299914648797206,44.29991263090549,44.29991191069242,44.29991273723795,44.299912601184026,44.29992325972601,44.29992242790585,157.53480602965425,44.30983267848828
1617,44.29995952153516,44.29995954475968,44.29995978293286,44.29995937343796,44.29995948216723,44.299959451959744,44.299962014914335,44.299959472642406,44.29995856937048,44.29995955910291,44.29995945957993,44.29997715604315,44.29997604457035,157.53480602237244,44.30987952979037
1618,44.29991773995648,44.29991813350484,44.29991782995166,44.29991750418018,44.299917700059304,44.299917661928,44.29992013720806,44.29991770605383,44.29990299868828,44.29991213437523,44.29991772656484,44.29993390674387,44.299932423228974,145.17466244681938,44.30983774074636
1619,0.15148004494391643,0.15148012093446533,0.15148036537584006,0.15148023344069814,0.15148011513167167,0.15148021708246592,0.1514826118439639,0.15148012008096426,0.15146184210103306,0.1514725805263361,0.15148028088074295,0.151491631535426,0.15149044912586956,145.17466227125598,0.16140024014860435
1620,44.29988151442121,44.299881848565235,44.299881746243265,44.29988143701514,44.2998814847824,44.2998814597199,44.29988420971454,44.2998814201961,44.29987387838472,44.29987862722921,44.299881530889,44.29989469105234,44.29989372968768,145.1746679855291,44.309801537678084
1621,44.29998273851255,44.299982819740144,44.29998305722168,44.299982581992246,44.29998268818537,44.29998265116111,44.299985815466385,44.29998258659461,44.299980029058275,44.299981900117984,44.299982663003625,44.300007134275084,44.30000599748146,157.53480700876676,44.309902729955716
1622,44.29996048377949,44.29996031271378,44.299960778086074,44.299960332566876,44.29996044042312,44.29996040691716,44.29996309441373,44.299960420086705,44.29995645425368,44.29995931317391,44.29996041013269,44.299977354039505,44.299976388707485,157.5348068064856,44.30988048555857
1623,0.15153559483685752,0.15153496935256627,0.15153595795840202,0.15153568743063964,0.151535625713583,0.15153567230685447,0.15153766025554405,0.15153557077788507,0.15153212437143582,0.15153464173528178,0.15153564905099,0.1515454314334757,0.15154472321788867,157.53480616642148,0.16145570323113365
1624,44.29990036951452,44.299899998697384,44.29990060885324,44.29990035851312,44.29990034158044,44.29990032139597,44.29990236696653,44.299900346893175,44.299898225521844,44.29989988656603,44.29990032018429,44.299910408453435,44.29990961937699,157.53480611488575,44.309820398785625
1625,44.29996496523551,44.29996495181021,44.299965226728936,44.29996481462024,44.299964924298536,44.29996489370091,44.29996746192785,44.29996490475548,44.299963162618695,44.29996462660554,44.29996489943008,44.299981234896485,44.29998013656913,157.53480628173068,44.30988497100929
1626,44.29991964985461,44.29992004985194,44.299919751850524,44.2999194422464,44.29991961152094,44.29991957852574,44.2999221964385,44.2999196142576,44.29990721630992,44.2999147469856,44.29991963636612,44.299934582771265,44.29993306235338,145.1746636782685,44.30983965581367
1627,44.29953101057277,44.299531235634994,44.29953114562511,44.29953097468016,44.299530991981534,44.299530978110134,44.299533594523126,44.29953090571808,44.29952021543116,44.29952660069468,44.2995310698617,44.299542435411645,44.29954146706846,145.17466216929594,44.309451054854826
1628,44.29993705177145,44.29993740940282,44.29993723681446,44.29993698348161,44.29993703359329,44.299937021316715,44.29993975201942,44.29993696002896,44.299932343324336,44.299935331209475,44.29993708446594,44.299951151904615,44.29995050473804,145.17466381918464,44.30985709806246
1629,44.2999871650292,44.2999872442914,44.29998748626689,44.299987009698555,44.299987114819736,44.29998707919945,44.29999029216106,44.299987033684666,44.29998559130405,44.29998678707252,44.2999870891014,44.30001307802897,44.30001197496377,157.53480689152136,44.3099071565457
1630,44.299960238201955,44.29996005001755,44.29996055173124,44.299960087038066,44.29996019605241,44.29996016510699,44.29996285210794,44.299960189345576,44.29995562201693,44.299958901152316,44.29996016652111,44.29997948056191,44.299978401093306,157.53480666438458,44.3098802422343
1631,44.29990798174885,44.29990757309239,44.29990822661386,44.29990796584721,44.29990795477311,44.299907936636835,44.29990999549559,44.29990796967177,44.299905641749255,44.29990748244506,44.299907934862624,44.29991925897522,44.29991840832898,157.53480606155233,44.30982801309696
1632,44.29991370252197,44.29991332852953,44.299913945041574,44.2999136785622,44.299913674845385,44.29991365602364,44.29991570012988,44.29991368691071,44.29991334419892,44.29991393314267,44.29991365384583,44.2999243705333,44.29992355253588,157.5348060001869,44.30983373275206
1633,44.29996213332373,44.29996219628621,44.2999623957033,44.299961976948246,44.299962092730034,44.299962062176725,44.299964627125085,44.29996207967012,44.2999621051957,44.299962450185866,44.299962068455336,44.299979696076235,44.29997856576576,157.53480608773486,44.30988213980442
1634,44.299901947893744,44.29990227763492,44.29990207065859,44.29990175835212,44.29990190954732,44.29990187567885,44.29990450078316,44.29990190089391,44.29989054051842,44.299897575811706,44.29990194220584,44.29991689597336,44.299915441955356,145.17466310611277,44.30982195425555
1635,0.1514810341616257,0.15148133482756446,0.1514813441062262,0.15148120545523283,0.15148109800574755,0.15148119425898957,0.1514836125632225,0.15148110313545968,0.1514723007848896,0.15147760527771634,0.15148125116046549,0.1514932116088287,0.15149214860990834,145.17466176856686,0.16140121704336857
1636,44.29989286644891,44.29989307813154,44.29989301824006,44.299892769125165,44.299892833429475,44.299892807305234,44.29989558325454,44.29989279959184,44.299888278858305,44.2998913223387,44.29989287195528,44.29990649769669,44.299905652554465,145.17466507572544,44.309812885170146
1637,44.299984423247956,44.29998443946793,44.29998474771072,44.299984263926795,44.299984372650805,44.29998433597786,44.299987536253866,44.29998429033687,44.29998300251409,44.2999841346868,44.29998434619747,44.300013367459094,44.30001193485838,157.53480625566584,44.30990441417373
1638,44.29996622038208,44.299966032092605,44.299966527458345,44.299966069412626,44.29996617688096,44.29996614476514,44.29996884558057,44.29996616108423,44.29996261714289,44.299965203016576,44.29996614622388,44.29998720216889,44.29998593166248,157.53480621946133,44.30988622248751
1639,44.29990029187079,44.299899960719166,44.29990056165668,44.299900283037715,44.29990026543707,44.29990024734486,44.29990230394804,44.29990027965706,44.29989881139067,44.299900014522905,44.29990024582333,44.29991143820788,44.2999105957254,157.53480567281022,44.30982032402716
1640,44.29991092355869,44.299910689288474,44.299911182297755,44.29991090259492,44.29991089742293,44.29991087927481,44.29991292023242,44.299910910803646,44.29991056090091,44.29991103718518,44.29991087771496,44.29992187080199,44.299921075681944,157.5348055174284,44.30983095618444
1641,44.299969216376006,44.2999693512969,44.299969493112535,44.2999690650142,44.29996917709286,44.299969147172625,44.29997170307081,44.29996915853946,44.299970999481936,44.299970183483715,44.29996915403037,44.29998668900949,44.299985593136846,157.53480528606605,44.30988922499035
1642,44.29990994136828,44.29990940487813,44.299910058859844,44.29990966000087,44.29990989633689,44.299909852612416,44.299912320024085,44.29990992648194,44.29990128421283,44.29990658137512,44.29990991693976,44.299923883613246,44.29992269835724,145.17466009966617,44.30982993118332
1643,0.15102472577378792,0.15102409460220606,0.15102575472604438,0.15102558517977044,0.15102514190151076,0.1510256611443058,0.1510273864510858,0.15102470102059926,0.15100439576790417,0.1510163815157554,0.1510256048577768,0.1510376838377187,0.15103629439064156,145.1746599582634,0.16094552695868658
1644,44.29922604030288,44.299225513088466,44.29922627067961,44.29922600296478,44.299226010115255,44.29922598823586,44.29922870491726,44.299225943466894,44.29920708532122,44.29921950864627,44.29922605143114,44.299237821095524,44.299236767688285,145.174663508659,44.309146066515304
1645,44.299981769709014,44.29998156662405,44.29998208257848,44.29998160802476,44.29998171802308,44.299981680082816,44.299984824655695,44.29998162843288,44.29997420126832,44.299979366950474,44.299981692221216,44.30001086218906,44.30000911918398,157.5348054277105,44.30990175872617
1646,44.29995971938755,44.29995947072973,44.299960026961266,44.29995956708607,44.299959675387775,44.299959641438306,44.29996234317142,44.29995966026578,44.2999550263248,44.29995835613527,44.299959644191404,44.29997994841241,44.29997854561763,157.53480549961895,44.30987972000788
1647,0.1517726488941599,0.15177210751668652,0.15177302569633783,0.15177272570320996,0.15177267797089833,0.1517727218336709,0.15177471007846174,0.15177275641450153,0.15177098760679683,0.15177232313297556,0.1517726824581316,0.1517842028605675,0.15178332275150894,157.53480512870314,0.16169273064174675
1648,44.29975517649766,44.299754821471076,44.29975542755772,44.29975515314134,44.2997551479316,44.29975512643666,44.29975717211024,44.29975516695695,44.2997533101433,44.299754784466906,44.29975512547068,44.29976626368423,44.29976541561776,157.53480501726654,44.30967520413164
1649,44.29996295172227,44.29996289668631,44.299963224873075,44.29996279385663,44.29996291121929,44.29996287989067,44.299965457288955,44.29996289710554,44.299963622478145,44.29996359284784,44.29996288553107,44.29998096972759,44.29997984143886,157.53480486007766,44.30988295811836
1650,44.299940172507235,44.29994015778923,44.299940387120394,44.29994004969736,44.29994014554726,44.29994012267724,44.299942746953214,44.29994007867239,44.29993817644515,44.2999396523963,44.299940181853394,44.2999533268877,44.29995205465934,145.1746604617585,44.3098602013865
1651,0.15257484918856987,0.15257525694001836,0.1525750339660466,0.1525748943188498,0.1525748460920165,0.1525748582540455,0.15257742126555904,0.15257480751913557,0.15256768867916523,0.15257205803456955,0.15257494394713825,0.15258504064259723,0.15258410673767353,145.1746589447034,0.162494920240839
1652,44.2999273538384,44.29992753901728,44.299927523501644,44.299927207884274,44.29992732300511,44.299927296967184,44.29993003203919,44.29992726585562,44.2999189545132,44.29992436417225,44.2999273673586,44.29993920569739,44.299938280210505,145.17466034319855,44.309847375700095
1653,44.300400610504454,44.30040065884429,44.300400939140836,44.30040045996021,44.30040055932423,44.300400522681855,44.300403702668916,44.300400439192494,44.30039966551206,44.30040052479319,44.30040053510938,44.300427031429045,44.30042586831804,157.53480464610018,44.31032060100858
1654,44.29997700743747,44.29997691437169,44.299977299469,44.299976853233865,44.299976961274325,44.299976927352056,44.299979652379314,44.29997691175663,44.299975500947674,44.29997668757835,44.29997692981272,44.29999398799259,44.299993168343256,157.53480466254044,44.309897005200334
1655,44.29990870617061,44.299908370138354,44.29990896098505,44.29990868932881,44.299908679135946,44.29990866030902,44.29991062417688,44.299908691733016,44.299908016638,44.299908718481596,44.29990865980562,44.29991839495477,44.29991767346791,157.53480424865418,44.30982873703269
1656,44.29992147362923,44.29992130047588,44.29992172063513,44.299921424173675,44.299921446390925,44.29992142610979,44.29992336830865,44.299921461126736,44.29992287224578,44.2999223046834,44.299921426099644,44.299931592607486,44.29993082087824,157.5348040011165,44.30984150332248
1657,44.29996104408192,44.29996115403259,44.299961304996266,44.2999608976618,44.2999610060585,44.29996097611892,44.299963334695015,44.29996099284795,44.29996325620337,44.299962165841144,44.29996098477552,44.299976016902185,44.29997508855589,157.53480325758943,44.30988105445363
1658,44.29985927178193,44.29985968141953,44.299859392269646,44.2998592116958,44.299859247519926,44.299859225071266,44.29986167273295,44.29985918337615,44.2998505597715,44.29985600648718,44.29985929215109,44.29986980353032,44.29986895815486,145.17462122313182,44.30977930377703
1659,0.15102691967736787,0.15102659849148292,0.15102784014750767,0.15102781952593022,0.15102733703983237,0.15102786364837803,0.15102951950269788,0.15102693296368547,0.1510187114139114,0.1510237629957186,0.15102782865457334,0.1510358096045119,0.1510355270214076,145.17457371942854,0.16094775985062837
1660,0.15154683530275562,0.15154669631295117,0.1515471119513963,0.15154698021718163,0.1515468826428206,0.15154695983355226,0.15154927852230402,0.1515468780502243,0.1515448406772187,0.15154626864951243,0.15154700509040325,0.1515576889890903,0.15155725663060823,145.17462144972487,0.1614669960874335
1661,44.30000580090894,44.30000591131443,44.30000612810276,44.300005639432875,44.3000057483419,44.30000570724033,44.30000888665847,44.30000560748971,44.30000616324828,44.30000614046026,44.30000572392396,44.30003051576919,44.30002961510635,157.53480395867408,44.3099257874695
1662,44.299975734271186,44.29997561061745,44.29997603071129,44.2999755775879,44.29997568691598,44.299975650872476,44.29997833592489,44.2999756193137,44.29997234101726,44.29997475044777,44.299975657085895,44.299991807129004,44.29999101651563,157.5348044165057,44.309895729823694
1663,44.29977328396806,44.29977288087892,44.29977352988689,44.29977326817157,44.2997732531526,44.29977323073311,44.29977518855022,44.29977325738552,44.299770865764,44.2997727541186,44.29977323245379,44.29978120903224,44.29978069008782,157.5348042232887,44.30969330795575
1664,44.299908082904146,44.29990773376186,44.29990831493485,44.299908062476,44.29990805438744,44.29990803348327,44.29990997408439,44.29990806034842,44.29990846918191,44.299908544179914,44.29990803407457,44.299916455926926,44.299915868496946,157.5348042072968,44.30982811084565
1665,44.29995842597904,44.29995847507552,44.29995866249209,44.29995827823612,44.29995838691121,44.29995835663221,44.29996071266791,44.299958372607875,44.299959142261656,44.29995899796078,44.29995836453756,44.299971805983326,44.29997091214944,157.53480537136116,44.30987843510843
1666,44.299825341438215,44.29982577873732,44.299825426401675,44.2998252979329,44.299825317576556,44.299825297221766,44.29982768979852,44.29982525208692,44.2998175924015,44.299822211434126,44.29982535602704,44.29983643129529,44.29983546778024,145.17466036880748,44.30974537537325
1667,0.15102355011028082,0.15102378870091712,0.15102434188136002,0.15102430307906284,0.15102391240043245,0.15102436868398547,0.1510261451884642,0.15102344444627733,0.15101378724031808,0.15101968828909268,0.15102432844832955,0.15103254792095422,0.15103204301575354,145.1746589122122,0.16094425633896928
1668,0.15160938609986988,0.1516089718366023,0.15160964401544527,0.15160949539791366,0.15160941980525852,0.15160948245345254,0.15161195369894873,0.15160940575454823,0.15160512232332662,0.1516079687992812,0.15160952016518472,0.151620649672989,0.1516198982199836,145.1746611021939,0.1615295167920274
1669,44.29998508672981,44.29998492227534,44.29998538364009,44.299984924350944,44.299985032939134,44.299984991770735,44.2999881733168,44.299984921348845,44.29998491460537,44.29998534959032,44.2999850073046,44.30000862424789,44.30000760035305,157.53480508003378,44.309905071694935
1670,44.299974755366634,44.29997451362149,44.2999750356089,44.29997460078253,44.29997470965892,44.29997467501024,44.29997736513804,44.299974668542255,44.29997468904603,44.29997507143176,44.29997467864908,44.29999332433266,44.299992362538426,157.53480528438618,44.30989475367213
1671,44.299928925148514,44.299928576521815,44.29992917077553,44.299928862694884,44.29992889713986,44.29992887771613,44.29993094699097,44.29992889695672,44.29992993237952,44.29992968976873,44.299928877894786,44.29994032808639,44.29993955058266,157.53480500059754,44.309848955083105
1672,44.29993941339497,44.299939204443255,44.29993964977874,44.2999393066549,44.29993938172191,44.29993935855711,44.29994141878689,44.299939394534896,44.29994096241855,44.29994038577609,44.29993935903176,44.29995060988369,44.299949829634954,157.53480493460916,44.309859435864205
1673,44.29997940289196,44.29997952383609,44.299979662445644,44.29997925118682,44.2999793592274,44.2999793268446,44.299981918376,44.29997930708914,44.29998163528145,44.29998059525314,44.29997933616244,44.299997746184296,44.29999668277919,157.53480486136664,44.309899404702485
1674,44.299947680984666,44.29994719213921,44.29994781284145,44.29994756140041,44.299947655551335,44.29994763361058,44.299950118052756,44.299947565638945,44.299942310158364,44.29994555996179,44.29994769489864,44.29996263057657,44.29996142296648,145.17466028686752,44.3098677129062
1675,0.15151683506165256,0.1515170242644669,0.1515171014231619,0.15151700332753645,0.1515168960867079,0.15151698859686916,0.15151929872853673,0.15151690595965414,0.15151111374872478,0.15151452948380248,0.15151704485750925,0.15152872251393382,0.15152777044618415,145.17465942132822,0.16143701396157803
1676,44.29992579608686,44.299925892226575,44.29992593525816,44.29992564114162,44.29992576434591,44.29992573833203,44.29992843353495,44.299925717428124,44.29992258485135,44.299924575774405,44.29992581033522,44.29993845176811,44.29993751107866,145.17466110184787,44.309845816910006
1677,44.30044757918976,44.3004475948346,44.3004478945767,44.30044743061583,44.30044752923606,44.30044749349229,44.30045065454001,44.300447419343946,44.30044803062224,44.30044793856334,44.30044750811508,44.30047702373303,44.30047567002577,157.53480584603608,44.31036757181982
1678,44.29997865712745,44.29997861031038,44.299978960077674,44.29997850137156,44.299978610723194,44.29997857652727,44.29998130841557,44.29997856419646,44.29997721231519,44.299978351450896,44.299978581222184,44.300001125739804,44.29999990711744,157.53480618185196,44.30989865438861
1679,44.299923880677575,44.2999236118738,44.29992415570096,44.29992385237275,44.29992385524297,44.29992383856378,44.29992590445465,44.29992384735781,44.29992198632319,44.29992343748352,44.29992383929261,44.299935237968405,44.29993437966277,157.5348058142124,44.30984391551629
1680,44.29992233710046,44.29992208888985,44.299922595451186,44.29992230384112,44.29992231089209,44.299922292795024,44.299924336215746,44.2999223121989,44.29992172003596,44.299922420355756,44.29992229275305,44.299933219441556,44.29993236475533,157.53480584364058,44.30984237001488
1681,44.29996450184118,44.29996452304916,44.299964778405894,44.2999643508887,44.2999644609882,44.299964429855855,44.29996698780932,44.29996443684073,44.2999633378222,44.29996432234217,44.299964437452296,44.29998117942616,44.299980037297225,157.53480604451647,44.309884508039396
1682,44.299908923024425,44.29990922283863,44.299909072186615,44.299908680207075,44.29990887784925,44.29990883610313,44.2999115326526,44.29990888679236,44.29989472404691,44.2999036000818,44.29990890499659,44.29992225582351,44.29992093781883,157.53477734140768,44.30982891573137
1683,0.15103566478454805,0.15103587573288396,0.1510365021375731,0.15103643672309472,0.15103603564782372,0.15103649887142642,0.15103849068656747,0.151035663137735,0.151025248579055,0.15103130287931832,0.15103646532696743,0.15104583243036393,0.15104500600612664,145.17466193324472,0.16095639450732693
1684,0.15145684315894467,0.1514571296563778,0.15145716763758757,0.15145700476185678,0.151456902208406,0.15145699290610082,0.15145956838770436,0.1514569401962495,0.15144676949607003,0.1514530761030578,0.15145702190784302,0.1514693927322282,0.15146852564101176,145.1746633306155,0.16137701599802115
1685,44.29996958118263,44.299969341493835,44.29996990131665,44.299969425888754,44.2999695335515,44.299969495150116,44.299972633518955,44.29996946305869,44.29996275110992,44.299967335682645,44.299969509001755,44.29999180848921,44.2999905936658,157.5348066104411,44.30988957578634
1686,44.29994457077049,44.29994430440996,44.29994488465143,44.29994442117681,44.29994452768494,44.29994449256136,44.29994718045745,44.299944505007836,44.29993834631187,44.29994258366711,44.299944497433835,44.29995963213213,44.299958718253244,157.53480689958596,44.30986457278684
1687,0.1516372914659783,0.15163681155815367,0.15163764677396976,0.151637347334085,0.15163731119542465,0.1516373468272992,0.15163933109022612,0.15163734765514653,0.15163524916355675,0.15163679552699894,0.15163731976878175,0.15164604116987357,0.15164544090992557,157.5348062787943,0.16155737955670293
1688,44.29980164816805,44.29980134526625,44.299801900677174,44.299801626792366,44.299801618067015,44.299801593846915,44.29980364047625,44.299801625832224,44.29980177475223,44.29980193541365,44.29980159393477,44.29981031019736,44.299809685300964,157.53480624778527,44.309721672315305
1689,44.29996410282493,44.29996427242592,44.29996440683613,44.299963952195434,44.299964061859065,44.29996402913602,44.29996659341384,44.299964045288725,44.29996575317015,44.29996504850297,44.29996403623543,44.29998047326072,44.29997942564416,157.53480645494318,44.30988410775408
1690,44.29991757679645,44.29991790472599,44.29991782738827,44.29991739816406,44.299917538024545,44.299917502016235,44.299920027365296,44.29991753541154,44.299901284704276,44.29991119627292,44.29991755263413,44.29993162364031,44.29993015628751,145.17466355877863,44.30983758132796
1691,0.15106081582597486,0.1510608477357887,0.15106185190314436,0.15106163730360034,0.15106120849948534,0.1510616810754397,0.1510636729343875,0.15106073164832193,0.1510153507263856,0.15103871182108888,0.15106163578758455,0.15107264828792824,0.15107121625201378,145.17466443353115,0.16098158310701433
1692,44.299906364289775,44.299906382019145,44.29990658882438,44.299906249043424,44.29990633220782,44.29990630430228,44.299909053292005,44.29990632066781,44.29988693415519,44.29989904273133,44.29990636191744,44.29992014025982,44.29991873871095,157.50239752334622,44.30982638269078
1693,44.29998069587061,44.29998097308739,44.29998102408027,44.29998054363613,44.299980648941904,44.299980613642134,44.29998377156216,44.29998057391268,44.29997387443451,44.29997841675897,44.29998062465169,44.30001068654036,44.300008773646994,157.53480705144963,44.30990069240885
1694,44.299960259599466,44.29996024526796,44.299960552415286,44.29996010849223,44.299960217588385,44.29996018470937,44.29996288639858,44.29996019255565,44.29995359057819,44.29995813906758,44.299960187730306,44.29997685082597,44.2999757570704,157.5348069853989,44.309880263497924
1695,0.15152275047160263,0.15152230981812811,0.15152313788560665,0.15152285964120243,0.15152278741748965,0.15152284032762156,0.15152480795047127,0.15152272199438335,0.1515173996154384,0.15152090945652702,0.1515228202761016,0.15153118603354288,0.15153052364519445,157.5348062538126,0.16144287308514677
1696,44.2998232893679,44.29982305402849,44.29982354764622,44.29982327282224,44.29982326059682,44.299823237882144,44.29982528335653,44.299823269943765,44.299820517139665,44.29982242247039,44.299823237995746,44.299832352059845,44.29983161637795,157.53480609884264,44.309743315933524
1697,44.299963259257915,44.29996341750103,44.29996355147933,44.299963113434224,44.29996322001787,44.299963188962124,44.2999657423806,44.29996319721471,44.29996229430802,44.29996307650302,44.29996319713647,44.29997943687568,44.2999783240135,157.53480593149138,44.30988326749634
1698,44.2998746214393,44.29987456692163,44.29987482650403,44.299874529684764,44.29987459183797,44.29987456644068,44.29987716162463,44.29987453794746,44.299858228303826,44.29986758237541,44.29987462945625,44.29988687818539,44.29988547214242,145.1746622661376,44.309794644626884
1699,0.1510348494629816,0.1510350174983091,0.1510358161171266,0.15103569565468847,0.15103525575408402,0.15103575619705054,0.15103772464660914,0.15103482808802887,0.1510155100860766,0.1510264961763167,0.15103571751807007,0.15104584777124544,0.15104461150880935,145.17466184564782,0.1609556418985545
1700,44.29977381973334,44.29977403683429,44.29977404768365,44.299773783263014,44.29977379396683,44.29977377425367,44.29977651438827,44.29977373789009,44.29976376974559,44.29977016320691,44.29977384112518,44.299785306025505,44.29978442290082,145.17466275313254,44.30969385232236
1701,44.29998868790429,44.29998877209969,44.299989010751936,44.299988531148784,44.29998863767411,44.29998860126859,44.29999180036267,44.29998854490568,44.29998537569034,44.29998770394777,44.29998861238435,44.30001754921707,44.3000158557368,157.5348061214896,44.30990867961227
1702,44.29997390365034,44.29997378947122,44.299974206730944,44.29997375091614,44.29997385865787,44.29997382538637,44.2999765353409,44.299973825502995,44.299970355161015,44.299972848033434,44.29997382753748,44.29999411369649,44.29999285389274,157.53480617454053,44.30989390338144
1703,44.2999176447393,44.29991728539853,44.29991790715837,44.299917613047654,44.299917615824235,44.29991759497017,44.29991967248885,44.29991763070293,44.29991694317809,44.29991770474757,44.29991759357792,44.29992896207318,44.29992811656561,157.53480563631874,44.309837672040864
1704,44.29992012380055,44.2999198679216,44.29992037554259,44.2999200863921,44.29992009569287,44.299920075226744,44.29992212982115,44.299920107839164,44.299921193535795,44.299920911281184,44.29992007350896,44.299931327298815,44.29993051289324,157.53480552342688,44.309840152543096
1705,44.299973722837585,44.299973781339126,44.299973990399415,44.29997356920391,44.2999736805967,44.2999736478196,44.299976218765856,44.29997365004912,44.2999756576232,44.2999747782414,44.299973654749415,44.29999204835125,44.29999099777965,157.53480522661025,44.309893726316005
1706,44.29993191264728,44.29993146099273,44.299932056084806,44.29993178288442,44.29993188345543,44.29993185702008,44.29993428796352,44.2999317891198,44.29992478917353,44.29992914547617,44.299931923674556,44.299944408740316,44.29994329742507,145.17466020356792,44.30985193703871
1707,0.15105900585066992,0.15105888305704596,0.1510598644386262,0.15105970740650693,0.1510593383548592,0.1510597524702031,0.15106163649552454,0.15105895877860978,0.1510500247370217,0.1510550083090166,0.1510597400912022,0.15106920740689375,0.15106832915868681,145.17466068490995,0.16097967649884
1708,0.15392692570378871,0.15392638103281608,0.153927214293306,0.15392696899021827,0.15392692325302137,0.1539269362351091,0.1539295169007497,0.15392689029040926,0.15391917511352127,0.1539236944693331,0.15392699690929684,0.15393979959227652,0.15393892889563487,145.17466367668467,0.1638469978477419
1709,44.29997775177827,44.29997757882047,44.29997807820049,44.29997759444591,44.29997770154634,44.29997766008498,44.29998077905796,44.29997760426617,44.29997439801545,44.29997660479834,44.29997767361294,44.29999998069972,44.29999878055229,157.53480596481538,44.3098977424337
1710,44.299946530241364,44.29994612283062,44.299946835254396,44.299946378130336,44.29994648473397,44.29994644530822,44.299949115508525,44.299946454447756,44.299944081697475,44.299945926284714,44.299946450905594,44.29996086652426,44.29995988837513,157.53480629043858,44.30986652738378
1711,0.1510397207641969,0.1510390949201794,0.15104040952366896,0.15104007471954953,0.15103990666009506,0.15104011607585963,0.15104182697492016,0.15103945734845406,0.15103715800150838,0.15103878113225483,0.15104001778960222,0.1510473008327752,0.1510466730315257,157.5348056571554,0.16096000182222994
1712,0.15108370995351345,0.15108321765949814,0.1510843344226672,0.15108399698184402,0.15108386919821917,0.15108405036220388,0.15108575875573124,0.1510834331263383,0.15108357595178207,0.1510836087972395,0.15108396585639555,0.1510912600406838,0.1510907268117333,157.53480568373013,0.1610039782115178
1713,44.29994055691324,44.29994078412674,44.29994082772776,44.29994041218541,44.299940517873786,44.29994048174834,44.29994281424771,44.299940487389875,44.29994188729797,44.29994130771092,44.29994049135875,44.299951041693255,44.29995034446182,157.5348077446305,44.30986056457029
1714,0.1512930050732013,0.15129321473713725,0.15129361043056858,0.15129329858409263,0.1512931395725578,0.15129330559612741,0.151295395643218,0.15129288075910222,0.15128282580965668,0.1512889260938249,0.15129332013523847,0.1513035474575383,0.1513022763079412,145.1746671482462,0.1612133209556235
1715,0.15100775222005206,0.15100743873304137,0.15100884709458567,0.15100863959516234,0.1510081950378897,0.15100872563061116,0.15101034364647742,0.1510077437958426,0.15099390308510474,0.15100168786518148,0.15100864380959755,0.15101686690894242,0.1510158051482786,145.1746627791508,0.16092856247567264
1716,0.15108340459300224,0.1510836929033783,0.15108410550720247,0.1510839181356159,0.15108364931419793,0.15108394275244155,0.15108598310778135,0.15108327796214904,0.1510721799390993,0.15107893050269677,0.15108392105637566,0.15109404000126533,0.15109316760816038,145.17466300138992,0.16100390351355895
1717,44.29998053494748,44.29998053383488,44.29998084527503,44.29998037300006,44.29998048396494,44.299980441810014,44.29998357849317,44.299980380884854,44.29997784071272,44.29997972969548,44.299980456491,44.300006556340584,44.30000516450476,157.5348068039032,44.309900524211194
1718,44.29997150075093,44.29997143508938,44.299971777888494,44.299971343738996,44.29997145503588,44.299971416191795,44.29997409052192,44.299971392360675,44.2999678492844,44.299970393967406,44.299971421807726,44.29999006944548,44.29998886954263,157.5348068222203,44.30989149814993
1719,0.15191417421818176,0.15191374024192678,0.15191447609524086,0.15191421331150648,0.15191418215295968,0.15191420242409479,0.15191609939902953,0.15191419563885258,0.15191220798177613,0.15191370108723704,0.15191418204364257,0.1519232937618951,0.1519225443028797,157.5348060743153,0.1618342369808794
1720,0.15273475554907634,0.15273443222245184,0.15273499861199868,0.15273473546519775,0.15273473471368074,0.15273472414820527,0.15273663736668058,0.152734747534287,0.1527352105761661,0.1527352588139722,0.15273471933498864,0.1527434554996094,0.15274279287040543,157.53480601506845,0.16265479552899156
1721,44.29994772067718,44.299947847841615,44.29994797553846,44.29994756856684,44.29994768210731,44.29994764715432,44.29995000008262,44.29994765349724,44.299948964437846,44.29994849292846,44.299947657192654,44.2999601688798,44.29995939263853,157.53480642457353,44.3098677291936
1722,0.151455487649131,0.15145571111863693,0.15145584688504493,0.15145562119717457,0.15145554109887668,0.15145562266718968,0.15145784013643998,0.15145555966269517,0.1514470629236218,0.15145206728942698,0.15145564579614085,0.1514668678834392,0.1514657727419936,145.17466611435353,0.16137564699670767
1723,0.15100723221936063,0.15100702056916865,0.15100818302205185,0.15100806594568966,0.1510076497270219,0.15100816004864773,0.1510098141427011,0.15100719253737493,0.15099702501449028,0.15100300808760633,0.15100808104761218,0.1510159627967855,0.15101540984424167,145.17466244290563,0.1609280020063075
1724,0.15102337185884623,0.15102226207723102,0.15102431670569613,0.15102412694516829,0.15102375736073267,0.1510242201424475,0.15102608514421303,0.1510232594086461,0.15101631658450734,0.15102049745434173,0.15102411491996995,0.15103432734742164,0.1510334342997005,145.1746630790571,0.1609440785203916
1725,44.29997572530246,44.29997546848313,44.29997604051616,44.299975563612264,44.299975674806895,44.29997563565538,44.29997874170794,44.29997559615808,44.2999721545182,44.299974635841544,44.29997564755893,44.299997621899536,44.29999652173924,157.534806752112,44.309895715867306
1726,44.299960919291834,44.299960637910544,44.29996122288162,44.29996075584514,44.2999608731862,44.29996083774521,44.29996351240708,44.29996084148794,44.2999568712477,44.299959790433654,44.29996084080606,44.29997686314363,44.299975921874456,157.53480686538077,44.309880916679425
1727,44.29991536433946,44.29991499097511,44.29991561470931,44.29991531697834,44.2999153331677,44.299915310518195,44.29991737252035,44.299915343009935,44.299914268483036,44.2999152570506,44.29991530893378,44.299925099505664,44.29992443760309,157.53480620943543,44.30983538789153
1728,44.29992124383711,44.2999209771338,44.29992149105188,44.29992118598497,44.29992121456876,44.29992119320702,44.2999232459436,44.29992122445325,44.29992240510028,44.29992202546918,44.299921191317246,44.29993134745439,44.29993066935062,157.5348061540474,44.309841270519684
1729,44.299973721819164,44.29997380246436,44.29997399041982,44.29997356499289,44.299973679778354,44.29997364811708,44.299976223353866,44.29997365101975,44.29997640575552,44.299975122309974,44.29997365432025,44.29999106057801,44.299990093902686,157.534806349854,44.3098937260983
1730,44.29992135799329,44.299921748198244,44.299921504189854,44.299921127554285,44.299921316201306,44.29992127974222,44.299923947760284,44.29992131884301,44.299915841070096,44.29991912574349,44.29992133867024,44.29993477835341,44.29993373039616,145.17466335755822,44.30984135863839
1731,0.15151185309991477,0.1515119887568594,0.15151211780830684,0.15151200310946614,0.15151190705933643,0.15151199382144656,0.15151454889998936,0.15151192706805303,0.15150252631086936,0.15150810405295848,0.1515120364725082,0.15152294127500834,0.15152213849665194,145.17466319951566,0.16143201841220883
1732,44.2999121895352,44.29991257053994,44.29991232485067,44.29991199991185,44.299912148387534,44.299912112413175,44.29991494722876,44.29991216836086,44.29990730990477,44.29991055178303,44.299912173910826,44.29992519717633,44.29992447914908,145.17466359822396,44.30983219040155
1733,44.29997982569231,44.299979653075525,44.299980162843205,44.299979664252476,44.29997977427835,44.299979737109346,44.29998294728839,44.29997970712441,44.29997872984504,44.29997963488006,44.29997974591788,44.300005373442566,44.30000431870935,157.53480686559485,44.30989981511965
1734,44.29996456312441,44.29996420236424,44.29996487018192,44.29996439747152,44.29996451678638,44.29996448296476,44.299967170069436,44.29996449131618,44.29996185616191,44.29996380510124,44.29996448466602,44.29998091540643,44.299980114857135,157.53480700781043,44.30988456061135
1735,44.299912925414496,44.29991241518244,44.29991318512893,44.299912882019335,44.29991289474736,44.29991287350851,44.299914953782626,44.29991290922133,44.299913121702524,44.29991334288808,44.29991287114833,44.29992272227408,44.299922059594245,157.53480626896425,44.309832950190476
1736,44.29992161734239,44.29992124201281,44.299921861568315,44.29992155735781,44.29992158812948,44.2999215672152,44.29992363143444,44.299921604469326,44.29992351760139,44.299922684657425,44.299921564245835,44.29993249777564,44.29993177407088,157.53480620553202,44.30984164421994
1737,44.29997123370299,44.29997119573928,44.29997150380169,44.299971076995185,44.299971191591176,44.299971160094664,44.29997373851639,44.29997117108829,44.299973433932024,44.29997245200278,44.29997116485626,44.2999897219841,44.29998868912711,157.53480649106044,44.30989123786667
1738,44.29992933993936,44.2999297831881,44.299929482501966,44.29992917926669,44.29992930902856,44.29992928317592,44.29993188405381,44.29992927582415,44.299923686105295,44.29992719109953,44.29992933913754,44.29994599097828,44.29994465796923,145.17466379270175,44.30984936245948
1739,0.15147882273657123,0.151479045150825,0.15147908989220987,0.1514789986711295,0.15147888801384465,0.15147898644110616,0.15148146469445992,0.15147889328551703,0.1514691211280971,0.15147508274603147,0.15147903454030964,0.15149215267990523,0.1514908598842499,145.17466288596927,0.1613990092284522
1740,44.29992768350954,44.299928034485895,44.29992792009126,44.2999275763982,44.29992765586286,44.2999276345056,44.29993042047474,44.29992761078682,44.29992252378643,44.29992601152915,44.29992769256874,44.29994324167165,44.299942116508085,145.17466693248852,44.30984771271118
1741,44.29999799130235,44.299997860914026,44.29999831588527,44.29999782938959,44.29999793763563,44.299997899100305,44.30000111397539,44.29999784307202,44.2999973963777,44.29999808492121,44.29999790844524,44.30002391311225,44.300022801532414,157.53480704748122,44.30991797709898
1742,44.299972281163235,44.2999719698844,44.29997258847748,44.29997212663866,44.29997223537213,44.299972201777706,44.299974905606724,44.29997220242391,44.299970546589286,44.29997196336092,44.29997220391589,44.299991499542294,44.299990518888045,157.53480693474907,44.30989227948303
1743,44.29990844156464,44.299907922664154,44.29990870885816,44.29990841724677,44.299908412482814,44.29990839252424,44.29991047198187,44.29990842897391,44.29990799895844,44.29990863342533,44.29990839093106,44.299919579682786,44.29991879665212,157.5348062046979,44.30982846925042
1744,44.29992151061713,44.299921152693834,44.29992176453732,44.29992145425496,44.29992148177198,44.29992146177469,44.29992351633939,44.29992149436867,44.29992263941966,44.29992227613855,44.2999214597776,44.29993233454499,44.29993154842563,157.5348061257562,44.30984153872027
1745,44.299975277447054,44.29997544140419,44.29997554730139,44.29997512012392,44.299975234677554,44.29997520268848,44.29997778383136,44.29997520427489,44.29997834517952,44.29997684773351,44.29997520923751,44.29999295514682,44.299991963811635,157.53480631244494,44.30989528049298
1746,44.29992309992235,44.29992353748344,44.29992321329178,44.29992287364328,44.29992306167662,44.29992302852829,44.29992555249539,44.29992305034122,44.299918901063364,44.29992143539059,44.2999230970998,44.299935666176225,44.299934702438314,145.17466314734313,44.30984310767173
1747,0.15107008780928646,0.1510702423658676,0.1510708699164685,0.1510707130827772,0.15107038621466984,0.15107075856305255,0.15107268052062647,0.15107003153413154,0.15106115667097048,0.1510663440981597,0.15107074811604335,0.15108040596986236,0.1510794693215283,145.17466201847898,0.1609906863881216
1748,44.299486900804006,44.29948662340596,44.29948713427323,44.29948686360337,44.29948687222052,44.29948685090446,44.29948960216827,44.29948680305068,44.29948032492258,44.299484454963185,44.29948691932577,44.29949943498872,44.29949826124322,145.17466431951456,44.309406930206045
1749,44.29998032396666,44.2999802227948,44.29998065053443,44.29998016502568,44.29998027308622,44.299980235642614,44.29998339743408,44.29998019607027,44.299976509286815,44.29997913531913,44.299980247297036,44.30000835046912,44.30000684527446,157.53480664175603,44.30990031433663
1750,44.299965061192836,44.299964727813666,44.29996534801949,44.299964904698875,44.29996501560449,44.29996498060891,44.29996767107289,44.29996498278248,44.29995924486562,44.299963180683704,44.29996498317515,44.299984842835755,44.29998357315898,157.53480660332954,44.30988505957433
1751,0.15187929565261493,0.15187876553812166,0.15187964548551844,0.15187933005277618,0.15187931037410626,0.1518793411871349,0.15188133640018006,0.15187933647030824,0.15187623869078645,0.1518785023963319,0.15187930522750462,0.15188941358165756,0.15188861106304982,157.5348059680039,0.16179934620416006
1752,0.17159911012263837,0.17159861539886367,0.1715993739489856,0.17159906866764663,0.1715990790439096,0.1715990557086724,0.171601117502889,0.17159909049842956,0.1716004526963185,0.17159999072352747,0.17159905445198406,0.1716080492436736,0.17160746874292018,157.53480586886613,0.18151913727832467
1753,44.29996068208494,44.299960710416464,44.29996096767218,44.29996051676475,44.29996063865221,44.29996060511888,44.29996319537825,44.29996062146273,44.29996385204524,44.29996231649949,44.299960609555164,44.29997576111424,44.29997498721675,157.53480596114602,44.309880683978925
1754,44.299921353430626,44.29992184214483,44.29992159156229,44.299921131931846,44.29992131038271,44.29992127343359,44.29992399559225,44.29992131118738,44.29991560886996,44.29991921187661,44.29992133937659,44.299935634517,44.29993437547561,145.17466258128576,44.30984135292729
1755,0.15135472040298595,0.1513548998073149,0.15135515380699702,0.1513549591289691,0.15135482021738178,0.15135495456016596,0.1513573563579699,0.15135460035515355,0.15134815072208346,0.1513522457588328,0.1513550116204381,0.15136539203654073,0.1513644735463364,145.1746615702903,0.16127497748315595
1756,44.29990577501069,44.29990527449991,44.2999059585979,44.2999056117579,44.299905735687,44.29990570297625,44.29990846581845,44.29990573671159,44.29990205933145,44.29990459964645,44.29990576823911,44.29991839341725,44.29991730015047,145.17466267467782,44.30982578125906
1757,44.29998149234445,44.29998131057656,44.29998182263918,44.29998132609953,44.299981440891635,44.29998140322417,44.29998459777017,44.29998136865887,44.299980101204454,44.299981239733064,44.299981412166865,44.30001105964241,44.300009324393635,157.53480613146303,44.309901481494755
1758,44.29996340446888,44.29996312703636,44.29996372067806,44.29996323747634,44.29996335978526,44.29996332653797,44.29996602248667,44.299963341643796,44.29995967884911,44.29996237929489,44.29996332798921,44.2999824846888,44.29998131845365,157.53480610883372,44.309883404343104
1759,44.29972577291511,44.29972527922457,44.29972603689959,44.29972574250221,44.29972574235746,44.29972572093494,44.299727781534024,44.2997257604338,44.29972265238038,44.29972498333191,44.2997257185931,44.29973608563725,44.29973531007659,157.53480560053998,44.309645797811605
1760,44.29990207696929,44.299901699904495,44.299902327731054,44.29990205150822,44.29990204742314,44.29990202666381,44.2999040771044,44.29990205686317,44.299901326486435,44.299902115786175,44.29990202399293,44.299911922376225,44.29991120403585,157.5348054822331,44.309822103980444
1761,44.29996166442269,44.29996175498993,44.29996193153415,44.299961506566376,44.299961622653086,44.299961591034254,44.29996414839306,44.29996160388814,44.2999624104765,44.29996223528608,44.2999615974104,44.29997752240906,44.29997655380425,157.53480541885884,44.309881669396894
1762,44.29989916377597,44.29989959249783,44.299899303036334,44.29989896380713,44.299899123102485,44.299899086612676,44.29990169362776,44.299899105585645,44.299890261616916,44.29989563579003,44.299899155993494,44.299913027935666,44.29991174141018,145.1746610000353,44.3098191663409
1763,0.15102328307683396,0.1510234803178039,0.1510242100920525,0.15102410105098096,0.1510236841178168,0.15102418486457103,0.15102613945989216,0.15102325533748873,0.15100954098578642,0.15101773395139736,0.15102413179141363,0.151034948738693,0.15103410210400647,145.17466022954602,0.16094405423213418
1764,0.15293292315522042,0.1529329399686309,0.15293314170828606,0.1529329495366428,0.1529329125756271,0.15293291679128485,0.1529356850477967,0.15293288968236934,0.1529254475001951,0.15293040580554446,0.15293297838918665,0.15294607971447943,0.15294545781018773,145.17466251594755,0.16285298135978463
1765,44.29997280665077,44.29997251066811,44.2999731370798,44.2999726486826,44.29997275767068,44.29997271917864,44.29997590023075,44.299972695146415,44.29997017320824,44.29997212337258,44.29997273134384,44.29999808765343,44.299996741680815,157.53480543315655,44.309892799891664
1766,44.299957365484424,44.299957177401076,44.299957669869066,44.299957195949254,44.29995731994894,44.29995728298315,44.29995998921597,44.299957292718155,44.299953847787805,44.29995640480311,44.29995728614487,44.299975556226876,44.29997448189828,157.53480527496666,44.309877363395096
1767,0.15171492025073827,0.1517145003173003,0.1517152233905876,0.1517149131872371,0.1517149223889457,0.15171493870549815,0.15171684929719034,0.15171496933642686,0.15171357590327308,0.15171471940086775,0.15171490359554068,0.15172466296990048,0.15172392006938332,157.53480476669674,0.16163496493056034
1768,44.29990760590916,44.299907526011545,44.29990783272226,44.29990755617205,44.29990757562888,44.29990755057733,44.299909487588934,44.29990758526497,44.299908910376665,44.299908405747765,44.29990755012841,44.29991718509047,44.29991645836764,157.53480452200606,44.30982762992405
1769,44.299958654396896,44.29995885393217,44.299958884568646,44.299958495263304,44.29995861517648,44.299958582124695,44.29996093525751,44.29995859372139,44.299961262250974,44.29995995161539,44.29995859084216,44.29997272302691,44.299971839392335,157.53480372976438,44.30987866219352
1770,44.29518438435144,44.295183906617744,44.295184473251204,44.29518433703108,44.2951843624985,44.295184345191764,44.29518667828895,44.295184301346154,44.295181112865116,44.29518311618406,44.295184413291196,44.29519478840452,44.29519390224215,145.17459354397724,44.3051044215369
1771,0.15100891774878109,0.15100785194765762,0.151009661818789,0.15100968397411857,0.15100929376475689,0.15100977489868567,0.15101136863722128,0.15100885728184157,0.15100321815848702,0.15100638860979462,0.15100972518630448,0.15101734999168065,0.1510165374107897,145.17459123220706,0.16092964492470294
1772,0.15104999095351568,0.15104932707850774,0.15105073821897044,0.1510506440100047,0.1510503060149373,0.1510506995803978,0.1510526232765966,0.15104990283868042,0.1510430436346121,0.1510471222320123,0.1510506581458043,0.15105985260438473,0.1510590132150869,145.17459456624394,0.16097061231631704
1773,44.2999834660863,44.29998363099413,44.299983760515836,44.299983303670984,44.2999834158648,44.29998337400999,44.29998650312376,44.299983295054204,44.29997946657136,44.299982006202505,44.299983391705446,44.30001209796699,44.300010495667784,157.53480356788364,44.30990345638818
1774,44.29996047165066,44.299960361775334,44.29996077541398,44.2999603067753,44.299960424910275,44.29996038467663,44.299963060282586,44.29996037291849,44.29995442636213,44.2999583950778,44.29996039204172,44.29997936610704,44.29997810998889,157.534804001293,44.309880466799434
1775,0.15153566173979502,0.1515352654884904,0.1515359819870645,0.15153568941554454,0.1515356734670023,0.15153569872674447,0.15153759520692908,0.15153566562549312,0.15153388544349297,0.15153527547904944,0.15153567849496485,0.15154558823938122,0.1515447944982761,157.53480380584494,0.16145573791755535
1776,0.1517969132400834,0.15179668736604082,0.15179720258416224,0.15179691642960388,0.15179691431705472,0.15179692724651345,0.15179881909779988,0.15179694382005077,0.15179747418270761,0.15179742749290007,0.15179690568056947,0.15180649894413314,0.15180572135721668,157.53480375657185,0.16171696184063347
1777,44.29994744846562,44.29994758252767,44.29994769255939,44.29994729783646,44.299947410715696,44.299947376580484,44.29994971918975,44.29994738457834,44.2999483915119,44.299948064617986,44.29994738825727,44.29996098370358,44.299960045335894,157.53480364225177,44.30986745897376
1778,0.15117494463514777,0.15117516903188646,0.15117535564847748,0.1511752270825486,0.151175072950144,0.1511752384899142,0.15117733708125788,0.15117486472460703,0.15116738250328374,0.15117190291091478,0.15117525656220557,0.15118568466147733,0.15118471739394426,145.17465909220823,0.16109524475774364
1779,0.15100824660796522,0.15100834443152902,0.15100909757419628,0.1510090953064145,0.1510086640216363,0.15100918412859324,0.15101078512141466,0.1510082872352825,0.15100204379362633,0.15100575705694538,0.15100912257580143,0.15101764283668043,0.15101707575331808,145.17465808579905,0.1609290451237251
1780,0.15394226126142493,0.1539425630355241,0.15394245094554973,0.15394228926069542,0.1539422519454033,0.15394225323981084,0.1539447164531492,0.15394223075124605,0.15393819650971688,0.15394081976837884,0.15394231651635282,0.1539528400272871,0.1539522225500525,145.17466031935908,0.16386232041630408
1781,44.299980363326846,44.299980406415465,44.29998066489889,44.299980207086634,44.29998031518434,44.29998027733145,44.29998340824369,44.299980225137254,44.2999786071901,44.29997987934106,44.29998029077141,44.300004708431906,44.30000366322298,157.53480454018577,44.309900357672205
1782,44.29995905361441,44.29995895728603,44.29995933690623,44.29995889804979,44.29995901149733,44.29995897850046,44.299961623622,44.29995899180159,44.29995440851161,44.29995757560843,44.299958981253376,44.29997749755563,44.2999764763368,157.53480488107627,44.309879057265555
1783,44.29989621822612,44.29989591012124,44.29989646029755,44.29989619748937,44.29989619079911,44.29989617100855,44.299898229318075,44.29989620075358,44.29989484927321,44.2998959609419,44.29989617055053,44.29990668485937,44.299905948258065,157.53480465592503,44.3098162483119
1784,44.29991670322667,44.29991648858894,44.2999169442701,44.29991668259145,44.29991667702075,44.29991665864595,44.29991869924688,44.29991668358284,44.29991743694155,44.29991729153815,44.29991665663075,44.29992725248187,44.29992652297611,157.53480459189285,44.30983673585339
1785,44.29996383500557,44.29996395111893,44.299964096350806,44.29996368361886,44.299963793726086,44.29996376233814,44.2999663195176,44.29996377079217,44.29996252754206,44.299963570391405,44.29996376992573,44.29998067589829,44.299979590152496,157.5348044590155,44.30988384018716
1786,44.299901139389625,44.29990138072438,44.29990127028278,44.299900953253285,44.299901099848746,44.2999010644702,44.299903684760295,44.29990107815754,44.29988924360534,44.29989652516906,44.29990113239202,44.29991318963048,44.29991206990411,145.17465993692926,44.30982114272828
1787,0.15149046852069284,0.1514907964045895,0.15149078647660105,0.1514906446288499,0.1514905321880756,0.15149062813301653,0.1514929261608101,0.151490514314368,0.1514802371098867,0.1514865165771022,0.15149069305255702,0.1515004469148713,0.1514995997468737,145.17465927378765,0.16141065036679536
1788,44.2999481936601,44.29994860512924,44.29994836217612,44.29994807977334,44.299948167732104,44.29994814714639,44.29995090652963,44.29994807087613,44.29994390946553,44.299946710408996,44.29994821692846,44.299960399374946,44.29995957710465,145.17466092692402,44.309868225575805
1789,44.3001260253389,44.30012608708581,44.30012633490012,44.300125872602166,44.30012597406653,44.30012593742481,44.300129125672356,44.30012585954481,44.30012560938868,44.300126031570954,44.30012594920644,44.300152228127985,44.30015105442448,157.53480469127283,44.31004601562585
1790,44.299975056031876,44.29997494033276,44.29997534312319,44.299974902443715,44.299975010047554,44.299974976556534,44.2999776945857,44.29997496800396,44.29997263963472,44.299974435199054,44.29997497808574,44.2999929897289,44.29999209103613,157.53480471436214,44.30989505417731
1791,44.299908770594236,44.299908333403174,44.29990901914433,44.299908756216546,44.29990874272294,44.299908724218966,44.299910799674926,44.29990875437115,44.29990842414288,44.29990902329883,44.2999087214651,44.299919566811106,44.299918795553715,157.5348043711551,44.309828800631806
1792,44.299923267157276,44.299923053768545,44.29992352634687,44.29992324625786,44.299923242744796,44.29992322749643,44.29992527600712,44.299923241621194,44.299925195647376,44.2999243859889,44.2999232250541,44.299934533079494,44.299933770025795,157.5348041330076,44.30984330406317
1793,44.29997655798753,44.29997667274082,44.29997681983698,44.299976408314656,44.29997651572729,44.299976485149614,44.299979058573996,44.299976482858064,44.29997880418492,44.29997777636327,44.29997649140625,44.299994742991366,44.299993749509156,157.5348034175448,44.30989656233741
1794,44.29993969503975,44.29993941596644,44.29993978172311,44.29993958795012,44.2999396707415,44.29993965100301,44.299942122844215,44.29993957169396,44.299935175680936,44.29993792833852,44.299939716895295,44.29995256165649,44.29995154019671,0.019129222839673457,44.3098597286393
1795,44.299638334926215,44.29963796047775,44.29963839023457,44.29963827920676,44.29963831935448,44.29963830644049,44.29964070749455,44.29963822686113,44.29963368417981,44.299636476688136,44.299638405641105,44.299648072489,44.29964738729297,0.019125278608872958,44.30955838255955
1796,44.29992277227845,44.29992227626027,44.299922924398516,44.29992258061944,44.299922736094565,44.29992270486361,44.29992535844972,44.2999227129206,44.299921452313676,44.299922371558374,44.299922776977105,44.29993499968111,44.299933985330846,0.019129255644024967,44.309842782647934
1797,44.29998509405092,44.29998505324872,44.299985430506915,44.29998493115971,44.299985040779326,44.29998500299857,44.29998817383233,44.299984928861676,44.299982443198424,44.299984227271295,44.2999850181262,44.30001027871857,44.30000930802559,157.53478277196203,44.30990508051428
1798,44.299973096248046,44.299973038751915,44.29997340249863,44.29997294114441,44.299973049630125,44.29997301607651,44.29997573362041,44.29997300294659,44.29996819380775,44.29997160641068,44.299973020072876,44.29998957921882,44.299988798671734,157.53478339378003,44.30989309339858
1799,44.299923794294386,44.2999235556928,44.29992406452482,44.299923766402884,44.29992376842754,44.299923752222185,44.29992582135538,44.29992375612966,44.29992176251455,44.29992339992034,44.29992375190991,44.2999340941542,44.29993337216671,157.53478326618873,44.30984382873319
1800,44.29993153046674,44.29993143985249,44.299931798313594,44.29993148842764,44.299931505553864,44.29993148931251,44.29993353968016,44.29993149362085,44.29993285440674,44.29993241796918,44.29993148892472,44.299942487102676,44.29994173346287,157.53478312901743,44.30985156618906
1801,44.29997885384419,44.29997908048737,44.299979126969646,44.299978701278754,44.29997880992758,44.299978777386826,44.299981350578726,44.29997875713883,44.29997995564932,44.299979630892864,44.29997878570421,44.2999966334898,44.29999561523335,157.5347826296909,44.30989885490576
1802,44.299944532817385,44.299944426819906,44.299944614943705,44.29994442497752,44.29994450810339,44.299944487204776,44.29994697565302,44.299944396407646,44.29994018356941,44.29994276857033,44.2999445549788,44.29995704112699,44.29995602640443,0.019131404432008496,44.30986456576022
1803,44.299397353562966,44.29939726994389,44.299397409468035,44.29939730200869,44.29939733574539,44.299397318751154,44.29939974261567,44.299397215831966,44.29939286024112,44.299395473132456,44.29939741504919,44.299407237633126,44.29940666072449,0.019124364386160025,44.309317396400196
1804,0.1514942934669891,0.15149369070341975,0.1514946108498874,0.151494434124351,0.15149433464289924,0.15149441133981792,0.15149701158624768,0.15149427258256534,0.15149458049760783,0.15149461456930394,0.15149445102348788,0.15150885177326753,0.15150824695395856,0.01913159846519574,0.1614144504944421
1805,44.29996847061887,44.299968229399326,44.29996879981318,44.29996830573592,44.29996841512718,44.29996837412663,44.29997154636424,44.29996828122677,44.29996876562288,44.29996868859096,44.29996838898277,44.29999444493364,44.299993506617284,157.5347886893064,44.3098884529822
1806,44.2999735806738,44.2999735510111,44.2999738710765,44.299973424641365,44.299973533834105,44.299973498803524,44.29997618724065,44.29997347483271,44.29997075788186,44.29997275439259,44.29997350360225,44.299990432262,44.299989665364485,157.53478913685055,44.3098935770426
1807,44.299924706137205,44.299924491306136,44.29992496037317,44.29992466715993,44.299924679327546,44.29992466124498,44.299926722976295,44.299924666328735,44.29992244268388,44.2999242140154,44.29992466144788,44.29993555788321,44.299934812914934,157.53478897867794,44.30984473839427
1808,44.299927161230535,44.299927064185276,44.29992742633532,44.29992711966481,44.29992713420325,44.2999271158284,44.29992917322503,44.29992712248197,44.29992752911084,44.299927676668155,44.29992711542196,44.299938144220455,44.299937368979194,157.53478881960208,44.309847193179415
1809,44.29997853836574,44.29997877757185,44.2999788129128,44.299978384828755,44.29997849425093,44.299978460211086,44.2999810320914,44.29997843785336,44.29998022742484,44.299979564555166,44.299978469301344,44.29999642776201,44.299995387355885,157.53478812246968,44.309898538665465
1810,44.299948337770836,44.299948296013554,44.29994842484001,44.29994821984781,44.29994831167631,44.299948287237335,44.29995078857376,44.299948189620125,44.29994370561992,44.29994656923608,44.299948357600066,44.29996167201449,44.299960605647385,0.019133242097117028,44.309868367747754
1811,0.15102542845836306,0.1510245336395131,0.1510261609069957,0.151026145429527,0.15102575210198535,0.15102617781671204,0.15102818958304787,0.15102531905972175,0.1510201788694032,0.15102322094663273,0.15102618199204626,0.15103627482892054,0.1510356595818043,0.019128655122898578,0.1609460995825168
1812,0.1534463000465052,0.15344578949974222,0.15344655594658174,0.15344634704740578,0.15344629694989442,0.15344631272368156,0.153449003964952,0.15344621718471985,0.15344484054271734,0.15344590892074753,0.15344637207229844,0.15346162636850783,0.1534609401020745,0.01913331941208344,0.16336637450302655
1813,44.29998195912313,44.2999819958413,44.29998229377887,44.29998179750263,44.29998190720417,44.29998186719138,44.299985051576265,44.299981798751844,44.299981159784465,44.2999817248129,44.299981883177445,44.30000936998872,44.30000854649637,157.5347775911011,44.3099019472259
1814,44.29996930663929,44.29996924323728,44.29996960779377,44.29996914999527,44.299969260210126,44.29996922506242,44.299971922228195,44.29996920839171,44.299963858507176,44.29996758596206,44.29996923104601,44.299985697289365,44.299984926913936,157.5347781187288,44.30988930372971
1815,44.29992746551562,44.29992728156149,44.29992773132466,44.299927420949565,44.299927438821534,44.29992742065257,44.29992948732818,44.29992741712923,44.29992569513829,44.299927148158496,44.299927424783846,44.2999371494646,44.299936486954294,157.5347779775289,44.30984749816526
1816,44.29993075062087,44.29993066770084,44.29993101339293,44.29993070154179,44.29993072462202,44.29993070678885,44.29993275347235,44.29993070602587,44.299930619196665,44.29993103643036,44.29993070964385,44.29994088299427,44.29994014689232,157.53477782197663,44.30985078437295
1817,44.29997609882502,44.29997632894734,44.299976365857816,44.29997594911499,44.299976056326216,44.29997602336308,44.29997858259873,44.2999760071732,44.299975271813956,44.29997607414763,44.29997603394275,44.29999352466084,44.29999247371838,157.5347771467872,44.30989610189577
1818,44.29993308591324,44.299933214038184,44.299933179987704,44.299932968053184,44.299933059204115,44.29993303372234,44.29993546111598,44.29993294674284,44.29992508533122,44.29992995655994,44.29993310233522,44.29994509211493,44.2999440575168,0.019131083602977644,44.309853114031576
1819,0.16212387469042294,0.16212423924622285,0.16212400153384832,0.16212392247876858,0.16212387345979404,0.16212388391329619,0.16212628742624555,0.16212381805658327,0.1621187366995773,0.16212178334057106,0.16212397479001492,0.1621338648531905,0.1621330813291518,0.019128838838588402,0.17204394893071484
1820,0.15111449434072657,0.15111375535677293,0.15111503366787774,0.15111483616734542,0.15111463553204413,0.1511148244792565,0.15111729810965777,0.15111432344807296,0.15111322934658425,0.15111400447040296,0.151114860491266,0.15112920563661203,0.15112846492021306,0.019131936278059713,0.16103484001782073
1821,44.29998021868423,44.29998028123472,44.299980544558316,44.29998005857838,44.299980166973576,44.29998012590332,44.29998323564564,44.299980034859765,44.29997705780837,44.299978886935186,44.29998014481763,44.30000452248239,44.30000355693455,157.5346930327954,44.30990020687406
1822,44.299957914325894,44.29995783472631,44.299958211587345,44.29995775527872,44.29995786847257,44.29995783120998,44.29996051220275,44.299957819351626,44.29995021154645,44.29995542479033,44.29995783929823,44.29997283719118,44.29997191242742,157.53469348579492,44.30987791157611
1823,0.15154053528187014,0.15154009238580932,0.1515408685774961,0.15154059472024978,0.151540554556739,0.1515405890537538,0.15154248061525932,0.15154047694432457,0.15153748372224693,0.15153969649060173,0.1515405726097568,0.15154874431824797,0.15154811215499644,157.53469329087173,0.1614606212192976
1824,44.29985616923482,44.299855992250514,44.299856388886404,44.29985614501541,44.29985613899941,44.29985611456633,44.29985804717216,44.29985614653277,44.29985564563202,44.29985628553471,44.29985611609485,44.29986524308322,44.29986450300237,157.53469311779776,44.309776193475834
1825,44.29995652864528,44.299956716414165,44.29995677032172,44.29995638077386,44.29995648963348,44.29995645728214,44.2999588023809,44.29995647261304,44.29995725152164,44.29995708258829,44.29995646675709,44.29996988919381,44.299968926208784,157.5346923561752,44.30987653677368
1826,44.299581945904514,44.29958184065836,44.299582111906425,44.29958189544585,44.29958192073381,44.299581897213464,44.299584201265475,44.29958185201718,44.2995751067198,44.299579208258386,44.299581960737235,44.29959228581233,44.29959137661857,0.019132660239400207,44.30950197581007
1827,0.15099885942106814,0.15099824867482645,0.15099969996981472,0.15099968089391338,0.15099923893624922,0.15099972977702564,0.15100130285420096,0.15099882755087027,0.15099243628866207,0.15099608880097712,0.15099969743265804,0.15100806867856065,0.15100728201341806,0.01912655038095337,0.1609196217533815
1828,0.15104143521158622,0.15104037804822873,0.15104229178639458,0.15104217490853564,0.15104177577225117,0.1510422063198389,0.15104403254563828,0.15104136719921737,0.15103674437036366,0.1510395464761384,0.15104218906506922,0.15105273204438402,0.1510520117023228,0.01913247414668293,0.1609621328489746
1829,44.299980061573386,44.299980177495144,44.29998037871186,44.299979906292315,44.299980013133116,44.299979973952304,44.29998304705834,44.29997991136409,44.29997308792196,44.29997761137693,44.29997999237909,44.300005853026086,44.300004822524635,157.5345570982823,44.30990005494554
1830,44.29995766405313,44.299957512907106,44.29995796129095,44.29995750351194,44.29995761756967,44.29995757998924,44.29996026822669,44.29995757184175,44.299950342148634,44.29995524588043,44.299957588269244,44.299972986778705,44.299972084791314,157.53455754295985,44.30987766034186
1831,0.15191398247403418,0.15191366232786682,0.151914279204352,0.15191399766906807,0.15191397829673867,0.15191398673636883,0.1519158962262868,0.15191397144448618,0.15191163436215674,0.15191342459918608,0.1519139754316197,0.15192188892313024,0.1519213052569584,157.53455733854233,0.1618340255752612
1832,44.29991452668212,44.2999145098504,44.29991475972537,44.29991447961637,44.299914495111885,44.29991446883866,44.299916414604354,44.299914502095696,44.2999146664591,44.2999148316147,44.29991447186598,44.299923764233505,44.29992301869006,157.53455715937818,44.3098345481557
1833,44.299959204210985,44.299959495038784,44.299959457494076,44.2999590549899,44.29995916496267,44.29995913154715,44.299961470736804,44.29995913642181,44.299959700396926,44.29995961493032,44.29995914406522,44.29997281385287,44.29997189728817,157.5345563165191,44.30987921164535
1834,44.299731873506715,44.29973159638063,44.29973207115565,44.29973183908759,44.29973185196831,44.299731832811176,44.29973405120945,44.29973179033598,44.29972234682037,44.29972805387603,44.299731900820746,44.299741401467344,44.299740667554026,0.01912540282427155,44.30965190886287
1835,0.15100670805177432,0.15100559565518387,0.1510076888359441,0.1510076782358055,0.151007158859008,0.1510077234560831,0.1510091803047302,0.15100670879599082,0.15099044920728652,0.15099922279640585,0.1510077005508317,0.15101567295544158,0.15101487096281785,0.01912429404460442,0.16092758579675362
1836,0.15099686596209208,0.15099615414128675,0.15099788835623187,0.15099771743954227,0.15099725450143928,0.1509977524034771,0.15099953221094042,0.1509967886020603,0.15098820368487945,0.15099310076609762,0.15099773109971096,0.15100881806170743,0.1510081285225145,0.019125720630101737,0.1609176461914192
1837,44.29997767032655,44.29997769089868,44.299977987492944,44.29997751307932,44.29997762036505,44.299977581144255,44.29998066095053,44.299977507011,44.299969808593346,44.29997485916494,44.299977600101975,44.3000017088875,44.300000783875845,157.53479241295506,44.30989766128392
1838,44.299955070179465,44.299954935289094,44.29995537473719,44.299954914215725,44.29995502530422,44.299954990924526,44.29995768242089,44.29995499405269,44.29994968674851,44.29995337170801,44.29995499644676,44.29997084372997,44.29996996558764,157.53479300067667,44.30987506970502
1839,44.299923282733,44.299923136809234,44.299923547482734,44.29992324165696,44.29992325498779,44.299923235645934,44.299925308348776,44.29992324993474,44.29992446370443,44.29992408758895,44.29992323787113,44.29993282338068,44.29993222702396,157.5347928628311,44.30984331319906
1840,44.29993353921628,44.29993351434737,44.299933801373164,44.29993348205651,44.29993351307493,44.2999334952349,44.299935544223416,44.29993350684547,44.299936073925515,44.29993491513486,44.29993349621205,44.29994413632941,44.29994340647038,157.5347927354863,44.30985357265643
1841,44.29997686598455,44.29997704856542,44.29997712029634,44.29997671625242,44.29997682367563,44.29997679147227,44.299979360124645,44.2999767829974,44.29997890580049,44.29997804895413,44.29997680047561,44.2999942371729,44.29999323303526,157.5347921848621,44.309896869445105
1842,44.29993173361701,44.299931689463726,44.299931801230116,44.29993161764276,44.2999317080431,44.29993168462966,44.2999341228009,44.29993162084762,44.29992652367354,44.29992963689412,44.299931750476,44.299944518652296,44.29994360930891,145.1746413917617,44.309851763633475
1843,0.15161674122842042,0.15161713019572334,0.15161695455729554,0.15161691292074278,0.15161680297523847,0.15161689538479894,0.15161921933529088,0.1516167844248717,0.15161238128297502,0.1516149683948497,0.15161695866690136,0.15162731300546367,0.15162651738276497,145.17464245403337,0.16153692192348598
1844,44.29991325041351,44.29991313814142,44.299913366883544,44.29991307060302,44.29991321265387,44.299913178886435,44.29991582797087,44.29991319804821,44.299911515209395,44.29991273142409,44.29991324864517,44.29992679211498,44.29992609034607,145.17464291482761,44.309833256910814
1845,44.299986954441074,44.299986904116615,44.299987272244756,44.29998679486574,44.29998690251929,44.29998686462324,44.29999005149323,44.2999868023991,44.2999868321569,44.299987071045535,44.29998687889334,44.300011900702465,44.30001084456503,157.53479784728233,44.309906942778404
1846,44.2999763703452,44.299976259950824,44.29997667712752,44.29997621349571,44.299976323298445,44.299976288560515,44.29997897307545,44.29997627570513,44.29997292973436,44.29997536840397,44.29997629278469,44.299994698041225,44.29999375128969,157.53479834164213,44.30989636628342
1847,44.29992265660517,44.299922339607726,44.29992293036157,44.2999226300027,44.299922629961706,44.299922612346336,44.29992468102532,44.299922627908764,44.29992261167411,44.29992299646978,44.299922612476166,44.29993359322222,44.29993281059185,157.53479818726845,44.30984268912665
1848,44.29992404307385,44.29992383945418,44.2999243042137,44.29992401840414,44.299924017602244,44.29992400111641,44.29992604659834,44.299924016424164,44.299926343742385,44.29992529014384,44.29992400020788,44.299934621227116,44.29993389552098,157.5347980449568,44.309844078160204
1849,44.299972557342706,44.299972715021084,44.29997283220323,44.299972409451385,44.299972514985136,44.29997248351203,44.29997504937213,44.29997248834869,44.299975088271395,44.29997387199473,44.29997248992404,44.299988586189905,44.29998771260904,157.5347975824939,44.3098925612741
1850,44.29992868059956,44.29992917144266,44.29992879007175,44.29992852985001,44.29992864703879,44.299928616530316,44.29993116058886,44.29992859948674,44.29992269433597,44.299926314322754,44.299928662029664,44.29994149316124,44.2999404861175,145.1746439976745,44.30984869511454
1851,0.1515221786222796,0.15152258331077204,0.15152239623254846,0.1515223257404702,0.1515222301145246,0.15152231220204762,0.15152465776048013,0.15152226019002915,0.1515148053834751,0.15151928953507057,0.15152234132690184,0.1515327927691235,0.15153211050603468,145.17463274279785,0.16144233618356765
1852,44.299916162865316,44.299916534285096,44.29991627583478,44.29991595532388,44.299916123377066,44.299916087110326,44.299918735470634,44.299916132281474,44.29991091216255,44.299914061721466,44.29991614680071,44.299929082558386,44.299928204975096,145.17464478781702,44.309836165133994
1853,44.30010176714536,44.30010207834937,44.30010207665811,44.30010161629895,44.300101717152636,44.300101681003014,44.300104854545424,44.300101601797316,44.300099988473164,44.30010124474853,44.30010169423844,44.30012817310208,44.30012709026434,157.53480365050328,44.31002175946599
1854,44.29997695993881,44.29997707239885,44.299977247000726,44.29997680595677,44.29997691524077,44.29997688189292,44.29997954701997,44.299976864923906,44.29997040424822,44.29997471005907,44.29997688616427,44.29999539561258,44.29999438080868,157.53480422212877,44.30989695990661
1855,44.29989937127818,44.29989911382179,44.29989962271742,44.29989936796317,44.299899345118014,44.29989932678318,44.29990137122818,44.29989934927647,44.29989513105855,44.299898055935266,44.29989932761442,44.29990921629607,44.299908433693474,157.5348040875814,44.30981940369231
1856,44.29988103579307,44.299880862907486,44.299881284300476,44.299881026303865,44.29988100803471,44.29988098714537,44.299883029337686,44.299881020573736,44.29987841847829,44.29988032024906,44.29988098640093,44.29989091948652,44.29989008731199,157.53480407842585,44.30980106447038
1857,44.299956710436255,44.29995680673829,44.299956972834764,44.29995656151147,44.29995667092775,44.29995663931044,44.299959175607995,44.29995665496716,44.29995457252634,44.299956177084226,44.29995664860629,44.299972243200244,44.2999711444013,157.53480380638862,44.30987671808693
1858,44.215797483858005,44.21579782748708,44.2157976359376,44.21579746404576,44.21579746580945,44.21579745416232,44.21579998904996,44.215797411097384,44.21578214589078,44.215791502057435,44.215797520321225,44.215810919419916,44.215809708633635,145.1746593005613,44.225717527834604
1859,0.1510167215589593,0.1510164689536989,0.15101772288835605,0.15101766104071948,0.1510171757789943,0.15101773956318595,0.1510194866323991,0.15101673159801204,0.15099973109907125,0.15100918938730024,0.1510176928429862,0.15102742732161864,0.1510264298418154,145.17465794776334,0.16093759725392298
1860,44.29949700517653,44.29949732074345,44.299497198954235,44.299496966054114,44.29949698083551,44.29949696003314,44.299499675963396,44.29949691334681,44.29948960971716,44.29949429043253,44.299497032706064,44.299509558517144,44.29950869419452,145.17466338699364,44.30941703870741
1861,44.299978206614156,44.299978339906914,44.29997854041476,44.299978055099395,44.299978160689676,44.29997812453516,44.29998122497651,44.29997809243764,44.29997314198362,44.29997647578825,44.29997813827003,44.30000658772541,44.30000486273448,157.5348052665298,44.30989820462528
1862,44.29995002384526,44.29994989961867,44.2999503341953,44.299949871052455,44.29994998187297,44.299949947129484,44.29995259233136,44.299949970077144,44.29994164323574,44.29994707499583,44.299949952319395,44.29996830791976,44.299967107068596,157.53480548425986,44.30987002736538
1863,0.15121265249343585,0.1512120136842344,0.1512130580719774,0.15121277958219512,0.15121270172947918,0.1512127702384645,0.1512146997396982,0.15121263235737134,0.15120492022160567,0.15121005491327336,0.15121273892618078,0.15122217358754433,0.15122129291920508,157.53480520345832,0.16113277660535955
1864,0.15150115969180855,0.15150066001758375,0.15150150770771303,0.15150122043226788,0.15150118015511355,0.15150121597355032,0.15150318631214355,0.1515011184445797,0.15149848120293719,0.15150042011468148,0.15150119596577655,0.15150985338686096,0.15150907487464946,157.53480517325278,0.1614212531375605
1865,44.299950169371726,44.29995010917148,44.29995045560923,44.299950015347804,44.299950128025436,44.29995009328994,44.29995264128622,44.29995010855037,44.29994823276095,44.29994971310567,44.29995010241663,44.29996409743969,44.29996306997603,157.53480515709833,44.30987017369972
1866,44.299888778223476,44.29988913237127,44.299888926215374,44.29988864331428,44.299888740897636,44.299888707852936,44.29989139884126,44.299888699121034,44.29987637935381,44.29988424321547,44.299888769882166,44.2999005868227,44.29989946873447,145.1746608971345,44.309808787050336
1867,0.15104195624322214,0.15104211847084217,0.15104283404654384,0.15104274268431087,0.15104233154691368,0.1510427954734358,0.15104480894030564,0.15104190127686298,0.15102347201524907,0.15103449501035435,0.1510427544277307,0.15105246349622067,0.15105160252407956,145.1746608654816,0.1609626892361825
1868,44.29988896528039,44.29988886455319,44.29988913339213,44.299888867511584,44.29988893117945,44.29988890222199,44.299891651834706,44.29988889668417,44.299876987720296,44.29988477287532,44.29988896222665,44.2999013725042,44.29990052616676,145.17466417865515,44.30980898143536
1869,44.299978947124636,44.299978981179244,44.299979275922745,44.299978790271325,44.299978897112275,44.299978858465145,44.299982034876535,44.29997882266185,44.299974774946826,44.299977648910065,44.299978871434995,44.30000264522934,44.30000149732553,157.534805621297,44.30989893817293
1870,44.299956833612406,44.2999566088204,44.2999571490218,44.299956677337,44.29995678890569,44.29995675253159,44.29995942949005,44.29995676047389,44.299953014285535,44.2999556403957,44.299956757704244,44.29997276010434,44.299971808001125,157.53480559458134,44.309876832568854
1871,0.1515778321912611,0.1515773071954202,0.15157817215917366,0.1515778791876521,0.15157784301047542,0.15157786934428905,0.15157985814963007,0.15157784685559417,0.15157434213415785,0.151576779339173,0.15157785194027523,0.15158651250226765,0.1515858948268397,157.53480517887286,0.1614979096231848
1872,0.15198888097767244,0.15198852221269427,0.1519891796117543,0.15198889569664703,0.15198887673057507,0.15198888498295085,0.15199088399894686,0.15198888645105438,0.1519878568852858,0.1519887569097381,0.1519888704042375,0.15199725166271238,0.15199666971895273,157.53480504458193,0.16190893178303695
1873,44.29995816986193,44.2999582899589,44.29995844999425,44.29995801003714,44.299958127809674,44.299958091546046,44.29996064317228,44.29995809140835,44.29995755869651,44.299958112634236,44.29995810139335,44.29997256510487,44.2999716597773,157.53480474624516,44.3098781728685
1874,44.299810036491266,44.29981043771344,44.299810240793356,44.29980998162291,44.29981001006388,44.29980998662322,44.29981250844826,44.2998099259718,44.299799055196594,44.299805643583625,44.299810055718616,44.299822708009565,44.29982149040362,145.17465961450452,44.309730066647404
1875,0.1510241929237383,0.1510244210725739,0.15102515705849784,0.1510250518153605,0.15102461295844075,0.15102513119916613,0.1510270050962854,0.15102419946637452,0.1510111054062048,0.151018710460226,0.15102508178589583,0.15103504900572004,0.15103420088467132,145.1746580607514,0.1609449959398483
1876,0.16673071160009492,0.16673096404606222,0.1667309166486209,0.16673073047339584,0.16673069667264753,0.16673069414549338,0.16673340985897678,0.1667306792279676,0.16672164941046488,0.16672737622423162,0.1667307566811349,0.16674407913163733,0.16674321837457087,145.1746600864076,0.176650763815976
1877,44.29997947878679,44.299979527342565,44.29997980656478,44.299979319343684,44.299979429082875,44.299979387421835,44.29998253550414,44.29997933062619,44.29997598028405,44.29997833175157,44.299979402327175,44.30000721386822,44.30000559549043,157.53480420546992,44.30989946997472
1878,44.299955761457426,44.29995586308783,44.29995607611469,44.299955612054056,44.299955716245826,44.29995569058648,44.299958339218286,44.29995568005034,44.29995052030711,44.299954022057754,44.29995569392236,44.29997374933398,44.2999725777188,157.53480427853745,44.309875768769125
1879,0.1510873429210736,0.15108687802747087,0.15108788823443645,0.15108758837862332,0.15108748636928432,0.15108765324263576,0.15108936955361504,0.15108710476077927,0.1510843652202322,0.15108617808319688,0.15108756107133628,0.15109591460525262,0.15109517945749976,157.5348038750341,0.1610075806157166
1880,0.1512366045876382,0.15123629649627818,0.15123696301223907,0.1512366731656816,0.15123664142243678,0.15123669325510397,0.15123855104058795,0.151236533177043,0.15123733936770967,0.15123707894330676,0.15123666038784103,0.1512444921874327,0.15124391959165653,157.5348036225124,0.16115670114875089
1881,44.299938250624386,44.29993842463161,44.299938508696044,44.299938118777284,44.29993821452005,44.299938181310985,44.29994050011595,44.29993818714593,44.299940146274224,44.29993921735859,44.29993819441716,44.29995010284076,44.299949262068985,157.53480280394348,44.309858264265955
1882,0.1510303548046097,0.15103038582409614,0.15103120482916305,0.1510310581239563,0.1510307063804777,0.15103115440826084,0.15103277538332444,0.15103029127173775,0.151023514233546,0.15102754034852764,0.15103108611550115,0.15104067255338385,0.15103961122998336,0.019125648605240124,0.16095102811458942
1883,0.1509995333499358,0.15099864785929074,0.15100032822747092,0.15100035576070517,0.15099993042312057,0.15100044005538873,0.15100197679835417,0.15099949729422613,0.15098977726786159,0.15099541634954988,0.1510003951246222,0.15100893525859097,0.15100803604849058,0.019123578796177473,0.16092030518210979
1884,0.15109598371528016,0.1510958148902652,0.1510965858354927,0.15109648177110047,0.15109621580684454,0.15109651162235074,0.15109851307743863,0.1510959193522706,0.15108558495330351,0.151092031029201,0.1510965001213179,0.15110602677498955,0.1511050691587501,0.019125784908471246,0.16101647107039443
1885,44.29998253887928,44.299982814610395,44.29998285154496,44.29998237430604,44.29998248774495,44.29998244376629,44.29998553769803,44.299982363388665,44.29997719012584,44.29998069943892,44.29998246247359,44.30001005902489,44.300008394384236,0.03100192002155674,44.30990252690393
1886,44.29995536299319,44.299955435689974,44.29995565987582,44.29995520015023,44.29995531770558,44.29995527727903,44.29995790265878,44.299955274433415,44.29994663675705,44.29995250280024,44.2999552845686,44.299972989660944,44.299971726120596,0.031002488876614772,44.30987536023293
1887,0.15105863317814563,0.15105829326488587,0.15105933631303473,0.15105898865669884,0.15105882706545323,0.15105904382062066,0.1510607243793145,0.1510582309162196,0.15105402250589048,0.1510567613552031,0.1510589472551655,0.1510678969499745,0.15106706977670079,0.031002313363482397,0.16097895072146887
1888,0.15149863382576398,0.15149852204458134,0.15149896805671673,0.15149868786485246,0.15149865503462864,0.15149868927780838,0.151500580870534,0.15149859080978642,0.1514986299900882,0.15149889262379565,0.1514986700173351,0.15150822299122915,0.1515074848867826,0.031002154735457612,0.16141873022496717
1889,44.29993388715848,44.29993402374009,44.29993412136446,44.29993378686978,44.29993385422302,44.29993382329744,44.29993614419717,44.299933815675246,44.29993241962089,44.29993359071303,44.29993383653623,44.29994639997064,44.29994545422741,0.031001351926317425,44.3098539062058
1890,0.15100886847743514,0.15100843486502377,0.15100982032429225,0.15100971895353185,0.15100928761425353,0.15100980929824886,0.15101137566545894,0.1510088450688342,0.15099482794753605,0.1510032513179194,0.15100972590956957,0.1510194552704882,0.151018452036401,0.019132434852188768,0.16092964125834414
1891,0.15099540575754702,0.1509951635053924,0.1509963019054524,0.15099633460861522,0.15099584569370464,0.1509963971100826,0.15099786421374803,0.15099539041498986,0.1509724537315785,0.15098417415664553,0.15099636656886392,0.15100506642522782,0.1510041499635136,0.019132438691892406,0.16091626249915736
1892,0.15101801061570153,0.15101759015783342,0.15101905192194018,0.15101887332792777,0.1510184245262585,0.15101893733744168,0.15102060392536834,0.15101798674776037,0.15100029180129623,0.15101088821818445,0.15101886762843994,0.15102689671383854,0.15102607902736362,0.019133365336818895,0.16093878849552645
1893,44.29997756543855,44.299977698617646,44.29997787119682,44.2999774097129,44.29997751822057,44.299977477534696,44.29998055404272,44.299977417830256,44.29996765225161,44.2999741594779,44.299977495160135,44.300002499992274,44.300000943305086,157.5347758104679,44.30989756033844
1894,44.29994381380553,44.29994374513087,44.29994410274889,44.29994366651789,44.2999437722906,44.29994373496163,44.29994634405852,44.2999437485573,44.29993384522538,44.29994056629668,44.29994374092312,44.29996137481613,44.29996006161028,157.53477632091818,44.30986381761278
1895,0.15115469466199744,0.15115433834329672,0.15115528934583466,0.1511549691021427,0.15115483409803923,0.15115499642378283,0.15115681509910953,0.15115454087848806,0.15114831825271738,0.151152439187631,0.15115493441229463,0.15116459167282953,0.15116364872522384,157.53477618841308,0.161074953149534
1896,0.15161701412353484,0.151616776118403,0.15161733240295708,0.15161702553855816,0.1516170172632654,0.1516170328888353,0.15161902276366032,0.15161703917384306,0.1516149871605649,0.15161653169905423,0.15161701430525606,0.1516269782549509,0.15162610495300535,157.53477603919677,0.1615370746515002
1897,44.29995065655691,44.29995087192791,44.29995092971362,44.299950493785055,44.29995061520722,44.29995057724597,44.299953102744944,44.299950580775146,44.29995080036921,44.29995098320875,44.299950591066924,44.29996556515707,44.2999644362431,157.5347753712608,44.309870660075916
1898,0.1514512931193752,0.1514510648860409,0.15145160219086987,0.15145145550904593,0.15145135924808992,0.1514514570416041,0.15145377145444192,0.15145133120058998,0.15143965249143435,0.1514469737881259,0.15145149298414026,0.15146400993421852,0.15146281498680383,0.01912778296693135,0.16137147801454557
1899,0.1510071505681962,0.15100665982226677,0.1510080311673596,0.15100806423819751,0.15100759297762045,0.15100814999858778,0.15100976645307668,0.1510071222718307,0.1509842120372443,0.15099686791935066,0.1510080958611145,0.15101912039938253,0.1510179383397385,0.019125967474282864,0.16092798497744523
1900,44.29989402137735,44.29989398171864,44.29989412672463,44.2998938302731,44.29989398372836,44.29989394554908,44.29989642996234,44.29989394230244,44.29988280818285,44.29988974153732,44.29989402270274,44.29990659377264,44.299905339333606,0.01912787421833897,44.309814025613974
1901,44.29999752054864,44.29999783078153,44.29999782793525,44.299997358754844,44.29999746973507,44.29999742926571,44.300000571183666,44.299997352700125,44.29999393607124,44.29999624309718,44.29999744521863,44.30002784821546,44.300026290295854,0.03125077060641223,44.30991751006017
1902,44.29996620262002,44.299966293268135,44.29996649237402,44.29996604547768,44.29996615814755,44.299966121385175,44.29996878688132,44.299966112655305,44.29995920247725,44.29996388351017,44.29996612578241,44.29998522628434,44.299983919489506,0.03125146546387261,44.30988620204041
1903,0.1517256027801077,0.15172528388172005,0.15172595464741098,0.15172565724701992,0.15172562425024566,0.15172565958961817,0.15172763247553137,0.15172568176971343,0.15172022061688592,0.15172393195453074,0.1517256262102302,0.15173618342087183,0.15173530295384963,0.03125133442219903,0.16164568534505722
1904,0.1535096802634305,0.15350952798479744,0.1535099364191527,0.15350965534596403,0.15350965621785725,0.15350964225149707,0.15351166969599425,0.15350967230382662,0.1535085854648722,0.15350954937916034,0.15350963986287441,0.1535200511382329,0.15351924364663452,0.031251187014091984,0.1634297198193616
1905,44.29995723027667,44.29995742707613,44.29995748000466,44.29995707116427,44.29995718919224,44.299957152176496,44.29995969856304,44.29995715321498,44.29995732303962,44.29995749639151,44.29995716544241,44.29997321808293,44.29997219370471,0.031250438415169716,44.309877234320936
1906,44.131256744784615,44.13125682932312,44.13125685879194,44.131256757238326,44.131256732256425,44.13125672972848,44.13125924854293,44.13125670071546,44.131246446659766,44.13125267889558,44.1312567944405,44.13126983071691,44.13126869966408,0.019222216028424617,44.141176798003606
1907,0.15105393183118157,0.15105365039408963,0.151054642137424,0.1510546309208228,0.15105425997199837,0.15105467227089894,0.15105657917182289,0.15105391540493837,0.15103968392688225,0.15104818082676957,0.1510546698715107,0.15106465144322487,0.15106363688241867,0.019222781461267945,0.1609745905423677
1908,44.29990181599573,44.299901775891044,44.299901969702034,44.29990158410171,44.299901774200606,44.29990173185988,44.29990435359499,44.29990176124958,44.29989321526778,44.29989873043647,44.299901811819005,44.299912969928734,44.29991226580398,0.01922407805986384,44.30982181242029
1909,44.29997699548695,44.29997701454093,44.29997730746474,44.29997683910457,44.29997694644263,44.29997690721414,44.299980010722045,44.29997685204626,44.29997048889651,44.29997467989929,44.29997692181555,44.29999987854479,44.2999987954332,157.53480352068416,44.309896987991316
1910,44.299955879320855,44.29995577834368,44.299956163122594,44.29995572418954,44.299955835673586,44.29995579912487,44.299958456869,44.29995580150234,44.29994666279462,44.2999528606822,44.29995580399527,44.29997284976749,44.29997160795895,157.53480406155583,44.30987587983315
1911,0.15160173957969117,0.15160124458598565,0.15160207316320795,0.15160178942214841,0.15160175478037088,0.1516017850815447,0.15160377932450814,0.15160177041472098,0.1515971648778621,0.15160036667728205,0.15160176078507667,0.15161196974190408,0.1516110540764979,157.53480392874675,0.16152182113080552
1912,0.1518099700024982,0.15180961337692883,0.15181027033603986,0.15180998091011647,0.15180997095166768,0.15180998463372192,0.15181198632719814,0.15180999527399067,0.15180963891162905,0.15181017189289311,0.15180995764936256,0.1518197693790769,0.1518189515143412,157.53480389747838,0.16173001257370057
1913,44.299955270157504,44.29995541646508,44.29995552659195,44.29995510563146,44.29995522845658,44.299955191467866,44.29995773790183,44.299955195499486,44.29995577876674,44.29995577707245,44.299955203605826,44.299970821339514,44.29996975236954,157.53480371600048,44.309875273738584
1914,0.15149174569516324,0.15149156815813078,0.15149201075062815,0.15149187884322673,0.15149179666380583,0.15149187839582742,0.15149432037040242,0.15149182587564589,0.15148009244095928,0.15148755017904122,0.15149191470008294,0.15150541824894234,0.15150414092334272,145.17465881182582,0.16141190107934436
1915,0.1510215202101628,0.15102168659600249,0.15102244485860594,0.1510223520519797,0.15102192462103542,0.15102242979215524,0.15102434063316406,0.15102148021053205,0.1510045573309507,0.15101466160551777,0.15102238510598373,0.15103310320271493,0.1510318563903544,145.1746592119727,0.16094229545394537
1916,44.29991253133023,44.299912741078806,44.299912678694476,44.29991223923604,44.299912482102094,44.29991243550819,44.29991514855416,44.29991251199155,44.299905421844834,44.299909933256174,44.299912512890245,44.29992356694371,44.299922697559396,145.17465973730657,44.309832515292946
1917,44.29998017648949,44.29998015337436,44.299980492301266,44.29998001840033,44.299980127581016,44.299980091160386,44.29998326706567,44.299980054921214,44.29997794207966,44.29997949241345,44.29998010263981,44.30000719266517,44.30000577080374,157.53480427978667,44.30990016997873
1918,44.29995660436692,44.29995642267135,44.29995691414407,44.29995644598093,44.29995656056476,44.299956527391,44.29995920757139,44.29995655535131,44.299952345179946,44.299955250992895,44.299956529462634,44.299976610799916,44.29997543103272,157.53480440180607,44.30987660555161
1919,44.29954547342283,44.29954510427735,44.29954573509618,44.29954544411231,44.29954544396488,44.29954542285882,44.29954748484565,44.29954547033662,44.299544272976796,44.29954532692526,44.29954542211553,44.29955625610137,44.29955545490218,157.53480410819176,44.309465499840705
1920,44.29991380582512,44.299913627016394,44.29991405279054,44.29991378644544,44.2999137793031,44.29991376081146,44.29991580441622,44.299913794053715,44.299915446161684,44.29991477272697,44.29991375922457,44.29992450733268,44.29992376126603,157.53480393709296,44.30983383810653
1921,44.29996006368163,44.29996018658346,44.2999603190957,44.29995991121049,44.29996002397706,44.299959993820806,44.299962540651016,44.29996001317918,44.2999610161433,44.299960746957574,44.29996000321423,44.299976422817195,44.29997542731257,157.53480338887974,44.30988007184337
1922,44.29955412960293,44.299554213813,44.29955423344364,44.29955408584946,44.29955410837394,44.29955409169845,44.29955667602919,44.2995540358217,44.299545525687705,44.299550941314386,44.29955416703272,44.299567058393905,44.29956595978942,145.1746554410624,44.30947416860554
1923,0.15112170437040098,0.15112204680859734,0.1511220569770174,0.15112199693153286,0.151121827501649,0.1511219908761218,0.15112438572726167,0.15112164719431467,0.1511099199400137,0.15111701428042443,0.15112205120450042,0.15113333919031982,0.15113238591930298,145.1746542290442,0.161042002406572
1924,44.29991722845735,44.299917453915874,44.2999173304153,44.299916971376206,44.29991718491956,44.299917146097734,44.29991990267609,44.29991720732203,44.29991210430259,44.29991549592621,44.29991722149699,44.2999291352756,44.29992834766616,145.1746557778618,44.30983722453868
1925,44.30000573995985,44.30000591447041,44.30000605398367,44.300005580890115,44.300005688211094,44.30000565083396,44.30000887283995,44.30000558889398,44.300004416955225,44.300005538701754,44.300005661738176,44.30003428753395,44.300032842341444,157.53480228342343,44.30992572911037
1926,44.299971282245146,44.299971213273004,44.299971574164054,44.299971128010405,44.29997123780685,44.299971205016455,44.29997391012626,44.29997121013878,44.29996771560396,44.29997026991105,44.29997120659841,44.299991087887776,44.29998999772852,157.53480250482926,44.30989128287599
1927,44.299893394762016,44.299893024880305,44.29989364050889,44.299893378832365,44.29989336679415,44.29989334778625,44.29989540334058,44.29989337796594,44.29989084702524,44.29989274572753,44.29989334608771,44.29990435101012,44.29990356366988,157.53480228631716,44.30981342453683
1928,44.2999175897288,44.299917339786894,44.299917833194144,44.299917570096575,44.29991756340353,44.29991754548703,44.29991958800748,44.29991757289701,44.29991859120022,44.299918311263745,44.29991754402008,44.29992842486765,44.299927657308956,157.5348021083212,44.30983762252183
1929,44.29996228090366,44.299962296456414,44.29996253715882,44.29996213151572,44.29996224068514,44.29996221044391,44.299964767188506,44.29996222532566,44.299963031347794,44.29996287267601,44.2999622194066,44.29997902560205,44.29997801053556,157.5348014120357,44.309882288333874
1930,44.29988089291255,44.29988106684781,44.29988101996852,44.299880787398735,44.29988086407204,44.29988083886837,44.299883368193626,44.29988080852754,44.29987382340465,44.29987821366595,44.299880911794155,44.29989347070094,44.29989232818099,145.174650519594,44.30980091671204
1931,0.15159555947497397,0.1515959641044333,0.1515957798217808,0.15159572270658936,0.1515956164366462,0.15159570578764028,0.1515981797907117,0.1515955971977397,0.1515893610121171,0.1515931998886821,0.15159577423051968,0.1516061028654885,0.151605221814192,145.1746501466893,0.16151573268505515
1932,44.29992373821844,44.29992417056541,44.29992384805581,44.299923557473626,44.29992370347529,44.29992367387241,44.29992644798096,44.299923683440056,44.29992111489878,44.29992298002236,44.29992374919649,44.299935974957485,44.29993533225878,145.17465314118468,44.309843752405904
1933,44.30001000020286,44.30001005607567,44.30001030799696,44.30000984156149,44.300009948034045,44.300009910169734,44.30001313129006,44.300009842928176,44.30001128313821,44.30001082976051,44.30000992061171,44.30003484493128,44.300033827651504,157.53479787260582,44.30992998866595
1934,44.299976036282935,44.299976007295015,44.299976325710155,44.299975881777634,44.29997599086726,44.29997595681434,44.29997868646805,44.29997595179855,44.29997572562053,44.299976203813536,44.29997595862894,44.2999959673877,44.299995035944455,157.534798120692,44.30989603505202
1935,44.29991084010454,44.299910602395705,44.29991107091394,44.29991082088483,44.29991081344924,44.29991079436062,44.29991275330233,44.299910823866576,44.29991189119189,44.29991159210835,44.299910792313085,44.29992106055923,44.29992037509812,157.53479784619307,44.3098308717073
1936,44.29991990379301,44.299919819912624,44.299920127950685,44.29991987104827,44.2999198770726,44.29991985704849,44.29992179896249,44.299919880066795,44.29992207678742,44.29992109766854,44.29991985512138,44.29992971853222,44.29992903989373,157.5347976199758,44.3098399351816
1937,44.29995780482893,44.29995796939189,44.29995803552208,44.29995765359495,44.29995776538464,44.29995773211913,44.299960076970706,44.299957737485535,44.29995802167205,44.29995818014473,44.29995774193967,44.299971592285935,44.299970720587716,157.53479661317246,44.30987781204188
1938,0.15244047978093406,0.15244029091909747,0.1524406580483172,0.1524405578753961,0.1524404986524169,0.1524405364196533,0.15244265657970998,0.15244045753382343,0.15243522030025883,0.15243853423976006,0.15244058693370058,0.15245134910185237,0.15245030183105826,0.019124849397221335,0.1623605822382397
1939,0.15099736313144677,0.15099683891153634,0.15099809485072474,0.1509980898598217,0.1509976993361289,0.15099814746999793,0.15099970828755951,0.15099730022206276,0.15099414103777622,0.150995957110859,0.15099812119818606,0.15100692559361897,0.15100610298110204,0.019123632651028684,0.1609180612521251
1940,0.15101235074072852,0.1510117409675437,0.15101315930989576,0.15101303060606558,0.15101266766594917,0.15101309057431053,0.15101492633118177,0.151012298922669,0.15101448697558081,0.1510133044855999,0.15101302634608152,0.15102391057437262,0.1510231292177093,0.019124890224513108,0.16093300840727243
1941,44.29998650011419,44.29998665615181,44.299986806935955,44.29998633683766,44.299986448375115,44.299986407462285,44.299989547256324,44.299986329344556,44.29998870277513,44.29998752676056,44.29998642364277,44.300012491054794,44.300011684165895,0.03112149828699383,44.309906488174015
1942,44.29997657003799,44.299976701089555,44.2999768638386,44.29997641255435,44.29997652377167,44.29997648781022,44.29997917148288,44.29997646598314,44.29997462495377,44.29997603845725,44.29997649301106,44.299992878006556,44.299992130533134,0.03112203675196687,44.309896567135404
1943,44.2999227196646,44.29992267651366,44.299922969546294,44.299922683321974,44.299922692708,44.299922673325476,44.29992464689092,44.29992268252217,44.29992059416967,44.29992222182378,44.299922673833784,44.299932404865494,44.29993168918613,0.031121858997424926,44.30984275118259
1944,44.29992210504114,44.299922103462414,44.29992234331698,44.2999220781579,44.29992207944081,44.299922060613824,44.299924024713654,44.29992206971732,44.299921751613084,44.299922273022936,44.29992205969187,44.299931873039206,44.299931133879646,0.031121696523321665,44.30984213841705
1945,44.299961668600325,44.29996194557119,44.29996191500225,44.299961520563166,44.299961629449136,44.29996159801782,44.299964002599296,44.29996160165578,44.299961624803984,44.29996195156205,44.299961609044296,44.29997603804899,44.29997515274014,0.031120894657111316,44.309881676837875
1946,44.2998555459599,44.29985602418554,44.29985572497264,44.29985546696906,44.29985552027818,44.299855495566526,44.29985781941605,44.29985544663338,44.299850453531526,44.29985363625524,44.29985557107668,44.29986591055089,44.29986500226901,0.019127036841109255,44.30977557446559
1947,0.15099409203445194,0.15099424493696875,0.15099502744418483,0.150994920024307,0.150994470635881,0.15099496168705587,0.15099657157763466,0.15099405496641774,0.15098923044388138,0.1509918975867492,0.15099494310119427,0.1510047266053248,0.15100399687809515,0.019124256771316888,0.16091486986685125
1948,0.15099728652060115,0.1509967259329982,0.15099837951185563,0.15099815422348709,0.15099768581339032,0.15099818777201846,0.1509999956599109,0.1509972660349894,0.1509941901668306,0.15099596164966764,0.15099813947366936,0.15101200506385148,0.1510112344564715,0.019127896090899054,0.16091808637716856
1949,44.299984938580856,44.29998522537528,44.29998526155302,44.299984773606035,44.299984884755,44.29998484295027,44.29998814702882,44.29998474243402,44.29998294852638,44.299984279178894,44.29998485984007,44.300014377010406,44.30001332251705,157.53478965350064,44.3099049233633
1950,44.29997005704388,44.299970255497506,44.29997032347799,44.299969905052386,44.29997001471586,44.29996998161889,44.29997251281205,44.29996997382174,44.29996349190375,44.299967793021466,44.2999699865577,44.29998767806106,44.29998657599507,157.53478995709267,44.309890060463765
1951,44.299918469914275,44.29991834037494,44.299918726375374,44.29991844774016,44.29991844254338,44.29991842292941,44.29992047100031,44.299918434489804,44.29991372253591,44.29991694715414,44.299918424316814,44.29992899596207,44.299928141926095,157.53478982168,44.3098385004653
1952,44.29991656344881,44.29991643755701,44.29991681910183,44.299916544038545,44.29991653602022,44.299916516172914,44.299918553663595,44.299916537445434,44.29991533794537,44.29991634881312,44.2999165165157,44.29992682198661,44.299926012541846,157.53478965153636,44.309836593766015
1953,44.299954966876754,44.299954943747935,44.29995521973208,44.29995481916054,44.29995492738666,44.29995489617286,44.29995743180694,44.29995491763318,44.299953262911835,44.29995452887591,44.29995490586794,44.29997102416444,44.299969956207036,157.53478886984215,44.30987497460959
1954,44.29988586483194,44.29988554590864,44.299885933425095,44.299885744577615,44.29988583350336,44.299885802510545,44.29988832343874,44.29988576894769,44.29987742263626,44.29988271847361,44.29988587234166,44.299897462785786,44.29989648928326,0.019130303601633033,44.309805881175095
1955,0.15146857856044235,0.1514684212577895,0.15146874035586425,0.15146875763667936,0.15146864428643206,0.15146873948998343,0.1514711298247242,0.15146862433014796,0.15145885604743892,0.15146474283094108,0.15146880447254846,0.15147873312516422,0.15147782512873062,0.0191286137125774,0.16138876205218924
1956,0.15151765699231387,0.15151725343573433,0.1515179140695587,0.15151778639648503,0.1515176996164598,0.15151777326314397,0.1515204030179141,0.15151772441063513,0.15151048883616153,0.15151497371461511,0.1515178157899362,0.1515302033646079,0.15152949365324295,0.019132222070846975,0.16143780244908884
1957,44.29997766349691,44.29997757583149,44.299977963230724,44.29997750093074,44.29997761340996,44.29997757475925,44.29998073349674,44.29997752727081,44.29997450639092,44.29997661744297,44.29997759101666,44.30000177712702,44.30000076191169,157.53478258332902,44.30989765474067
1958,44.29997144740718,44.29997137453454,44.29997172591205,44.299971289772685,44.299971401968385,44.29997136706488,44.29997404470229,44.299971361132556,44.299966581749835,44.29996990235016,44.2999713717977,44.29999055589553,44.299989404098255,157.53478311615083,44.3098914457026
1959,44.29992257431428,44.29992234831233,44.29992281867673,44.29992254670474,44.29992254720605,44.2999225285137,44.29992459589181,44.299922540199674,44.299921189418676,44.29992236935221,44.299922529400526,44.29993331442652,44.299932490131944,157.5347829701197,44.30984260587146
1960,44.29992591037999,44.29992583705114,44.29992615627918,44.29992589037344,44.299925886477176,44.29992587093407,44.29992791893198,44.29992587473473,44.29992756229612,44.29992688496534,44.2999258695752,44.2999366755027,44.29993591372391,157.5347828189168,44.30984594823244
1961,44.29997640847818,44.299976726921614,44.299976655608056,44.299976257458496,44.29997636645168,44.2999763344049,44.29997889709751,44.299976329319655,44.29997934482287,44.29997791388471,44.299976342343946,44.299993795431625,44.299992824881116,157.53478216671326,44.30989641230098
1962,44.29992615667598,44.299926653270234,44.299926228163066,44.299925960150695,44.29992612265965,44.29992609101484,44.29992861179082,44.299926075728784,44.29992316840799,44.29992501058353,44.299926159255165,44.29993912840113,44.29993799601079,0.01915170699763283,44.309846170299465
1963,0.1514483765767747,0.15144872233028855,0.15144860730474433,0.15144856378752553,0.15144844717930425,0.1514485498595505,0.15145079446183973,0.15144840585910943,0.15144133586671862,0.15144548060978352,0.15144860481057876,0.15145871898686622,0.15145790301745785,0.019133482942087846,0.16136857140491281
1964,44.29989651339201,44.299896389470355,44.29989661069491,44.299896348491394,44.299896478530314,44.2998964455849,44.29989904794135,44.299896454613894,44.29989183539083,44.299894731534266,44.29989651508242,44.29990817225215,44.29990725763138,0.019151833832825794,44.3098165241556
1965,44.299981272168246,44.29998132848718,44.29998159858068,44.29998111261326,44.29998122114204,44.299981184183565,44.299984349793505,44.29998112762638,44.2999781630816,44.29998014318955,44.29998119987429,44.300006415368806,44.30000546883658,157.53466221743614,44.309901262328616
1966,44.29997675406804,44.29997693793129,44.2999770652816,44.29997661348158,44.29997671094148,44.29997668632496,44.29997932682132,44.2999766422576,44.2999697345709,44.29997441747427,44.29997669019594,44.29999686069194,44.299995696904396,157.53466272949487,44.309896763834416
1967,44.29992238916649,44.29992223137537,44.29992264350477,44.29992237155215,44.29992236359399,44.29992234671702,44.29992440651511,44.29992235629478,44.29992021273144,44.29992191902954,44.299922347288515,44.299933211294764,44.299932384321586,157.53466257903378,44.309842423600884
1968,44.29992532868979,44.29992529953799,44.299925575467,44.29992530991958,44.29992530518092,44.29992528953536,44.299927330262484,44.29992529570516,44.29992634843816,44.299926089994976,44.299925288079294,44.299936131284625,44.29993533532886,157.53466240798926,44.30984536669293
1969,44.299974021224735,44.299974321779395,44.299974266561556,44.2999738741955,44.2999739809239,44.29997394985096,44.299976496450704,44.29997394802212,44.29997599542576,44.29997511672838,44.29997396034798,44.29999083130196,44.29998984634913,157.5346614854259,44.30989402776148
1970,44.29988706856262,44.29988687403816,44.29988713296379,44.29988693690655,44.29988703767214,44.299887008682724,44.29988946806475,44.29988697302451,44.29987888133184,44.29988392179635,44.29988708394097,44.29989899509393,44.299897953813975,0.019128648209931605,44.309807086552496
1971,0.151022912261812,0.15102257747469064,0.15102376717048197,0.15102378197816746,0.1510233197857515,0.15102383287599186,0.15102551576806936,0.15102287739646172,0.1510051855591646,0.15101487453158582,0.15102380801517654,0.15103247773477657,0.15103158126478045,0.019124501258150694,0.1609437109651261
1972,44.299807774981815,44.29980788641112,44.299807927462545,44.29980773240788,44.29980775329736,44.29980773386141,44.29981031243444,44.299807665479086,44.299795109414354,44.29980260016652,44.29980781039472,44.299819311565464,44.29981823133273,0.019134497436641765,44.30972781137773
1973,44.299994563035405,44.299994854189684,44.29999486408122,44.299994405466144,44.29999451253752,44.299994475364144,44.29999758403886,44.29999439873938,44.299987700357725,44.29999202206531,44.29999449012799,44.30002052835304,44.300019261274294,157.53477553825937,44.309914553694995
1974,44.29996583383511,44.299965831286016,44.29996611395013,44.29996567969878,44.29996579005118,44.29996575732164,44.299968408905535,44.299965761795555,44.2999579552068,44.299963269733894,44.29996575979655,44.29998502998887,44.29998369196293,157.53477592004563,44.30988583508542
1975,44.299888589326834,44.29988824883862,44.29988883054523,44.29988858479931,44.299888562023334,44.29988854284748,44.299890613789536,44.299888576188074,44.299887826366394,44.299888641926394,44.29988854168413,44.29989935833115,44.29989850222329,157.53477574973536,44.30980861974347
1976,44.299920970986285,44.29992088791352,44.29992121274913,44.29992096327018,44.29992094685331,44.299920930468765,44.299922974135946,44.299920948309925,44.2999240089658,44.299922542822515,44.29992092833735,44.29993183314923,44.29993105682862,157.5347755629443,44.309841007771645
1977,44.29997299246907,44.299973231838806,44.29997323632913,44.29997284497463,44.29997295238629,44.29997292085499,44.29997546831984,44.299972923076645,44.29997648842795,44.29997471261885,44.29997293121469,44.29999000974396,44.299989044732115,157.53477457834728,44.3098929991855
1978,44.2998966155113,44.299896170811856,44.29989665116738,44.29989640850909,44.29989657653244,44.29989653731175,44.299898992418456,44.29989654930935,44.29988967148489,44.299893925793754,44.29989660772753,44.29990859057617,44.29990756843668,0.019131503462465088,44.309816616169606
1979,0.15103599861196731,0.1510355826870556,0.15103681046298456,0.15103683672928683,0.15103638745634063,0.151036874805884,0.1510386645471946,0.15103598156090844,0.15102146741711484,0.15102975347045902,0.15103685076733012,0.15104516130830006,0.15104433003360504,0.01912691893236392,0.16095675575146115
1980,0.15825461101945518,0.15825490800542916,0.15825483907848018,0.15825462715540908,0.1582545930937634,0.15825458788435395,0.15825730057309992,0.15825454672613568,0.15824319295197528,0.1582502218147423,0.15825465821865878,0.1582662721757985,0.15826525007478634,0.021956003247379275,0.16817465854746197
1981,44.2999839381665,44.29998411045515,44.29998424413443,44.299983776991134,44.299983886773994,44.29998384741095,44.29998697409129,44.29998377518902,44.299979780182746,44.299982347247294,44.29998386399069,44.300010566666266,44.30000937861998,157.53478221833254,44.309903927267584
1982,44.29996955219144,44.29996951842389,44.299969831529985,44.2999693983923,44.29996950883768,44.29996947516065,44.29997213943279,44.29996947489195,44.2999634533843,44.29996752073833,44.29996947973143,44.29998949834367,44.299988238375285,157.5347826224578,44.30988955378345
1983,44.29991684863271,44.299916588221286,44.299917092278896,44.29991683533792,44.2999168220492,44.29991680312465,44.29991886678724,44.29991682368703,44.29991542109502,44.299916601965485,44.299916804063336,44.29992765445104,44.299926802389706,157.534782458246,44.30983688057024
1984,44.29992284518028,44.29992276468092,44.299923086981096,44.29992282672043,44.29992282028805,44.299922802930716,44.29992484470151,44.29992281715823,44.29992396534477,44.29992359428389,44.29992280274332,44.29993358343185,44.29993278420222,157.5347822813877,44.30984288060833
1985,44.29997207668301,44.299972373095926,44.29997232353779,44.29997192897977,44.29997203522034,44.29997200257344,44.29997456450504,44.29997200170769,44.299972811325425,44.29997259808857,44.29997201456854,44.29998864679479,44.29998765023276,157.53478140173286,44.30989208116542
1986,44.29989585991715,44.29989578761723,44.29989592727659,44.29989565208964,44.29989582004385,44.299895780682256,44.299898354026276,44.29989578854508,44.29988909065315,44.299893265027315,44.29989585753396,44.2999075595188,44.299906517821874,0.019140170515514688,44.30981586024607
1987,0.15108499980016296,0.15108507940118537,0.15108562350326346,0.1510855976438118,0.15108527406439956,0.15108562035099593,0.15108762647943108,0.1510849613024176,0.151077291375841,0.15108164871327548,0.15108563623557233,0.15109493712548963,0.15109398423471818,0.019139704691101066,0.16100556751612563
1988,0.15102935694067218,0.151028866997467,0.15103032420763593,0.15103016110955422,0.15102973554037288,0.15103021206343709,0.15103235145806007,0.1510292282519032,0.1510261102900012,0.15102801230943777,0.1510301527892078,0.15104299115394387,0.1510421903391493,0.01914216539442455,0.16095010979035615
1989,44.299974964086715,44.299974918022805,44.29997526825772,44.29997480607276,44.29997491389836,44.29997487239103,44.29997800901811,44.29997480872104,44.29997310312502,44.29997433876773,44.29997488761452,44.299998885905644,44.29999788055719,157.53479602156492,44.30989495452522
1990,44.29995180316377,44.299951617219364,44.29995208509526,44.29995164606341,44.29995175878179,44.29995172027253,44.29995439339951,44.29995172434883,44.29994720039621,44.2999503037095,44.299951726596994,44.299967564368245,44.299966743768636,157.53479641318478,44.30987180198198
1991,0.15152699945938197,0.15152669592949666,0.15152733912748267,0.15152706568522276,0.15152702120803424,0.15152706043306216,0.15152896713159433,0.15152696695292964,0.15152632760295426,0.1515269940808661,0.15152703937430634,0.1515355163920588,0.15153493815318078,157.53479621737463,0.1614470978392504
1992,0.15277340572475875,0.15277329547732765,0.15277367030562367,0.15277338731507906,0.15277338554033162,0.15277337534627247,0.1527753130214106,0.15277339708274026,0.15277430286963206,0.15277405537641822,0.15277337133728738,0.1527818231230149,0.15278125442576654,157.5347960777242,0.1626934448311073
1993,44.29994864719138,44.29994882918742,44.29994891040669,44.29994849701015,44.29994860847058,44.29994857367594,44.29995097333307,44.299948573097254,44.29994739256238,44.29994840256493,44.299948587425796,44.2999622969786,44.29996132279539,157.53479550821467,44.30986865602869
1994,0.15108058644038702,0.1510804442261818,0.15108126679994927,0.151081124029511,0.15108084952116438,0.15108118377620383,0.15108310243908843,0.15108050593261846,0.15107064558848535,0.1510766732567118,0.15108115521460205,0.15109149683722128,0.15109041002102083,145.17464651469888,0.16100110973120266
1995,0.15100107862854364,0.1510010626478634,0.15100198503090775,0.15100189777123266,0.15100148069281435,0.15100198798187808,0.1510035754302898,0.15100103755376015,0.15099339945816698,0.15099789869203334,0.15100193789585775,0.15101021466818432,0.15100941663471373,0.019127362055926692,0.1609218538577817
1996,0.1514862859330041,0.15148663201280124,0.15148661125477922,0.1514864283808992,0.1514863374764189,0.15148641852902353,0.1514889227701022,0.15148634004790767,0.15148107704296557,0.15148443342102116,0.15148645637018562,0.15149683584061624,0.15149616130535645,145.17464848319813,0.1614064467290564
1997,44.29998531752727,44.29998547466306,44.29998564722636,44.29998514767405,44.2999852621789,44.299985218461494,44.29998854879912,44.29998515065996,44.29998428186807,44.29998515565839,44.29998523119618,44.30001510966677,44.30001373924196,157.5347963939807,44.30990529967257
1998,44.299956009702754,44.29995595806965,44.29995629695713,44.29995584372991,44.29995596561781,44.29995592960541,44.299958517573,44.29995594190419,44.29995082370271,44.2999544078619,44.29995593302586,44.299973028005674,44.29997204678924,157.53479654109572,44.30987600986801
1999,0.15501077668474206,0.15501053471061066,0.15501102284375665,0.15501074104869175,0.15501074865809525,0.15501072970589594,0.1550126986495523,0.1550107594619134,0.15500844828362056,0.1550102618176235,0.15501072883154698,0.15502070002972276,0.1550199572381494,157.53479633688144,0.16493081082688296
2000,44.29991077401248,44.29991066039444,44.299910993214006,44.29991072971058,44.29991074327415,44.29991071792733,44.29991269095897,44.29991075177865,44.29991148508504,44.299911414762846,44.29991071719824,44.29992058864405,44.299919874035346,157.53479613455306,44.309830797272674
2001,44.29995893333696,44.29995912643389,44.29995916643286,44.29995877820869,44.29995889357949,44.2999588595886,44.29996127013024,44.29995886530367,44.29996033952073,44.299959795035164,44.299958870373814,44.299973435292344,44.29997252910402,157.5347952429461,44.30987893994121
2002,0.17295490991822995,0.17295479263043365,0.17295503503811607,0.17295492379027033,0.17295489816198426,0.17295489760167945,0.17295717116033707,0.17295487295304554,0.17295042684084097,0.17295325859071395,0.17295496106751915,0.1729660365787273,0.1729650807050629,0.019127115861428425,0.18287496502543998
2003,0.15101763592842415,0.1510177034098391,0.15101842950111402,0.15101840423444637,0.15101800750823366,0.1510184841532277,0.15102013762172561,0.1510176060026518,0.15101083903407594,0.15101481206011394,0.151018443382945,0.1510268121218298,0.15102597057083786,0.01912551754636529,0.16093836447157425
2004,44.29990566466694,44.29990586976786,44.29990571368905,44.29990542706906,44.299905622638306,44.299905583556004,44.29990816904592,44.29990562886124,44.299901707721716,44.29990426033712,44.29990565728114,44.29991527141203,44.29991469814062,0.019128308459116828,44.309825662238325
2005,157.49487104121582,157.49487122575974,157.49487134902344,157.4948708728224,157.49487098800245,157.49487094497005,157.49487420986165,157.49487084904817,157.49486891992527,157.49487037811977,157.49487095969877,157.49490333420246,157.49490167710186,157.53478380805174,157.50479102688504
2006,44.299956148600224,44.29995598069334,44.299956443249386,44.29995599659733,44.29995610689293,44.29995607675616,44.29995866301477,44.299956109845596,44.29995064131012,44.29995446650131,44.2999560771622,44.29997424257803,44.29997315708787,157.53478422582342,44.30987615354345
2007,44.29990643525232,44.29990619639975,44.29990670145708,44.299906424402174,44.299906408150186,44.29990639035224,44.29990845438283,44.29990641711475,44.299903874210905,44.299905842165224,44.299906387987924,44.299917208871676,44.299916429496086,157.5347841150289,44.30982646667962
2008,44.299920143414255,44.299919971887654,44.29992039054223,44.29992013379609,44.29992011849303,44.299920102220305,44.29992215209214,44.29992012220385,44.299921493342204,44.299920990607056,44.29992009893211,44.2999309318236,44.299930171392326,157.53478396166463,44.30984017904649
2009,44.29996166688406,44.29996177858856,44.29996192063546,44.29996151629582,44.29996162648094,44.299961595716894,44.29996415521568,44.29996161277949,44.29996284452153,44.29996242951366,44.29996160435143,44.29997802781131,44.29997699442163,157.5347832966053,44.30988167350463
2010,44.29986287517613,44.299863107874025,44.29986296595015,44.29986280154397,44.29986285042134,44.29986282958862,44.299865429900365,44.299862783724855,44.299855840063906,44.299860266453415,44.29986290467977,44.29987530966475,44.29987421703289,0.019225709324583593,44.309782906867845
2011,0.15147209658313884,0.15147251774262196,0.15147232533452193,0.1514722629984017,0.15147215701332103,0.15147224904658602,0.15147471704687215,0.151472144399552,0.15146218239334422,0.15146837191494347,0.15147231135225872,0.15148216015156127,0.1514813239081159,0.019222842092261758,0.16139227151572916
2012,44.299932156687156,44.29993258451799,44.29993230279098,44.29993204909935,44.299932132042365,44.2999321121623,44.29993473552341,44.299932041808056,44.29992628052721,44.299929891884545,44.29993218593057,44.299942976114636,44.2999421499872,0.019225197637267624,44.30985219087884
2013,44.301514845526754,44.30151504864534,44.30151514439755,44.30151468603251,44.301514793729275,44.30151475547325,44.30151792478987,44.30151467292624,44.30151340226459,44.30151446431447,44.301514768483194,44.30154496674726,44.30154351482681,157.53478969750213,44.311434834530935
2014,44.29997512199862,44.29997509602376,44.29997543443031,44.29997496264118,44.29997507609803,44.29997504240248,44.29997775094683,44.29997503522747,44.2999703870664,44.29997363747426,44.29997504467906,44.29999483743086,44.29999377832859,157.534790143101,44.30989511991127
2015,44.29992216179849,44.29992192605058,44.29992243565883,44.29992213179165,44.299922135015294,44.299922117658866,44.29992419840773,44.299922132802436,44.299921470980756,44.29992222294356,44.29992211542913,44.299932909991334,44.29993214579667,157.53478998893266,44.309842194322584
2016,44.299931719559446,44.29993167627251,44.29993197566853,44.29993169229451,44.299931697614454,44.299931683896745,44.29993374020671,44.29993168293553,44.29993549441313,44.299933574564854,44.299931680824024,44.29994293306362,44.2999422017355,157.53478983085205,44.30985176085019
2017,44.29997792602759,44.2999782697083,44.29997817763237,44.29997777315421,44.29997788475884,44.29997785358941,44.299980416576716,44.29997784642571,44.299982377571745,44.299980061460786,44.299977863336984,44.299995998123855,44.29999507345446,157.5347891547842,44.309897931274
2018,44.29991905354904,44.2999186149734,44.29991908739988,44.299918677171696,44.29991900134268,44.29991895097385,44.29992141008768,44.29991905245506,44.299916089071786,44.29991784808056,44.299919030348654,44.299931995007704,44.29993099171761,0.019128651387618937,44.30983903003249
2019,0.15153247997737737,0.15153207694598883,0.1515326933355681,0.15153265542739205,0.1515325453041552,0.15153264142718056,0.15153484732282943,0.15153253359948599,0.1515272673716137,0.15153029113832514,0.15153271250823533,0.1515428601634151,0.1515420891371781,0.01912657854982529,0.161452669653505
2020,44.299913354876914,44.29991337091878,44.29991344154908,44.299913101951866,44.29991331455533,44.299913277946814,44.29991586438985,44.29991334809222,44.29991104447446,44.29991252562589,44.29991335397821,44.2999254601599,44.2999247021127,0.01912872648229875,44.30983335580864
2021,157.52453323424245,157.5245334477489,157.52453355569503,157.52453309405107,157.52453319458246,157.52453316324556,157.5245363071272,157.52453307505561,157.5245323811549,157.5245329788222,157.52453318216305,157.52456341690504,157.52456206169617,157.5347334921164,157.53445324711967
2022,44.2999788061575,44.29997896301321,44.29997909390048,44.29997865386488,44.299978761474584,44.299978730012555,44.29998143009835,44.29997872045407,44.29997365967904,44.29997713500264,44.29997873150444,44.30000003254906,44.299998840924324,157.5347340753023,44.30989880646231
2023,44.299925194735586,44.29992506246808,44.29992546563049,44.29992520108613,44.299925173061524,44.29992516117712,44.299927217601855,44.29992515334388,44.29992180815861,44.29992419217686,44.29992516012308,44.29993634804186,44.299935530622555,157.534733938774,44.30984523723685
2024,44.29992408423721,44.29992397405926,44.299924338390746,44.29992407568509,44.2999240602984,44.29992404567852,44.29992609282342,44.299924050638936,44.29992319696734,44.29992406013978,44.299924042994256,44.29993493637815,44.29993413455483,157.53473378308234,44.309844122274114
2025,44.299968974093154,44.29996911578562,44.29996922442334,44.29996882632099,44.299968933395725,44.299968903078685,44.29997147033509,44.29996890833618,44.299969479508185,44.29996947089682,44.299968911431165,44.29998564547259,44.29998463835195,157.53473303344092,44.309888980586216
2026,44.29990818425597,44.299907752250306,44.29990815912118,44.29990785159371,44.29990813247034,44.29990808288404,44.29991065216711,44.299908167277465,44.29990490797695,44.2999070391972,44.299908161623044,44.29992034628333,44.299919322083035,0.01912505698053647,44.3098281614542
2027,0.15407688107506673,0.15407646989250398,0.15407692883114618,0.15407695668094593,0.15407689549113715,0.15407692549429083,0.15407921375007452,0.15407684432256516,0.154072374720071,0.1540750810515729,0.1540770103844789,0.1540876482087379,0.15408678685586924,0.019123702264946262,0.16399697827631457
2028,44.29992051787833,44.29992003944472,44.299920526763366,44.29992017529667,44.29992046662648,44.29992041802735,44.299922988190595,44.29992049134329,44.29991264608879,44.299917449043924,44.299920494436826,44.29993195779037,44.29993101223,0.01912514320785412,44.309840497152784
2029,44.30000659147182,44.300006641168274,44.30000690261736,44.30000642886716,44.300006538837664,44.300006500203835,44.3000096215438,44.30000642377903,44.29999985724206,44.30000438223011,44.30000651376969,44.30003453984933,44.30003288197532,157.53477204965563,44.30992657854909
2030,44.29996172176092,44.29996163371442,44.29996204984308,44.29996157968418,44.29996167908349,44.299961654775586,44.299964355269985,44.29996163594706,44.29995690690436,44.299960238609515,44.29996165825281,44.299979693944806,44.29997853794708,157.53477270770102,44.30988173146145
2031,0.1518914324166969,0.15189105231458186,0.15189171951096364,0.15189141996292863,0.1518914149000462,0.1518914101654487,0.15189345160601483,0.1518914494944356,0.15189009770665135,0.15189122887154452,0.15189139958805484,0.1519019001700707,0.15190107885542753,157.53477257798613,0.16181146992232773
2032,44.29991246091697,44.29991228682551,44.299912720924546,44.2999124334126,44.29991243197594,44.29991241072093,44.29991446041932,44.29991244504438,44.29991421907864,44.299913473477794,44.2999124092456,44.29992283451734,44.299922101184706,157.53477244688813,44.30983248864781
2033,44.299961754583286,44.299961984497706,44.29996204028911,44.29996159777457,44.29996171341469,44.29996168215809,44.2999642345063,44.29996169614184,44.29996375826382,44.29996278598458,44.2999616917696,44.29997740750181,44.299976485297755,157.53477189271612,44.30988176044409
2034,44.29989237759614,44.299892844635885,44.299892498604216,44.29989222004554,44.29989234282605,44.299892311586056,44.29989493096827,44.299892306854986,44.299886077145146,44.299889999517234,44.29989238508788,44.29990425736127,44.29990331977802,0.01912816623074189,44.309812389745396
2035,0.1514756757061506,0.1514758074236636,0.15147587582741812,0.15147584030237013,0.15147573821377686,0.1514758321819166,0.1514780879810554,0.1514757371643611,0.15146772872734257,0.15147255295334766,0.15147588927263775,0.15148632608526427,0.15148537518553035,0.019125666443543406,0.16139585243545407
2036,44.29990515118059,44.299905325320196,44.299905211153266,44.2999048884652,44.2999051075246,44.299905065591986,44.299907610128514,44.299905113811825,44.29989572547129,44.299901474037036,44.29990514008048,44.29991680860413,44.299915921279016,0.019127969498295393,44.309825144131516
2037,44.2999901850618,44.29999042969474,44.29999050254966,44.29999002423648,44.29999013539902,44.29999009890341,44.29999322367322,44.299990038724474,44.29998490782834,44.29998831131322,44.29999011129282,44.300019660033314,44.30001800076159,157.5345634599827,44.309910176877366
2038,44.29996733091525,44.29996742950792,44.29996765236208,44.299967185630095,44.29996728884499,44.29996726501086,44.29996995048057,44.29996724038239,44.29996126520234,44.299965428110305,44.29996726710262,44.299986115078944,44.299984922834426,157.53456396099673,44.30988734190856
2039,44.29991707934179,44.29991687182079,44.29991735691834,44.29991706443743,44.29991705244814,44.29991703472462,44.299919107156335,44.299917055202165,44.299917136992796,44.29991745073416,44.29991703221716,44.29992796797097,44.299927136063296,157.53456381116453,44.309837111494915
2040,44.29992541890983,44.29992543024604,44.299925691922084,44.2999254050109,44.29992539575852,44.299925381382884,44.299927423396234,44.299925386292806,44.29992853803011,44.29992701913479,44.299925377569544,44.29993645909445,44.29993568981562,157.53456363472694,44.3098454583803
2041,44.299974952055784,44.29997521565833,44.299975201506015,44.29997479483871,44.2999749104712,44.299974878831016,44.29997742570862,44.29997488026836,44.299978247456544,44.299976593192305,44.29997488692586,44.29999222908546,44.2999912765435,157.53456264348034,44.30989495643942
2042,44.299908760650254,44.299908353396155,44.29990875467619,44.29990839093849,44.29990870676485,44.2999086540602,44.299911098751146,44.299908758082644,44.299905510199274,44.299907614381574,44.2999087282584,44.29992097700558,44.29991999719604,0.019123964506425773,44.309828732615124
2043,0.15143985240391014,0.15143976770038348,0.15144003190499414,0.15144004042115153,0.1514399260509245,0.15144003221851354,0.1514421741342815,0.1514398866593294,0.15143375309488352,0.1514373539719719,0.15144009393723776,0.15144995922357382,0.1514491127256902,0.019123128158442845,0.16136005041766954
2044,44.29991680499842,44.299916909252126,44.299916832339484,44.299916420112595,44.29991675093566,44.29991669871353,44.299919140928814,44.29991681737556,44.29991198042091,44.29991488090968,44.299916773333194,44.299928833794574,44.299927810977145,0.019123969364821854,44.30983677597224
2045,157.53265591043987,157.53265616098057,157.53265624471695,157.53265576036821,157.53265586744814,157.53265583204356,157.53265895751142,157.53265574504164,157.53265460959315,157.53265551696703,157.53265585238546,157.53268795444794,157.53268626605345,0.030980146678935314,157.54257591624528
2046,44.29997731627432,44.299977497461704,44.29997763343065,44.299977173913845,44.29997727438725,44.29997725057522,44.29997994798867,44.29997721121328,44.29997283166196,44.29997589454381,44.299977253565125,44.29999856803499,44.29999738382522,0.030980743556670808,44.309897327529576
2047,44.299920472818116,44.29992044519273,44.29992074426149,44.299920469818865,44.29992044834646,44.299920433504695,44.29992241951359,44.299920448276566,44.299919286235344,44.29992038138867,44.2999204306769,44.29993078391383,44.29993002381077,0.03098056359201666,44.30984050960455
2048,44.29992838365724,44.29992846771625,44.29992862459861,44.299928378623584,44.29992836331933,44.29992835112333,44.29993031427472,44.29992834386465,44.29992968614537,44.29992923570245,44.29992834753227,44.29993862663151,44.299937904742514,0.030980395543327762,44.30984842782158
2049,44.299966785354734,44.29996717853803,44.29996701765049,44.299966641458134,44.29996674718077,44.29996671789973,44.29996913564549,44.29996672296338,44.29996845710045,44.299967720206546,44.29996672785807,44.29998149693409,44.29998060488784,0.03097939000444673,44.309886795486676
2050,44.29984353540124,44.29984360513256,44.29984358213392,44.29984348056158,44.299843515673366,44.29984349828698,44.29984582247787,44.29984343543915,44.29984014774488,44.29984225864152,44.29984357418113,44.2998544199281,44.29985352382433,0.019123787815849034,44.309763575021805
2051,0.1510417944942117,0.15104155672553934,0.15104238511668305,0.15104245351323634,0.1510421047749346,0.15104250363143612,0.1510441608225799,0.1510417636998995,0.15103739595198112,0.15103986571632014,0.15104249348205337,0.15105122086970788,0.15105051722654358,0.019123035357825783,0.16096242776471875
2052,44.29990208786112,44.299902097159695,44.29990214408911,44.29990186334344,44.29990205141669,44.299902017039905,44.2999043616064,44.29990205725034,44.299899214187484,44.29990094270898,44.29990209231256,44.299913309943854,44.2999124581645,0.019124119103808516,44.30982209404217
2053,157.53299822293113,157.5329988894975,157.5329978680177,157.5329974037205,157.53299785401984,157.53299747283046,157.53300114057598,157.5329975288537,157.53299708307622,157.53299758358258,157.53299749394648,157.5330341356022,157.5330323212219,0.03098552504478265,157.54291755841712
2054,44.29997220506741,44.299972362858604,44.29997248225221,44.29997205496547,44.299972162860996,44.29997213347417,44.29997471481463,44.29997214440388,44.299966323293035,44.29997030848323,44.299972134184635,44.29999128437254,44.299990139799355,0.0309860000652199,44.309892209525344
2055,44.299915433857144,44.299915299480176,44.299915674474185,44.299915436281985,44.299915409665836,44.299915394963676,44.299917375650786,44.29991541342196,44.29991320151871,44.29991489254841,44.29991539221201,44.29992577621004,44.299924990822866,0.030985841649509165,44.30983547083244
2056,44.29992443859573,44.299924490718546,44.29992468485384,44.29992443569538,44.29992441704986,44.299924403553526,44.29992636824998,44.299924408022584,44.299925756921475,44.299925259274325,44.29992440028104,44.299934724669136,44.29993398690663,0.030985671221759076,44.30984448014314
2057,44.299964000699354,44.29996434895532,44.2999642370192,44.299963854846254,44.29996396199595,44.299963932099274,44.299966335887156,44.29996394206335,44.29996528336918,44.29996479623056,44.299963942789844,44.29997879195809,44.299977884067665,0.03098465791480567,44.30988400963991
2058,44.29985050777915,44.29985005034271,44.29985057607059,44.299850460294955,44.299850488744134,44.299850472014015,44.299852743205655,44.2998504055008,44.299846303336324,44.29984882593899,44.29985054723134,44.299861054873226,44.29986014950446,0.019123924297921008,44.309770548386716
2059,0.15138311731452994,0.15138273497586774,0.15138332967470117,0.151383342954824,0.15138320643626937,0.15138332423839423,0.15138535411389253,0.15138303606366627,0.15137768070040022,0.15138076963730884,0.151383394853687,0.1513926543969795,0.15139187112709318,0.01912320964541736,0.16130335460420442
2060,44.299923379367186,44.299922856332536,44.29992340817929,44.29992309724209,44.29992333938364,44.29992330152526,44.299925602777414,44.29992335064768,44.29991930830382,44.29992171347798,44.29992337712212,44.299935063770484,44.29993420846154,0.019124325010039456,44.309843379146336
2061,157.53326106502132,157.53326156509377,157.5332594538904,157.53325899632483,157.53326008978388,157.53325906329178,157.5332634613512,157.5332593694512,157.5332577937239,157.53325888213485,157.53325908694094,157.53329581837116,157.53329407910803,157.53234617085636,157.5431791494891
2062,44.299974574255394,44.29997463676548,44.29997485290141,44.299974423208965,44.29997453160686,44.29997450216433,44.29997707123602,44.299974505949535,44.29996695523514,44.299972005372446,44.29997450316403,44.299993633810686,44.29999242205329,157.5323466873439,44.30989457768114
2063,44.299922535947644,44.29992234073821,44.29992279335867,44.299922550525764,44.2999225134533,44.299922501540955,44.29992457121329,44.299922501692805,44.29991885879773,44.29992148635031,44.29992249939594,44.2999336503228,44.29993276983455,157.53234657368512,44.3098425770682
2064,44.29992454996363,44.299924440299804,44.29992480574097,44.29992456553445,44.29992452877417,44.29992451764397,44.29992656422224,44.29992451454021,44.299924013409445,44.29992466033448,44.29992451425775,44.299935506279944,44.29993467227314,157.53234640990794,44.30984459352345
2065,44.29996896546794,44.29996918109262,44.299969217053,44.29996882080621,44.29996892606861,44.299968897842426,44.29997145989779,44.299968911284815,44.29996943870075,44.29996941730007,44.299968907512785,44.29998596736684,44.29998494501817,157.53234552412871,44.30988897418036
2066,44.29990167670093,44.29990162780981,44.29990170898365,44.299901480938246,44.299901640295595,44.2999016079365,44.29990421810201,44.299901618614875,44.29989333850676,44.29989850186939,44.29990168618702,44.299913573629134,44.29991270790456,0.019124597411060127,44.30982168429832
2067,44.29944433851222,44.29944402790374,44.29944437263095,44.299444292220095,44.29944432588028,44.299444313693805,44.29944664028593,44.29944421477891,44.29943773176584,44.29944175041961,44.29944442045121,44.299454153481314,44.29945340515485,0.01912317266329969,44.30936438883089
2068,44.29994341743487,44.29994291033819,44.29994347273228,44.299943320706774,44.29994339816369,44.299943384473856,44.299945764317414,44.299943307646004,44.29994040052753,44.29994227582242,44.29994345892206,44.299955541722944,44.29995465357289,0.019124781910927646,44.309863459994055
2069,157.53295417909925,157.5329544472406,157.53295438025222,157.53295393435698,157.53295408989248,157.5329540030821,157.53295713545663,157.5329539453794,157.53295241339956,157.53295350407515,157.5329540251965,157.5329855010655,157.53298395180028,157.53476566697734,157.54287408841336
2070,44.29997923179962,44.299979262854954,44.29997952974444,44.29997907607071,44.29997918617164,44.29997915488162,44.29998184801494,44.299979147657176,44.29997477689532,44.299977789333354,44.29997915633212,44.30000151639381,44.30000030417265,157.53476625689342,44.30989923043655
2071,44.299929015956316,44.299928829575684,44.29992930414849,44.29992903383404,44.29992899651959,44.29992898770529,44.29993105992762,44.29992896677147,44.29992738575367,44.29992878893136,44.299928986021946,44.299940431534814,44.2999395721716,157.53476612015484,44.309849063266334
2072,44.29993586063487,44.29993581395598,44.29993613393634,44.29993582734563,44.29993583720081,44.29993582373164,44.299937877018,44.2999358267989,44.29993733146262,44.29993678271982,44.29993582168527,44.29994716997762,44.2999463824687,157.53476596877508,44.30985589985817
2073,44.2999756150939,44.299975892806394,44.29997586409726,44.299975466707544,44.29997557378317,44.29997554450023,44.299978110806826,44.299975546140466,44.29997699944685,44.29997644121852,44.29997555434368,44.29999320514148,44.29999220670297,157.53476528476676,44.30989562124449
2074,44.29991447239266,44.2999149444209,44.29991446991505,44.299914158155666,44.29991442493347,44.29991438083196,44.299917006987414,44.29991446788957,44.29990671465541,44.29991149070181,44.29991445648423,44.29992750437423,44.299926576617814,0.021215217955589134,44.30983445857604
2075,44.299776066205055,44.29977626482681,44.29977612006894,44.29977602214449,44.29977605210345,44.29977604010986,44.2997786137195,44.299775952184866,44.29976906874277,44.29977341467235,44.299776145323754,44.29978703528423,44.299786408493226,0.01913434344949463,44.30969611639231
2076,44.29993617216161,44.29993655159544,44.299936289797024,44.299936117545485,44.29993615931446,44.299936149204406,44.299938772653924,44.29993606751412,44.299934985086686,44.29993588389587,44.299936220803936,44.2999484924971,44.299947919177576,0.02121585728885313,44.30985622628069
2077,44.29999064544425,44.29999074861379,44.29999096546599,44.299990490945646,44.2999905977051,44.29999056338298,44.299993750985315,44.29999051703063,44.299991005137564,44.29999093857316,44.299990575225536,44.30001893417977,44.300017763815696,157.53480373267493,44.30991064070104
2078,44.29997635963269,44.299976385058976,44.29997665638286,44.299976206439084,44.29997631536599,44.2999762828157,44.2999789156819,44.299976268778984,44.29997126841558,44.29997464697246,44.29997628618262,44.29999426056074,44.299993459225725,157.53480442710335,44.30989636010579
2079,44.29992532809433,44.29992503572213,44.29992558509242,44.299925314904904,44.299925303052845,44.29992528726368,44.2999273553696,44.29992528310115,44.29992246530774,44.299924640193986,44.29992528840557,44.299934639239986,44.299933936372604,157.5348043110466,44.30984536379529
2080,44.29992867296795,44.2999285128804,44.29992892934546,44.29992866382565,44.299928650078975,44.29992863633984,44.29993068737429,44.29992862367498,44.29992830417573,44.299928849625495,44.29992863745608,44.299938221462185,44.299937539738245,157.53480430912222,44.30984871320797
2081,44.299963613671785,44.29996372194429,44.299963873078376,44.29996346353007,44.299963572075036,44.29996354037399,44.299966101409375,44.29996353862888,44.299963000646784,44.2999636576109,44.2999635519044,44.29997719177252,44.299976469627005,157.53480418426858,44.30988361795744
2082,44.29992336222741,44.29992377961997,44.29992345349336,44.29992310542059,44.29992332201533,44.29992328211457,44.299925687136415,44.299923312897825,44.299915754883564,44.29992032129081,44.2999233485273,44.299935216027535,44.29993417678207,145.17465956492154,44.309843360780995
2083,0.15109346276165822,0.15109372091781167,0.15109417096904984,0.1510940038430673,0.15109370959457438,0.15109402446149575,0.15109604336959892,0.15109339801575286,0.15108559042177186,0.15109008331357518,0.1510940413076722,0.1511042245622183,0.15110334762326008,145.17465942231328,0.16101398416554355
2084,44.29992305212729,44.29992345507653,44.29992330184462,44.299922913995566,44.2999230172461,44.29992298909668,44.299925753610374,44.29992298766441,44.29992109580846,44.29992239691561,44.29992305483524,44.29993666856215,44.29993564118144,145.17468490154553,44.30984306774027
2085,44.299984855942846,44.299984891390125,44.2999852018498,44.299984696907416,44.29998480373964,44.2999847658669,44.29998796723174,44.29998472088885,44.299983605345886,44.29998454184698,44.299984775261294,44.300012461689,44.30001127249209,157.53480524388254,44.30990484404982
2086,44.29996978776455,44.29996962315562,44.29997009292159,44.2999696341244,44.29996974229139,44.29996970903665,44.299972405739645,44.29996970619866,44.29996434704197,44.29996812550902,44.29996971174245,44.29998715410807,44.29998623625511,157.53480534158493,44.309889786639495
2087,44.299926433138104,44.299926158171,44.29992670277921,44.29992641459458,44.29992640791738,44.29992639208364,44.299928455091106,44.29992639005743,44.29992379343611,44.29992577666238,44.299926391335894,44.29993681854208,44.299936019688836,157.53480504400844,44.30984646885599
2088,44.29992692073527,44.29992671137827,44.29992718731807,44.299926898082184,44.299926895537645,44.299926879435276,44.29992892105155,44.29992687947722,44.299927696183715,44.29992752026238,44.2999268781689,44.299936403775945,44.299935723975686,157.53480496260195,44.30984695639057
2089,44.29996150472149,44.29996145450278,44.29996175921093,44.299961351015526,44.299961463212476,44.299961431851834,44.299963983994786,44.2999614317088,44.29996200017134,44.29996195644759,44.29996144255325,44.29997464261368,44.29997390924179,157.5348045115675,44.309881509483056
2090,44.29989736174363,44.29989736020147,44.29989747982614,44.29989719912763,44.299897327309985,44.29989729763421,44.29989984278291,44.29989728353252,44.299890789773194,44.29989473827317,44.299897377275364,44.29990965478773,44.299908487870816,145.1746600753853,44.30981737613839
2091,0.15102306643241747,0.15102337038313582,0.15102386438455737,0.15102381296637332,0.15102342909273417,0.15102388351536175,0.15102596515725555,0.15102297882079635,0.15101616959796677,0.15102026673745778,0.15102384820998982,0.15103439723071044,0.15103361663230533,145.17466026241928,0.1609437717259246
2092,44.29935538448765,44.29935579998914,44.29935561715008,44.299355344968916,44.29935535637882,44.299355334349336,44.299358100276,44.29935527864612,44.29935402608597,44.299354999542636,44.299355410836974,44.299369293995575,44.29936843199113,145.17466065178814,44.3092754131869
2093,44.299982126659835,44.29998191144029,44.2999824453093,44.299981966808836,44.299982075818185,44.299982039030915,44.299985223164875,44.299981999631996,44.29998352149506,44.29998298949574,44.299982048449316,44.30000862448759,44.30000739721771,157.5348052638144,44.30990211704894
2094,44.299971470456676,44.299971158632836,44.2999717608256,44.29997131255529,44.29997142541148,44.2999713922402,44.29997411771071,44.29997140073041,44.29997187219387,44.299971951625054,44.2999713938101,44.299991766921615,44.29999074462651,157.5348054161763,44.30989146997772
2095,44.29992802577942,44.299927731901704,44.299928277072546,44.29992798358748,44.299928000091604,44.299927983645546,44.29993006343809,44.299927989116874,44.29992824998694,44.29992845877757,44.29992798099003,44.29993945399773,44.299938714350326,157.53480509948864,44.30984806065748
2096,44.29993676020876,44.29993663076445,44.299937011085554,44.299936700771184,44.29993673453051,44.299936716980774,44.29993877600909,44.29993671993777,44.29993909417056,44.29993801750708,44.29993671472956,44.299947967035216,44.299947233020596,157.5348050207178,44.30985679440594
2097,44.299979491462494,44.29997981039018,44.29997975697436,44.29997933656076,44.299979448094355,44.29997941494553,44.299981994127826,44.29997938893433,44.29998300942591,44.29998118148023,44.29997942621872,44.299997489561925,44.29999650147398,157.53480497538504,44.30989949343006
2098,44.299942660061966,44.29994302514644,44.299942802583416,44.299942571007364,44.299942637503,44.299942620298545,44.29994510786589,44.29994250219719,44.29993904613932,44.29994108860115,44.29994270144142,44.29995641180605,44.29995531562039,145.17466313081187,44.3098627010043
2099,0.15108307277507854,0.1510828913671248,0.15108364570941354,0.15108357281433102,0.1510832993036151,0.15108359559160037,0.15108581502859217,0.15108300237699004,0.15108038630342854,0.15108188714039952,0.15108362126886538,0.15109446035795518,0.15109383790771344,145.1746593378869,0.16100358153607955
2100,0.15123704145711284,0.15123642624099448,0.1512376205209959,0.1512373457648628,0.15123716742535748,0.15123733680782284,0.1512399274945295,0.15123683407531893,0.151237216126804,0.1512370474236017,0.1512373659708701,0.15125197689818873,0.15125111251005086,145.17466009124863,0.16115736349585288
2101,44.299981452624905,44.29998140831018,44.2999817851509,44.299981282531405,44.29998139406563,44.29998134981312,44.29998455238072,44.29998124822128,44.2999795220945,44.29998077916466,44.299981364564296,44.3000060113662,44.300004961651716,157.53480474363906,44.30990142996686
2102,44.2999781143266,44.299978122726706,44.29997841246509,44.29997795710895,44.29997806633522,44.29997802999293,44.29998074914815,44.299977998935105,44.29997419253619,44.29997697839656,44.299978033601555,44.29999584046899,44.2999948392896,157.53480475546795,44.30989810891824
2103,44.29991700640854,44.299916742412876,44.29991724884943,44.299916984057184,44.29991697795516,44.299916957680075,44.29991893628338,44.29991697981947,44.2999144429238,44.29991642073838,44.2999169558744,44.29992660185417,44.299925862731776,157.53480436151088,44.30983703492846
2104,44.299926615047504,44.29992655520791,44.299926853097496,44.299926588748036,44.299926590509585,44.299926573266966,44.299928539949406,44.299926579058855,44.299926266258176,44.29992681893071,44.29992657142881,44.29993654830934,44.29993583266449,157.5348041123334,44.3098466506596
2105,44.29996832494077,44.29996864447733,44.299968569705186,44.29996817778081,44.29996828591521,44.29996825552257,44.299970667071705,44.299968255245176,44.29996866875371,44.29996873309138,44.29996826709546,44.29998322255822,44.29998226084101,157.53480338483936,44.309888333546844
2106,44.299840491225574,44.29984002147387,44.2998406439474,44.29984044060922,44.299840467478454,44.29984044834318,44.29984273118669,44.29984037510969,44.29983179325992,44.29983711416386,44.29984052853564,44.2998509502059,44.29984991217325,0.019133964643105666,44.309760526227564
2107,0.15104786092108205,0.15104741842547742,0.15104824595558589,0.15104822881833196,0.15104802165658415,0.15104822971384022,0.1510501493860796,0.1510478160063889,0.1510403299517694,0.15104478099510324,0.15104827985700106,0.151056548333769,0.15105579779645315,0.01912526394242719,0.16096823120096693
2108,44.299886465206065,44.299886442646425,44.2998865956809,44.29988635974806,44.29988643688922,44.29988641266721,44.2998889445953,44.29988638767329,44.29988182410898,44.299884631464,44.29988649155579,44.29989677808877,44.29989589687875,0.019134215148660445,44.30980649146833
2109,44.30006368855178,44.30006390454876,44.30006401224392,44.30006353004509,44.30006363400246,44.3000635945761,44.300066850504436,44.30006349178109,44.30005942305255,44.30006216857896,44.300063607965704,44.30009131486978,44.30009017728913,157.53468225795925,44.309983673055505
2110,44.29996533984494,44.29996521355045,44.29996560969692,44.29996518514732,44.29996529471754,44.29996526110393,44.29996785754253,44.299965263772975,44.299957931870686,44.299962960495805,44.29996526322362,44.2999818366337,44.29998068364724,157.53468267886333,44.309885339027566
2111,44.29984307156346,44.299842714006694,44.29984330296984,44.29984305686805,44.29984304174431,44.29984302050158,44.299845027425214,44.29984305445984,44.29984051046784,44.29984250426461,44.299843018469296,44.299852113598035,44.29985141579153,157.53468253149032,44.30976309758017
2112,44.299920318347624,44.2999202443881,44.2999205480269,44.299920301689205,44.29992029305844,44.29992027489195,44.2999222403675,44.29992029805476,44.2999213669052,44.29992107450153,44.299920273089384,44.299930194425826,44.299929470980544,157.53468236147788,44.30984035243668
2113,44.29995595165769,44.29995621482785,44.29995618263052,44.299955805122664,44.29995591450865,44.29995588524928,44.299958292812676,44.29995590624085,44.29995660359314,44.29995647761333,44.29995589620531,44.299970292200726,44.29996937889999,157.53468159231443,44.309875963852456
2114,44.29935374034502,44.29935416127022,44.29935383364292,44.29935370245556,44.29935371897039,44.29935370244623,44.29935621139963,44.299353645440384,44.299345945423056,44.2993507817505,44.299353779490986,44.29936467629282,44.299363896616065,0.019154882218332846,44.309273779451104
2115,0.15101011508285375,0.15100993545655342,0.15101093397959928,0.151010971378188,0.15101052664388584,0.15101104672980778,0.15101276685699266,0.15101010077486166,0.15100138237198724,0.15100656718439084,0.15101099593949752,0.15101922060734432,0.1510185927740438,0.019127766830849862,0.16093092146742963
2116,0.15106895078378357,0.15106858754248,0.1510697745479103,0.15106963021450012,0.15106927814296361,0.1510696779607815,0.15107168869458817,0.15106883408071478,0.15106184828641026,0.1510660679955163,0.15106963760125827,0.15107973208243003,0.15107913777625928,0.019154732510195012,0.16098960103183055
2117,44.29998268483549,44.2999828378987,44.299982998813995,44.299982519028866,44.29998263336635,44.299982592137134,44.29998588884187,44.299982526112274,44.299979478580106,44.29998157105525,44.2999826045112,44.30001057376082,44.30000943491387,157.53480347995873,44.309902673227015
2118,44.29994482131198,44.29994453189506,44.299945095923654,44.29994467771909,44.29994477942237,44.29994474578652,44.29994732639275,44.299944753652575,44.2999389734318,44.29994299752487,44.299944748659065,44.29995859450921,44.29995777107748,157.53480398388515,44.30986482591746
2119,0.1519154923898885,0.15191504209636306,0.1519158107344883,0.15191550249916536,0.1519154995266336,0.15191552173176415,0.1519175382868281,0.15191551411648094,0.15191265238136728,0.1519147374933035,0.15191548981724276,0.15192414734405785,0.15192354629531257,157.5348038915022,0.16183553342167784
2120,44.29990699202465,44.29990682413009,44.29990722902176,44.29990694602154,44.299906960126805,44.299906934308034,44.29990897966419,44.29990695893526,44.2999057991557,44.29990680157143,44.29990693429689,44.29991561108026,44.29991503083924,157.5348038744925,44.30982701319104
2121,44.299962173752256,44.29996247449387,44.29996244902579,44.29996201241875,44.299962132321035,44.29996209878658,44.29996464106893,44.299962100409694,44.299962281516635,44.299962403089076,44.29996211160151,44.29997720883518,44.2999762382752,157.53480360232246,44.30988217816176
2122,44.2998985561928,44.299898759275976,44.29989876858252,44.299898367675496,44.29989851713258,44.29989848021345,44.299900966908886,44.29989848273914,44.299891340808166,44.29989556973271,44.299898558524234,44.299910875221734,44.29990953869338,145.17465924103706,44.30981856015103
2123,0.15101249442774675,0.15101217042389445,0.15101348574406132,0.15101336905798698,0.15101291732969283,0.1510134496310871,0.15101519660830365,0.151012490135038,0.15100554924751372,0.15100959941413952,0.15101339583422554,0.1510232785426261,0.1510222568134955,145.17465694395358,0.1609333057655171
2124,0.15169903459537262,0.15169905525748908,0.1516993225441894,0.15169915372404255,0.15169907224215393,0.15169913785879238,0.1517017640904135,0.15169910584453247,0.1516956555801879,0.15169799502469314,0.15169917707663383,0.15171121629680967,0.15171038963076935,145.17466051057403,0.16161917121399288
2125,44.2999761831317,44.29997595263964,44.29997649829061,44.29997602790328,44.29997613526319,44.299976098055055,44.29997923715669,44.29997607285338,44.29997558539997,44.29997614130565,44.29997610947242,44.29999980486749,44.29999867081017,157.5348056534838,44.30989617801914
2126,44.299952129526666,44.29995191555614,44.29995244106135,44.29995197736352,44.29995208699729,44.29995205417679,44.299954746149524,44.299952078860166,44.299949151159495,44.29995126885464,44.29995205773617,44.29997036879766,44.2999694327859,157.53480598938813,44.3098721327888
2127,44.29991729601764,44.29991707216029,44.29991756178641,44.299917264436736,44.29991726764853,44.299917247528676,44.29991931121663,44.29991727081377,44.299915131055606,44.29991679232083,44.299917247215866,44.29992798784739,44.299927222250176,157.5348056812441,44.30983732478347
2128,44.299922990671085,44.29992285310538,44.29992324034896,44.299922961265764,44.29992296328448,44.29992294455871,44.29992500057611,44.29992296259288,44.29992309332372,44.29992336154522,44.29992294292459,44.29993298081544,44.299932314068805,157.5348057100745,44.309843021848565
2129,44.29996437860899,44.29996462229493,44.299964650360266,44.299964222924935,44.29996433648325,44.299964305197925,44.299966879415734,44.29996431327697,44.29996391278985,44.29996445936481,44.29996431712653,44.299979810081624,44.29997882956933,157.5348059398718,44.309884382924146
2130,44.29991184397445,44.299912214901944,44.29991200591533,44.299911578993935,44.299911797197005,44.29991175619128,44.29991450364204,44.29991181226813,44.29990314629481,44.2999084190692,44.29991183984072,44.29992453435614,44.29992295076476,157.53477710615294,44.3098318353072
2131,0.1514936506756738,0.1514937486158739,0.1514939776048466,0.1514938165989034,0.15149371005535736,0.15149380135386506,0.15149636794769392,0.15149369718211542,0.15148730555504328,0.15149112170363227,0.1514938738621789,0.15150419622583752,0.1515032721924245,145.1746622070809,0.16141382712979982
2132,44.2996873437851,44.299687784238394,44.299687534990454,44.299687305796624,44.29968731598213,44.29968729576462,44.299690132925214,44.29968723617957,44.29968525919503,44.29968659660534,44.299687373505726,44.299700809200296,44.299699865562864,145.1746774139407,44.30960737434589
2133,44.299979481881785,44.29997932842985,44.29997979877778,44.29997932362022,44.29997943112883,44.299979394688535,44.29998262296893,44.299979372290636,44.29998057442387,44.299980181396506,44.29997940398951,44.300006205566056,44.300005084045665,157.5348061525858,44.30989947258019
2134,44.299966364748734,44.299966066000025,44.29996665205138,44.29996621046795,44.29996631973797,44.29996628687261,44.29996899919445,44.29996630241939,44.299965148659595,44.29996618763687,44.29996628841541,44.29998634545749,44.299985334426054,157.534806057265,44.30988636433998
2135,44.29992627512977,44.299925946175414,44.29992652270359,44.299926246993316,44.29992624900263,44.29992623259681,44.29992830951775,44.299926241932894,44.29992618475882,44.2999265743914,44.29992623060266,44.299937000136545,44.29993625654158,157.5348054879288,44.30984630914841
2136,44.29994208751092,44.29994204290551,44.299942327183025,44.29994199241483,44.29994205685889,44.29994203569256,44.29994410289541,44.29994206771386,44.29994476176301,44.29994348274719,44.29994203356358,44.2999535341209,44.299952762429406,157.53480518874943,44.309862112542454
2137,44.299978505509124,44.29997875400093,44.29997876694977,44.299978353666575,44.29997846368383,44.299978432871164,44.29998099049481,44.29997842124084,44.2999813895543,44.29997994068875,44.29997844389902,44.29999666596232,44.29999566874549,157.53480374925755,44.309898509965194
2138,44.299930764832,44.29993084813062,44.299930860889596,44.29993062661753,44.29993074019407,44.29993071897812,44.299933113678435,44.29993065910826,44.29992833513332,44.29992982302672,44.29993079698625,44.29994343225789,44.299942411150205,0.01912818054088366,44.30985079678788
2139,44.299883938926776,44.29988395230831,44.299884003962404,44.29988383717221,44.299883918642706,44.299883900749315,44.2998864174061,44.29988383554892,44.29988289979843,44.29988363918209,44.299884004298356,44.29989357646974,44.29989306209748,0.019126140769283522,44.30980397776809
2140,44.299941754711476,44.29994152635357,44.299941970499816,44.29994168332855,44.299941733425385,44.2999417197832,44.299944448870015,44.29994164321723,44.299944127905555,44.2999429261801,44.299941791815534,44.29995404897724,44.29995338542895,0.019130087451640028,44.309861797348525
2141,44.30005271541151,44.300052649390125,44.30005306692459,44.30005255936698,44.300052661580786,44.30005262406625,44.300055850887,44.300052558875,44.30005686408995,44.30005467396933,44.30005263489258,44.30007920843648,44.300078286477664,157.53479880440418,44.309972701774
2142,44.299979490482976,44.29997939192478,44.29997980125528,44.29997933259904,44.29997944290725,44.299979408934774,44.29998216114307,44.2999793945043,44.29998074672338,44.29998029246514,44.29997940974297,44.30000042523678,44.29999952844447,157.53479898397768,44.30989948613533
2143,44.29994523758969,44.299945048672434,44.29994549711615,44.29994511674209,44.2999452043565,44.29994518034007,44.299947280990466,44.29994521811037,44.299946513600624,44.29994612194364,44.29994517701584,44.299957397716746,44.29995662899637,157.53479880009908,44.309865256936455
2144,44.299951132580674,44.29995107622363,44.29995138519198,44.299950997038486,44.299951097521124,44.29995107145613,44.29995315134482,44.29995110810691,44.29995387838727,44.299952601893146,44.29995106949017,44.29996275709322,44.299962000752934,157.5347986164706,44.30987114821675
2145,44.2999814969075,44.299981814048586,44.29998177998604,44.29998134065846,44.2999814509609,44.29998141773968,44.2999840212299,44.29998138283145,44.29998381815537,44.29998272314094,44.29998142843598,44.299999510172945,44.299998518149835,157.53479788683416,44.3099014949702
2146,44.29995216212609,44.29995256542801,44.2999523349142,44.299952053804965,44.29995213556603,44.299952116108955,44.29995465270385,44.29995200616139,44.29994906275212,44.299950832931415,44.29995218968548,44.29996381462028,44.299962971634585,0.01913206595930344,44.30987219437052
2147,44.29980257619971,44.299802953147434,44.29980265309911,44.29980252524749,44.29980255859229,44.29980254561857,44.29980496369387,44.29980244785543,44.29979897264193,44.299801043310566,44.299802648664944,44.299812950236806,44.299812266687695,0.019124653636904358,44.3097226232745
2148,44.299891661369664,44.29989121292465,44.29989184050434,44.29989155491594,44.299891625367586,44.29989159749411,44.29989422621628,44.29989152921263,44.29989148910655,44.299891561498704,44.29989167238313,44.299903985991165,44.29990324741729,0.0191328523973982,44.30981167568035
2149,44.30018920681383,44.30018941585812,44.30018953931731,44.30018905687774,44.3001891553248,44.30018911869302,44.30019233063607,44.300189026040464,44.300191235391786,44.300190127004385,44.300189131028844,44.30021640377429,44.30021554569305,157.53472725079874,44.31010919663019
2150,44.299981813260565,44.299981902835945,44.29998211702566,44.29998165152775,44.29998176380487,44.29998172771267,44.29998447117696,44.29998168793767,44.29997827592135,44.29998076008354,44.29998173163071,44.300001183940104,44.3000002839259,157.53472829364503,44.30990180528349
2151,44.29994570185411,44.2999456395265,44.29994595759408,44.29994557993361,44.299945668032315,44.29994564310072,44.29994773504642,44.299945672833076,44.299944843646074,44.299945770385534,44.29994564377523,44.299957040667714,44.29995625660177,157.53472762768405,44.30986572012022
2152,44.29995030728548,44.2999503773936,44.2999505527685,44.29995016961513,44.299950272229516,44.29995024512596,44.299952311339844,44.2999502831749,44.29995273891936,44.299951655320434,44.29995024664098,44.29996169739287,44.299960938864494,157.53472743224486,44.30987032260086
2153,44.29998133939566,44.299981823862105,44.299981604061266,44.299981183699934,44.29998129479582,44.299981260414846,44.29998382972591,44.29998122208392,44.29998434689117,44.29998282707917,44.299981274533245,44.29999895583445,44.299998015300325,157.53472628824892,44.3099013389644
2154,44.29994197054645,44.299942418563916,44.29994206405146,44.29994187259617,44.29994194709058,44.299941926044134,44.29994433591406,44.29994180209052,44.29993909376794,44.29994075578818,44.299942001044535,44.29995350844248,44.29995260623301,0.019126300981039224,44.309862006710226
2155,0.15107214831461713,0.15107249812307608,0.15107274580980481,0.1510727289947857,0.15107240583387863,0.15107274007134497,0.151074722276599,0.15107207929085692,0.15106851951504321,0.15107048977793555,0.15107275456373365,0.1510827362376924,0.1510820322738188,0.019123908309331354,0.16099271268593762
2156,0.1510211976104899,0.15102098544924739,0.15102214212003148,0.1510220194066881,0.15102157782710723,0.1510220605786605,0.15102410152024826,0.15102114102369166,0.15102057108750297,0.15102077894064023,0.15102200913473787,0.1510363076681538,0.15103550638884158,0.019128200912730386,0.1609419818402685
2157,44.29996195256451,44.299961846756695,44.29996226442549,44.299961785195016,44.29996189713865,44.29996185418606,44.299965060187276,44.299961767039896,44.29996240574385,44.299962121312205,44.299961869596395,44.29998904191672,44.29998818947988,0.03110694897706258,44.30988193444919
2158,44.29995682944857,44.299956801035485,44.29995711819123,44.29995666768659,44.29995678093857,44.29995674398608,44.29995944425161,44.299956724111105,44.29995131394387,44.299955055172404,44.29995675011259,44.2999734007147,44.29997261861326,0.031107302292815293,44.30987682277121
2159,44.29992349446031,44.299923446028714,44.29992373264906,44.29992348943338,44.29992346927764,44.29992345227734,44.29992544698323,44.299923450847835,44.29992063123714,44.299922742795054,44.299923453563444,44.299933390965684,44.299932619554404,0.031107101858265915,44.30984352964264
2160,44.29992505494468,44.29992510735466,44.29992528716128,44.2999250557273,44.29992503212579,44.29992501726432,44.29992697374332,44.29992501695721,44.29992595330459,44.29992573043657,44.29992501627378,44.29993489489515,44.299934171525585,0.031106882671773885,44.30984509450684
2161,44.29996017065836,44.29996047851942,44.299960394428915,44.29996002280155,44.29996013166561,44.29996010157229,44.29996251072438,44.29996011430513,44.29996083870813,44.2999607089377,44.299960112988536,44.299974390102996,44.29997351758289,0.03110558992658731,44.30988017934973
2162,44.29982072193301,44.2998203463708,44.299820757693,44.299820675680074,44.29982070058518,44.29982068264607,44.29982314173617,44.29982060752781,44.29981679743235,44.29981919802577,44.29982075773836,44.29983053770929,44.299829784083016,0.01912480427769618,44.3097407598772
2163,0.1510845319021366,0.1510845528912804,0.1510850346344784,0.1510850479732023,0.15108477094490463,0.15108507962240306,0.1510869612419925,0.15108448026297072,0.15108002757869582,0.15108254394276227,0.15108509125531142,0.15109297436725777,0.1510924058413838,0.019123866678995564,0.161005046878572
2164,44.29990636954802,44.299906775248964,44.299906463265586,44.299906159871284,44.29990633230019,44.29990629824255,44.2999087492118,44.299906332259546,44.29990440791255,44.29990556548655,44.2999063705952,44.29991676790092,44.29991619188397,0.019125676374140504,44.30982637587322
2165,157.5332169761945,157.5332178911199,157.5332156406026,157.53321517719652,157.53321613138903,157.53321524490306,157.5332195139655,157.5332154963477,157.53321646588276,157.53321605345934,157.53321526569155,157.53325058662642,157.5332490554305,0.031004033156191834,157.54313533091977
2166,44.29997126245758,44.299971320004886,44.299971545755064,44.29997111113399,44.299971219057596,44.299971189108824,44.29997380249157,44.2999712027179,44.299967379676076,44.29997006041165,44.299971190692986,44.29999019166066,44.299989184718214,0.031004412382099295,44.309891264957656
2167,44.2999070145394,44.29990684268076,44.29990725661222,44.299907021062644,44.29990698897121,44.29990697339758,44.299908970613416,44.2999069969132,44.29990529836794,44.29990673295541,44.29990696988582,44.29991725742727,44.29991654570924,0.03100423631739629,44.309827049020015
2168,44.29992575351287,44.29992577079741,44.29992599898129,44.29992576102408,44.29992573139908,44.29992571793057,44.29992768912965,44.299925719462685,44.29992758013347,44.2999267999384,44.29992571559188,44.29993567637749,44.29993501058242,0.031004037222072515,44.309845794301474
2169,44.29996749350494,44.29996785616286,44.29996775262115,44.299967348283964,44.29996745443287,44.29996742477862,44.2999698623054,44.2999674331841,44.29996995542745,44.299968748875266,44.299967435473185,44.29998220443065,44.29998140733633,0.03100287438781925,44.30988750200303
2170,44.29991597990289,44.299916073254366,44.29991597211688,44.29991559755115,44.299915924588866,44.29991586886484,44.299918170993045,44.29991598886958,44.29991295053494,44.29991486325292,44.299915930991254,44.29992637444854,44.29992563020678,0.019124120577251647,44.30983594737885
2171,0.15146254039615317,0.1514628118717447,0.1514627421958021,0.15146272417134413,0.15146261094937707,0.1514627127548464,0.15146480820785424,0.15146257317558606,0.15145942477429794,0.15146124093154612,0.15146276586980614,0.15147195679796124,0.15147128874303803,0.019123358251178234,0.16138274365408392
2172,44.299919756963256,44.29992004403993,44.29991984212837,44.29991948026812,44.29991971469133,44.29991967558079,44.29992203848548,44.29991975317515,44.299919645801424,44.29991978394852,44.29991974653666,44.299930500238894,44.299929796535764,0.019124543926996553,44.30983975303575
2173,157.53327332741998,157.53327297432125,157.53327233707705,157.5332718778749,157.53327265519937,157.53327194658064,157.53327590479918,157.53327214167723,157.53327496400178,157.53327342891495,157.53327197044754,157.53330737545795,157.53330596703924,157.5346441807571,157.5431920324896
2174,44.299981300671334,44.299981471412366,44.299981611211486,44.29998114150728,44.29998125435905,44.29998122239922,44.29998388717288,44.299981205863396,44.29997904624501,44.299980668547555,44.2999812267911,44.30000147130003,44.30000052308058,157.53464449141418,44.309901298230955
2175,44.29994255706788,44.299942518394545,44.29994283143637,44.29994247852874,44.29994252816336,44.299942509873695,44.29994461786681,44.299942526701614,44.29994112320648,44.299942370982784,44.299942510731576,44.299953893537044,44.29995317740281,157.5346443416747,44.309862585732134
2176,44.29993440977577,44.29993441200107,44.299934698231574,44.29993442908929,44.2999343914249,44.29993438280868,44.29993645051843,44.2999343542564,44.29993626745492,44.299935461971295,44.29993438280496,44.29994526227468,44.29994456927948,157.53464412684866,44.30985445888598
2177,44.29997528948027,44.299975579652006,44.29997556146273,44.29997513765807,44.29997524832013,44.29997521805254,44.29997778166213,44.299975218708276,44.299977104626585,44.29997628058164,44.29997523264129,44.29999179202907,44.29999090842703,157.53464285344165,44.309895294512955
2178,44.2999260959678,44.29992581749201,44.29992611327801,44.29992583175727,44.29992605701566,44.299926020256585,44.29992840945598,44.29992604810737,44.299923497522855,44.29992506961012,44.29992609643865,44.29993755016293,44.29993661709136,0.019124218610607882,44.30984609770911
2179,44.29969488821258,44.29969455921179,44.29969492244178,44.29969484322469,44.29969487480872,44.29969486280526,44.29969719785933,44.299694771407665,44.2996911842425,44.299693278784325,44.29969496632327,44.29970476662516,44.29970403041012,0.01912318602038621,44.30961493896782
2180,44.29992393811028,44.29992358970426,44.29992398512531,44.2999237177942,44.299923904119794,44.29992387443025,44.299926326637156,44.299923906355986,44.29992212198639,44.29992317951741,44.29992394704021,44.29993596359879,44.29993503127785,0.019124767331524333,44.30984395084679
2181,157.52857677196957,157.5285770456592,157.52857709047052,157.52857662655597,157.5285767313368,157.52857669748806,157.5285798072126,157.52857661239236,157.52857744964365,157.52857707186132,157.52857671697305,157.52860743629947,157.52860601842815,157.53476672427217,157.53849678109916
2182,44.29998062563729,44.29998077735241,44.29998091710133,44.29998046754327,44.29998057966937,44.29998054714745,44.299983237985764,44.2999805297981,44.299977921270454,44.29997979993962,44.29998055167517,44.30000094858829,44.299999936495645,157.53476725705607,44.3099006234901
2183,44.29993204187749,44.2999319265431,44.299932310333844,44.299932074382404,44.29993202446635,44.29993201692695,44.29993408405766,44.29993198043829,44.29992995198139,44.29993151392407,44.29993201920326,44.299942765090115,44.29994200520898,157.5347671147746,44.30985209309134
2184,44.29992757231133,44.29992750598691,44.299927821867335,44.29992757737853,44.29992755052305,44.29992753760627,44.299929536191804,44.29992753551924,44.29992803105649,44.299927994986284,44.299927539333574,44.29993766220579,44.29993696842709,157.53476693513952,44.30984761421806
2185,44.29996420710708,44.29996451555255,44.29996444498585,44.29996406139142,44.29996416813592,44.29996413917592,44.29996662044118,44.299964147165234,44.29996506909444,44.299964814808895,44.29996415429803,44.29997874021868,44.29997787732398,157.5347662232505,44.30988421676576
2186,44.29990689831274,44.29990734403315,44.299906950382365,44.29990664717261,44.29990685567949,44.299906815141156,44.29990934191082,44.299906855169475,44.29990308076859,44.299905511782676,44.29990689730335,44.299917058363604,44.29991633999325,0.019129464692979527,44.309826893845845
2187,0.15147990883774082,0.15147997897430845,0.15148012235071515,0.1514801067338399,0.1514799839158937,0.1514800909865332,0.15148228585382542,0.1514799275428256,0.15147627740071926,0.15147844504238267,0.15148015072096205,0.15148918201012476,0.15148852009671956,0.019124715955449595,0.1614001158233395
2188,44.29931011851283,44.29930987043608,44.299310249039955,44.29931008721394,44.29931009550543,44.29931007686531,44.29931262407086,44.29931001376979,44.29930642071265,44.29930859669859,44.299310147260776,44.29932210097575,44.29932141152375,0.01912990483567893,44.30923015475526
2189,44.2999773475261,44.29997730811439,44.29997765450239,44.299977189027196,44.299977298218266,44.299977259280844,44.29998034732265,44.29997722037982,44.299974766111774,44.29997652549861,44.299977272286164,44.300000369379354,44.299999389555175,157.5347820302553,44.30989733939128
2190,44.299948120789445,44.29994799401168,44.29994841303119,44.29994797314984,44.29994807609191,44.29994803929014,44.299950654764466,44.29994803730258,44.29994563286602,44.299947419461745,44.299948045518136,44.29996260786513,44.299961818201695,157.53478246836298,44.309868120047405
2191,0.1510442167253836,0.15104369992615907,0.1510449112247466,0.15104458104936627,0.15104440195573354,0.15104461243600795,0.15104642183576558,0.1510437821188563,0.1510423384376867,0.15104345511863845,0.1510445208105286,0.151052863474644,0.15105230301450304,157.53478233390976,0.16096451001876524
2192,0.1512499914660921,0.15124973632053226,0.15125036434475467,0.1512500811519975,0.1512500284965246,0.1512500814476637,0.15125201636040514,0.1512499113178231,0.1512507700674726,0.15125053941197747,0.15125005479465853,0.15125844481597533,0.15125792796937368,157.53478216583352,0.16117010069174112
2193,44.299947885105155,44.29994802005705,44.29994814244128,44.29994773752795,44.299947845289005,44.29994780902425,44.29995026231677,44.29994780394614,44.29994717916395,44.29994776129953,44.299947824185715,44.29996045646647,44.299959657821454,157.5347815063354,44.309867891970946
2194,0.21696446571237174,0.21696490001765675,0.21696466389823665,0.21696446740573858,0.216964448454492,0.2169644432907137,0.2169668913244279,0.2169644172832215,0.21695616941070528,0.21696107673216639,0.2169645116782185,0.21697611423420604,0.21697508682144037,0.019132977002530496,0.22688451339854873
2195,0.151030066892873,0.15103019270694767,0.15103084781091689,0.1510308003193765,0.15103042010807438,0.15103086769702814,0.15103267962195605,0.1510300486262122,0.15102381188079222,0.15102740076592938,0.15103083210225862,0.15103995547944862,0.15103916910494988,0.01912533703303663,0.16095076573238762
2196,0.1513568651420782,0.15135703967894928,0.15135731130206823,0.15135713406217358,0.1513569777058938,0.15135712681482874,0.1513595553883444,0.151356764373048,0.15135186206023435,0.15135486147672045,0.15135715293064203,0.15136851833208936,0.15136782284994635,0.019133140669229977,0.1612771457611011
2197,44.299972982194625,44.29997291466452,44.29997330246736,44.299972825081085,44.299972934559484,44.29997289388954,44.29997598273829,44.29997286225254,44.299970973082594,44.29997233063704,44.299972906877855,44.29999512842152,44.29999408674777,0.031080809209832697,44.30989297618485
2198,44.29994827554777,44.299948056106075,44.299948579912005,44.29994811974486,44.299948230873504,44.29994819206734,44.29995080690053,44.29994820012336,44.29994492923969,44.29994727869565,44.29994819817812,44.299962501462964,44.2999616456304,0.031081270995340245,44.30986827414159
2199,0.151450762459916,0.15145035737639756,0.15145112912191358,0.15145083005406304,0.15145078636346218,0.15145082777582478,0.15145280551226128,0.15145071073827196,0.15144998452530117,0.15145077328674658,0.15145080631049093,0.1514594280016433,0.15145886094527442,0.031081127516735727,0.16137086443106796
2200,0.1520392376911227,0.15203910434531787,0.15203952138239343,0.15203923782168294,0.1520392279945922,0.152039230592253,0.1520412045829129,0.15203923295646146,0.15204141004666674,0.1520403717057937,0.15203921664475567,0.15204753640255872,0.15204702623497188,0.031080940148134645,0.16195927918238345
2201,44.29995545516746,44.299955597805216,44.29995572589497,44.29995529397377,44.29995541448099,44.29995537992624,44.29995783512831,44.299955394534884,44.29995680129807,44.29995615267733,44.299955394551525,44.29996913937438,44.299968280621215,0.031079921479866445,44.3098754605352
2202,44.299629251071345,44.2996295048122,44.299629347266,44.29962919533978,44.29962922448785,44.29962920265996,44.29963163746614,44.29962919151166,44.299625199826316,44.29962768274124,44.29962921490439,44.29964066878103,44.29963969145714,0.019130224358438332,44.30954927901981
2203,0.15106259163229865,0.15106286877106498,0.1510632504806521,0.15106322823338916,0.15106289367551842,0.1510632799455744,0.15106526066292222,0.15106256756818245,0.15105809629295472,0.15106065069791413,0.15106327041410386,0.15107351079902662,0.1510725649931303,0.019129594309539626,0.16098320236104896
2204,44.29990750096991,44.29990793736775,44.29990759669902,44.299907283485744,44.299907460412264,44.29990742194948,44.29991002479417,44.29990746779553,44.29990459160624,44.299906381038205,44.29990749384101,44.29991959160632,44.29991866321617,0.01913261482675364,44.30982750109453
2205,44.29998810113395,44.29998827586848,44.29998842856018,44.299987938766556,44.29998805140929,44.29998801406584,44.29999113399305,44.29998796995992,44.29998883492818,44.299988588016504,44.29998802439034,44.30001675725458,44.30001531811315,0.031050007061622264,44.30990809277309
2206,44.29996094950773,44.29996098258224,44.29996125669059,44.29996078358559,44.29996090557547,44.29996087175345,44.29996352531084,44.2999608977461,44.29995843920983,44.299960333914356,44.29996087368781,44.299979510753126,44.29997850907526,0.031050414994713536,44.309880950080164
2207,44.299865976658424,44.29986579496043,44.29986623779314,44.29986594873139,44.299865946692286,44.299865924634354,44.29986797809237,44.29986596577657,44.299864465195306,44.29986572830651,44.299865923450106,44.29987634633057,44.29987559057118,0.031050262959837358,44.309786002208625
2208,44.299912639142434,44.299912589102185,44.29991289289327,44.299912611625814,44.2999126096228,44.299912587116644,44.299914591715,44.29991262199943,44.29991280626762,44.29991299622094,44.2999125860107,44.29992255231036,44.299921813246335,0.031050058374617166,44.30983266530128
2209,44.29995385493185,44.29995409143061,44.29995411554043,44.29995370405644,44.29995381592073,44.29995378325,44.29995623386776,44.29995380144183,44.299953829643734,44.299954060931036,44.29995379889754,44.2999682100289,44.29996729547674,0.031048878580998737,44.30987386284651
2210,0.15152127486627176,0.15152079512323133,0.15152152700098429,0.15152142600976246,0.1515213352195219,0.15152142583414818,0.15152367438961567,0.15152132042394073,0.15151521137295923,0.15151908578337958,0.1515214684942945,0.1515331085561902,0.15153212831788224,0.01912398813273235,0.16144144966591226
2211,0.1510319720706493,0.15103144352279918,0.15103269606384193,0.15103272061922707,0.15103233071903716,0.15103278922767668,0.1510345480281409,0.15103197472432758,0.15102643534851848,0.1510297331236253,0.1510327654677696,0.15104182287575102,0.15104102154621352,0.019123044214176703,0.1609526926299202
2212,44.29984871563088,44.29984815480166,44.299848810591406,44.29984862641542,44.29984868915466,44.29984866392104,44.2998512294244,44.299848622977755,44.29984330691724,44.29984663863589,44.299848739608905,44.2998607095812,44.29985979032756,0.019124352825232036,44.30976874309081
2213,44.29998187692158,44.2999819631847,44.29998220796977,44.2999817155881,44.29998182776739,44.29998178778934,44.299984872050175,44.299981730823646,44.29997820874098,44.299980615311604,44.299981801086794,44.30000919966877,44.30000749976738,0.031041241310406153,44.309901868845635
2214,44.29995200159655,44.29995199242512,44.299952293606374,44.299951859330996,44.299951959848805,44.29995193627074,44.29995453264804,44.29995193806201,44.29994689014234,44.29995031933305,44.29995193847594,44.29996910856078,44.29996789701388,0.03104168321682119,44.309872013775454
2215,0.15157386088449562,0.15157377544315145,0.15157416458973821,0.15157386125491992,0.15157386770066605,0.1515738601384625,0.15157584159260298,0.15157387388234203,0.15157040591198295,0.1515728687181632,0.15157385542132462,0.15158381757563633,0.1515830216140124,0.03104152535494152,0.16149392919518743
2216,0.15154708489175,0.15154700547599695,0.1515474207031591,0.15154712388810285,0.15154710231114885,0.15154713280900775,0.1515490588475113,0.15154706892290118,0.1515455424443958,0.15154669521682382,0.1515471125112653,0.1515566286892101,0.15155586084143038,0.03104133720435,0.1614671738258264
2217,44.29993668051683,44.29993686789761,44.29993695095512,44.299936596607296,44.29993664903299,44.299936620958704,44.29993902653575,44.29993659840569,44.299934468904006,44.299935966411745,44.299936638377964,44.299949774703826,44.299948817757276,0.031040289982852323,44.30985670339572
2218,0.15103775423031038,0.15103710506452947,0.15103859877141537,0.15103849336939207,0.1510381206378925,0.15103857994806064,0.15104034629039037,0.15103773340996463,0.15102702546678068,0.15103330503345266,0.15103853001235745,0.15104859837842738,0.1510475543239637,0.019125545261374142,0.1609584704594447
2219,0.15100218915187258,0.15100163331577346,0.15100303913482074,0.15100309216813898,0.15100262684360707,0.15100318224493645,0.15100467825699246,0.15100219242374194,0.15099280844106144,0.1509982101899955,0.1510031387945687,0.15101239592870017,0.15101169331897485,0.019123153227479955,0.1609230372523254
2220,0.15170033511977107,0.15169976542063418,0.15170055037108085,0.15170047023984415,0.1517003824573342,0.1517004621549782,0.15170286358948795,0.15170038027853877,0.1516912102020594,0.15169700230453,0.1517005050732082,0.15171281326930633,0.15171204402246027,0.01912640860228198,0.1616204951316719
2221,44.2999848269759,44.29998470636571,44.299985166394,44.299984651253766,44.29998477295745,44.29998472927687,44.29998803565076,44.299984666792284,44.29998190303504,44.29998386133686,44.29998474352067,44.30001787487623,44.300015769496106,157.53443670847355,44.309904810835185
2222,44.299953092426,44.29995282336974,44.299953386078336,44.29995294528084,44.299953057855824,44.29995303290408,44.29995565094814,44.29995303804136,44.299951991656506,44.29995286345312,44.29995303598424,44.29997023867103,44.29996904147287,157.5344370831473,44.30987311017366
2223,0.1518119498531499,0.1518117834785864,0.15181225640818596,0.15181194484155652,0.15181195841232045,0.1518119512553269,0.15181394327749667,0.15181197358024176,0.15181321533757888,0.15181274101311296,0.1518119446544395,0.15182225029460836,0.15182151493765214,157.534436918738,0.16173201755580055
2224,44.299900985897175,44.29990095096739,44.299901232299014,44.29990093492612,44.299900954236676,44.299900927049414,44.29990291366118,44.299900968047744,44.299902564499774,44.29990183768612,44.299900927638554,44.29991054394014,44.29990983499827,157.53443671410733,44.309821006874834
2225,44.29995469681862,44.29995491666936,44.29995495600329,44.2999545384512,44.299954658000594,44.29995462438206,44.299957058805,44.29995463996796,44.299955896575206,44.29995540333399,44.299954639134484,44.29996838363373,44.29996745437205,157.5344356422721,44.309874704825
2226,44.27853024529935,44.27853006907674,44.27853034822636,44.278530216539906,44.278530226588096,44.27853021379672,44.27853258515245,44.278530160572245,44.27852711855243,44.27852916129425,44.27853029258074,44.2785408612848,44.2785399671158,0.019127373233382754,44.28845028775311
2227,0.15101690886006855,0.15101654831732497,0.15101769817514119,0.15101773361347315,0.15101730486017176,0.1510178095784103,0.15101946271072483,0.15101688324842405,0.1510100795281342,0.15101399299910503,0.1510177616442917,0.15102608186238517,0.15102530771561143,0.01912605804493204,0.16093766859890526
2228,0.15151953845000202,0.15151899804094585,0.1515197905560575,0.15151969469026091,0.15151959398384557,0.15151968207445118,0.15152212873071166,0.15151958842384416,0.15151300210644622,0.15151693875987268,0.15151971289164726,0.15153041662315728,0.1515295736651001,0.019128466594285545,0.16143970720677656
2229,44.300639643015536,44.30063966474885,44.30063996997392,44.30063947608104,44.300639586905454,44.300639543768206,44.30064284943693,44.30063944984186,44.300637600206095,44.30063907325982,44.3006395554874,44.30066743219668,44.30066587009359,157.53477844501754,44.31055962424589
2230,44.29996328868009,44.29996309770258,44.299963583930584,44.299963129448656,44.29996324327373,44.29996320776501,44.29996585803274,44.29996322022418,44.29996154006239,44.29996293314348,44.29996321089015,44.29997989512788,44.29997890150296,157.53477869631263,44.30988328679354
2231,44.299919695828414,44.299919514892224,44.29991996200783,44.29991966772343,44.29991966610452,44.29991964463682,44.299921702460644,44.299919673655374,44.29992047534879,44.299920337909874,44.29991964302338,44.29992937930563,44.29992872317954,157.534778531813,44.309839722341856
2232,44.29992706483904,44.299927017176536,44.299927313810635,44.299927054475546,44.29992703953811,44.29992702178989,44.299929037170955,44.29992703124165,44.299929305824406,44.29992825197951,44.29992701964246,44.29993648845173,44.29993584112614,157.53477832077184,44.3098470994701
2233,44.299960866008895,44.299961011192345,44.29996111717883,44.299960712789634,44.29996082563715,44.29996079399039,44.29996326254843,44.299960812084215,44.299962219619935,44.29996165575813,44.2999608046516,44.29997532745952,44.29997444147805,157.5347772679429,44.30988087221721
2234,44.299881802080996,44.299881337953366,44.29988189300145,44.29988171899518,44.29988177450523,44.29988175033818,44.299884170461944,44.29988170362865,44.29987543333081,44.29987937583078,44.29988181831342,44.29989262277858,44.29989174131608,0.019133276863011812,44.30980182783384
2235,0.15102650113307506,0.15102628068968785,0.15102735593686012,0.15102732678034714,0.15102688989001598,0.15102738299134685,0.15102909852800842,0.1510264783867869,0.1510178130857458,0.15102291456829456,0.15102734722651298,0.15103604799936685,0.15103534754735876,0.0191255579743496,0.16094726716005764
2236,44.29984044594074,44.299840396003226,44.29984062940523,44.29984039408035,44.2998404195066,44.299840398537846,44.29984296614205,44.29984035463858,44.29983175199496,44.29983702637677,44.29984046761916,44.2998516871018,44.29985074024828,0.019137046888547605,44.30976047663096
2237,44.2999816624556,44.29998178607524,44.299981978923824,44.29998150383761,44.29998161340637,44.2999815769432,44.29998464074487,44.299981536891835,44.299977915887176,44.29998037852485,44.299981587093555,44.300007074420115,44.30000569082153,157.53474945503334,44.30990165539444
2238,44.2999604237289,44.29996028068862,44.29996073049163,44.29996026600855,44.29996037934015,44.299960345474936,44.299962959161434,44.2999603660619,44.29995821707994,44.29995984437846,44.29996034859104,44.29997616298414,44.29997514063336,157.53474961526467,44.309880423442
2239,44.29986758342567,44.29986729982013,44.299867849120126,44.2998675703485,44.29986755349714,44.29986753197432,44.299869581108375,44.29986756785039,44.299867271215724,44.29986779395352,44.29986753093221,44.29987676783298,44.29987610896736,157.53474942511613,44.30978760908379
2240,44.29992339225877,44.29992333772554,44.29992363887013,44.299923382678806,44.29992336553163,44.29992334671497,44.299925351380615,44.29992336909015,44.29992524043087,44.299924446016114,44.2999233445501,44.29993326425264,44.299932536901736,157.5347491811896,44.30984342427641
2241,44.299959795428144,44.299960063091106,44.29996003115147,44.299959639085166,44.29995975524425,44.29995972312847,44.299962182745595,44.29995974098848,44.29996175006161,44.29996081274472,44.299959735444695,44.299974480451205,44.299973561584544,157.53474756528587,44.309879801721564
2242,44.299879380759684,44.299879563002435,44.29987942897609,44.2998792869547,44.29987935464572,44.29987933031513,44.29988173945384,44.29987928071626,44.29987527761791,44.29987777483382,44.29987940374256,44.299890514757465,44.29988955198966,0.019129540735428364,44.30979940802993
2243,0.15103598988844144,0.15103629556663598,0.15103670032033764,0.15103670190630034,0.15103632642745518,0.1510367561110392,0.15103864294957378,0.15103595664795508,0.1510306596835744,0.15103369034588834,0.15103673825940558,0.15104594787545025,0.1510452261675522,0.019127566555836074,0.1609566595691426
2244,0.15369778067798323,0.15369818848827613,0.15369795614009685,0.15369779795337377,0.15369776697722526,0.1536977663969212,0.15370047902799647,0.15369773814237545,0.15369420046263682,0.1536964603964606,0.15369782445464836,0.1537104895090632,0.1537097825701528,0.019135747351179073,0.163617833766694
2245,44.299980313785085,44.299980391563984,44.299980636240406,44.299980150940826,44.299980263788875,44.2999802246211,44.29998332788447,44.29998018028669,44.29997930714961,44.29998009864389,44.29998023584096,44.30000504021077,44.300003933051634,157.5347676650139,44.30990030476147
2246,44.29996299522063,44.29996291929614,44.29996329997943,44.29996283316484,44.299962950018944,44.299962914742984,44.29996552879167,44.29996292532406,44.29995897742807,44.29996178243933,44.299962918185834,44.2999800885342,44.2999790772247,157.5347679671693,44.30988299355558
2247,44.299916049216684,44.29991586679058,44.29991631463191,44.299916018109464,44.29991601953014,44.2999159979349,44.29991804989666,44.299916026356186,44.2999157997533,44.2999162900465,44.29991599694447,44.29992602504737,44.299925335455036,157.53476781051504,44.30983607544463
2248,44.29992071822812,44.29992066721632,44.29992097634169,44.29992069139143,44.299920690570815,44.29992067077098,44.29992267398159,44.29992070175206,44.29992322996264,44.299922036548516,44.29992066806296,44.29993078230108,44.299930082759,157.5347676076847,44.30984074825738
2249,44.29995740179439,44.29995766689734,44.29995765561048,44.29995724005318,44.299957362526584,44.2999573318452,44.29995978293044,44.29995735901527,44.299959902087316,44.29995870873244,44.29995734475435,44.29997257053898,44.29997163663422,157.53476656989528,44.309877410023155
2250,44.29982868290784,44.29982904398312,44.29982881765316,44.299828621354344,44.29982865923736,44.29982864009938,44.29983104301184,44.299828577893805,44.29982464999096,44.299827097757095,44.299828716266795,44.2998405659737,44.29983948285324,0.01914090678997842,44.309748717137325
2251,0.15107312070399784,0.15107342962056017,0.1510737307409558,0.15107372044570042,0.1510734047691978,0.15107376926778074,0.151075690397862,0.15107308248005896,0.15106842978453777,0.15107108088185098,0.15107376431696168,0.1510830647919609,0.15108215771423433,0.019129405538083424,0.160993706819707
2252,44.29982540857808,44.29982557868207,44.29982555530308,44.299825355629714,44.29982538260876,44.29982536192401,44.299828053777084,44.29982532308956,44.29982345631342,44.29982471190953,44.29982543216462,44.299837213857494,44.29983622275913,0.019142373294815537,44.30974544024798
2253,44.29997991817194,44.29997989551495,44.299980231926895,44.29997975818949,44.29997986879295,44.299979832182714,44.29998293635191,44.2999798006058,44.2999768504044,44.29997878638776,44.29997984182853,44.30000626636235,44.30000494666075,0.031317283541287017,44.309899910539706
2254,44.299952997516385,44.299952690847086,44.29995330579189,44.29995284980888,44.29995295455407,44.299952922345106,44.29995553516381,44.29995295545405,44.29994976384388,44.299952084194736,44.299952924238205,44.29996955204674,44.29996859928761,0.03131760726896775,44.309873000109114
2255,44.29992951098051,44.299929381166805,44.29992978421219,44.29992950549924,44.299929485488406,44.2999294689261,44.29993152579511,44.29992947118154,44.29993026317889,44.29993017594476,44.29992946772129,44.29993922846137,44.29993859060209,0.03131744842716013,44.30984954602261
2256,44.2999364845707,44.299936590948185,44.29993676135805,44.299936502408904,44.29993646537465,44.299936454984966,44.29993845624251,44.29993642569687,44.299939069319635,44.299937846618256,44.299936451990526,44.29994655807096,44.299945874356695,0.03131722843805976,44.30985653222902
2257,44.29997273462299,44.299973130623776,44.29997298594222,44.29997258399544,44.299972693075176,44.29997266136547,44.299975140472576,44.29997266559497,44.299975137771135,44.299973989630864,44.29997267437903,44.29998793900797,44.299987043177715,0.031315884712643884,44.309892739238244
2258,44.29991312955752,44.29991337317156,44.299913163503106,44.29991278580187,44.29991307833388,44.29991302760117,44.2999154168584,44.29991311606802,44.29991116342651,44.299912402513534,44.29991310705655,44.2999248849547,44.29992387562581,0.019124694241715753,44.309833106643396
2259,0.15108519870783962,0.15108548435661945,0.15108562153890695,0.15108557179412813,0.15108536503092446,0.15108557905273437,0.15108757479914445,0.1510851668044412,0.15108215509380055,0.15108385284916734,0.15108562247687954,0.15109529697085577,0.15109442633104112,0.01912362407545703,0.1610055791924854
2260,44.29991013535727,44.299910112762404,44.299910287089,44.29990993935442,44.29991009749028,44.29991006195059,44.299912523765194,44.29991009592047,44.29990807614548,44.29990922226708,44.299910134328265,44.29992096778877,44.299920148247956,0.01912556861326275,44.30983014068031
2261,44.299987223887904,44.29998744638896,44.299987541338176,44.29998706400037,44.299987174834314,44.299987138456935,44.29999019474192,44.299987091965825,44.2999846112576,44.29998625388933,44.299987148867096,44.30001645641136,44.30001507924202,0.03149412656971508,44.30990721658679
2262,44.29997075156359,44.29997066086248,44.29997103689797,44.29997059574119,44.29997070729806,44.29997067415974,44.29997329879831,44.299970681218866,44.29996827021056,44.29997008952668,44.29997067615147,44.299987419840214,44.29998638657222,0.03149448651806874,44.30989075198794
2263,44.29993191888607,44.29993180606371,44.29993218413943,44.29993191058026,44.29993189445281,44.29993187888662,44.299933932163334,44.29993187865213,44.29993253385613,44.29993248072238,44.29993187757426,44.29994213047473,44.29994139606918,0.03149433126239715,44.309851955950144
2264,44.29993301179601,44.299933032168866,44.29993327288262,44.29993300873648,44.29993298889968,44.29993297454488,44.299934980931134,44.29993297164001,44.29993494904693,44.299934102285135,44.29993297114557,44.29994335460739,44.29994264024133,0.03149412436959923,44.309853051794875
2265,44.29996058129236,44.29996080336369,44.29996083461174,44.29996041729678,44.29996054124928,44.29996051020826,44.29996298636225,44.29996053245812,44.29996254763295,44.29996164685292,44.2999605220393,44.29997602290836,44.299975126175234,0.03149290858217121,44.30988058810873
2266,44.29988891857312,44.29988885232435,44.29988897157628,44.299888811993775,44.29988889228799,44.299888869128175,44.29989133821675,44.29988881829609,44.2998866295332,44.29988812616077,44.29988894449004,44.2998996562876,44.299898833151104,0.019125048829344012,44.30980894628727
2267,0.15109245495950308,0.15109245134368213,0.1510927293660569,0.15109270488178203,0.1510926911250075,0.15109273382681268,0.15109477002751034,0.15109252618145147,0.151089846363774,0.15109150476772937,0.1510927199921174,0.15110203962942506,0.15110129772424805,0.019123386491660867,0.1610127766025007
2268,44.29991425261696,44.29991462659019,44.29991433160771,44.29991414234612,44.29991421791866,44.29991419533808,44.299916683229924,44.29991420019928,44.29991365793281,44.299914044860365,44.2999142083081,44.29992478890759,44.299924219963806,0.019125701387477323,44.30983427234991
2269,44.299998090101404,44.29999822042661,44.29999840707206,44.29999791464555,44.299998039032765,44.29999800161261,44.30000113336833,44.29999794319652,44.29999852257543,44.29999839388032,44.29999801235025,44.300025202020436,44.30002408891886,157.53477998714644,44.30991807994209
2270,44.29996889571231,44.29996890231849,44.299969198258985,44.299968735790436,44.29996885307538,44.299968828744404,44.299971460723675,44.299968802684866,44.29996794258722,44.29996874197832,44.29996883079928,44.299984465162844,44.29998370424764,157.53478041941077,44.30988890622772
2271,44.29939226499099,44.29939196263637,44.29939252786223,44.29939223373992,44.299392233429096,44.299392211136045,44.299394243257844,44.29939224423031,44.2993926695662,44.29939273546606,44.29939220926212,44.29940109888062,44.299400615756355,157.5347802747001,44.309312287889384
2272,44.29992936668461,44.299929338107695,44.299929629712096,44.299929341293826,44.29992934025574,44.299929322297125,44.299931307131885,44.2999293352859,44.2999320849428,44.29993076255689,44.29992932020411,44.29993789120214,44.29993741672533,157.53478011353403,44.309849399359
2273,44.29995998055281,44.299960245685845,44.29996022508829,44.29995980687453,44.299959939935825,44.29995990914649,44.29996235160902,44.299959934971675,44.2999637562622,44.299961811717274,44.29995991851995,44.299972820419676,44.29997213201484,157.53477947498126,44.30987998660118
2274,44.2999041383498,44.299904076432284,44.29990418923115,44.29990397249094,44.299904106063906,44.29990407554842,44.29990643983633,44.29990407012108,44.29990302727568,44.29990374867837,44.299904143485726,44.29991529122367,44.299914355636396,0.019126077777403848,44.309824153117496
2275,0.15132301000270149,0.15132306431348094,0.15132325037201041,0.15132326114785963,0.15132312188529162,0.15132327367356854,0.1513253753332559,0.15132294544633632,0.1513214011290744,0.15132231270148985,0.15132333315613045,0.15133335084713295,0.15133262792751698,0.019123449313515364,0.1612432918829177
2276,44.29992466834301,44.29992451737568,44.29992467915367,44.29992454629711,44.29992463730969,44.29992461723621,44.29992710479623,44.29992463518622,44.29992528265236,44.29992498213835,44.29992462879766,44.299937267902614,44.299936410957805,0.019126890042007863,44.30984469409105
2277,157.53326454604036,157.53326269016696,157.53326371870995,157.53326322972825,157.53326394167945,157.53326330688728,157.5332673012691,157.533263473543,157.53326774611438,157.53326554662908,157.5332633254495,157.53330263527292,157.533300944353,157.5347729909274,157.54318339288528
2278,44.29998597785744,44.299986066508815,44.29998629714034,44.29998580865928,44.29998592932088,44.29998589593745,44.29998863669317,44.2999858808925,44.29998661459896,44.299986520030124,44.29998589738238,44.300008089614174,44.30000703142293,157.53477336451257,44.30990597176163
2279,44.299940457449175,44.29994034110936,44.299940746324104,44.299940474399364,44.29994043778976,44.29994042924858,44.29994248057299,44.29994039574016,44.299940124273085,44.299940665702955,44.299940426345835,44.2999517084441,44.29995095238493,157.53477320712506,44.30986050507255
2280,44.29994302812586,44.299943008158294,44.299943281183936,44.29994300106261,44.299943004686334,44.29994299139285,44.29994500157466,44.29994298620311,44.29994476578514,44.29994406582684,44.29994298862064,44.29995359574165,44.29995287830449,157.53477302017964,44.30986306762145
2281,44.299976326500655,44.299976573345894,44.299976564281984,44.299976175728574,44.29997628572218,44.29997625590925,44.29997872188909,44.29997625328149,44.2999783874528,44.29997745201632,44.299976269423844,44.299991825228126,44.29999097265684,157.53477217786732,44.30989633260626
2282,44.299927276500604,44.29992714902459,44.29992727903806,44.299926929058365,44.299927226950274,44.299927180458354,44.299929486578996,44.29992728115018,44.299925591703875,44.29992671062743,44.299927257530335,44.299937561156135,44.299936750540276,0.019125588592236734,44.30984725783833
2283,44.29978944187835,44.29978983351793,44.29978948425474,44.29978940730302,44.29978942990581,44.29978942031369,44.299791682619635,44.29978932720477,44.299787177865916,44.29978845012352,44.29978951772779,44.299798542433194,44.29979791163188,0.019123420421731575,44.309709496505576
2284,44.2999413801001,44.29994136598176,44.299941496671146,44.29994135637097,44.29994136627784,44.299941360105514,44.29994385660999,44.299941262523824,44.29994150881532,44.29994138034582,44.29994142573574,44.299952951579066,44.29995220971066,0.01912633530772859,44.3098614365554
2285,157.533465884732,157.5334567861457,157.53346569934115,157.53346521550188,157.53346559156628,157.53346528220254,157.5334689057527,157.5334653233607,157.53346742296873,157.5334664166047,157.53346530297523,157.53350307727774,157.53350141726028,157.53478672123757,157.54338536846797
2286,44.2999871990983,44.29998724949209,44.2999875148928,44.29998703753822,44.2999871505082,44.299987117358306,44.29998983480427,44.2999870996583,44.29998648441944,44.29998722156008,44.29998712000028,44.30000774725102,44.30000673234678,157.53478700264813,44.309907192853736
2287,44.29994708142261,44.299946971737164,44.2999473331276,44.29994698387909,44.2999470493186,44.29994702815575,44.29994913076043,44.29994706112496,44.29994751069652,44.29994763447629,44.29994702595379,44.29995843181132,44.29995771628754,157.53478684201602,44.30986710385127
2288,44.29994432821868,44.29994433050203,44.29994457721887,44.299944279182085,44.299944302335206,44.299944286100846,44.299946321792824,44.299944292817145,44.29994564550569,44.299945220109116,44.299944283398276,44.299955293178975,44.29995457768106,157.53478664389118,44.309864362231444
2289,44.29997563936468,44.299975933318905,44.299975889934935,44.29997548978813,44.29997559860621,44.2999755690068,44.29997809550895,44.29997556945821,44.29997664931641,44.299976332608786,44.29997558184882,44.29999209673895,44.29999114705359,157.5347857140019,44.30989564548406
2290,44.29992860892238,44.29992883514662,44.299928599488204,44.29992824951836,44.29992855927594,44.299928512078736,44.29993093206459,44.299928623792475,44.29992743808631,44.29992832981916,44.299928588503526,44.299940064473496,44.29993925213728,0.01912711213336071,44.30984858896707
2291,44.299412818462805,44.29941328013063,44.29941285603198,44.29941278131872,44.29941280265381,44.299412788989876,44.29941509625107,44.299412696988306,44.29941074945345,44.29941197673742,44.29941288493594,44.2994221129529,44.29942146942011,0.01912401468574893,44.309332865367914
2292,44.29992996237268,44.2999303684613,44.299930075690156,44.2999297206942,44.29992992321261,44.29992988845027,44.29993226723985,44.29992993828299,44.29992969368741,44.29992986013826,44.299929954979284,44.29994163565316,44.299940825741025,0.019127565966478837,44.309849965128755
2293,157.46829905401555,157.46829946023936,157.4682993626062,157.46829888917708,157.4682990039135,157.46829896278004,157.46830209535256,157.46829886361527,157.46830011059703,157.4682995244965,157.4682989789787,157.46832413645052,157.46832327065457,0.030985303248900167,157.47821904525713
2294,44.29997824452036,44.299978400632476,44.29997854646751,44.299978084495955,44.29997819836464,44.29997816564086,44.29998081616535,44.29997816124259,44.299973691299606,44.29997677057765,44.29997816756188,44.299997262580746,44.29999626258959,0.030985690248728413,44.30989824199445
2295,44.29993658840167,44.29993653441816,44.29993686655396,44.299936603901024,44.29993656696664,44.29993655568965,44.29993861092628,44.2999365365005,44.29993439618104,44.29993609856637,44.29993655365832,44.29994754788165,44.299946724135545,0.030985528993833885,44.30985663183279
2296,44.29993481691778,44.299934836311856,44.29993508169335,44.29993481214376,44.299934792955526,44.29993477816016,44.299936778257695,44.29993478235986,44.29993532317593,44.299935321905004,44.29993477566478,44.29994523484074,44.29994444863426,0.03098530154347443,44.30985485484973
2297,44.29995917280262,44.299959361782975,44.29995941520523,44.29995901070628,44.29995913250094,44.29995910068322,44.29996155443745,44.299959128165504,44.299958706342096,44.29995927546205,44.29995911458892,44.29997434275461,44.29997338514395,0.03098370528842731,44.30987917817932
2298,44.299886079893376,44.299885646049205,44.29988614970353,44.29988600012669,44.29988605777424,44.29988603776488,44.29988839337479,44.29988597547443,44.299881679490625,44.299884390848696,44.299886116409006,44.2998974599383,44.29989647234654,0.019123739500576217,44.30980611458861
2299,0.15145816852673205,0.15145775416257176,0.1514583628513382,0.15145837217265637,0.15145825288031092,0.15145837001681742,0.15146045481726125,0.15145818541805156,0.15145426141068022,0.1514565742345142,0.15145842825728667,0.1514675685415777,0.15146683970466687,0.019123087674244182,0.16137838822103256
2300,44.299923582927626,44.29992365944523,44.29992364685106,44.29992346406899,44.299923550367204,44.299923530312384,44.29992587479443,44.29992353539212,44.29992089515277,44.29992254017321,44.299923542424814,44.29993466656071,44.299933789383545,0.01912401069686411,44.3098436071382
2301,157.53291053840596,157.5329109440787,157.53291087527066,157.53291038027814,157.5329104935801,157.5329104558135,157.53291357332452,157.5329103753799,157.53290883337908,157.5329100226118,157.53291047363783,157.53294260690672,157.5329409397725,0.030979593481243763,157.54283054011913
2302,44.299973083450794,44.299973294175096,44.29997339320159,44.299972941736115,44.29997304504162,44.29997302327599,44.299975648466706,44.29997299941751,44.299968524195414,44.29997159922143,44.29997302596652,44.29999280122703,44.299991617222496,0.03098005876484355,44.309893100205386
2303,44.29992208945177,44.29992205443767,44.299922365927095,44.29992204617644,44.29992206421369,44.29992204868,44.2999240968716,44.29992206505354,44.29991956929948,44.29992150449413,44.29992204867336,44.29993295942299,44.29993210744589,0.030979903151005347,44.309842125134644
2304,44.29992861156467,44.2999285753142,44.2999288650783,44.29992857530049,44.29992858323272,44.299928563543766,44.299930570945314,44.29992860223928,44.29992907410701,44.29992912824634,44.29992856043069,44.29993903007742,44.299938234826676,0.030979695785024405,44.309848640370426
2305,44.29995748201205,44.29995777842209,44.29995772709532,44.299957305396966,44.29995744155695,44.299957409482175,44.29995987028579,44.29995744258739,44.299957211386946,44.299957631521885,44.29995742333847,44.29997246744952,44.2999714862243,0.03097825266194855,44.30987748705769
2306,44.299848702286795,44.299848605859175,44.29984878008659,44.299848640107946,44.299848682487514,44.299848665957704,44.299851093789556,44.299848593230514,44.299842891963635,44.29984631808839,44.299848745508626,44.29986046827582,44.29985941796289,0.01912365578740134,44.30976874176469
2307,0.15141785935673263,0.15141753416482137,0.15141806800049326,0.1514180856791777,0.15141795603546712,0.1514180847872048,0.15142017369774666,0.15141782632451145,0.1514130909938371,0.15141580759152662,0.1514181454861646,0.15142794922114627,0.15142713051619328,0.01912298210633502,0.1613381057131328
2308,44.29993339284226,44.29993337140565,44.2999333944083,44.299933112165405,44.29993335218017,44.299933313577135,44.29993567785652,44.29993336603767,44.29993187153979,44.299932832081886,44.29993338202885,44.299945942388284,44.299944876766496,0.019123859407441556,44.30985339070378
2309,157.5322936945515,157.53229397533298,157.5322940275049,157.53229354757792,157.53229365607262,157.53229362414604,157.53229673668974,157.53229354825794,157.53229390499772,157.53229383883095,157.5322936416333,157.53232624985336,157.53232462641876,0.03097681591629729,157.542213709064
2310,44.299977720121625,44.29997784881443,44.29997802733334,44.299977548782785,44.29997767428173,44.29997764187963,44.29998026952612,44.29997764658558,44.299974363409035,44.299976679234504,44.29997764312453,44.29999824263078,44.29999709208705,0.03097727324142575,44.30989771811907
2311,44.299937935518756,44.29993789487671,44.29993821968645,44.29993794796573,44.299937914812595,44.29993790432432,44.299939950962624,44.29993788185083,44.29993652510427,44.29993773287844,44.29993790259902,44.29994896765303,44.299948130435155,0.03097712163295718,44.30985798040796
2312,44.29993904282156,44.29993912411521,44.2999393057041,44.299939054773205,44.29993902228389,44.29993901117717,44.29994101326438,44.29993899283406,44.29994008301537,44.29993975382857,44.299939008144285,44.299949588230085,44.29994879734874,0.030976913323024307,44.30985908785064
2313,44.29996766151465,44.29996814145462,44.29996789925946,44.299967508828,44.29996762083126,44.29996758917062,44.29997005326546,44.29996759914744,44.299969304129206,44.29996855610255,44.29996760407684,44.29998269429248,44.29998174371301,0.03097535870792367,44.309887666668764
2314,44.29988678721401,44.29988692218159,44.29988682970612,44.29988670125112,44.29988676288381,44.299886740758616,44.299889101403956,44.29988667266279,44.29988078171584,44.29988434222054,44.299886819314516,44.29989797427054,44.299896967616974,0.019123772272448807,44.30980681770843
2315,0.15106761685416187,0.15106787334295155,0.1510681920927229,0.15106822393413613,0.15106790057029326,0.1510682657111947,0.15107006062745723,0.15106753988870458,0.15105810256519062,0.1510635170946429,0.1510682687489826,0.1510771893795133,0.15107636890147527,0.019123116243005066,0.16098819978123255
2316,44.29993346479657,44.299933866124945,44.29993356340767,44.29993319075351,44.29993342163388,44.29993338187774,44.29993576105946,44.299933433623664,44.29992860749639,44.29993149883931,44.299933450612144,44.299944410347045,44.299943452823015,0.019124691436871333,44.30985345912416
2317,157.53300746202336,157.53300803756127,157.53300751383532,157.5330070526603,157.53300729223923,157.53300712342605,157.53301040466306,157.53300708769976,157.53300747379572,157.53300746014446,157.53300714088195,157.5330330356317,157.53303187240326,0.030987788946494524,157.5429272081248
2318,44.29997896775301,44.29997909137745,44.29997926687435,44.29997880532187,44.299978921188654,44.29997888841913,44.29998152777031,44.29997888513157,44.29997579733354,44.299978029929896,44.299978889976025,44.29999885925636,44.29999775708753,0.030988202190078685,44.30989896447838
2319,44.29993868951443,44.299938585943075,44.2999389466109,44.29993871664309,44.29993866949132,44.29993866000933,44.299940708692134,44.29993863341044,44.29993602223703,44.29993809097723,44.299938657796645,44.299949941571526,44.29994912209262,0.030988046957670604,44.309858735860466
2320,44.299942173517714,44.29994218923443,44.299942426158346,44.29994216905709,44.2999421515073,44.29994213930562,44.299944153981606,44.29994212134141,44.29994158575622,44.29994235233162,44.29994213672703,44.29995279961721,44.299951998736184,0.030987838475081825,44.309862215624236
2321,44.29997682495884,44.29997710421173,44.299977053580136,44.29997666772252,44.299976782744686,44.299976751117526,44.299979236621176,44.29997674690261,44.2999775217674,44.29997740639289,44.29997676537843,44.29999221735173,44.29999126520541,0.030986446537192295,44.30989682810923
2322,44.299922091907824,44.29992176931699,44.29992207290146,44.29992177599548,44.29992204363438,44.29992199740411,44.29992440203466,44.29992206395397,44.29991677933416,44.29992006759895,44.29992207040993,44.29993258021423,44.29993173320085,0.019124895292881035,44.30984207517934
2323,44.298911663130816,44.29891208211265,44.298911726873285,44.29891165515209,44.29891165277093,44.298911648191755,44.298913945264026,44.298911553270784,44.29890565929031,44.298909139609016,44.29891174698614,44.29892094284461,44.29892023754945,0.019124966969409,44.308831721945616
2324,44.29994824755667,44.29994859646224,44.29994840453262,44.29994817335882,44.2999482298253,44.29994821711085,44.29995068466286,44.29994812641087,44.299946411654126,44.29994736449714,44.299948285152674,44.29995958510033,44.299958919100725,0.019126490092106745,44.309868293888194
2325,157.533043957615,157.53304981866305,157.53304168274022,157.53304122245723,157.5330426575019,157.533041293018,157.5330458936301,157.53304171623807,157.53304265916245,157.53304214721115,157.53304131073358,157.53306727343752,157.5330662839927,157.53402017143463,157.5429613786682
2326,44.29997922723581,44.29997924042126,44.299979512594355,44.29997906381323,44.29997917931786,44.2999791460212,44.29998183282732,44.29997913477868,44.2999756128321,44.29997814502054,44.299979146918425,44.29999703863842,44.29999614531277,157.53402045340462,44.30989922181394
2327,44.29993904452465,44.29993888211175,44.29993931146458,44.299939075161554,44.2999390249014,44.29993901581448,44.29994108055171,44.299938982825665,44.29993818251197,44.299939099872,44.29993901415015,44.2999495723254,44.29994884474956,157.53402028106433,44.30985909175749
2328,44.29993938827156,44.29993937982318,44.299939638611626,44.29993940364713,44.2999393680962,44.29993935731299,44.2999413463294,44.29993933705058,44.299940715867486,44.29994025685181,44.299939354072855,44.299949773162034,44.29994901756578,157.5340200459323,44.30985943388848
2329,44.29996377741181,44.29996401046827,44.2999640010979,44.299963614238514,44.29996373646125,44.29996370445491,44.29996615067491,44.29996372066591,44.2999642522581,44.299964271771465,44.2999637169412,44.29997800590604,44.29997709217906,157.5340186243994,44.30988378198438
2330,44.29985280966685,44.2998531731751,44.299852887261125,44.29985275509106,44.29985278748788,44.29985276915213,44.299855123335334,44.29985270594171,44.299848634208786,44.29985111271949,44.2998528389676,44.29986313269554,44.299862141213104,0.01912582351519364,44.3097728456465
2331,0.15147777946971328,0.15147815453246985,0.15147797550090497,0.15147793962630898,0.15147784173379655,0.15147793509305826,0.1514800625674621,0.15147783000887155,0.15147358998197677,0.15147603844106525,0.15147798848968244,0.15148759231577533,0.15148674029230477,0.01912370971622254,0.16139796005877566
2332,44.2999186606125,44.29991906546948,44.29991877471898,44.29991848914486,44.29991862739953,44.29991859721154,44.29992097416448,44.29991862235502,44.29991758480205,44.299918231558195,44.29991866219999,44.29993069269312,44.29992983290473,0.01912632038072637,44.30983867435392
2333,157.53302972055613,157.53303813748514,157.53302672111062,157.53302625234312,157.5330280652249,157.5330263240963,157.53303157754164,157.53302690179447,157.53302778421366,157.53302747065553,157.53302634330757,157.53306256492792,157.53306105344544,0.030989295598032596,157.54294640980638
2334,44.29997881755657,44.299978951352024,44.29997912296471,44.299978647331734,44.29997877008492,44.29997873689576,44.29998142986185,44.29997873497505,44.299974944712154,44.299977622479155,44.29997873777946,44.30000072616545,44.29999955786487,0.03098962365772982,44.30989881304242
2335,44.29993666293217,44.299936533604956,44.299936949708375,44.299936662333174,44.29993663967659,44.299936626785374,44.299938678433534,44.29993661913807,44.29993529824325,44.299936461385904,44.29993662467848,44.29994787158284,44.2999470204283,0.030989446895849652,44.309856702739125
2336,44.299934997515436,44.29993499467697,44.29993526893702,44.29993497489867,44.299934972218466,44.29993495599977,44.29993694284236,44.299934973746325,44.29993705913132,44.29993615781883,44.29993495216217,44.2999456618035,44.29994488953258,0.030989206074195825,44.30985503252095
2337,44.29996170071416,44.299961970069525,44.29996195847233,44.29996152689663,44.29996165937086,44.29996162715116,44.299964060469414,44.299961654905275,44.29996447895447,44.299963101042486,44.29996164047605,44.29997714123729,44.29997619617109,0.030987500217838904,44.30988170451169
2338,44.29989726327272,44.29989711497611,44.29989734160264,44.299897163063264,44.299897240292125,44.29989721898162,44.299899494462274,44.29989716143919,44.29989603936328,44.299896754766166,44.29989729663711,44.299908076991336,44.299907149675384,0.0191237220984851,44.30981729573003
2339,0.15170678661026502,0.15170653957549304,0.15170693597682114,0.1517069318552545,0.15170684344832214,0.151706928714432,0.15170903483255313,0.15170681970372277,0.15170494232867446,0.15170601810837583,0.15170698877643599,0.15171555897382086,0.1517149481441246,0.01912303555098466,0.16162695698177662
2340,44.299937881111866,44.29993755681738,44.299937983646174,44.29993772175778,44.2999378532133,44.29993782925115,44.29994017156755,44.29993780302157,44.29993790100264,44.2999378480235,44.299937898188006,44.29994960135384,44.29994862037599,0.01912419358907955,44.30985790634234
2341,157.5332783278507,157.53327419424795,157.5332775648697,157.5332770969433,157.53327776291502,157.53327716855048,157.53328109547013,157.53327732141761,157.53327884425053,157.53327811843664,157.53327718837352,157.5333168781998,157.53331507875518,0.030988620119151416,157.54319725488293
2342,44.29997977085517,44.29997981045375,44.29998010826227,44.299979623573655,44.29997972779507,44.29997970328862,44.299982385062236,44.299979657892436,44.29997747192877,44.299979118687865,44.299979706626665,44.30000242108178,44.300001185739234,0.030989028095981586,44.309899780267926
2343,44.29994579100397,44.29994574490507,44.29994607673089,44.29994575701846,44.299945766438974,44.29994575261974,44.299947850103486,44.299945747615794,44.299946820376874,44.29994653471697,44.299945751002674,44.299957930475465,44.29995712308283,0.030988869808823063,44.30986582840945
2344,44.299944719359864,44.29994478797891,44.2999449884812,44.29994468903908,44.299944696210815,44.299944683059294,44.29994670353603,44.299944679836095,44.299948018627816,44.29994637139695,44.299944679043534,44.29995600753452,44.29995525753558,0.03098864212452826,44.30986475919847
2345,44.29997261729759,44.29997288095843,44.29997285595223,44.29997245596411,44.29997257703561,44.29997254711142,44.29997502000637,44.29997255712225,44.29997491556773,44.29997382370522,44.29997255851112,44.299988800475916,44.29998786127417,0.03098711991803893,44.30989262351387
2346,44.299924616134184,44.299924388600715,44.29992459835433,44.299924314000066,44.299924573033415,44.29992453232624,44.299926907273516,44.299924594812076,44.2999239372862,44.29992442416009,44.29992460627495,44.29993633480283,44.29993538839964,0.01912442771269132,44.309844608545546
2347,44.29954170681807,44.29954218799022,44.2995417316854,44.299541657643864,44.29954169299626,44.299541680769686,44.29954394851023,44.299541593790146,44.299538890237805,44.29954045378472,44.29954177255365,44.2995513146622,44.29955063482086,0.01912349908727672,44.309461755836175
2348,44.29995157930434,44.29995174838191,44.29995170776175,44.299951496983965,44.29995156111104,44.299951548737134,44.2999538787188,44.29995146260069,44.29995155904957,44.29995153055254,44.29995160924745,44.299963329394075,44.29996262714357,0.019124807021370562,44.30987162468984
2349,157.5329374417147,157.53293877106933,157.53293723330447,157.53293678310084,157.53293715372845,157.53293685752325,157.53294023734708,157.53293688340008,157.53293831787548,157.53293755683296,157.53293687438148,157.53296772283278,157.53296638617323,0.031018323721656096,157.54285694271454
2350,44.29997999885777,44.299979994964225,44.29998028600334,44.29997983182273,44.2999799508029,44.29997991774277,44.29998260292803,44.29997990786355,44.29997669200764,44.29997901745659,44.299979918708296,44.300000734222785,44.29999974098527,0.031018773845059258,44.309899993579386
2351,44.29994656258025,44.2999464750906,44.299946827518475,44.29994651637779,44.299946536378094,44.299946520715515,44.2999486236564,44.29994651658464,44.29994737116829,44.29994721755151,44.29994651942341,44.29995835843627,44.29995755925899,0.031018634183016026,44.309866596883886
2352,44.299946801225666,44.29994687385304,44.29994703796208,44.29994673236515,44.29994677350093,44.29994675478369,44.299948778193205,44.299946767196296,44.29995097878005,44.29994882562638,44.29994675137021,44.29995794656414,44.299957204734795,0.031018424908439795,44.30986683175929
2353,44.29997652027024,44.2999768568333,44.29997674490209,44.29997635924527,44.29997647910082,44.299976446595856,44.29997891556479,44.29997644124316,44.29998080911202,44.29997852318166,44.29997645888671,44.29999309590389,44.29999214668566,0.031017234987432266,44.30989652465445
2354,44.299928351639245,44.29992841006185,44.299928298167636,44.29992791928754,44.299928293203465,44.29992823287183,44.29993061496495,44.299928349632346,44.29992810315611,44.2999282410133,44.299928306492156,44.29994051280284,44.29993956936483,0.0191258913743118,44.30984831266047
2355,0.15138649240519844,0.15138656327714112,0.15138672322959015,0.15138667672009867,0.15138656411404852,0.15138666535559886,0.1513888588490843,0.15138637501895533,0.15138530076941267,0.15138586395213757,0.15138672670017675,0.1513959486116541,0.1513953805664689,0.019123565854815755,0.16130669992037014
2356,0.15105700480111514,0.15105657535728753,0.15105780975177047,0.1510576607843904,0.15105731834441555,0.15105771596218567,0.1510597238095026,0.15105692008062724,0.15105836339870118,0.15105745306412208,0.15105766228017192,0.15107091102075398,0.15107023643978518,0.019126158915830676,0.16097764755044225
2357,44.300014996980444,44.30001526136447,44.30001530635713,44.30001483123687,44.300014942733526,44.300014901098685,44.30001807853237,44.300014795401474,44.30001898993462,44.30001676013884,44.30001491459433,44.30004123192496,44.300040370232466,0.03126534875879338,44.309934981292606
2358,44.2999831750914,44.29998332835981,44.29998345621365,44.29998300814555,44.29998312565755,44.299983088073354,44.2999857519628,44.2999830430982,44.29998333574117,44.299983456934875,44.29998309204936,44.300000935020314,44.30000016909813,0.031265724162629537,44.30990316685944
2359,44.2999545652275,44.29995453722023,44.299954799049395,44.299954439000516,44.29995452938238,44.29995450253881,44.29995660845635,44.29995452595244,44.29995504748726,44.29995510590722,44.299954502143656,44.29996662733554,44.29996583517587,0.03126557630446428,44.30987458002475
2360,44.2999555101915,44.29995557761822,44.29995573209886,44.299955371918855,44.29995547412047,44.299955446997295,44.2999574891142,44.29995548602449,44.29995948697252,44.29995747418164,44.29995544560247,44.299966845661736,44.2999660951261,0.031265353872874005,44.309875524117324
2361,44.29998176455646,44.29998209817012,44.29998199878589,44.299981601948026,44.29998171955413,44.299981685327,44.2999842163579,44.299981664767294,44.299986717434315,44.29998411493333,44.29998169809423,44.299998695336136,44.29999778712766,0.03126408726276374,44.30990176261205
2362,44.299953103381824,44.29995316148643,44.29995311458547,44.299953036398215,44.29995308692955,44.299953073985904,44.29995546067037,44.299952950010784,44.299953395000244,44.2999533021906,44.29995314231234,44.299965339488644,44.29996454987232,0.01912496796885498,44.309873151643735
2363,44.29988194360376,44.2998824673179,44.29988199220299,44.299881874338176,44.29988192881371,44.299881915764054,44.29988419661222,44.299881833607024,44.299881811613226,44.29988185696039,44.299882011232874,44.29989190259321,44.299891268526075,0.01912367000565097,44.30980199178362
2364,44.29994670818215,44.29994690152816,44.29994678503035,44.29994664758695,44.299946690988556,44.29994667953992,44.29994902701082,44.2999465836022,44.299947000716145,44.29994676409557,44.29994674130859,44.299957874666525,44.29995721624308,0.019125413081235068,44.3098667556092
2365,157.53292480263005,157.53292523169702,157.5329250079258,157.53292452088112,157.53292469741834,157.53292459375442,157.5329277508305,157.53292452963328,157.5329271626968,157.53292579735077,157.53292461277223,157.5329503508476,157.5329493790864,157.5347824775196,157.54284467883954
2366,44.299981589324666,44.29998166450137,44.29998190894298,44.29998142521881,44.299981541704256,44.29998150864631,44.299984174881445,44.29998149184838,44.29997954766145,44.2999810240112,44.29998151075629,44.30000198171472,44.30000109941406,157.53478295113197,44.30990158427637
2367,44.29994396706112,44.29994378709645,44.29994426076084,44.29994398612979,44.29994394561484,44.2999439355514,44.29994602129765,44.29994389581797,44.299943761290564,44.299944219834494,44.29994393370319,44.29995432778748,44.299953664982986,157.53478282443243,44.30986401131991
2368,44.29994873979976,44.29994872482345,44.29994898877828,44.29994867054472,44.29994871089744,44.29994869207491,44.29995072254537,44.299948706767225,44.299952534912,44.299950617974666,44.29994868898759,44.29995894481733,44.29995830225861,157.53478265314092,44.30986876827339
2369,44.29997887557687,44.29997930656151,44.299979130202054,44.29997871693553,44.29997883179954,44.29997879973566,44.299981324898965,44.299978794511276,44.29998305436823,44.29998087769061,44.29997881049019,44.29999412962017,44.29999337602701,157.53478197682472,44.30989887648054
2370,44.29995169110816,44.299952188607,44.299951793624224,44.2999516111387,44.299951670545234,44.29995165500745,44.299954074777595,44.29995155122538,44.299950339935776,44.2999510665013,44.29995171618729,44.2999639549521,44.29996318870308,0.01912688765396939,44.30987173162123
2371,44.29990917213862,44.299909293498786,44.299909211283584,44.2999090361553,44.29990914926725,44.29990912618166,44.299911433531975,44.299909073052625,44.29990684112081,44.299908189832905,44.29990921307738,44.29991952053057,44.2999188163914,0.01912370220992784,44.30982920256926
2372,44.29994236709999,44.29994204530266,44.29994250370502,44.29994230443618,44.29994234928153,44.29994233576181,44.299944726019426,44.29994225327757,44.29994004573799,44.299941430122544,44.29994239953902,44.29995401115013,44.299953380139215,0.01912642683498218,44.309862413189116
2373,44.300160046802965,44.300160201184305,44.30016037194154,44.30015990529616,44.300159998862746,44.30015996553229,44.30016306617018,44.300159887089485,44.30015808565588,44.30015933052449,44.30015997474268,44.30019047548473,44.300189032068296,157.53468947636932,44.310080042871334
2374,44.299978403582664,44.29997835709374,44.29997869668059,44.29997824455518,44.299978357564164,44.29997832384035,44.29998097569083,44.29997831583835,44.299976460771354,44.2999778650915,44.2999783268458,44.29999827930524,44.29999704021668,157.53468993694892,44.30989840101236
2375,44.29994821524961,44.29994818385802,44.299948482528265,44.299948150050795,44.29994818621145,44.29994816686807,44.299950229959386,44.29994817280633,44.29994894156732,44.29994879311658,44.299948166811134,44.29995898057126,44.29995819532528,157.53468980308568,44.30986824333808
2376,44.29994738294079,44.29994744911857,44.29994762611059,44.29994732474659,44.29994735545728,44.29994733692623,44.29994937019316,44.299947351777234,44.29995124215458,44.29994927240627,44.29994733305988,44.299958247794706,44.299957513563335,157.53468962765643,44.30986741353484
2377,44.29997675637889,44.299977161765014,44.29997699097809,44.29997659137977,44.299976715253344,44.29997668483301,44.299979166483986,44.29997668833937,44.299980305794016,44.299978478136296,44.299976695212706,44.299993068119456,44.29999214726299,157.53468876822762,44.30989676153029
2378,44.29993405127458,44.29993430864179,44.2999340776506,44.29993375721077,44.299934008417914,44.29993396868653,44.299936361635105,44.299934011305474,44.299931034484494,44.299932749930946,44.29993404474987,44.29994637626319,44.299945368220584,0.019129101931794092,44.30985404559164
2379,44.29984875006148,44.29984895684822,44.29984879127796,44.29984869883447,44.29984873660976,44.29984872549267,44.29985101787528,44.29984863491169,44.29984545980101,44.29984721920767,44.29984882506042,44.29985931908504,44.29985850634649,0.01912658613977727,44.309768800445106
2380,44.29995297645397,44.299952775044524,44.29995307532821,44.2999528918709,44.29995295802488,44.29995294455151,44.29995539359532,44.29995286483159,44.299955204930335,44.299953772243555,44.299953007602205,44.29996410478205,44.299963488450835,0.01912965092574825,44.30987302048641
2381,157.53327606327377,157.5332764764016,157.53327423575672,157.533273791408,157.53327499004547,157.53327386026848,157.53327823562967,157.5332742073492,157.5332777381664,157.53327581835472,157.53327387961033,157.53330178489094,157.53330070077274,0.030982550913421586,157.5431939463958
2382,44.29999779284392,44.29999796142943,44.29999807662338,44.29999763852276,44.299997746245815,44.299997714624396,44.30000038035556,44.299997683987435,44.29999707433149,44.299997635194416,44.29999771698274,44.30001956759019,44.30001848477311,0.030982901855141232,44.30991779024085
2383,44.29995054744044,44.29995050856013,44.29995079565551,44.299950469540015,44.29995051835889,44.299950499569825,44.299952567178934,44.29995051549742,44.29994984898455,44.299950597515924,44.2999505000225,44.299962081228614,44.29996123687977,0.0309827185728007,44.30987057520528
2384,44.299950430365094,44.299950475137614,44.299950676038954,44.299950345882024,44.29995040108918,44.29995038150889,44.29995239609868,44.29995040399524,44.29995180102073,44.299951285712275,44.29995038140419,44.29996123535946,44.29996041966424,0.03098248209886646,44.30987045756415
2385,44.29997724623468,44.299977688606155,44.29997747302638,44.29997709144896,44.29997720604229,44.29997717588632,44.2999796102948,44.29997717459826,44.29997907776661,44.29997820099849,44.2999771910192,44.299992495985826,44.29999153311203,0.030980691441775825,44.3098972524283
2386,44.2999147093769,44.29991463801904,44.299914723427804,44.29991452787124,44.29991467598094,44.299914644792494,44.29991690823801,44.29991464369585,44.29991116331207,44.299913204092995,44.29991471973741,44.299925824046944,44.29992484935739,0.01912415047313761,44.30983472148014
2387,44.29980483933394,44.299804828712375,44.29980483559935,44.29980480853353,44.29980482812226,44.299804817812294,44.29980701815999,44.29980471947877,44.299801189735966,44.2998032387787,44.29980491120646,44.2998143291598,44.29981347082134,0.019123277992974443,44.30972489258215
2388,44.2999448932703,44.299945144775144,44.29994506472716,44.299944867705925,44.29994487973038,44.2999448720935,44.299947282068565,44.29994478072383,44.29994502448955,44.299944880526084,44.29994493370813,44.299956811824075,44.29995617367995,0.019125809299371632,44.3098649479282
2389,157.5332635432305,157.53326181889267,157.53326271610345,157.53326224254047,157.53326294203978,157.53326231118695,157.53326625669482,157.53326247122985,157.53326463338377,157.533263465504,157.53326232926494,157.533296356884,157.5332949816961,157.53468053279525,157.54318239740323
2390,44.29998147258943,44.29998146400276,44.29998178798519,44.29998130807787,44.29998142439319,44.29998139120003,44.299984068562004,44.299981378090216,44.29997953762097,44.29998089148595,44.29998139265348,44.30000191510112,44.30000080910251,157.53468083265022,44.30990146668288
2391,44.29994612097381,44.29994601181172,44.29994639602612,44.29994612396535,44.29994609938236,44.299946088744434,44.299948147180636,44.29994605779072,44.299946239949755,44.29994651908461,44.299946087005736,44.299957154269855,44.29995636816235,157.53468066285683,44.309866164486124
2392,44.29994846197649,44.29994851385866,44.29994870191664,44.29994841436079,44.29994843636911,44.29994841987351,44.299950430696555,44.299948419438685,44.299951154899134,44.299949913337024,44.299948416462875,44.29995936891461,44.29995859701095,157.53468044683254,44.30986849634738
2393,44.299976461445816,44.299976800740176,44.299976688002374,44.299976305050784,44.299976420462116,44.299976389191244,44.29997884209963,44.29997638752081,44.299978520148294,44.299977549664824,44.299976400424804,44.299992472921275,44.29999153573248,157.53467920858444,44.30989646631725
2394,44.29993376280956,44.2999339981046,44.299933718352925,44.29993344066017,44.29993371541377,44.29993366834776,44.29993600678777,44.29993373221905,44.29993160166051,44.29993300862673,44.29993373192763,44.29994458429001,44.29994364990159,0.019124780263836547,44.3098537463367
2395,0.15151043452677734,0.1515105693908025,0.15151060574745892,0.15151059243758863,0.1515104953051587,0.1515105852413958,0.15151271680398726,0.1515104803725401,0.15150658988625723,0.1515088353790215,0.15151063634394427,0.15151940232131658,0.15151875110855198,0.01912337596940017,0.16143061262168437
2396,44.29993624459281,44.299936316973714,44.2999363164106,44.299936080462544,44.29993621351883,44.29993618694157,44.29993860975469,44.29993619590808,44.29993477514706,44.29993557043199,44.29993624773678,44.299948299196565,44.29994766066676,0.019125582925498253,44.30985626382175
2397,157.53314774057674,157.53314554028842,157.53314831019682,157.53314782957864,157.53314781589128,157.53314789786586,157.5331510623561,157.53314777485542,157.5331491815369,157.5331485921677,157.53314791763157,157.53317820056705,157.5331771947136,157.53478369484142,157.54306798379014
2398,44.29998442607178,44.299984515445914,44.299984737140626,44.299984263415915,44.29998437760283,44.29998434374895,44.29998704040978,44.29998432230057,44.29998405484951,44.299984508727384,44.29998434620265,44.3000034763481,44.30000263138186,157.5347840197136,44.30990441966883
2399,44.29994980093488,44.299949737987156,44.29995005348288,44.29994975257859,44.2999497738968,44.29994975738142,44.29995185006556,44.29994974803648,44.29995052091903,44.29995041793833,44.29994975486923,44.29996097287104,44.29996024887215,157.5347838667116,44.309869833635084
2400,44.299951092469115,44.29995122409786,44.29995134606572,44.29995100934153,44.299951062920194,44.299951041886835,44.299953069804324,44.299951052560196,44.29995409336726,44.29995263674379,44.29995103924714,44.299962267386924,44.299961529067424,157.53478367106845,44.30987111896345
2401,44.29997810692384,44.29997849555793,44.29997833443551,44.29997794360377,44.299978064722886,44.29997803151657,44.29998050526637,44.299978018642044,44.299981208741734,44.29997962630327,44.29997804497102,44.29999479145932,44.29999384169696,157.534782778749,44.30989810968549
2402,44.29993124061306,44.29993122494645,44.29993118695368,44.2999308328993,44.29993118442869,44.299931127167184,44.29993352914343,44.29993122360875,44.29992932276298,44.2999304743233,44.29993120362252,44.29994372155102,44.29994285575896,0.019125331609571115,44.30985120725592
2403,0.15141582224534092,0.15141597791007957,0.1514160030833017,0.15141602013025424,0.1514159001045288,0.15141600791937757,0.15141818508926255,0.1514158078092573,0.15141327255832474,0.15141470141716043,0.15141607305120167,0.15142546712754665,0.1514248452997359,0.019123553609753957,0.1613360415422374
2404,0.15109437832433908,0.1510938219051973,0.1510950731077976,0.15109494054231123,0.15109464151510635,0.15109497675648645,0.15109706933689931,0.15109428750312429,0.1510944978195946,0.15109426034685355,0.15109495193489117,0.1511076803798906,0.15110697458077033,0.019126885265257337,0.16101494321260873
2405,44.29997612454331,44.29997612238146,44.2999764434538,44.29997594976896,44.29997606753431,44.299976023481086,44.29997912650948,44.29997591216167,44.299975513988215,44.299975789214066,44.29997603826828,44.3000016247712,44.30000073979736,0.031008527410788054,44.3098961034606
2406,44.29996000979546,44.299959992054944,44.299960303354545,44.299959829469806,44.299959959502,44.299959920165456,44.299962535073426,44.29995991075858,44.299953410013806,44.299957842798904,44.29995992480391,44.2999759473681,44.299975100544344,0.03100883473196989,44.30987999854491
2407,44.299942550733384,44.29994258615213,44.29994280817516,44.29994255056758,44.29994252734473,44.29994251276447,44.29994456351954,44.2999424864148,44.29994045364317,44.29994204241458,44.29994251247533,44.29995342301023,44.29995258915073,0.03100866416809459,44.309862589999085
2408,44.29994335864881,44.29994350601035,44.29994360116806,44.29994336596014,44.29994333743823,44.299943325248194,44.29994531771499,44.29994330240509,44.29994426106131,44.29994399979841,44.29994332242483,44.299954201886685,44.299953392421195,0.031008427182301776,44.30986340214827
2409,44.29996910499142,44.29996960236497,44.299969331330125,44.299968959404204,44.299969065093954,44.29996903515315,44.299971493991364,44.299969044613306,44.29997032718787,44.29996981784347,44.29996904864216,44.29998506104878,44.29998407936302,0.031006754526932218,44.309889111998785
2410,44.29992018950566,44.299920224897306,44.299920182231055,44.2999199194559,44.299920147932035,44.29992010727167,44.29992242445436,44.29992014889648,44.29991668560992,44.29991879587092,44.2999201830614,44.29993198491567,44.29993117241671,0.019124019689309605,44.30984018423987
2411,44.299305553205095,44.299305889023714,44.299305586183436,44.29930551174729,44.29930553987236,44.29930552588059,44.29930776460319,44.29930542638004,44.29930218173865,44.299304052400934,44.299305623713906,44.29931550595183,44.29931461536241,0.019123242712637902,44.309225601872946
2412,44.29970911045756,44.299709206491265,44.299709273182685,44.299709087652474,44.29970908684575,44.29970907024421,44.29971151257637,44.29970899632428,44.29970968308578,44.29970932838254,44.29970913106967,44.299721837224894,44.29972104449798,0.019124753848173692,44.309629144864736
2413,157.504860054647,157.50486043263862,157.5048603666314,157.50485990046988,157.50486000957227,157.50485997255555,157.50486311593974,157.50485987308588,157.50486314801313,157.50486141449343,157.5048599901652,157.5048876578355,157.5048865807419,0.030988858905630728,157.5147800561643
2414,44.2999814826152,44.299981671117784,44.29998175558229,44.29998131738083,44.29998143551734,44.29998140226781,44.29998403757448,44.29998139046588,44.29997838637342,44.29998050585965,44.299981404706024,44.300003798779535,44.30000264240518,0.030989267305805642,44.3099014783786
2415,44.2999501837005,44.29995018159975,44.299950425002805,44.299950114245746,44.29995015485443,44.299950136335184,44.29995220487322,44.29995014516916,44.29994878535043,44.299949963025746,44.29995013575337,44.29996191876847,44.29996105352755,0.0309891095742337,44.30987021228362
2416,44.29994995706701,44.29995000630591,44.29995019514481,44.29994988434106,44.29994992865562,44.2999499100099,44.299951927782104,44.29994992743217,44.29995171994917,44.29995097154616,44.29994990877996,44.29996097874557,44.299960162071095,0.03098888885065929,44.30986998616864
2417,44.29997499016495,44.29997526975993,44.29997522273302,44.29997483808302,44.299974949897,44.29997492038234,44.29997737765501,44.29997492566226,44.29997621191209,44.29997573516881,44.29997493264279,44.29999105569747,44.299990057076066,0.030987427880296497,44.30989499665363
2418,44.29992335545617,44.29992317223306,44.29992335384023,44.29992311855239,44.299923317814496,44.299923281941545,44.299925614099216,44.299923307967674,44.29992098756264,44.299922465140014,44.299923355666714,44.299935061231,44.29993416591145,0.019124125362343515,44.3098433580417
2419,44.299346151310864,44.299346242837565,44.29934616661475,44.29934610976745,44.29934614023921,44.2993461287229,44.29934838460093,44.299346032796315,44.2993448846569,44.299345607267846,44.29934622647591,44.29935621008382,44.29935543671693,0.019123220047696256,44.30926620356502
2420,44.299945111630905,44.299944859447244,44.2999451923483,44.29994508176719,44.29994509837828,44.299945091858405,44.29994748421606,44.29994499428065,44.299946968639226,44.299945885575134,44.29994515475505,44.29995665094767,44.29995598723155,0.019124896424370603,44.30986516722499
2421,157.53306027859904,157.53306898648583,157.53305700063237,157.53305653885727,157.53305849173412,157.53305661115664,157.53306184759427,157.53305724090467,157.53306235577062,157.53305958361386,157.53305662766553,157.53308695104718,157.53308578049436,0.03125064682404658,157.54297669681702
2422,44.29998703084008,44.299987079520406,44.29998731581372,44.29998686648966,44.299986983639634,44.29998695146776,44.2999896323604,44.299986935878536,44.29998812436575,44.29998763538549,44.299986951954935,44.30001021611604,44.30000912699618,0.031251020050784666,44.30990702695683
2423,44.299952671391345,44.29995259307259,44.29995292865697,44.29995259951729,44.29995264299571,44.299952625600646,44.29995472057229,44.29995262643222,44.29995280894699,44.29995307066943,44.29995262360859,44.299964971405586,44.29996421655742,0.031250871166361015,44.30987270131334
2424,44.29995310936858,44.29995310310761,44.29995334762998,44.29995303143921,44.29995308025445,44.299953061492154,44.29995509858844,44.29995307327857,44.29995629922518,44.29995474678236,44.29995305832062,44.2999646594304,44.299963894564826,0.031250659562753115,44.3098731374964
2425,44.29997908327783,44.29997937904917,44.29997931201462,44.29997892388297,44.29997904001357,44.29997900867638,44.29998152720831,44.29997900722833,44.29998360628608,44.299981263287656,44.29997901989902,44.29999600414098,44.29999508433044,0.0312494289552083,44.309899085036825
2426,44.29994165151606,44.2999421337581,44.29994165990785,44.2999415293165,44.29994162968965,44.29994161203266,44.299943974365085,44.29994154215191,44.29994143561871,44.299941614405554,44.299941683387196,44.29995476073544,44.29995397787377,0.019125289416245337,44.30986168866747
2427,44.29991691064826,44.29991747066355,44.29991692729768,44.299916721642425,44.29991688091544,44.29991685284151,44.29991918963429,44.29991681661352,44.29991590331684,44.29991639670283,44.299916946229956,44.299927696149496,44.29992689202905,0.019124164279077132,44.309836929528785
2428,44.299956481346356,44.299956547553705,44.299956601602595,44.29995630316778,44.29995645226732,44.29995642838879,44.29995888424935,44.29995639801382,44.29995881085194,44.29995741523308,44.299956487486554,44.29996893626137,44.299968342021494,0.01912576200865252,44.309876504591045
2429,157.53322567496465,157.53322990689747,157.53322364497885,157.53322316891834,157.53322448805466,157.5332232395154,157.53322775986388,157.5332236238755,157.53322684517994,157.5332252813418,157.53322325873648,157.53324966661165,157.5332487072935,157.53479073762006,157.5431433251795
2430,44.299985064854035,44.299985032691175,44.29998536368186,44.299984922618684,44.299985022110604,44.29998499769613,44.29998766817314,44.2999849365751,44.29998447124088,44.29998503446825,44.29998500020084,44.30000775099236,44.30000673232424,157.534791134558,44.30990507477728
2431,44.2999549349465,44.2999547524573,44.299955182348576,44.29995482577468,44.299954900694964,44.29995487794164,44.29995701118964,44.299954902128775,44.29995688916076,44.29995605124463,44.29995487534737,44.2999678840292,44.299967072444964,157.53479101320386,44.309874953510125
2432,44.29995528714523,44.29995521941253,44.299955523815925,44.29995518096789,44.29995525414128,44.29995523183724,44.299957311813806,44.299955251730466,44.29995944070344,44.29995733836552,44.29995522772797,44.29996719086904,44.29996646937652,157.534790847197,44.30987530786718
2433,44.29998128342626,44.29998159541071,44.299981518431885,44.29998112387553,44.29998123996535,44.299981208595916,44.29998379413538,44.29998118647137,44.299986742467844,44.299983933071466,44.29998121741399,44.300000079550735,44.2999992925426,157.5347901669866,44.30990128492164
2434,44.299957962576876,44.299958165013265,44.299957965185314,44.29995786483204,44.29995794472714,44.299957930422316,44.2999603617443,44.29995782719639,44.299960232540705,44.29995904623644,44.29995799357002,44.29997274753433,44.299972454804085,0.01912630998935291,44.30987800676085
2435,44.29993002871126,44.29992973370392,44.299930093844324,44.299929734317054,44.29992999182832,44.29992995577388,44.299932266097414,44.29992999285236,44.29993208916375,44.29993092894318,44.29993004728117,44.2999412959339,44.29994067795351,0.01912393715647767,44.30985003186276
2436,44.29996532094986,44.29996520748268,44.29996540149299,44.299965239101425,44.299965302012794,44.2999652900078,44.29996784668847,44.29996519204156,44.299968283685764,44.29996648438723,44.29996535227958,44.299980610502466,44.29997988612363,0.019127041977625676,44.30988536545232
2437,157.533270022612,157.5332674852459,157.53326920043807,157.53326871354102,157.53326942203304,157.53326879024067,157.53327261783124,157.53326895576959,157.53327386231746,157.5332712110855,157.5332688084856,157.53330436353795,157.5333028291998,157.53478819355658,157.54318887638962
2438,44.30011652013231,44.30011668468907,44.30011684527818,44.30011637306043,44.3001164782715,44.30011645282959,44.30011915902785,44.30011636778218,44.30012118843203,44.30011864575635,44.30011645584873,44.300139089689736,44.30013806154104,157.5347886256174,44.31003653043763
2439,44.29994922036113,44.29994898383765,44.29994948317886,44.2999491642254,44.299949191971486,44.29994917493109,44.299951207548,44.29994917154494,44.2999529691128,44.29995109462502,44.299949170589876,44.29995891178376,44.29995845317305,157.53478844688283,44.30986925040333
2440,44.299950224611685,44.29995012185194,44.29995048560036,44.29995017767035,44.299950198448556,44.2999501827807,44.29995217927182,44.29995017326061,44.299955506784386,44.29995269321237,44.299950178156564,44.29996012036554,44.29995958736564,157.53478829237557,44.30987025873683
2441,44.29997931980031,44.299979733230344,44.29997956986714,44.29997916054833,44.29997927868681,44.29997924946213,44.29998171893866,44.299979234699826,44.299986020165385,44.29998248584938,44.299979254239304,44.29999515548539,44.299994458743775,157.5347877086899,44.30989932583418
2442,44.299955337190255,44.29995567040657,44.29995540514162,44.299955250840675,44.29995531909707,44.299955305020234,44.29995766231715,44.29995520448097,44.29995705897809,44.299956037315205,44.299955355260174,44.29996779734007,44.29996761411695,0.01913086648188197,44.30987538146007
2443,44.29988851277659,44.299889028603765,44.29988862898664,44.29988844965612,44.29988849875673,44.2998884872134,44.299890734801814,44.29988839930863,44.29988812561649,44.29988822229083,44.299888569069964,44.299898018235105,44.29989755199754,0.019125204007972487,44.30980856234449
2444,44.299947937768195,44.29994801780978,44.29994806521015,44.29994789427733,44.29994792289387,44.299947914971426,44.29995037313551,44.299947810899376,44.29995106913185,44.29994913778439,44.29994797243634,44.29996018243395,44.29995951052174,0.019130709853730696,44.309867990382266
2445,157.53376267522685,157.53375537443242,157.53376249432142,157.53376199317321,157.53376238385206,157.5337620727409,157.5337657271634,157.53376212960475,157.53376923472237,157.53376541579505,157.533762090811,157.53380885997186,157.53380695821912,157.53480159228255,157.543682159248
2446,44.300032942126116,44.30003311301303,44.30003325249015,44.300032792644345,44.30003289699317,44.300032866434776,44.30003549806616,44.30003282055611,44.30003691839736,44.300034795301364,44.30003286683557,44.300055366258825,44.30005439392809,157.5348019647073,44.309952942331996
2447,44.29995609961961,44.29995593111752,44.299956350087136,44.29995596359219,44.29995606283046,44.29995603714837,44.29995808350659,44.29995607821576,44.29996027136886,44.299958109969936,44.29995603344167,44.29996785251524,44.29996719243049,157.5348018219327,44.309876112807665
2448,44.29995549390921,44.29995535787406,44.29995572778292,44.29995538147045,44.29995546036711,44.29995543723175,44.2999574579428,44.29995545779861,44.29996082137623,44.29995801263177,44.29995543491518,44.29996567067129,44.2999651282679,157.53480172062612,44.30987551339748
2449,44.299980285033875,44.299980621855035,44.29998052967034,44.299980128043124,44.2999802429322,44.29998021270939,44.29998269255739,44.29998018974319,44.29998654932183,44.29998325245693,44.299980220421865,44.29999531189184,44.29999469770056,157.53480136774456,44.30990028934127
2450,44.29995228946519,44.299952641312096,44.29995234344609,44.29995222853635,44.29995227326339,44.29995226212325,44.29995466732124,44.29995214587337,44.299954050720196,44.29995285720708,44.29995231719042,44.29996439447104,44.29996420644522,145.1746560809274,44.3098723393228
2451,44.29937304193342,44.29937339028083,44.29937318647905,44.299373002936186,44.299373024947016,44.299373013721066,44.29937525000917,44.29937292071324,44.2993729749804,44.2993728103308,44.29937308267907,44.29938416369206,44.29938375613639,145.17465216008583,44.3092930874306
2452,44.29994250784785,44.29994276379873,44.29994264955467,44.29994247813588,44.29994249337157,44.29994248518736,44.29994492463754,44.2999423780524,44.299944985336076,44.29994343670515,44.29994254658518,44.29995526397432,44.299954405087455,145.1746565907973,44.30986256092829
2453,157.53341194290962,157.53340416330246,157.53341183886258,157.53341134222413,157.53341169269478,157.5334114277497,157.53341494809578,157.53341145528978,157.53341728931682,157.53341421693895,157.53341144555296,157.53345017357825,157.53344879585362,157.53480221801198,157.54333151378316
2454,44.29999668802163,44.29999675045989,44.29999700276881,44.29999651899788,44.29999664146148,44.29999660961942,44.29999925415908,44.299996586210995,44.29999976430339,44.29999817745861,44.29999660957211,44.30001834326558,44.300017439966304,157.53480244441832,44.30991668506976
2455,44.299953505083835,44.2999533041802,44.29995377746362,44.29995340815663,44.29995347238465,44.299953450971024,44.29995554588342,44.299953459768744,44.299957358068696,44.29995538548092,44.299953448017725,44.29996383744372,44.29996334502039,157.53480226399833,44.30987352655035
2456,44.29995014263943,44.299949990590164,44.29995042579129,44.29995009397502,44.2999501154981,44.29995009934469,44.29995215359259,44.299950081246074,44.29995542362698,44.29995256552298,44.299950095787985,44.299959622578506,44.29995918380354,157.53480210694286,44.309870175161706
2457,44.29997999625889,44.29998042401372,44.29998028005405,44.299979829022995,44.29997995281727,44.2999799219318,44.29998248163732,44.299979899671364,44.29998663470139,44.2999831448145,44.299979928531904,44.29999540465994,44.29999483401871,157.53480164725957,44.309899998127825
2458,44.29996187066191,44.29996219381635,44.29996192932743,44.29996171725916,44.299961845682446,44.299961823661256,44.2999642125915,44.299961748233244,44.29996304687615,44.299962301776,44.299961874503055,44.299978735342144,44.29997829837601,0.01913647564902423,44.309881900373945
2459,44.29991331737664,44.29991384323251,44.299913475890015,44.29991316804368,44.29991329264769,44.29991326879108,44.299915578199254,44.299913216613994,44.29991288201699,44.299912986211815,44.299913345191676,44.299924169332115,44.299923517279574,0.019124356173040976,44.309833343829204
2460,44.299943882713954,44.299943675286464,44.29994402546069,44.29994384864401,44.299943868407524,44.299943860639104,44.29994634064496,44.29994376574219,44.29994697194791,44.29994509967569,44.299943917923095,44.29995644598282,44.29995581321224,0.019136300938328826,44.309863935817994
2461,157.53326571159124,157.53326726228786,157.533263718232,157.53326321413118,157.53326453670192,157.53326329907338,157.5332678315086,157.53326369357296,157.53327053890771,157.53326680358654,157.53326331604566,157.53329816373835,157.53329688198488,157.53479343518998,157.54318338518738
2462,44.300252366914115,44.30025256280971,44.30025268392884,44.30025221834058,44.300252321400535,44.3002522904799,44.30025500677484,44.30025223279399,44.30025710475519,44.30025454299342,44.30025229150996,44.30027591955212,44.300274941900035,157.53479390548867,44.31017236679619
2463,44.29995472643521,44.29995454864891,44.299955000637034,44.299954619468174,44.29995469336794,44.29995467188613,44.29995677468321,44.29995468744897,44.29995902811081,44.299956763234285,44.299954668303734,44.299965400811196,44.29996491051932,157.534793757194,44.30987474720971
2464,44.29995371750388,44.29995354588908,44.29995396581353,44.29995363074638,44.299953687032875,44.29995366765104,44.29995574319187,44.299953671081816,44.29995935074922,44.299956294286126,44.29995366365326,44.2999633935646,44.29996294927198,157.53479361056293,44.309873743456045
2465,44.29998362419813,44.29998392489691,44.29998389338709,44.299983461874916,44.29998357959533,44.29998354786819,44.29998612461932,44.29998351364605,44.29999012483653,44.29998663821086,44.29998355552689,44.299999475092356,44.29999885810508,157.5347930435844,44.30990362442238
2466,44.299967618791335,44.29996808993567,44.29996774868065,44.29996747179553,44.299967590925746,44.2999675676584,44.299969964940914,44.29996747927682,44.29996868247223,44.299967861111874,44.299967618205066,44.29998089937672,44.299980301897044,0.019137161075803665,44.3098876446365
2467,44.299923723545454,44.29992411235867,44.29992383346485,44.29992351239604,44.29992369250153,44.29992366345749,44.29992602661829,44.29992364831622,44.29992376579002,44.29992363263261,44.29992374819317,44.29993391500511,44.29993329278174,0.019127159505262975,44.30984373947859
2468,44.29994978736112,44.29994934009361,44.299949925139806,44.299949694997366,44.29994976626383,44.299949752926004,44.29995234377113,44.29994967554231,44.299952530397256,44.29995091969875,44.29994981536121,44.299962572407246,44.2999619548917,0.019137105938440393,44.30986982844291
2469,157.53325271326153,157.5332541229051,157.5332512504096,157.53325076319814,157.53325180185146,157.5332508435874,157.5332550294591,157.5332511269609,157.53325781016272,157.5332541831061,157.53325086082398,157.53328015929162,157.53327912597265,157.5348033107325,157.54317092933735
2470,44.3000793243985,44.3000793927174,44.300079624527775,44.30007917490516,44.300079277353916,44.30007924566317,44.30008196078675,44.30007918580615,44.30008520308133,44.30008201712918,44.30007924660248,44.30009848949478,44.30009777370535,157.53480380610947,44.30999932181468
2471,44.29995427201727,44.299953945967395,44.29995452960651,44.2999541695031,44.29995423631444,44.299954212971194,44.29995631470646,44.2999542137237,44.29995909693593,44.2999565497069,44.29995420965241,44.29996438616638,44.2999639543041,157.53480368337875,44.309874289011994
2472,44.29995490542379,44.299954558565496,44.299955135633695,44.29995480005143,44.29995487004268,44.299954846000766,44.29995693085636,44.29995484376084,44.29995996844743,44.299957326016745,44.29995484437787,44.299964525830205,44.299964095014424,157.53480365326223,44.309874922707245
2473,44.29998385708263,44.29998374277654,44.29998410783054,44.29998370069388,44.29998381040041,44.29998377717081,44.299986369519495,44.299983721756526,44.2999898558123,44.29998669683014,44.299983789253474,44.29999854350947,44.29999799192591,157.53480354085949,44.309903854846965
2474,44.299956425069645,44.29995603618352,44.29995653844838,44.29995636016102,44.29995640310176,44.2999563893433,44.299958988192685,44.299956227518074,44.29995879214451,44.29995741932739,44.29995646897235,44.29996919528702,44.299968672730245,145.17465965975418,44.3098764684842
2475,0.15150994598893683,0.15150981862339205,0.15151013355054305,0.15151005380816213,0.15150998108041494,0.15151005097710854,0.1515125496980453,0.15150994574301954,0.15151213091845375,0.15151089904458992,0.15151010770029807,0.151522006635355,0.15152145009121254,145.17465730415307,0.16143008338029388
2476,44.299940692150294,44.29994040773696,44.2999408124598,44.29994061352597,44.29994066302061,44.29994064309478,44.2999432824665,44.29994055203745,44.29994371616224,44.29994187356229,44.29994070908938,44.29995405674631,44.29995337994521,145.17465842540867,44.309860719978566
2477,157.53327315109775,157.533270805116,157.53327199036804,157.53327153353158,157.53327240062893,157.5332716117949,157.53327561456655,157.53327183335367,157.5332794171207,157.53327529244203,157.53327162708752,157.53329840392286,157.5332975145036,157.5348036262644,157.54319169802164
2478,44.30001203677934,44.30001198311132,44.30001230817046,44.300011876275086,44.30001198781169,44.30001195504392,44.3000146963779,44.30001191125962,44.30001975255865,44.30001556248275,44.30001195338614,44.30003007660349,44.300029454469524,157.53480375003494,44.30993203095877
2479,44.29994966152126,44.29994917980371,44.299949899047455,44.29994957322355,44.299949628652485,44.299949607870246,44.29995171763387,44.299949620182296,44.299956046830154,44.2999525210376,44.29994960370175,44.2999597734651,44.29995933776664,157.53480348003632,44.30986968345218
2480,44.29995535756249,44.299954918888595,44.29995559144752,44.299955245731354,44.2999553220152,44.29995529738872,44.29995739745025,44.299955307288265,44.29996218427485,44.29995843959733,44.29995529547509,44.29996504641394,44.29996462315108,157.53480327803274,44.30987537397602
2481,44.29998714600623,44.29998708289269,44.29998738591436,44.29998698858608,44.29998710073641,44.29998706774535,44.29998963075749,44.29998701546334,44.29999511904165,44.299990810194515,44.29998707637066,44.300002220192624,44.300001716850055,157.53480231129478,44.30990714474756
2482,44.29997594283438,44.299975863587484,44.299976016020366,44.2999758367507,44.29997591930018,44.29997590107741,44.29997843159046,44.29997577609743,44.29998106294485,44.29997794499453,44.29997596151199,44.29999390819635,44.2999935901926,145.17465327643322,44.30989597851411
2483,44.299925341883345,44.299925901954374,44.299925473732735,44.29992521077484,44.29992531481849,44.29992528963778,44.29992845659087,44.29992521782344,44.299928861218795,44.29992648271885,44.29992536493301,44.29994038173311,44.29994034333467,0.01912801889957753,44.30984536583324
2484,44.29994282866264,44.29994331686135,44.299942988572305,44.299942773714925,44.299942803437915,44.299942786113355,44.29994544425395,44.29994269201544,44.29994806815819,44.29994511136383,44.299942836226386,44.299961881712704,44.29996127723934,145.17465440558993,44.30986286304047
2485,44.300266295396796,44.30026594407806,44.30026662995238,44.300266128099395,44.30026623912264,44.300266199859344,44.30026942969905,44.30026609935359,44.300276396300454,44.30027114073837,44.300266204268446,44.30029543905477,44.300294632627065,157.5348037901366,44.310186278093035
2486,44.29999879076911,44.29999870459113,44.29999909078415,44.29999862547487,44.299998738961456,44.299998702328146,44.300001464147094,44.299998635757184,44.30000778879036,44.30000302594819,44.29999870211179,44.30001716274341,44.300016573794615,157.53480394342498,44.30991877992458
2487,44.299955028231864,44.29995461638469,44.2999552824638,44.29995492260276,44.29995499083271,44.29995496540983,44.2999570619397,44.29995494806173,44.29996164958592,44.29995806757583,44.29995496381849,44.29996492412471,44.29996449234099,157.53480375710586,44.30987504240497
2488,44.299949858530255,44.29994938046794,44.29995011463564,44.29994979693512,44.299949826506456,44.299949805554036,44.29995188345114,44.299949770142746,44.29995612396328,44.29995263594154,44.29994980456225,44.29995939967683,44.299958976104115,157.53480364463957,44.30986988256212
2489,44.299977174093954,44.29997675254557,44.299977445302176,44.29997702115725,44.29997712618896,44.29997709195948,44.299979681410186,44.29997703100661,44.29998494778295,44.29998073714369,44.29997710465751,44.29999201295374,44.29999152889568,157.53480295888212,44.3098971692446
2490,44.299961606523404,44.29996218948511,44.299961702879436,44.29996150114956,44.29996158041146,44.29996156040741,44.29996406075073,44.29996143336782,44.299966537925236,44.29996375686465,44.29996162015798,44.299977090831476,44.299976805035186,145.1746583481723,44.309881637899394
2491,44.299942418728996,44.29994297120037,44.29994252082279,44.29994234117246,44.29994240018476,44.299942386099495,44.2999449312745,44.299942285881706,44.29994544321076,44.299943810915956,44.29994247213293,44.299956713753666,44.299956477992055,145.1746580678505,44.30986246362096
2492,44.29995616080304,44.29995631511022,44.29995638078099,44.29995606578213,44.29995613426559,44.299956118969284,44.29995890342888,44.299956046911035,44.299961870964616,44.29995881188311,44.299956189563666,44.29997236176302,44.29997190874685,145.17465928625637,44.309876195037866
2493,157.53328914396505,157.5332850693865,157.53328794353905,157.53328747146082,157.533288363086,157.53328754229977,157.53329161944237,157.53328776925642,157.53329703802,157.53329226695178,157.5332875565659,157.53331450277605,157.5333137332029,157.5348037256759,157.54320762855937
2494,44.30005802554712,44.30005805513596,44.300058326919896,44.30005787341722,44.30005797615948,44.30005794287948,44.300060689872254,44.30005788062969,44.300066983954075,44.30006226051816,44.30005794076745,44.30007611943512,44.30007552899687,157.53480384234362,44.30997801926686
2495,44.2999557540435,44.299955493826445,44.299956007583994,44.299955644595364,44.29995571943846,44.29995569607902,44.299957710217534,44.29995570940213,44.29996219662794,44.29995869301029,44.29995569303858,44.29996618285264,44.29996566353774,157.53480351798922,44.3098757720299
2496,44.29995756181344,44.29995738482868,44.29995780405141,44.29995744549711,44.29995752778323,44.29995750356738,44.2999595121483,44.29995751837277,44.29996352120097,44.29996029195323,44.29995750199338,44.299968512233384,44.29996788171862,157.53480331020234,44.309877580301844
2497,44.29998199231371,44.29998222253972,44.299982256928196,44.299981839020326,44.2999819479032,44.29998191555711,44.29998439540348,44.29998187872419,44.299988072882826,44.29998485041933,44.29998192474448,44.299997465869545,44.299996766579135,157.5348027444367,44.309901993260326
2498,44.29995929282011,44.299959607060394,44.299959425753,44.29995917183587,44.29995926395512,44.299959239785544,44.29996175554914,44.299959139755124,44.29996085971401,44.29995986761791,44.29995929950375,44.29997182841591,44.299970921438806,0.019227314475775203,44.30987931942826
2499,0.15149697883447286,0.1514968244132854,0.15149719306247608,0.15149710927883597,0.15149702209368407,0.15149709655119772,0.1514993307796549,0.15149697579630564,0.15149798448723675,0.1514973123871632,0.15149714956209998,0.15150858945341275,0.1515078166812958,0.019127157525938954,0.1614171371562373
2500,44.29994251585586,44.299942431078385,44.29994273820886,44.29994245941186,44.29994249028533,44.299942471884926,44.29994498694547,44.299942389633514,44.29994597800604,44.29994386085,44.29994253494744,44.29995466131631,44.29995393017671,0.019227186823588104,44.309862549685874
2501,157.53282903330134,157.5328294685597,157.53282908819915,157.53282860397388,157.5328288527647,157.5328286720866,157.53283213131493,157.53282859942613,157.53283682771507,157.53283248646275,157.53282868769932,157.53285893261702,157.53285816958547,157.53480260634782,157.54274875758756
2502,44.30000763792099,44.30000778647172,44.30000792961497,44.300007481503066,44.3000075883214,44.30000755440971,44.30001022310251,44.30000749467788,44.300014179861876,44.30001074528396,44.30000755376017,44.30002451185126,44.3000239435439,157.5348030017237,44.30992763055073
2503,44.299946633071755,44.29994616624682,44.299946915429935,44.29994666048636,44.299946609871945,44.29994659816909,44.299948633049034,44.299946524615784,44.29995158373359,44.29994890978056,44.299946596664576,44.29995580769546,44.29995539408463,157.53480223531866,44.30986667462458
2504,44.29995915124411,44.29995912153592,44.29995937287983,44.29995902892406,44.29995911582579,44.2999590895675,44.29996108897464,44.29995910078734,44.29996498560891,44.29996191318667,44.29995908924076,44.29996939029155,44.29996881605936,157.5348021136042,44.309879166891925
2505,44.29998910212888,44.29998930686628,44.2999893379771,44.29998894902397,44.299989057130034,44.29998902361529,44.29999152614325,44.29998897027598,44.29999617326853,44.299992434388564,44.29998903691145,44.30000590223906,44.30000514443298,157.5348017107898,44.30990910246939
2506,44.299972640262034,44.29997310054757,44.29997270874361,44.29997251827833,44.29997261381976,44.299972591895965,44.29997516373905,44.2999724712827,44.29997438792338,44.29997328833488,44.299972665979304,44.29998578708992,44.29998525826517,145.17465653126524,44.30989267262035
2507,0.15150371101794016,0.15150315087701766,0.15150384887758628,0.15150384028876812,0.15150375335223532,0.15150382635685414,0.15150614244392638,0.15150374331600644,0.15150554265562646,0.15150443712033132,0.15150388070711532,0.1515134842229224,0.15151296939641104,0.019131335439075147,0.16142386462248018
2508,0.15295611744775237,0.152955634711911,0.15295628228769426,0.15295612526560956,0.15295609689009376,0.15295609068007335,0.15295869298106562,0.1529560209735119,0.15295973247903044,0.1529576684257038,0.15295614186713327,0.15297020357404914,0.1529694403156868,145.17465610581615,0.16287616131132204
2509,157.53274799647895,157.53274783589993,157.53274832900362,157.53274783102776,157.53274794406627,157.5327478978194,157.5327512542534,157.53274781837027,157.53275463503564,157.5327510504243,157.53274791658725,157.53278009750375,157.53277919480453,157.53480271312745,157.5426679833529
2510,44.29997724155627,44.29997729125605,44.29997753294782,44.299977086037806,44.299977192760736,44.29997715472866,44.299979818752,44.299977102577564,44.299981767331104,44.29997943484144,44.29997716148676,44.299993933657795,44.29999334179639,157.53480292359836,44.30989723483981
2511,0.15189681595867643,0.15189628139225794,0.15189710071493862,0.15189682832067955,0.1518968028159303,0.15189680711518802,0.15189887033943703,0.15189671131132443,0.151901783125758,0.15189908793777476,0.15189678480517146,0.15190653740802224,0.15190609624396836,157.5348027499042,0.16181683484723605
2512,0.15370435659591716,0.15370387172253505,0.15370460158322266,0.15370434500269844,0.15370433221441535,0.15370432465553702,0.15370636877712987,0.15370424807550767,0.15370988054395557,0.15370685519832353,0.15370431505863244,0.1537136548745566,0.15371322002767596,157.5348026167315,0.16362438468939822
2513,44.2999561818905,44.29995628691677,44.299956416823896,44.29995604709551,44.29995613460124,44.29995609916142,44.29995868263101,44.29995601704132,44.299962098128645,44.29995892628091,44.29995611380594,44.29997101373854,44.29997044959028,157.53480223907113,44.30987617801991
2514,44.299953594625094,44.29995397653715,44.299953724792026,44.29995353995499,44.29995357314527,44.299953555297975,44.29995606569667,44.2999534030921,44.29995382572798,44.29995353406087,44.29995361998209,44.29996846633882,44.299967819177276,145.17465339503923,44.30987363391458
2515,44.29990327918325,44.29990322337995,44.29990333677636,44.29990318774881,44.29990325414115,44.29990323207221,44.29990561002169,44.29990314909472,44.299903455824015,44.29990311151826,44.299903318105294,44.29991527623033,44.299914567674016,145.17457759679556,44.30982330877918
2516,44.29992731074754,44.29992720430085,44.299927466750624,44.29992719523542,44.299927274587304,44.299927245603136,44.29992978873239,44.29992719798958,44.29992981507263,44.29992827974343,44.29992730546231,44.2999412431617,44.29994057722238,145.17465189160518,44.30984732247035
2517,157.515660299182,157.51566029872563,157.515660641698,157.51566014739876,157.51566025335475,157.51566021664146,157.51566340583724,157.51566012691495,157.51566786773847,157.51566376212844,157.5156602350077,157.51568798343843,157.51568722218232,157.53479903474724,157.52558030080777
2518,44.299978550662736,44.29997847972231,44.299978859913814,44.299978396991776,44.29997850229693,44.29997846889436,44.299981221872436,44.299978442526225,44.299984675794256,44.299981427446134,44.29997847311963,44.299997003731214,44.29999639784921,157.5347992986174,44.30989854548875
2519,44.29994641246363,44.299946241784774,44.29994668756479,44.29994644055525,44.299946391764394,44.299946381551166,44.29994845828489,44.299946333809544,44.29995131756241,44.29994874787038,44.29994638245315,44.29995606304349,44.299955618008404,157.5347990868637,44.309866458230665
2520,44.299949631726065,44.29994958288705,44.29994987767424,44.299949621628826,44.2999496077476,44.299949593460674,44.29995164849044,44.29994955701196,44.2999548940813,44.299952135342835,44.299949594136116,44.2999591081608,44.2999586379633,157.53479886872216,44.30986967093629
2521,44.299981512854366,44.29998178850284,44.2999817394682,44.299981352587274,44.29998146830951,44.29998143330067,44.29998401779716,44.29998140292378,44.29998610854843,44.29998371251482,44.29998145057712,44.29999990609985,44.299998911978264,157.53479782049502,44.309901512182726
2522,44.29995721482141,44.29995749790816,44.29995724518917,44.29995714333663,44.29995719430625,44.29995717485624,44.29995946809871,44.29995701981491,44.29995656426669,44.29995684276494,44.299957252851776,44.29997017613181,44.29996918553784,0.019125125009402333,44.30987725518881
2523,0.15148124171073593,0.15148083718922634,0.1514814545244866,0.15148139302010952,0.15148129280600306,0.1514813749454198,0.1514836045488351,0.1514812110048302,0.1514806759567946,0.15148093805340454,0.15148143445120404,0.15149219587712348,0.15149132269673968,0.019123726718711116,0.16140140852289778
2524,0.15150106703659502,0.1515005002029192,0.1515013330545094,0.15150118191016101,0.15150109832413522,0.15150116358838736,0.15150367493836256,0.15150104684986096,0.15150313928769657,0.1515019636014574,0.15150119168794388,0.15151645704847094,0.15151575376394985,0.019125578737639124,0.161421200445684
2525,44.299983025367204,44.29998275822236,44.299983319442,44.29998284442667,44.29998296375626,44.299982916967956,44.29998617978206,44.29998281199109,44.299989654378756,44.299986123582975,44.29998293103748,44.30001117071057,44.300010346044026,157.5347386085848,44.30990299736906
2526,44.299982418348925,44.29998247201522,44.299982688424166,44.29998225733845,44.29998236824434,44.29998233061168,44.299985088592045,44.2999822881485,44.29998701861709,44.299984665415344,44.29998233618988,44.30000116728249,44.300000475663666,157.53473904425337,44.309902409771574
2527,44.29995052674223,44.29995028854392,44.29995077048654,44.29995049890872,44.299950500396754,44.299950483466226,44.299952586703064,44.299950464969804,44.299954862528786,44.29995261920325,44.29995048436556,44.29996219866171,44.299961508543305,157.53473888392824,44.30987056135793
2528,44.299953132320695,44.29995312287073,44.299953374507915,44.2999530862238,44.29995310583914,44.299953088156116,44.29995515416016,44.29995307508697,44.299958791763196,44.2999557934373,44.29995308834008,44.29996461976007,44.29996393622108,157.53473869544817,44.309873165631224
2529,44.2999802602909,44.29998057347592,44.29998048668809,44.29998010113089,44.2999802168298,44.299980184154286,44.29998275367772,44.29998016783844,44.29998607390106,44.299983010572454,44.29998019794862,44.299998772337155,44.29999789933465,157.53473764283322,44.30990026155351
2530,44.29994535593263,44.29994580279479,44.29994541261902,44.29994528583845,44.29994533786223,44.299945323013894,44.299947660230195,44.29994522232341,44.299945110161566,44.29994518143376,44.29994539363367,44.299957784434525,44.29995716688711,0.019128112883094472,44.309865400532765
2531,44.29985790171082,44.29985823675046,44.29985793647747,44.29985786178122,44.29985788718533,44.299857875605376,44.29986017840816,44.29985778145917,44.299856819493534,44.29985736318455,44.29985796850483,44.29986801853676,44.29986728204813,0.019125037487115682,44.30977795070812
2532,44.299938977067406,44.29993934226018,44.29993908717993,44.29993889236695,44.29993894955333,44.29993892971802,44.29994149008332,44.29993887797307,44.29994063291175,44.299939695836144,44.299938992123664,44.299951543864445,44.299950884391734,0.01912849534350689,44.309859005478906
2533,157.53268991538678,157.53268980415785,157.53269022228025,157.53268976621368,157.5326898719379,157.53268983328863,157.53269302574736,157.53268975912627,157.53269572495896,157.53269250338505,157.5326898521477,157.53271750908377,157.53271664166238,157.53476883522544,157.54260991892565
2534,44.29998504450302,44.29998505047663,44.29998534045111,44.29998488919008,44.29998499687496,44.29998496414067,44.299987710593236,44.29998494471679,44.299988417289576,44.29998663983478,44.299984965834426,44.300007317850515,44.30000643559686,157.53476922860818,44.30990503985979
2535,44.299949308078624,44.299949164368904,44.29994957786906,44.299949331538876,44.299949288369525,44.29994927974454,44.299951361673806,44.299949236058666,44.29995244121017,44.29995088419299,44.299949277367354,44.29996132704206,44.29996062113434,157.53476907495835,44.309869355433285
2536,44.29994829651011,44.29994821560944,44.299948549513374,44.29994831388472,44.299948276140974,44.29994826656824,44.29995031972158,44.29994822681402,44.29995280820848,44.299950477184716,44.299948262974674,44.29995936446735,44.299958704582565,157.53476888732078,44.30986834268722
2537,44.29997883141661,44.299979007196974,44.29997905709168,44.299978671898195,44.299978788994025,44.299978758053776,44.29998130340052,44.299978751129665,44.29998429157546,44.2999814166751,44.299978769176214,44.29999686951077,44.29999596413685,157.5347678827155,44.30989883457789
2538,44.29993929239273,44.29993891730579,44.29993934835767,44.29993909670994,44.29993925843979,44.29993922855553,44.29994159949078,44.29993921567043,44.29993954733428,44.29993939202482,44.29993929936856,44.29995249975261,44.299951673825554,0.019128050833828656,44.309859304976186
2539,44.299856736546396,44.29985660564455,44.299856805565874,44.29985669341329,44.299856723250535,44.29985671272928,44.2998589978855,44.29985663026264,44.29985617648038,44.299856445904304,44.299856801137345,44.29986825113837,44.29986757963082,0.019124817177452662,44.30977678667185
2540,44.299952496535695,44.299952781918705,44.29995264374966,44.29995236225795,44.29995247057158,44.29995245078644,44.299954969281934,44.29995240688718,44.29995456403609,44.29995336988596,44.29995251600538,44.29996713870077,44.29996637901021,0.019128920269153582,44.309872526698065
2541,157.53297741097882,157.53298024400485,157.53297654935673,157.5329760702558,157.53297678907117,157.53297614085315,157.53297998024564,157.5329763048131,157.53298279454003,157.53297930975992,157.53297615871526,157.5330097378325,157.53300829945363,0.031350221720440906,157.5428962257141
2542,44.299987035004825,44.29998705337487,44.29998734976707,44.29998687384077,44.29998698730133,44.299986954496006,44.29998970886371,44.299986940504674,44.29999196270031,44.2999893541675,44.299986955397536,44.300011478595046,44.30001041848666,0.0313506543690053,44.30990703023514
2543,44.29994988880883,44.29994977243413,44.29995017877393,44.29994991358286,44.29994986921443,44.2999498610529,44.29995194449307,44.299949814044766,44.29995331769021,44.29995156543132,44.29994985839039,44.29996198644077,44.29996126122708,0.03135049314632645,44.30986993676073
2544,44.29995244299338,44.299952434935626,44.29995269872344,44.29995242179271,44.29995241878836,44.29995240526733,44.29995446668341,44.29995237899743,44.29995661226988,44.29995445616985,44.29995240259523,44.2999641186051,44.29996338567315,0.03135029400593653,44.30987248160189
2545,44.299980203920285,44.29998049332031,44.2999804231456,44.29998004243797,44.29998016065789,44.29998012835285,44.299982691975465,44.299980114945065,44.29998598008272,44.29998291169184,44.299980140417766,44.299998181585124,44.29999730638118,0.0313490452417852,44.30990020485203
2546,44.29994562170518,44.29994582208013,44.29994562967448,44.29994552837806,44.29994560103145,44.29994558306998,44.29994796893382,44.29994549271874,44.29994598167017,44.29994567816495,44.29994564208773,44.29995848531629,44.2999578647806,0.01912468353286399,44.30986565929052
2547,44.29990137790319,44.29990135117641,44.2999014007383,44.299901296162254,44.299901360297866,44.2999013423057,44.29990363197706,44.29990126016016,44.2999010315894,44.299901084311614,44.299901430545496,44.299911672487326,44.29991111974301,0.019123341922086805,44.30982141752713
2548,44.29995512558247,44.29995504832265,44.2999552632177,44.29995505487741,44.29995510578116,44.29995509210995,44.29995745889616,44.299954995140986,44.29995599993711,44.29995546301731,44.29995515790734,44.29996809038533,44.29996742958567,0.019125113885593004,44.309875167635646
2549,157.5330052193843,157.53301204195597,157.53300284270057,157.5330023983764,157.53300387970788,157.53300247094566,157.53300720379897,157.53300291370815,157.53300670503015,157.53300467267147,157.53300249168404,157.53303160247103,157.5330305694748,0.031049985410888135,157.54292255654556
2550,44.29998316795911,44.2999831531375,44.29998344737356,44.29998300531273,44.299983119274685,44.299983086019644,44.2999858451669,44.29998306102237,44.29998690013755,44.299984978088396,44.29998308961186,44.30000192487717,44.300001338157664,0.03105041463832171,44.30990316162541
2551,44.29994858434129,44.29994842243479,44.29994883569481,44.2999486190973,44.29994856633842,44.29994855893747,44.299950587619975,44.2999485162548,44.29995308683892,44.299950727103216,44.29994855926051,44.299960109014286,44.29995941142575,0.031050231722661404,44.30986863462574
2552,44.29995279055152,44.299952685052396,44.299953033029276,44.299952765902624,44.29995276670592,44.29995275295679,44.299954764514574,44.299952736744835,44.299958799484294,44.29995562304621,44.29995275262621,44.299963903564084,44.29996321814181,0.031050028222308578,44.30987282982994
2553,44.29998130539622,44.29998172521325,44.29998152096753,44.29998114495294,44.299981262585675,44.2999812300262,44.29998369787569,44.29998121446383,44.299988364974716,44.299984605732085,44.299981242142884,44.299998038190466,44.29999714354023,0.03104888324776925,44.30990130718916
2554,44.299957618742916,44.29995786168473,44.299957661116736,44.29995753741324,44.29995759730127,44.299957578507104,44.29995985408957,44.29995746828876,44.299958517968385,44.29995784756637,44.29995763675125,44.29996982988439,44.2999688391362,0.019125447157489893,44.30987765558722
2555,44.299819804728095,44.29982004673344,44.29981984522698,44.299819770717555,44.299819789755496,44.29981977620931,44.29982201105917,44.29981969683718,44.299820052353816,44.29981977130788,44.299819858538406,44.29982929327263,44.29982867591852,0.019123531137344416,44.30973985142206
2556,44.29994170428319,44.29994187201115,44.299941848160245,44.29994164906372,44.29994168160735,44.29994166520256,44.299944054395404,44.2999415927488,44.299944521291344,44.29994279265065,44.29994172229531,44.29995361454639,44.29995302327452,0.0191254372628733,44.309861741436215
2557,157.53325590905226,157.53325571139152,157.53325482473255,157.53325436162473,157.5332551864353,157.53325442784202,157.53325858591143,157.53325462998674,157.5332636351568,157.53325883913084,157.5332544484211,157.5332874281563,157.53328656936432,157.53480294727441,157.5431745139118
2558,44.30004164431093,44.30004179778231,44.30004193936821,44.300041511542055,44.30004160052906,44.30004157110352,44.300044220611255,44.300041517877226,44.30004816427828,44.300044704385726,44.30004157678866,44.300062595480576,44.30006175920321,157.5348033112686,44.309961647455104
2559,44.29995280006566,44.29995264088891,44.29995308020971,44.29995279295065,44.299952777572116,44.299952766236174,44.299954803281246,44.29995272293073,44.29995736552774,44.29995497842611,44.29995276865279,44.29996237303563,44.29996194845987,157.5348031630385,44.30987284231654
2560,44.29995069920087,44.2999505958038,44.2999509679784,44.299950715674875,44.29995067832874,44.299950668673326,44.29995266773011,44.29995061107425,44.29995577073811,44.29995306613635,44.29995067057104,44.2999595647101,44.29995915747087,157.53480307932207,44.3098707451698
2561,44.29997850898355,44.29997883074861,44.299978753094926,44.29997835675146,44.299978465546616,44.29997843444091,44.29998092402977,44.299978411025414,44.29998560425929,44.299981866533784,44.299978445544326,44.29999179851841,44.29999130193635,157.53480288529238,44.30989851129865
2562,44.29995365383733,44.299954012831385,44.29995379932714,44.2999536098985,44.299953635636534,44.2999536232164,44.29995607301536,44.29995349877132,44.29995536951009,44.299954303020996,44.29995368609892,44.29996412504273,44.2999637462388,145.17465908834274,44.309873700661875
2563,44.299914722722825,44.29991500374411,44.29991486001246,44.299914611849964,44.29991469804677,44.299914676138336,44.2999169557456,44.29991462013405,44.299914915519444,44.29991469584555,44.29991476774182,44.29992415939389,44.299923636307454,145.1746564138638,44.30983475332309
2564,44.29995618354972,44.29995598513577,44.299956360322476,44.29995608007139,44.29995615993479,44.29995614377312,44.29995865269404,44.29995608416178,44.29995970767595,44.299957730567236,44.29995620569604,44.29996844984321,44.29996781962421,145.17465736921008,44.30987622103921
2565,157.53373027414128,157.53372286792012,157.5337297921948,157.5337293441913,157.53372985567339,157.53372940980242,157.53373322421683,157.53372951441864,157.53373674447076,157.53373290913777,157.53372943093967,157.53376995835518,157.5337685177373,157.534802818821,157.54364949629644
2566,44.30007559546252,44.30007573051773,44.300075876292716,44.30007546033891,44.30007555053657,44.300075520552745,44.30007816606801,44.3000754617489,44.3000817592125,44.3000784892235,44.30007552451459,44.30009484090909,44.30009407606611,157.53480293174394,44.30999559685957
2567,44.29995747060743,44.29995713250682,44.29995774599428,44.29995736777999,44.2999574354078,44.29995741234129,44.29995954851253,44.299957421541365,44.29996278424991,44.29995994462289,44.29995741261299,44.29996778997354,44.299967361707786,157.5348026964802,44.30987748828554
2568,44.29995406035118,44.29995376100296,44.29995433648281,44.2999540156519,44.29995403169375,44.29995401476165,44.29995610473591,44.299953988628225,44.29995940701835,44.29995656516582,44.29995401428346,44.29996369526018,44.299963273214125,157.53480245190923,44.309874091096226
2569,44.29998363122098,44.299983592295376,44.29998389302597,44.29998347780921,44.299983586330995,44.29998355418997,44.299986159096655,44.299983516271965,44.29999011809708,44.29998676666017,44.29998356695321,44.29999964467121,44.299999035165456,157.53480134950257,44.30990363100634
2570,44.29995976090185,44.29996030515387,44.29995980103084,44.29995965436054,44.299959739591486,44.29995972259946,44.29996231668661,44.29995962057723,44.29996232500841,44.299961018097974,44.29995979613033,44.29997170962816,44.29997137849174,0.019153606092719527,44.30987979994217
2571,44.29989500498146,44.299894638178976,44.299895040680404,44.29989492946576,44.299894979899534,44.299894960031615,44.29989747269124,44.29989485814175,44.29989575592838,44.29989525819109,44.29989504252316,44.29990530939104,44.29990481962374,0.01912568444595557,44.30981503613098
2572,44.29994259845719,44.299942205798345,44.29994270106412,44.2999425579497,44.29994257310116,44.29994255743668,44.29994508956954,44.29994243994705,44.29994527992745,44.299943648261824,44.29994261775628,44.299956120544984,44.29995545653492,0.019155026692072887,44.309862633302174
2573,157.5330639860358,157.53307133836321,157.53306033768905,157.5330598942467,157.5330620251846,157.5330599614529,157.53306550068064,157.53306064335587,157.53306710545047,157.53306377502315,157.53305998063607,157.53308753611302,157.53308679435844,157.53479864138959,157.54298004733639
2574,44.29999145182714,44.299991396073516,44.29999172011196,44.29999129342922,44.299991401713896,44.299991367645596,44.29999413317446,44.29999132405617,44.2999986188244,44.299994885939014,44.299991368117816,44.30001009011801,44.30000949831298,157.534799083642,44.309911443364136
2575,44.29995792396206,44.299957725065745,44.299958163989594,44.299957815580996,44.299957888150296,44.299957864127784,44.29995999739115,44.299957872991484,44.299964329227286,44.299960893316445,44.2999578613776,44.299968105021236,44.2999676577956,157.53479893902025,44.30987794027632
2576,44.29995615884757,44.29995605003535,44.29995640985562,44.299956075607184,44.29995612747879,44.29995610610104,44.29995818192142,44.29995610346353,44.2999626280326,44.29995913569434,44.299956103765545,44.2999667006641,44.29996616569439,157.53479879723344,44.30987618279526
2577,44.29998398988832,44.29998438152214,44.299984251126425,44.299983832372334,44.299983945122285,44.29998391208105,44.2999865144179,44.299983871679366,44.299991481438155,44.29998751476777,44.299983921434695,44.30000292556678,44.30000206228083,157.53479827595902,44.30990398955594
2578,44.299956340158694,44.29995680794945,44.299956407362124,44.299956305765534,44.29995632503056,44.29995631470604,44.29995899758351,44.299956153362615,44.29995776708551,44.299956949480325,44.29995638734204,44.299968938062676,44.29996854609852,145.17464830256014,44.309876393211646
2579,0.1510408773477286,0.15104010966695652,0.15104140719883433,0.15104137305645063,0.15104111327017158,0.15104143608660106,0.15104362568916335,0.15104078323471873,0.15104151250145323,0.1510410991432537,0.15104140512747202,0.15105284583521342,0.15105227869481677,0.019126536107642138,0.16096138424004477
2580,44.29993903365826,44.299938602355546,44.29993922668234,44.29993897666918,44.299939002430186,44.299938980624,44.299941627156066,44.29993888551797,44.299942140829465,44.29994029272769,44.299939043043224,44.29995398892498,44.29995310853468,145.17465065998738,44.30985905807253
2581,157.5332666661221,157.53326508949726,157.53326567644856,157.53326520860261,157.53326598818697,157.5332652763913,157.53326921923517,157.53326546660122,157.53327195497872,157.53326854254402,157.53326529216199,157.5332942106605,157.53329324050335,157.53479923595089,157.5431853625328
2582,44.30004262324085,44.30004275510817,44.30004290314567,44.30004248008799,44.300042575809734,44.300042544004306,44.30004527748151,44.300042491501294,44.3000482458506,44.30004534187964,44.30004254227677,44.300063615280976,44.30006282023001,157.5347994993531,44.30996262022256
2583,44.299952838890846,44.29995243355723,44.29995310386119,44.299952796621206,44.29995280963134,44.29995279277105,44.29995491883906,44.29995277499623,44.299957792665936,44.29995524624061,44.299952789119004,44.299962987785,44.29996253191177,157.53479931040206,44.3098728683489
2584,44.299955787390275,44.29995560520755,44.29995603012397,44.29995572604804,44.29995575813502,44.29995573955639,44.29995781636942,44.2999557281449,44.299961647549765,44.299958543285875,44.299955737011636,44.299966626760146,44.299966041404254,157.53479910898002,44.309875815658984
2585,44.29998250943644,44.29998285780238,44.29998275570037,44.2999823528232,44.29998246406643,44.299982431839936,44.299985029544445,44.29998240155263,44.29998986495094,44.2999859968894,44.29998244056139,44.299999495715305,44.29999872922443,157.53479836401308,44.30990250854787
2586,44.299950581822365,44.29995095212496,44.299950665094066,44.29995058043295,44.29995056733381,44.299950561839665,44.299953287556825,44.29995040303254,44.29995156447087,44.299950847718826,44.299950633885466,44.299962891652704,44.29996214937278,0.019139647172064494,44.309870639022286
2587,44.299861474395804,44.299861536101496,44.29986149374697,44.299861420875864,44.299861452190136,44.299861440306074,44.29986408834389,44.299861336442575,44.299860838091085,44.299861111139556,44.29986153775019,44.29987123521936,44.29987051376475,0.019135400853792433,44.30978151637601
2588,44.29994999957369,44.29994989826358,44.299950174043765,44.2999499547436,44.29994997679511,44.29994996573805,44.29995265588536,44.2999498539556,44.29995286268508,44.299951192182625,44.299950029885515,44.299962470359816,44.299962022097816,0.019139473006440165,44.30987004189515
2589,157.53321998330938,157.53322428046295,157.5332179631143,157.53321750224634,157.53321880600518,157.5332175700086,157.5332221487791,157.5332179557149,157.5332267907097,157.53322217086563,157.53321758398252,157.5332458304628,157.53324491784932,157.53427618100358,157.5431376557921
2590,44.30003361812345,44.30003360389168,44.300033905885016,44.300033472188744,44.30003357004197,44.3000335378683,44.30003630598827,44.300033493623374,44.30004102117224,44.30003715326535,44.30003353454879,44.300055481986284,44.30005467624136,157.53427722938542,44.30995361401552
2591,44.299956504951076,44.299956345089036,44.29995674928089,44.29995642198187,44.29995647282188,44.29995645188066,44.299958561073616,44.299956451714394,44.299961527341424,44.29995895108831,44.299956448097056,44.299967797700056,44.299967231614005,157.53427656291115,44.309876527724605
2592,44.29995742943202,44.29995726212943,44.29995767118726,44.299957337515984,44.29995739712115,44.299957374722744,44.299959463677034,44.299957381297475,44.299962690888584,44.299959954405175,44.29995737257338,44.299969113016225,44.299968442919784,157.53427636052473,44.309877451526404
2593,44.299982363492354,44.29998276798776,44.29998260424332,44.299982203484944,44.299982318544984,44.29998228500104,44.29998485304574,44.29998225055481,44.29998869542566,44.299985325599096,44.299982299021515,44.30000032373993,44.29999942122376,157.53427506705526,44.309902362596574
2594,44.299948395174425,44.299948925153956,44.299948528348175,44.299948366164834,44.299948380069765,44.29994837029377,44.29995087266866,44.29994821833434,44.29994903363146,44.299948555627594,44.29994844763897,44.29996081002622,44.29996014472379,0.019133407061075088,44.30986844898737
2595,44.2998472935946,44.2998469327981,44.29984731210727,44.29984722363522,44.299847273894095,44.29984725729798,44.29984968018797,44.29984714920055,44.299847266425836,44.29984725583191,44.299847356993546,44.29985702893845,44.299856509351876,0.019124437972041188,44.309767334813834
2596,0.15174134905549583,0.151740844144412,0.15174160044656929,0.1517414237397198,0.15174136303758354,0.15174140653689203,0.15174404667766297,0.15174128220819716,0.1517446504850616,0.15174280126628772,0.15174144516071777,0.15175577797062942,0.15175507585794332,0.019133933111853303,0.16166145242357666
2597,44.29997844152993,44.299978073516854,44.299978756359536,44.29997826555397,44.2999783807019,44.299978336422775,44.29998158495317,44.299978239181435,44.29998725799147,44.299982633599406,44.29997834474213,44.300006749795465,44.30000595020744,157.5347856265882,44.309898415174644
2598,44.29997864939231,44.29997863030042,44.299978949321364,44.299978489337946,44.29997859949327,44.29997856293283,44.299981315901825,44.299978528446125,44.299984836384844,44.29998164118259,44.299978562043826,44.29999767087003,44.29999701458866,157.53478662644116,44.30989864095563
2599,44.299955446392666,44.29995542406072,44.29995570799182,44.29995537809548,44.29995541667669,44.29995539667245,44.29995748656919,44.29995538560354,44.299960305619095,44.29995776294091,44.29995539410755,44.299966877964415,44.29996625069969,157.5347859394707,44.30987547394361
2600,44.29995942608674,44.299959521862206,44.29995967449818,44.29995930593515,44.299959391139105,44.299959365293425,44.29996143925519,44.299959379561365,44.2999646365906,44.29996194005472,44.299959363766895,44.29997120823475,44.29997051954626,157.53478574656725,44.30987944258837
2601,44.299983705623966,44.299984220602575,44.299983963457066,44.299983547279396,44.29998366099571,44.29998362835902,44.299986215051554,44.29998359077957,44.29999007418541,44.299986742117966,44.29998364137549,44.30000243672356,44.30000152497903,157.53478474711423,44.309903705676966
2602,44.29995286072593,44.2999533410555,44.29995294516326,44.29995287298456,44.29995285092039,44.29995284713093,44.299955394579804,44.2999526658516,44.299953209290265,44.299952964391416,44.299952924948634,44.2999651837414,44.29996448390466,0.019130536465514988,44.309872924850644
2603,44.29992352212158,44.29992335442685,44.29992353927904,44.299923337863106,44.29992348980272,44.29992346139793,44.299925897212326,44.29992342441245,44.299923033221546,44.299923239672644,44.29992355577557,44.299933468182225,44.299932896895804,0.019124832292192067,44.30984353901175
2604,44.29995362737687,44.299953848249004,44.29995377203311,44.29995353593292,44.29995360396102,44.299953588070686,44.29995614994186,44.29995350682635,44.29995654532687,44.299954776374996,44.299953651730505,44.29996652490265,44.29996588387022,0.019131151798650936,44.30987366448661
2605,157.53300070908827,157.53300628739348,157.53299876845827,157.53299830325398,157.53299956805373,157.53299837129677,157.53300288555687,157.5329987417723,157.53300482857705,157.53300165670166,157.53299838785844,157.5330301750649,157.53302905555498,157.53480366838633,157.54291845696952
2606,44.299995226629,44.299995419492895,44.29999553126615,44.29999506877178,44.29999517694635,44.29999514279914,44.299997908837746,44.29999510063838,44.29999952677223,44.29999734654504,44.29999514255374,44.300014283632954,44.30001363566509,157.53480407109944,44.30991521905063
2607,44.299944514490925,44.299944421969904,44.29994477112507,44.299944523903484,44.29994448976283,44.29994447526138,44.29994648897073,44.29994443593433,44.299948521435276,44.29994648161294,44.299944471990806,44.29995345113028,44.299953023385235,157.5348038792795,44.30986455200415
2608,0.1573482761727274,0.15734788089653126,0.15734851123145924,0.15734826031787572,0.15734825042302208,0.15734823952187446,0.15735022100462007,0.1573482035934982,0.15735362105263057,0.15735075094862208,0.157348237004529,0.15735690548365436,0.15735648258503757,157.53480383638885,0.1672683230589472
2609,44.29994381902552,44.29994370797626,44.299944060707155,44.29994379430885,44.29994378188052,44.299943756746806,44.299946220522884,44.29994365130665,44.299950445305534,44.29994688175938,44.29994376530499,44.29995675013453,44.29995621636372,157.53480353118908,44.30986383485612
2610,44.299513317054846,44.29951384699896,44.29951340329885,44.299513289290246,44.2995132935555,44.29951327864712,44.29951583859428,44.29951318401831,44.29951558477634,44.299514358808125,44.29951334672611,44.29952495863457,44.29952452116953,145.17465942645396,44.30943335299384
2611,44.29978145466461,44.29978174929368,44.299781544046276,44.299781416745724,44.29978143710817,44.29978142375399,44.299783727483664,44.29978133817847,44.299781028521075,44.299781126024335,44.2997815106363,44.299791160831596,44.29979029369262,145.17465882869914,44.30970150000997
2612,44.29994743568332,44.29994751334306,44.29994764912761,44.2999474469835,44.299947420273014,44.29994741345234,44.29994982132606,44.29994728441923,44.299950348552585,44.299948637059934,44.29994747116451,44.299959615747234,44.299958813057295,145.17465961445228,44.309867490292135
2613,157.53335992940694,157.53335125363523,157.5333596079665,157.53335911652866,157.53335956603146,157.53335918386293,157.53336293102967,157.5333592533283,157.53336711440014,157.53336302299752,157.5333592004028,157.53339383380333,157.5333927492404,157.5348041454013,157.54327926998218
2614,44.299988281059676,44.29998823292772,44.299988591120645,44.2999881227654,44.299988232797766,44.299988199946085,44.299990917395085,44.29998817914506,44.29999340009724,44.299990787570096,44.29998819872319,44.30000738430965,44.30000671416511,157.53480418684055,44.30990827569699
2615,44.29994552346042,44.299945248550024,44.299945772799504,44.29994554189781,44.299945501627235,44.29994549093173,44.29994750704329,44.299945457332775,44.29994892039648,44.29994722713278,44.29994548643041,44.299954743609305,44.29995432649276,157.53480385162518,44.309865566682596
2616,44.299946275175834,44.299945984952835,44.299946521024474,44.29994629597132,44.29994625313835,44.29994624153097,44.29994824701069,44.2999462013068,44.29995120024953,44.299948637051166,44.299946238850545,44.29995528752741,44.29995484045927,157.5348036348188,44.30986631803243
2617,44.299976637835165,44.29997668449403,44.29997686877286,44.29997648973377,44.29997659558282,44.29997656491063,44.299979056190146,44.29997654915394,44.29998364941389,44.299980000824185,44.29997656902565,44.29999018496999,44.2999896772966,157.53480296602785,44.30989664204193
2618,44.29994525140638,44.29994540069604,44.29994529473655,44.299945209727646,44.29994523135141,44.29994521732573,44.299947770091,44.29994509555757,44.299948021975666,44.299946523419855,44.29994528278157,44.299955920542885,44.29995560400477,0.019163176312447596,44.309865295184416
2619,0.15131268267720444,0.1513122192222634,0.15131294055486405,0.15131288705890222,0.15131276885329473,0.1513128919027098,0.15131509521818134,0.15131254548967157,0.1513139579266782,0.15131316208176612,0.1513129323118558,0.1513229350423514,0.1513224752687062,0.019135385051182983,0.16123291481487542
2620,44.29994216924215,44.2999419608162,44.299942279962714,44.29994213381886,44.29994214757562,44.29994213276567,44.29994460629482,44.29994203517674,44.299945058327495,44.29994326152319,44.299942193820584,44.299954423756496,44.29995372737415,0.019163077341588078,44.309862209569665
2621,157.5332630387508,157.5332597700932,157.53326253147193,157.53326206630018,157.53326259948415,157.53326213944985,157.53326596472476,157.53326223496904,157.53327038375713,157.53326606868006,157.5332621541079,157.53329771637505,157.53329666112458,157.53479719565883,157.5431822254707
2622,44.299987628446615,44.29998757772483,44.299987905035096,44.29998745882213,44.299987579596916,44.2999875461547,44.29999025112886,44.29998752709244,44.299995556026516,44.299991432252206,44.29998754328108,44.30000749000144,44.300006770167904,157.53479744594395,44.309907622113435
2623,44.299951527596704,44.29995123282876,44.29995179319038,44.29995153668177,44.29995150570057,44.29995149527045,44.29995360393596,44.29995144380812,44.29995814316712,44.29995456349051,44.299951491772276,44.2999614437461,44.29996101520228,157.5347972944309,44.3098715716685
2624,44.29994953756278,44.29994933315592,44.29994980452728,44.29994956181266,44.29994951733235,44.29994950719847,44.29995157280916,44.29994944779251,44.299955580797395,44.299952332702425,44.29994950468941,44.2999592076436,44.299958758954546,157.53479712308317,44.30986958411081
2625,44.29998019003197,44.29998033766852,44.299980434352385,44.2999800276012,44.29998014597717,44.29998011383421,44.29998270964421,44.299980093290664,44.299987426287764,44.29998366033359,44.299980122180784,44.29999806398494,44.29999725513451,157.53479648143988,44.309900191492794
2626,44.29994839392433,44.299948925466424,44.29994846746476,44.29994836533651,44.29994837979813,44.299948370669455,44.299950980857176,44.29994822489641,44.29995066134964,44.29994931549987,44.29994844206718,44.29996019209306,44.29995961171968,0.01913242570334898,44.30986844877697
2627,0.15150365417958844,0.151503644058441,0.1515038065092454,0.15150376903272408,0.15150369732977756,0.1515037719982118,0.15150611243701687,0.15150368537730605,0.15150407485005027,0.1515038659949823,0.15150382281721358,0.15151475496031122,0.15151420642076757,0.01912641156001142,0.16142379790913475
2628,44.29992076679901,44.29992036629747,44.29992090068794,44.29992067178566,44.299920734558924,44.299920709229575,44.29992329585401,44.29992065612842,44.299923282894014,44.29992183085829,44.29992076979165,44.29993413273788,44.29993360970155,0.01913239361978339,44.30984078608745
2629,157.5329509795894,157.53295120549592,157.53295113998507,157.53295067456634,157.53295086660194,157.53295075750574,157.5329540041213,157.53295070350742,157.532959022626,157.53295474423714,157.532950771923,157.5329797242605,157.53297884282432,157.53477800039965,157.54287084184162
2630,44.2999884582433,44.29998841864785,44.29998874527118,44.29998829028818,44.29998841044763,44.29998837721482,44.29999116213451,44.29998835615738,44.29999543996018,44.29999182320841,44.29998837556504,44.30001245822633,44.3000115034942,157.53477843136682,44.309908453606965
2631,44.29994800725518,44.299947758572934,44.299948270157984,44.2999480321271,44.299947988385576,44.299947980286724,44.299950061788984,44.29994793431968,44.29995226945395,44.299950125960294,44.29994797605826,44.29995956006845,44.29995893917003,157.53477827190585,44.3098680564546
2632,44.29994863849197,44.29994846625984,44.29994889829453,44.29994866919177,44.29994862043097,44.299948612410084,44.29995066833982,44.29994855821348,44.299953497490996,44.299951011861616,44.29994860938333,44.29995972321552,44.29995910081541,157.5347780950183,44.309868689146924
2633,44.299979045427335,44.299979345175615,44.29997928334638,44.29997888422631,44.29997900285139,44.299978971552996,44.29998155655886,44.29997895639344,44.299985118102036,44.2999819623748,44.299978982152716,44.29999620532223,44.299995428961104,157.53477722601968,44.30989904898317
2634,44.29994261541384,44.29994302973122,44.29994269662828,44.299942501894016,44.299942587231264,44.299942564536785,44.299945285621725,44.2999424975607,44.299942915485765,44.29994283519608,44.29994263142735,44.299955378869385,44.29995499984175,0.01915354815566697,44.30986264302808
2635,0.15316007902227288,0.15316008817347235,0.1531601908462306,0.15316014420099253,0.153160094821484,0.15316013503631107,0.15316261624294578,0.15316005947847594,0.15316004244712964,0.1531600993496087,0.15316020487210716,0.1531711632638771,0.15317063916020732,0.019128380898780693,0.16308018332321247
2636,44.299943481034546,44.29994314805062,44.299943643364,44.299943417504544,44.2999434575016,44.29994343983779,44.29994597279805,44.29994335588475,44.299945481808855,44.29994430545767,44.29994350387739,44.299956161573334,44.29995557240469,0.019152975565935496,44.309863517173056
2637,157.5308282346746,157.53082816317684,157.53082852560598,157.5308280612783,157.53082818455024,157.5308281429163,157.53083127313712,157.5308280635439,157.53083532751262,157.53083157513785,157.5308281559144,157.5308608896762,157.53085962361294,157.5347864772428,157.54074822523407
2638,44.29998279932472,44.29998269389579,44.299983096372216,44.2999826289518,44.29998275105444,44.29998271722258,44.29998551087659,44.29998270548617,44.29998831477206,44.29998558407822,44.299982715538995,44.30000685262967,44.300005898898796,157.53478697187452,44.30990279371847
2639,44.299946477751526,44.29994616915521,44.29994674738388,44.29994650616408,44.299946457641425,44.29994644861721,44.29994853813642,44.29994640559204,44.29995070696214,44.29994858068292,44.2999464444999,44.29995761978892,44.29995703536121,157.53478682417807,44.30986652477332
2640,44.299951027581194,44.29995089655185,44.299951300390006,44.29995105866126,44.299951009412354,44.299951001914955,44.29995306291084,44.29995094225956,44.299956972545125,44.29995380381223,44.299950999419416,44.29996146498968,44.29996090611595,157.53478667148633,44.30987107837415
2641,44.2999800763348,44.29998040028423,44.299980329596046,44.29997991079339,44.29998003193267,44.29998000031111,44.29998258758934,44.29997998977722,44.29998705492857,44.299983352990125,44.29998000967146,44.299997694180156,44.29999686213964,157.5347859873864,44.309900077091896
2642,44.2999424728279,44.29994274927379,44.29994255362356,44.29994235385818,44.299942445922404,44.29994242603692,44.29994498423767,44.299942369524956,44.29994336315645,44.29994281077679,44.29994249240274,44.29995520494875,44.29995462844368,0.019132253946743272,44.30986250309771
2643,44.29933035918958,44.29933017683729,44.29933041324867,44.29933031420381,44.29933034195245,44.29933032942082,44.29933277402626,44.29933023920341,44.29933038434001,44.2993303197703,44.29933041904351,44.299340817568186,44.299340151552165,0.019126858684642586,44.30925040468446
2644,44.29994538711666,44.29994497922911,44.29994554422252,44.299945387682776,44.29994537243626,44.29994536595172,44.29994788039821,44.29994524007884,44.29994778298745,44.29994636005449,44.299945428773015,44.29995787706983,44.2999572576887,0.01913232351222793,44.30986544159404
2645,157.53296326879715,157.53296394141094,157.5329632626771,157.53296278493335,157.53296306755604,157.53296286404705,157.53296623700615,157.53296285333371,157.53297090157204,157.53296675081003,157.53296287883578,157.5329933130814,157.53299234629364,157.53476348380386,157.54288294943265
2646,44.29998365987365,44.2999836114972,44.29998396071446,44.29998348709774,44.29998361142,44.29998357829559,44.29998636323561,44.29998356904795,44.29998983047341,44.29998671164514,44.299983575175084,44.300006323591106,44.30000548457358,157.53476396270014,44.30990365394871
2647,44.29994551777181,44.29994524159067,44.29994578350212,44.299945543834326,44.29994549693321,44.29994548756603,44.29994757566126,44.299945448123886,44.2999496999395,44.299947616134375,44.29994548222424,44.2999554226268,44.299954951743025,157.53476381574242,44.30986556326423
2648,44.2999483538564,44.29994821565762,44.299948620837256,44.299948392499324,44.299948334328654,44.29994832598857,44.29995039716942,44.299948271862654,44.29995314672653,44.29995062459005,44.29994832299543,44.299958037136804,44.29995750950855,157.53476364872452,44.3098684023004
2649,44.29997957338656,44.2999799307678,44.29997981003953,44.299979408344235,44.29997952975049,44.29997949830949,44.29998207660728,44.29997949472667,44.2999857746675,44.2999824716568,44.29997950837687,44.29999750834882,44.299996596782506,157.53476278140326,44.30989957491311
2650,44.29993699895982,44.29993753519283,44.29993710124765,44.299936797507506,44.299936963026845,44.29993693289717,44.29993952187277,44.29993693531981,44.29993790901417,44.299937369466214,44.29993700590976,44.29995022535754,44.299949486044966,0.019129779640284304,44.309857009755255
2651,44.29963238740322,44.29963255916034,44.29963247523409,44.29963234383286,44.299632373481096,44.299632363051415,44.299634755833175,44.29963228624274,44.29963242192567,44.29963236310912,44.29963245233491,44.29964387491592,44.29964312696816,0.019124936036148347,44.30955243760284
2652,44.2999543355705,44.29995434017264,44.299954481736336,44.29995429551109,44.29995432155547,44.29995431393238,44.29995681863745,44.29995420301277,44.29995718268781,44.299955545284796,44.29995437624544,44.29996942570065,44.29996859055905,0.019129664105881634,44.30987438995774
2653,157.53260167295437,157.5326016193419,157.5326020053113,157.53260150372094,157.53260162682457,157.53260158570663,157.53260473704964,157.53260151635115,157.53260909861964,157.53260519378395,157.5326016006144,157.53263524207088,157.5326339268536,157.53479974765173,157.5425216704921
2654,44.29998410949824,44.2999840716704,44.299984441547544,44.2999839342091,44.29998406183643,44.299984029063175,44.29998681062255,44.299984020876714,44.299990395724166,44.299987214516534,44.29998402718189,44.300008850366176,44.30000780181201,157.53480021761922,44.3099041048278
2655,44.29994813692474,44.29994793127037,44.29994843833459,44.29994817549079,44.29994811967281,44.29994811369365,44.29995019527621,44.299948061218295,44.299953008852015,44.29995044792037,44.2999481075209,44.29996022888793,44.29995954793671,157.5348000805803,44.30986818942089
2656,44.2999496177442,44.29994949506525,44.2999498896132,44.299949655630684,44.29994960013122,44.29994959271928,44.29995165439947,44.29994953537656,44.299954931213556,44.29995214062922,44.29994958886909,44.29996070076803,44.29996007629607,157.5347999676293,44.309869668972844
2657,44.299978275538315,44.299978611080526,44.29997852280042,44.29997811408051,44.29997823215978,44.299978201232996,44.29998078992927,44.299978192951016,44.29998430584865,44.299981175186424,44.299978208190076,44.29999361643414,44.2999930058073,157.53479957360028,44.309898277882574
2658,44.29994422312911,44.29994451369094,44.299944308772034,44.29994416139473,44.299944204389135,44.29994419197555,44.2999468936342,44.299944098607114,44.299944649823054,44.299944300690676,44.29994426450245,44.299957731538804,44.299957279299015,145.17465188912118,44.30986426952217
2659,44.29986607194767,44.29986641626701,44.29986615957236,44.29986602110363,44.299866056639054,44.29986604587859,44.29986851832769,44.29986596648595,44.299866834939984,44.29986639518248,44.29986613063281,44.29987705853111,44.299876389327686,145.17464932444565,44.30978612119868
2660,44.29995323230273,44.29995302150778,44.29995341508106,44.2999531959679,44.29995321667787,44.29995320811076,44.29995571226383,44.29995309706482,44.299956457014304,44.299954704865684,44.29995326215633,44.29996656022683,44.299965908215505,145.17465021036807,44.3098732840642
2661,157.5330551685838,157.5330615686308,157.5330524770655,157.5330519678923,157.53305364823552,157.53305205025399,157.5330570345498,157.53305257164877,157.53305895362982,157.53305570290976,157.5330520653929,157.53308615637852,157.53308491202648,157.53479875235277,157.5429721361289
2662,44.29998270622496,44.2999826911651,44.29998303472983,44.29998253045588,44.29998265836576,44.29998262583021,44.299985396651145,44.2999826191209,44.29998910800924,44.29998587613224,44.29998262294416,44.300005226115616,44.30000427782704,157.53479916391362,44.30990270151739
2663,44.29994230405703,44.299942022530836,44.299942568952964,44.29994227925221,44.299942276752056,44.29994226016141,44.299944284462036,44.29994226612942,44.2999481854526,44.299945057084535,44.29994225480604,44.29995148604913,44.29995104908854,157.53479894319204,44.30986233597665
2664,44.299944090283105,44.29994395019174,44.299944342387505,44.2999441046471,44.299944068225635,44.29994405552484,44.29994605397429,44.299944025149216,44.29995004958324,44.29994686875693,44.299944051878924,44.29995286439455,44.29995244795273,157.53479878431986,44.30986413199682
2665,44.299977812298856,44.299978224106496,44.29997806210704,44.29997765132435,44.29997777090755,44.299977739900974,44.299980205959706,44.29997773316415,44.2999841190911,44.299980800256996,44.29997774616063,44.299993230321974,44.299992504249815,157.53479830220812,44.30989781734953
2666,44.29994322004967,44.29994362629554,44.299943353844895,44.29994310877657,44.2999431960237,44.29994317517974,44.29994552438466,44.29994310407633,44.299943893578934,44.29994333930865,44.29994324244158,44.29995484706533,44.29995417051975,0.019271272904971954,44.30986325338589
2667,21.845028428418132,21.845028911084402,21.845028554143415,21.845028453222657,21.845028421549774,21.845028431694104,21.845030669332534,21.845028382475885,21.845029072390645,21.84502856942841,21.845028511166177,21.845038591051136,21.845038010137383,0.01912586932011256,21.854948497408216
2668,44.29994410124394,44.29994394433091,44.299944236638225,44.29994407795769,44.299944083782805,44.29994407241551,44.299946533386496,44.29994395739008,44.299947389384464,44.29994540026153,44.299944132398565,44.29995574717291,44.299955122929454,0.019270972950840234,44.30986414947888
2669,157.53323465084355,157.53323538740955,157.5332336246389,157.53323313075148,157.53323394474566,157.53323320407526,157.53323735775055,157.5332334051159,157.53324176155303,157.53323746736532,157.53323321968386,157.53326687603,157.5332659252654,157.53480134108153,157.5431532899823
2670,44.29998353537642,44.299983605281284,44.299983843974324,44.29998336996129,44.29998348884632,44.29998345656472,44.29998614993101,44.29998344974811,44.29999049510294,44.29998691571124,44.299983453684945,44.300005610123605,44.30000469716814,157.53480172545912,44.30990353238269
2671,44.29994461204188,44.299944424414925,44.29994487734688,44.299944634354596,44.29994459127756,44.299944580764965,44.29994655828454,44.29994455508315,44.299949452522725,44.299946962178545,44.29994457588446,44.29995479545932,44.299954210403875,157.53480156971347,44.309864656676716
2672,44.299944531992885,44.29994442547271,44.299944781544234,44.299944547809666,44.29994451079366,44.29994449901039,44.29994646153906,44.29994447192237,44.299949274995875,44.299946817104505,44.29994449575267,44.29995369040469,44.29995318024985,157.53480147169776,44.309864575544715
2673,44.2999680500431,44.29996834388638,44.299968282814454,44.29996790262296,44.29996801102902,44.29996798222626,44.29997037010995,44.299967979649914,44.29997336529873,44.29997058578977,44.29996799020214,44.299980424358075,44.2999798456168,157.5348011841676,44.3098880595829
2674,44.29983053631889,44.299830844770064,44.29983064437335,44.29983048084941,44.29983051490893,44.29983049785165,44.29983296659373,44.29983044273178,44.29983050495881,44.29983057565071,44.29983056982574,44.29984148136345,44.29984099577245,145.17465627480883,44.30975057611233
2675,0.1509990960588425,0.15099927924381676,0.15099979976835357,0.1509996880279225,0.15099939447391272,0.15099979484051032,0.1510015934109756,0.1509990529858277,0.1509990843588977,0.1509990067177918,0.15099972577158824,0.1510108422587644,0.15101052239371046,145.17465237829194,0.16091968347541058
2676,44.29984921662058,44.299848861955915,44.29984936602906,44.29984917222387,44.299849193109175,44.2998491759354,44.299851568694514,44.299849125365434,44.29985144321515,44.29985018001719,44.299849235425434,44.29985998873159,44.299859281997094,145.17465561679194,44.30976925216436
2677,157.53277169113326,157.5327717220063,157.53277202665768,157.53277152054588,157.53277164430745,157.53277160292092,157.53277480877833,157.53277153155,157.53277894098565,157.5327751438667,157.53277161636427,157.53280418989834,157.53280306693392,157.53480107493377,157.5426916883372
2678,44.2999759560528,44.299975928545024,44.299976254199805,44.29997579751335,44.29997591422628,44.29997588561664,44.29997843195242,44.29997589473527,44.299980053277864,44.29997805991395,44.29997588189448,44.29999522616418,44.29999435785471,157.5348012268985,44.309895961429014
2679,44.299947405869,44.29994725098779,44.29994770433982,44.29994744160027,44.29994738769421,44.2999473807184,44.29994945534413,44.2999473250485,44.29995098204544,44.29994919478429,44.299947374954904,44.2999586915013,44.29995805208492,157.5348010522462,44.3098674566857
2680,44.299950970020866,44.29995095018999,44.29995125287008,44.29995099186303,44.299950951611116,44.299950943719544,44.299952986129,44.299950890256696,44.299956691226704,44.299953652812555,44.29995093949108,44.29996243186667,44.29996173274437,157.53480083003234,44.30987102006609
2681,44.29997972542364,44.299980124102724,44.29997998196864,44.299979557551005,44.29997968148158,44.299979649715475,44.299982227897395,44.29997964141206,44.299985864236056,44.299982633182424,44.299979659350754,44.299997747100456,44.29999683955492,157.53479982013963,44.309899726478186
2682,44.29994020694707,44.29994073942418,44.299940299112876,44.29994003005553,44.29994017463795,44.299940147930634,44.299942704895415,44.29994012325176,44.29994075577607,44.29994042244375,44.29994022370936,44.29995299748847,44.299952211896276,0.0191283103551196,44.30986022539053
2683,44.29760077087067,44.297601005757635,44.297600846296994,44.29760073996033,44.29760075970674,44.29760075313961,44.29760311454226,44.29760066860178,44.29760041034148,44.29760054292634,44.29760084870997,44.297612503342975,44.2976117274882,0.019124373681663538,44.30752082671463
2684,44.29994912669778,44.29994943236101,44.29994930157884,44.29994912485855,44.2999491151406,44.2999491105694,44.29995159840389,44.299948978154966,44.299951270049824,44.29994988005282,44.29994917606181,44.29996421597366,44.299963309662665,0.01912835071929484,44.30986918688461
2685,157.53253471467102,157.53253466578022,157.53253504468032,157.53253454815442,157.53253467196762,157.5325346341342,157.53253777383577,157.53253456494835,157.53254306139596,157.53253863638932,157.5325346495645,157.5325689410013,157.53256759412875,157.53435771070542,157.54245471885608
2686,44.29998545990912,44.29998546351055,44.29998578611137,44.29998528352516,44.299985412798954,44.29998538036713,44.29998815037042,44.299985367069326,44.29999204767648,44.29998871883898,44.29998537872134,44.30001030442247,44.30000927008501,157.5343582156579,44.30990545615382
2687,44.299949410391825,44.29994919624687,44.29994969733783,44.299949456746226,44.29994939450012,44.299949389935506,44.29995146983001,44.29994932574018,44.29995320632384,44.29995130300271,44.29994938430483,44.29996170908839,44.29996099908632,157.53435806468448,44.30986946558479
2688,44.299953405935334,44.29995331520189,44.299953674171974,44.299953411811906,44.29995338553251,44.29995337599248,44.29995543320905,44.29995332824195,44.299957902916994,44.29995557044137,44.29995337252776,44.29996530690786,44.29996460492302,157.5343578885761,44.30987345214708
2689,44.29998198791941,44.299982102547865,44.29998223925088,44.29998182334163,44.299981942413105,44.29998190988735,44.299984509570415,44.29998188759649,44.299988053822226,44.299984918801535,44.2999819204475,44.300000879910264,44.299999936535336,157.53435688258955,44.309901986457675
2690,44.29994985377518,44.29994970673368,44.29994993256605,44.29994986300493,44.299949845567255,44.29994984320232,44.29995240197622,44.29994968948149,44.29995149892392,44.2999505811078,44.29994991715898,44.29996346812755,44.299962740733555,0.01913294036636201,44.30986992024114
2691,44.29992316128729,44.29992280253803,44.2999231858498,44.29992301285791,44.299923136620286,44.29992311537975,44.299925528004515,44.299923072309745,44.29992492174986,44.29992394869186,44.299923207470435,44.29993413743313,44.2999334457022,0.01913155107203797,44.30984319171347
2692,44.299960610324085,44.29996021156452,44.299960742667764,44.299960451720096,44.2999605800974,44.299960557778036,44.299963108209845,44.29996051247121,44.299964418240926,44.299962190920176,44.29996061322951,44.29997450067236,44.29997379868132,0.019132951568490195,44.309880633512115
2693,157.53235914154482,157.53235889535884,157.5323594360439,157.5323589813055,157.5323590984731,157.5323590600488,157.5323622190788,157.53235899685228,157.5323665430448,157.5323626454261,157.53235907244257,157.53239410063443,157.5323927152448,157.53479002024145,157.5422791451157
2694,44.29999763884491,44.29999763068373,44.29999791772466,44.2999974749593,44.299997590751275,44.299997558652926,44.300000314534564,44.29999753683131,44.30000430941262,44.300000764752276,44.29999755525929,44.300021774682754,44.30002073115079,157.53479050219036,44.30991763421051
2695,44.299956079426266,44.299955827178415,44.29995633224718,44.299956024790845,44.2999560505476,44.29995603359595,44.29995812965986,44.29995601920524,44.299961998194085,44.29995883558259,44.29995602913479,44.29996821070525,44.29996755211831,157.5347903595147,44.30987610940957
2696,44.29995623346172,44.299956046701,44.299956479104026,44.29995618102254,44.299956205358804,44.299956187884696,44.29995825701575,44.2999561702222,44.29996246298965,44.29995913470838,44.29995618488568,44.29996763179847,44.299967001663674,157.53479020045117,44.309876264079854
2697,44.299984847878484,44.29998496877499,44.29998509110388,44.29998469049146,44.2999848023183,44.299984770023165,44.299987381819754,44.29998473699851,44.299992651006505,44.29998853514608,44.29998477841954,44.30000274174045,44.3000019345227,157.53478956496897,44.30990484669814
2698,44.29996211952999,44.29996266683451,44.29996215609264,44.299961993192596,44.299962096838776,44.29996207828489,44.29996463669943,44.29996199939335,44.29996530397333,44.299963663312155,44.29996214060992,44.29997603673772,44.299975694696634,0.01913135266279758,44.309882155826074
2699,44.299934241707895,44.299934820117805,44.29993430923533,44.29993405568467,44.29993421089242,44.29993418112275,44.299936558297446,44.29993415994901,44.29993579803292,44.2999349833208,44.2999342550116,44.29994569419958,44.29994530085013,0.019124569232629656,44.30985425813637
2700,44.299953710796736,44.29995412078802,44.29995386578756,44.299953684896,44.299953695447584,44.29995368733924,44.299956238722096,44.29995357952253,44.29995720033756,44.29995522094675,44.29995374363657,44.299968511406774,44.29996778166842,0.01913138070180984,44.30987376360124
2701,157.53325091861439,157.53325274083292,157.53324934220134,157.53324887077179,157.53324995457095,157.53324894166136,157.53325319735387,157.53324923776648,157.53325710413938,157.53325304007708,157.53324895823837,157.53327639792775,157.53327550900033,157.53475758961017,157.5431690273337
2702,44.300069217707346,44.30006938447076,44.30006951981924,44.30006907451182,44.30006917085162,44.300069139535786,44.30007187178992,44.30006908448877,44.30007670849347,44.300072804749135,44.300069137404655,44.30009038729423,44.30008957259656,157.5347586772153,44.30998921576909
2703,44.299959838964305,44.299959692208546,44.29996010563995,44.29995973992984,44.29995980465525,44.299959782035955,44.29996189172038,44.299959787723814,44.29996583614038,44.299962668703785,44.299959778592104,44.29997246249462,44.29997177487156,157.53475801214992,44.309879857936004
2704,44.299958966988974,44.29995889730893,44.29995922682267,44.29995887612609,44.29995893544547,44.29995891370415,44.29996099030161,44.2999589116213,44.29996489801152,44.29996177705166,44.29995891137843,44.29997120455988,44.29997048374557,157.53475782754157,44.30987899059713
2705,44.299984194370744,44.299984497584866,44.299984460979374,44.299984032300976,44.29998414895896,44.29998411488637,44.299986706576306,44.29998407463108,44.29999071886795,44.29998724779697,44.299984124848805,44.300003043083514,44.30000211583552,157.53475683389016,44.30990419272887
2706,44.29995447260987,44.29995499339026,44.29995462385575,44.29995446962567,44.299954458577254,44.2999544487108,44.299956921716046,44.299954259056335,44.29995541881644,44.29995467927932,44.29995451859807,44.29996614269044,44.299965417630865,0.01913236871081935,44.30987452820034
2707,0.16840883859383968,0.16840917324292615,0.16840899731236067,0.1684088614605175,0.16840882672347166,0.16840882905333135,0.16841121390283356,0.1684087411344596,0.1684090400959017,0.16840887060314372,0.1684089061091026,0.16841950048959117,0.16841892692275587,0.019125097052974584,0.17832889532707122
2708,44.29985896874081,44.29985856699452,44.29985918331621,44.299858906828625,44.29985892959818,44.299858900136115,44.29986156006425,44.29985878411989,44.29986202383882,44.299860188928854,44.299858959835994,44.299872351720914,44.29987176249421,0.019133403726849504,44.309778978989755
2709,44.299982349344496,44.29998216682812,44.299982670994915,44.2999821660187,44.299982284929065,44.29998223933146,44.29998549380924,44.299982116057585,44.299991037596726,44.29998647752961,44.29998224823465,44.30001074944994,44.30000994504857,157.53479598180218,44.309902317422136
2710,44.29998138401725,44.299981392531144,44.29998168157363,44.29998121950819,44.29998133169419,44.299981293997014,44.299984052623934,44.29998124195561,44.29998764903571,44.29998437068348,44.29998129315416,44.30000191461869,44.30000114845567,157.53479703429346,44.309901371591074
2711,44.29995587017123,44.2999558185426,44.29995613386914,44.29995581841305,44.299955841678916,44.29995582297526,44.29995790578028,44.29995579756886,44.29995941749103,44.29995763533188,44.29995582030882,44.299966958043775,44.29996635246744,157.5347963417975,44.309875899774376
2712,44.29995739176488,44.29995738775065,44.299957653163254,44.29995732701048,44.29995736215716,44.29995734240516,44.29995940526049,44.299957321964506,44.2999616502692,44.299959455264,44.2999573405335,44.29996838828898,44.29996772787629,157.5347961843874,44.309877419245815
2713,44.299985326441195,44.29998569912147,44.299985602775195,44.2999851666521,44.299985280017786,44.29998524649753,44.29998784527257,44.29998520794994,44.29999106831491,44.299988038426534,44.299985257006824,44.30000435635534,44.30000338262011,157.53479559357902,44.30990532369146
2714,44.29995819676805,44.29995866094848,44.29995835765293,44.29995814859055,44.29995817991459,44.299958168615,44.29996070330855,44.299958022026885,44.299959779965285,44.299958894342275,44.29995824094252,44.299971369747475,44.299970626039055,0.01913021806086456,44.30987824629235
2715,44.29989289472906,44.29989290768014,44.299892980570284,44.29989282496542,44.299892871219676,44.299892853587544,44.29989522951271,44.29989275094116,44.299892860122746,44.29989283146875,44.29989293994936,44.29990240642737,44.29990188105862,0.01912420569394947,44.309812930433615
2716,44.299957180515264,44.2999575035027,44.29995736441405,44.299957044740125,44.2999571494068,44.299957127480404,44.299959741162525,44.29995706674845,44.29995918909875,44.29995794666442,44.299957189922615,44.29996996177584,44.299969360080354,0.019130531529530675,44.30987720424529
2717,157.53327598088077,157.53327077862744,157.5332754709879,157.53327500232942,157.53327553768483,157.5332750727923,157.53327869600872,157.53327517068956,157.53328259701593,157.53327872070858,157.53327508885204,157.53330761029946,157.53330636331765,157.53476546322324,157.54319515864807
2718,44.3000201966879,44.30002037782521,44.300020504327314,44.300020049553275,44.300020149104235,44.30002011750065,44.30002287320772,44.30002007478297,44.30002503674186,44.300022583865974,44.30002011422585,44.3000446845654,44.30004362815811,157.53476591849252,44.30994019331357
2719,44.2999493245678,44.29994919521794,44.299949610290064,44.29994938645771,44.29994930874897,44.29994930377206,44.29995128675506,44.29994923458634,44.29995309282356,44.29995115397042,44.29994929946441,44.29996057233871,44.29995988747856,157.5347657228038,44.309869379397576
2720,44.29995229982876,44.299952297500255,44.29995256450895,44.29995233313581,44.299952282073946,44.29995227413408,44.29995423740484,44.299952210526904,44.299957342910346,44.299954647029914,44.29995227184071,44.29996315380427,44.299962454489474,157.53476556222054,44.30987235057631
2721,44.29997883077842,44.29997921664869,44.29997908094119,44.29997867416369,44.299978788315144,44.29997875655126,44.29998115937067,44.299978744257636,44.29998482043133,44.29998161861655,44.299978767686945,44.29999435667275,44.29999349298015,157.53476487211793,44.30989883386976
2722,44.29993478175903,44.29993511679182,44.29993488079071,44.29993458953038,44.29993474849292,44.29993471670528,44.299936984728674,44.299934712334846,44.299936487369074,44.299935529072464,44.299934791961796,44.29994516640639,44.29994446401209,0.019128056856143636,44.30985479539283
2723,0.15148965981232176,0.15148948898850273,0.15148983219399115,0.1514897953177814,0.151489709886683,0.15148978931614845,0.15149186679841414,0.15148965709319717,0.15148945843975786,0.15148961358003987,0.1514898488983148,0.1514990145937509,0.15149841470853131,0.0191241154024953,0.16140982489013955
2724,44.299944455495826,44.299944389336794,44.29994467291875,44.299944452351916,44.29994443871732,44.29994442928558,44.29994678866213,44.29994431700422,44.299946375300415,44.299945177444755,44.299944497009506,44.299954532720136,44.2999540417409,0.01912879812630204,44.3098645069278
2725,157.5333082461147,157.53329975685844,157.53330723250193,157.5333067621754,157.53330755708774,157.53330683084928,157.53331081287763,157.533307033852,157.5333148906763,157.5333107836876,157.53330684777026,157.5333431272842,157.53334159940832,0.031019423565103964,157.5432269173789
2726,44.299979474369444,44.2999793880908,44.29997978403191,44.2999793236098,44.29997942926416,44.299979398690624,44.29998201415771,44.29997940284471,44.2999838823654,44.29998168092462,44.29997939606168,44.30000018776639,44.29999925612389,0.031019800318332718,44.30989947433515
2727,44.29994826718953,44.29994820728509,44.29994854536133,44.29994830936272,44.29994824896834,44.29994824171366,44.29995022059331,44.29994818814949,44.29995142038654,44.299949844822216,44.29994823718055,44.29995909990347,44.299958438728716,0.03101965492440431,44.30986831749859
2728,44.29995176718577,44.299951829806105,44.299952025483606,44.299951683809866,44.299951741991045,44.29995172546216,44.29995369382985,44.29995170903579,44.29995593691479,44.29995374750933,44.29995172368948,44.29996238127391,44.299961673072715,0.03101947680701886,44.30987180315185
2729,44.29997853024196,44.29997894232876,44.299978779561144,44.299978374501116,44.29997848832218,44.29997845707204,44.29998084766226,44.29997844374947,44.29998396629605,44.299981000136505,44.299978468560745,44.29999382278843,44.299992955823626,0.031018553085993883,44.30989853433899
2730,44.29993250257914,44.299932745659085,44.29993255426988,44.29993230931757,44.29993246805677,44.29993243539573,44.299934705735495,44.29993242604397,44.299933883290244,44.29993296791181,44.29993251026053,44.29994291164928,44.29994221129249,0.01912589476385335,44.30985251378641
2731,0.15138424463780076,0.15138388156060348,0.15138441632453073,0.1513844102582251,0.15138430850917126,0.15138440154370975,0.15138640646328103,0.1513841462775646,0.15138459186254502,0.1513842743424423,0.15138446757113946,0.15139218698100032,0.15139163061749286,0.019124301581324936,0.1613044366888109
2732,44.299935597798175,44.29993565552206,44.299935758142276,44.299935506099786,44.29993557001165,44.299935548110454,44.29993786363178,44.29993550026925,44.299937526368296,44.29993633874736,44.299935619275196,44.29994539676259,44.29994484612112,0.019126982156141035,44.3098556252603
2733,157.53327913485444,157.5332736739483,157.53327864565776,157.53327818005644,157.53327870250487,157.5332782492683,157.5332818811714,157.53327834092778,157.5332840564183,157.5332810738491,157.53327826649476,157.53331237856474,157.5333110265987,157.53479468790263,157.54319833515697
2734,44.299980054527715,44.299980021765684,44.29998033438874,44.299979901646,44.2999800078899,44.29997997650321,44.29998257873934,44.29997996787123,44.29998391733483,44.29998200060692,44.299979974147995,44.29999805210384,44.299997300717365,157.53479508040337,44.30990005207703
2735,44.29995193454536,44.299951733494744,44.29995221077527,44.299951971008255,44.29995191471846,44.29995190637977,44.299953996201374,44.29995183508573,44.299955457474056,44.29995367156612,44.29995190202758,44.29996204049444,44.29996153389008,157.53479499118828,44.309871982224
2736,44.29995717961433,44.29995712957764,44.299957445561,44.29995712557824,44.299957151593496,44.299957133671995,44.29995919871316,44.29995710896242,44.2999620528673,44.29995949400907,44.29995713154568,44.299968856876944,44.29996812734777,157.53479485582986,44.30987721027708
2737,44.29998679330907,44.299986942318846,44.29998706473673,44.29998663500996,44.29998674681957,44.299986713050735,44.29998932075048,44.29998666660834,44.29999280838376,44.29998960644236,44.29998672445032,44.300005664315194,44.30000466133429,157.5347941887428,44.309906790728114
2738,44.29995879414428,44.29995928801278,44.29995896780583,44.29995873870801,44.2999587708699,44.29995875701834,44.29996144569424,44.29995858571246,44.2999594265281,44.299958911881426,44.29995883362162,44.29997072616293,44.299969879813766,145.1746471981801,44.309878836514486
2739,0.15133099114000606,0.15133085799515084,0.15133137542385502,0.15133117956493022,0.1513310614800047,0.15133116809843436,0.151333544481729,0.15133077603727832,0.15133143241087274,0.15133108613177462,0.1513312252806189,0.15134202314245604,0.15134139821443252,0.019132420786726344,0.1612512049954877
2740,44.2999098234973,44.29990940854998,44.299910039855696,44.29990975924852,44.29990978575015,44.29990975792404,44.299912445182905,44.29990964964609,44.29991210317297,44.29991071365532,44.29990982107029,44.2999258481473,44.29992509902626,145.17464808081323,44.3098298361287
2741,157.51554810002995,157.5155480003099,157.51554842587657,157.51554793530133,157.51554804691125,157.5155480058967,157.51555121824336,157.51554786482205,157.5155536539007,157.5155507614513,157.51554802189608,157.51557605677826,157.5155753064261,157.5348041188896,157.52546808948424
2742,44.29998732939743,44.299987353034,44.29998762829155,44.29998716477953,44.299987277048366,44.29998724048185,44.299990001334116,44.29998719131604,44.29999134625172,44.299989382705,44.299987239670735,44.30000557769687,44.30000497315879,157.53480538022885,44.30990731669842
2743,44.2999467461398,44.29994633545718,44.2999470036593,44.29994669494004,44.299946712936844,44.2999466913472,44.29994877997283,44.299946681663236,44.29994997421872,44.29994841833232,44.29994668758005,44.29995623684214,44.29995576333753,157.53480454468763,44.30986676697827
2744,44.29994699651948,44.29994666801764,44.299947257119925,44.299946960937746,44.299946966344834,44.299946947324166,44.299948999937264,44.29994692645582,44.29995121267001,44.29994905258351,44.29994694352171,44.2999562067241,44.29995575047452,157.5348045454516,44.309867023217464
2745,44.29998188673117,44.299982019891125,44.299982159920866,44.29998172744079,44.29998184033602,44.29998180749402,44.29998440992586,44.29998177517564,44.299988074684705,44.299984838476526,44.2999818146597,44.29999905613406,44.299998306392304,157.53480428628188,44.309901883914335
2746,44.299956710322476,44.29995701264968,44.29995693543046,44.299956666899384,44.29995668898011,44.29995667905366,44.299959520832466,44.29995653935927,44.29995767190211,44.299957083629636,44.299956754529205,44.29996929217598,44.299968457895346,145.17477102656886,44.30987675653958
2747,44.29993158478461,44.29993208091389,44.29993173003309,44.299931455628986,44.29993155131505,44.29993152716659,44.299934223284794,44.29993145468574,44.299930743755034,44.2999310730105,44.29993161980763,44.299942941663744,44.299942097131016,145.1746594199109,44.30985160479028
2748,44.29994680709219,44.29994676666767,44.29994704251384,44.299946775241125,44.299946777628264,44.299946760787265,44.2999494894997,44.299946632692404,44.2999490767071,44.29994762824999,44.29994681445384,44.29996065782541,44.2999600497352,145.1746599791882,44.309866836685615
2749,157.5326289941656,157.5326288728517,157.53262929337578,157.53262881801527,157.53262893769315,157.53262888916507,157.53263204071595,157.53262878371177,157.5326358123692,157.5326321137038,157.53262890328935,157.53265400175306,157.53265322062472,157.53480501574626,157.54254897366783
2750,44.29999727150348,44.299997134850464,44.299997572932,44.299997109265895,44.299997220110306,44.29999718487516,44.29999996751672,44.299997149561925,44.300002765455304,44.299999947026215,44.29999718088116,44.300015923968886,44.300015309477665,157.5348062305047,44.30991726064631
2751,44.29995240135011,44.299952087015264,44.29995267721842,44.29995238783268,44.29995237514381,44.299952360664456,44.29995444966537,44.29995232064092,44.299956665926665,44.299954523221736,44.299952356648674,44.299963258967885,44.29996271669597,157.5348051205505,44.30987243648036
2752,44.299954702604055,44.299954439013526,44.29995497257216,44.29995467886033,44.29995467672737,44.29995466146309,44.29995671749276,44.29995462259066,44.29995967530245,44.2999570997656,44.299954659557926,44.29996585101242,44.299965209712894,157.53480510116023,44.30987473812689
2753,44.29998766792338,44.29998789915851,44.2999879442638,44.29998750925845,44.29998762087424,44.29998758644052,44.29999018007272,44.299987540222425,44.29999355243899,44.29999048844008,44.299987596387915,44.30000593572196,44.300005074659595,157.534804939924,44.3099076639546
2754,44.29996411115517,44.29996440704361,44.299964305166576,44.29996402961945,44.29996408972094,44.29996407377238,44.29996674312121,44.29996395384085,44.2999648391495,44.299964425789824,44.29996414872721,44.2999797670683,44.29997873941671,145.1746618975685,44.30988415295244
2755,0.15152154374322926,0.15152206757841757,0.15152183897614266,0.15152165301665005,0.1515215780474997,0.15152164121749914,0.15152419088479116,0.1515215189227039,0.15152204602486433,0.15152187654887847,0.15152169765983084,0.15153373313284987,0.1515329767873765,145.17466086826565,0.16144167970191237
2756,44.299944116385284,44.29994374776873,44.29994435124689,44.29994407665759,44.299944086326434,44.29994406566616,44.29994673038627,44.2999439464887,44.2999467790906,44.299945223344714,44.299944126052345,44.29995823588785,44.29995756174134,145.1746608218273,44.30986414328817
2757,157.53303779662002,157.5330381745516,157.5330372742643,157.533036792339,157.5330373353549,157.53303685973725,157.53304055387164,157.53303691861646,157.53304465108667,157.53304066283502,157.53303687595334,157.53306395337853,157.5330632233054,157.53480533145483,157.54295694551254
2758,44.29998452680988,44.29998451514024,44.29998482949163,44.29998436498867,44.29998447453104,44.299984438670386,44.2999872067316,44.299984389570405,44.29998972524152,44.29998710609809,44.2999844359953,44.3000032123474,44.30000263391265,157.53480654112693,44.30990451444257
2759,44.29995003889687,44.299949709440995,44.29995031828906,44.29995006847674,44.29995001642347,44.29995000581845,44.29995208453632,44.29994993679697,44.29995318557329,44.29995165424811,44.299950002494874,44.29995974951688,44.29995930196702,157.53480527930336,44.30987008162213
2760,44.29995401560993,44.29995382366218,44.29995428433005,44.2999540031579,44.29995399068424,44.299953976473354,44.299956016046735,44.29995392915816,44.2999581315705,44.299956024130886,44.29995397582624,44.299963446587206,44.29996295388231,157.534805210112,44.3098740529195
2761,44.299985821366924,44.299986015496785,44.29998610106889,44.29998566439915,44.29998577388684,44.29998573926014,44.299988330052855,44.299985692334786,44.29999182833573,44.29998866728834,44.299985751624014,44.30000224544629,44.30000147556775,157.53480508733236,44.30990581683955
2762,44.29997085139931,44.29997116089657,44.29997105392471,44.299970725709265,44.29997081934627,44.29997079391566,44.29997356529412,44.29997068803767,44.29997145973954,44.29997109866687,44.29997085955242,44.29998392241888,44.29998310822031,145.17466176321292,44.30989087323757
2763,0.15146154810427406,0.15146203637754993,0.15146187704019295,0.15146166465020877,0.151461580353994,0.15146164579853605,0.15146427362022638,0.15146146971033095,0.15146103339149838,0.1514614051354284,0.15146168931017964,0.15147374494388555,0.15147293752658472,145.17466075244815,0.16138168239679448
2764,44.2997858077768,44.29978622834602,44.299786050049136,44.299785760050604,44.29978576980926,44.29978574194638,44.299788491893395,44.29978564170938,44.299788146684165,44.299786774184156,44.29978580489663,44.299801144797605,44.29980037410882,145.1746607868873,44.30970581993367
2765,157.53291363650376,157.53291337101305,157.53291392792246,157.5329134388247,157.53291356726822,157.532913509751,157.53291675745322,157.53291338072395,157.53292227551907,157.53291776763507,157.53291352514498,157.53294140022814,157.53294060426308,157.53480520736147,157.54283359168696
2766,44.30001581276449,44.30001593590162,44.30001611125105,44.300015662464084,44.3000157635663,44.30001572929218,44.30001847279652,44.300015666639496,44.300022129682226,44.30001884579385,44.30001573116774,44.300034084578954,44.300033440229384,157.5348063093521,44.309935806285296
2767,44.2999571418107,44.29995693630988,44.299957407268714,44.29995708963568,44.2999571122412,44.29995709380978,44.29995918324604,44.29995706177479,44.29996176973248,44.29995941416368,44.299957093525016,44.29996696432902,44.29996650833545,157.5348050775423,44.309877170410395
2768,44.299951412999995,44.29995114228627,44.299951687802746,44.29995142426955,44.29995139002022,44.29995137774714,44.29995342224393,44.29995131830362,44.29995590843172,44.29995355589326,44.29995137979554,44.29996078052127,44.29996034550331,157.53480496878637,44.30987145458028
2769,44.29998437590536,44.29998454371096,44.29998465518804,44.29998421961864,44.29998432799394,44.299984293209626,44.29998691122582,44.29998424392456,44.29998975697266,44.29998697693921,44.299984306216004,44.29999928589226,44.29999870518676,157.5348047596593,44.30990437102843
2770,44.29996461784183,44.29996560146551,44.29996479582556,44.29996447244668,44.29996458634446,44.29996455936646,44.299967283934926,44.29996447838614,44.29996596530927,44.299965131607486,44.29996462734303,44.29997792911624,44.29997698323907,145.17466055316547,44.30988463872152
2771,0.1514789222023088,0.1514791374121849,0.1514792421482221,0.1514790366723235,0.1514789550286446,0.15147901893145263,0.15148157455741937,0.15147889420247848,0.15148039075104527,0.1514794984748196,0.15147907484370796,0.15149268246294836,0.15149184730068463,145.17465946738355,0.1613990567011421
2772,44.2999377222846,44.29993794326413,44.29993793742605,44.29993765877756,44.29993768770663,44.299937664648134,44.299940363226966,44.29993758356357,44.29994047547398,44.2999388634483,44.29993772462405,44.29995349410556,44.2999528824926,145.17465969098035,44.309857740627905
2773,157.5332594508071,157.5332607056543,157.53325783593485,157.533257363344,157.53325846544112,157.5332574315328,157.53326174653068,157.53325771673644,157.5332663734329,157.53326184249622,157.5332574513179,157.53328337491965,157.5332826239736,157.53480429732338,157.5431775171939
2774,157.5328853668,157.5328855570459,157.53288564207423,157.53288519625232,157.5328853147502,157.5328852701389,157.53288799968047,157.53288517847838,157.5328926305382,157.53288876186065,157.53288527414244,157.53290274742074,157.53290211548114,157.53480526872426,157.54280535450155
2775,44.299957819436635,44.29995767383017,44.29995808695728,44.29995777339437,44.29995779285866,44.299957779290956,44.299959777257065,44.29995776745266,44.299962546463966,44.29996013650241,44.299957781225324,44.29996868596732,44.29996808027491,157.5348041893327,44.309877853637325
2776,44.299952836901404,44.29995271463641,44.299953113612816,44.299952876006536,44.29995281963929,44.29995281313362,44.299954762966955,44.29995274841476,44.299957155228675,44.299954910240466,44.29995281393511,44.299963117998,44.29996250103958,157.53480397545547,44.30987288918076
2777,44.2999787376036,44.29997904857604,44.29997900130471,44.29997858974267,44.29997869569678,44.29997866454472,44.29998106472212,44.29997864406703,44.29998364398514,44.299981109936034,44.299978677913,44.29999300917898,44.299992307027445,157.53480331279,44.30989874233032
2778,44.299948538696675,44.29994876141219,44.29994874326314,44.29994852942056,44.29994852044243,44.29994850558557,44.29995082616423,44.299948362306104,44.29994855454805,44.29994847929013,44.29994856618891,44.299958042568726,44.299957379733364,145.1746511949812,44.30986858604871
2779,0.15100277982921517,0.15100257293355965,0.15100361005298243,0.15100340727618208,0.15100308379862853,0.15100347953869117,0.15100521144002085,0.1510027200297711,0.15100276034840618,0.1510027182056356,0.15100343435596594,0.15101340718967535,0.15101282600234625,0.01913070544119203,0.1609234199020671
2780,0.15112023919626746,0.15112015162824868,0.15112066950073824,0.1511204900995442,0.1511203438650576,0.1511204936408099,0.15112272579530137,0.15112010288385253,0.15112334486325937,0.15112149917208242,0.1511205063158169,0.15113325009035855,0.1511327048855191,145.17465254722026,0.161040541044604
2781,157.5260243587467,157.52602430966482,157.52602468095554,157.52602419249288,157.52602430534566,157.52602426301254,157.52602749585984,157.52602413979972,157.52603347554876,157.52602873101543,157.52602427910207,157.52605218151302,157.52605143993105,157.5347993681133,157.5359443471558
2782,44.29997998710814,44.29998010693681,44.299980266516776,44.299979829165274,44.299979939554085,44.29997990426627,44.29998246230636,44.29997986279732,44.29998671585734,44.29998320568999,44.299979908053075,44.29999475633065,44.29999420760603,157.53480034726843,44.309899982631
2783,44.2999455365757,44.29994541455846,44.29994579122826,44.29994553647172,44.29994551158247,44.29994549559777,44.29994746329509,44.2999454556076,44.299949439561466,44.29994738926115,44.29994549775845,44.299953970485056,44.29995355262017,157.53479958517218,44.30986557346791
2784,44.29994118534275,44.29994107410182,44.29994141680739,44.29994112319284,44.29994115148108,44.29994112597871,44.29994307187382,44.29994113488161,44.299944502987216,44.299942802523965,44.29994112874999,44.299949401308716,44.29994898201573,157.53479943067637,44.30986120380962
2785,44.2999620850429,44.29996231432931,44.29996233935219,44.29996194170135,44.29996204292845,44.299962010444084,44.29996437735471,44.29996199082239,44.29996599074019,44.299963977464266,44.29996202348429,44.29997400814229,44.299973463238416,157.53479882339698,44.30988208904497
2786,44.299908501327586,44.29990902699925,44.29990862283848,44.299908403117904,44.29990846686875,44.29990843638009,44.29991075792774,44.29990836093128,44.29990829656001,44.299908435048785,44.2999084990208,44.29991869658534,44.299918043386725,145.17465154080364,44.309828516588425
2787,0.1509965012153691,0.15099645422514954,0.15099721370918154,0.150997142074168,0.15099680089510828,0.15099720460951377,0.15099896113015582,0.15099641831030933,0.1509968472419365,0.15099654932111456,0.15099717985010983,0.15100757144859425,0.15100704952020547,0.019125269511852224,0.16091711830570662
2788,0.15150258870418967,0.1515027659453278,0.15150285714955114,0.15150269183041384,0.15150261681722405,0.151502676167565,0.15150501272156905,0.1515025561810531,0.1515050800121175,0.15150364330347824,0.15150271213141703,0.15151504021257736,0.1515145164038468,145.1746508667522,0.16142271957470156
2789,157.53239402946633,157.53239404231763,157.5323943575758,157.53239385965722,157.53239397446893,157.53239393080176,157.53239715501988,157.53239380186997,157.5324031015302,157.5323983388921,157.53239394821162,157.53242181825118,157.5324210949234,157.53479754407218,157.5423140145092
2790,44.29997991407037,44.29997994164157,44.29998019734361,44.299979758197956,44.29997986663019,44.299979831554815,44.29998239464606,44.29997979419465,44.29998680481017,44.29998320072582,44.29997983539922,44.29999480876511,44.299994252703975,157.53479857109517,44.30989990968252
2791,44.299959187562656,44.29995915126486,44.299959443305454,44.299959104756816,44.299959155768796,44.299959133426505,44.29996121903136,44.29995911256983,44.29996387765016,44.29996143038977,44.299959135727455,44.29996881002679,44.29996834557404,157.53479786154364,44.30987921106384
2792,44.29995712172428,44.299957117689196,44.29995738203954,44.299957071654006,44.29995709359938,44.29995707464385,44.29995913006599,44.29995703645378,44.29996133964735,44.29995915926431,44.29995707711709,44.29996654941515,44.299966085830896,157.53479768368823,44.30987715247937
2793,44.299983813663495,44.299984066197226,44.299984075178436,44.299983653394456,44.29998376662522,44.29998373055946,44.29998631817376,44.299983676421725,44.2999889237459,44.29998628515525,44.29998374478456,44.29999839546716,44.29999782087875,157.5347969119089,44.30990380933057
2794,44.299958926040624,44.299959318839,44.29995898108519,44.29995886917124,44.299958905096695,44.29995888603103,44.29996135314769,44.29995871829032,44.29995942090168,44.299959204901285,44.2999589563216,44.299970150361894,44.29996976707567,0.01914176241111487,44.309878966891766
2795,0.15104101961156233,0.1510401722600172,0.15104167498279913,0.15104158101425305,0.1510412758599553,0.15104162419877812,0.15104368802278526,0.15104090889898933,0.15104064795360395,0.1510407931223464,0.1510416244557314,0.1510527703216011,0.1510523023084518,0.019125508667729423,0.16096155714420068
2796,0.15800179127874633,0.15800144602758467,0.15800201846974196,0.158001782593913,0.1580017604354919,0.1580017463473465,0.15800444982930154,0.15800165399264207,0.15800435085497153,0.15800285454893556,0.15800180873693206,0.1580172634435962,0.15801638527608666,0.019143446349996426,0.16792181782077367
2797,157.53297953630442,157.5329797586734,157.5329796735651,157.53297918053985,157.53297939061287,157.5329792486322,157.53298257548434,157.53297918698846,157.53298839697482,157.53298368400593,157.53297926754584,157.5330064098218,157.53300566165314,157.53479891524918,157.54289933410135
2798,44.29998628671985,44.2999863022529,44.299986588567016,44.29998612895608,44.29998623680215,44.29998620178603,44.29998896191889,44.29998616264581,44.2999941593928,44.29999010022689,44.29998620448305,44.30000470779435,44.300004116552714,157.53479936147232,44.30990627873573
2799,44.29995119118928,44.29995076232465,44.29995147943026,44.29995121186058,44.29995116899904,44.299951157464676,44.29995325507557,44.299951102117795,44.29995602077144,44.29995345852628,44.29995115806898,44.299960864476795,44.2999604132389,157.5347992213194,44.30987123423602
2800,44.29995281870334,44.299952629116284,44.29995309350489,44.299952827249804,44.299952796289624,44.29995278400076,44.2999548301785,44.29995272583068,44.299957712935175,44.29995513489974,44.299952786024534,44.2999621410224,44.2999617079438,157.53479908881573,44.309872861110755
2801,44.29998138488104,44.299981426503216,44.29998167250128,44.29998122846204,44.29998133802649,44.29998130332038,44.299983918208085,44.2999812700912,44.299987618585384,44.299984398523385,44.299981316320725,44.299996487650816,44.29999590370235,157.5347985010638,44.30990138148706
2802,44.29996002947707,44.29996042043041,44.29996022795444,44.29995993521451,44.29996000270851,44.2999599819535,44.2999625290617,44.29995986938525,44.299960362445404,44.29996012482787,44.29996005025961,44.29997304013276,44.29997221684337,145.17465129260034,44.309880061289334
2803,0.15148488999044044,0.1514853338348914,0.15148527206380755,0.15148502641737485,0.15148493256352383,0.1514850072054215,0.1514873903817073,0.1514848720647697,0.15148428584668874,0.15148471228898708,0.15148505798297568,0.15149834821187733,0.15149751403019415,0.019155073370032173,0.16140503808882709
2804,44.299948945344646,44.299949339445256,44.299949209638044,44.29994892253677,44.29994891909345,44.299948902181136,44.29995157592227,44.29994876753793,44.299950505260476,44.29994953768351,44.29994895735705,44.29996406880545,44.299963144000486,145.17465198641085,44.30986897985093
2805,157.5327917186726,157.532791659846,157.53279204207433,157.5327915558448,157.53279166773908,157.53279162486032,157.5327948190016,157.53279151844794,157.5327996495267,157.53279550308216,157.53279164278595,157.53281888847445,157.53281816627,157.5348015988457,157.54271170996856
2806,44.299982805816484,44.299982767343984,44.29998311476594,44.29998264739848,44.29998275557486,44.299982721214455,44.299985493967625,44.29998268282378,44.29998765443762,44.29998521368116,44.299982723534335,44.30000116875656,44.30000054276373,157.53480264770064,44.3099027969615
2807,44.29994925149399,44.2999489106735,44.299949535624926,44.29994928748317,44.29994923043051,44.299949221079565,44.299951294872905,44.29994915929033,44.29995257417042,44.29995088163324,44.29994922414713,44.299958777331234,44.29995831530841,157.53480190328602,44.30986929674281
2808,44.29994987904892,44.299949631058546,44.29995016068789,44.299949907330394,44.29994985805743,44.29994984802595,44.29995189377075,44.29994979103335,44.29995311623009,44.29995149911222,44.299949850440946,44.29995923615536,44.29995880299065,157.53480177438712,44.30986992426671
2809,44.29998142905706,44.29998158650656,44.299981709484065,44.29998127377767,44.29998138302343,44.29998135013661,44.299983954519035,44.29998132135653,44.29998720254812,44.2999842194484,44.29998136080499,44.299996617926844,44.29999603419545,157.53480138797417,44.30990142696416
2810,44.29995668338797,44.29995715527348,44.29995685659893,44.29995661708694,44.29995666208459,44.29995664652995,44.29995912881313,44.29995653021562,44.29995652217969,44.29995660081379,44.29995671501447,44.299969367140896,44.29996871605419,145.17465449237736,44.3098767244392
2811,44.299906068831355,44.29990636768602,44.29990620376821,44.299905983180004,44.29990604358269,44.2999060239699,44.29990837044242,44.29990594556375,44.29990449185059,44.29990532969787,44.299906114300796,44.2999165763535,44.29991593835563,0.01916414166522706,44.309826100839096
2812,44.29995411020371,44.29995463601407,44.29995431934784,44.29995407718948,44.299954091680405,44.299954081612334,44.29995663457521,44.29995396628476,44.29995574299364,44.29995468817928,44.29995414569271,44.299967995293684,44.29996715179052,145.1746540873566,44.309874158457355
2813,157.53173085338693,157.5317308724137,157.53173117667316,157.53173070488708,157.5317308118645,157.53173077660946,157.53173391521815,157.53173068884527,157.53173871999735,157.53173457437885,157.5317307938575,157.53175592153238,157.53175517861598,157.53479924370922,157.5416508607031
2814,44.299985158553305,44.29998523248609,44.299985471135045,44.29998499844283,44.29998510936585,44.29998507584644,44.299987861217495,44.29998504472487,44.29998998702334,44.299987615106325,44.299985076120464,44.30000405771012,44.300003477867875,157.53479960983984,44.309905151692305
2815,44.299949948944,44.29994972612662,44.2999502449433,44.29995001571433,44.29994993191095,44.29994992684477,44.29995201495225,44.29994984630323,44.2999529796709,44.299951465088235,44.29994992541301,44.29995968484317,44.299959236280124,157.53479939105702,44.30987000260432
2816,44.299949727180575,44.29994960307125,44.29995001357937,44.29994977496216,44.29994970837735,44.299949700281665,44.299951752734614,44.29994963236751,44.29995308724886,44.299951421346414,44.29994969949569,44.2999591408107,44.29995869647255,157.53479916641513,44.30986977644696
2817,44.29997943301995,44.299979471595606,44.29997971341942,44.299979275091744,44.29997938740225,44.29997935423381,44.29998196396042,44.29997933891889,44.29998380248083,44.299981606837044,44.29997936513053,44.29999403665255,44.299993442330795,157.53479806330918,44.30989943098859
2818,44.29994544342958,44.29994545058474,44.299945515725085,44.299945357732554,44.2999454203732,44.29994540215344,44.29994789932643,44.29994530845827,44.299945351960865,44.29994545163063,44.29994547282689,44.29995625146674,44.29995566073914,0.019125202884530224,44.309865479405595
2819,44.299843716576476,44.29984392422739,44.29984374343122,44.299843673273806,44.299843700657284,44.29984368912622,44.29984610124985,44.29984359842677,44.299843502985915,44.2998435709813,44.29984378001355,44.29985357902985,44.2998530151662,0.01912386993221257,44.309763764286934
2820,44.29995250496228,44.299952712012214,44.29995258952791,44.29995252791509,44.299952495375,44.29995249324775,44.299954986138665,44.299952331002224,44.299954484794796,44.2999532688202,44.2999525612338,44.299964375193106,44.29996386156535,0.019125966429865398,44.30987256928706
2821,157.53304364177765,157.5330469249347,157.53304220659157,157.53304176583129,157.5330427606916,157.53304183881679,157.5330460386617,157.5330420932885,157.5330476751203,157.5330449086646,157.53304185736118,157.53306796749013,157.53306730244392,157.5347776290761,157.542961924408
2822,44.29998028859705,44.29998026004218,44.299980564524844,44.299980134515856,44.29998024180944,44.29998021031642,44.2999829848384,44.29998019794957,44.299983539911686,44.299981991045065,44.299980209722776,44.29999891190536,44.29999832175906,157.53477822075345,44.30990028573197
2823,44.29994648203973,44.29994626423769,44.29994676048386,44.299946522244625,44.29994646150559,44.29994645249414,44.29994853769955,44.29994640487084,44.29994898788811,44.29994784979325,44.29994645040756,44.29995615622105,44.29995571201285,157.53477808378577,44.309866528154316
2824,44.29994497023691,44.299944788083536,44.29994524575711,44.29994499183775,44.299944946790134,44.299944933761196,44.29994699700223,44.299944895199154,44.29994819368003,44.29994663421317,44.29994493210199,44.29995411623679,44.29995365747385,157.53477793266947,44.30986500985174
2825,44.29997674930087,44.29997689399801,44.299977018417174,44.299976597465594,44.29997670563943,44.299976674121034,44.29997926285196,44.299976658749635,44.29998068710278,44.2999787530619,44.29997668337946,44.29999102401845,44.29999044579762,157.53477730509067,44.30989675070174
2826,44.29994204428316,44.29994257290125,44.29994213556327,44.29994194989954,44.29994201694273,44.29994199566036,44.29994465057245,44.29994193340378,44.29994048263918,44.299941545771766,44.29994206457263,44.299954085363176,44.299953507825535,0.019140420365998185,44.30986207327674
2827,44.2995654220673,44.29956585348842,44.29956549699494,44.299565376131085,44.299565400931975,44.29956538594632,44.29956794295293,44.299565299726844,44.29956405031471,44.29956482532615,44.29956546634307,44.29957650904018,44.29957569558331,0.019137803808831313,44.30948546186473
2828,44.29994601410678,44.29994588627107,44.29994615981113,44.29994598498488,44.29994599298461,44.299945978984844,44.29994851211108,44.299945856582916,44.299948456591345,44.29994701548001,44.29994603842487,44.29995843788257,44.299957799704885,0.019140050634276738,44.30986605628254
2829,44.30001517031224,44.300015123623034,44.30001546022041,44.30001500318315,44.300015114523426,44.30001507552529,44.30001831197533,44.30001498471225,44.30002323756627,44.300019124179244,44.3000150824818,44.300043493446985,44.30004274601819,0.03127963643341747,44.30993515301673
2830,44.299981810098416,44.29998184920975,44.29998208333317,44.29998164701268,44.29998176174529,44.299981726852195,44.29998449103289,44.29998169986394,44.29998700198555,44.29998439145816,44.299981726572916,44.30000047386457,44.299999848433266,0.031280135071291855,44.30990180422015
2831,44.29994070028368,44.29994046998888,44.29994091677066,44.299940650351886,44.299940670048564,44.299940648664005,44.29994264098949,44.299940676916414,44.29994362464092,44.29994223172982,44.29994064575529,44.299949618484085,44.29994918237144,0.03127994004645541,44.30986072520732
2832,44.29994213967391,44.29994200160295,44.299942354987856,44.29994209948588,44.29994211060372,44.299942089739524,44.29994404623761,44.299942107061895,44.29994558176983,44.29994387431618,44.2999420877901,44.299950578131664,44.29995012860888,0.031279766538183394,44.309862166592545
2833,44.299964311608,44.29996435409145,44.29996454568223,44.29996416448264,44.29996427044759,44.29996423937211,44.29996664255892,44.29996424853342,44.299968166436564,44.299966224372874,44.29996424970895,44.29997632813954,44.29997574603252,0.03127891565776587,44.30988431687455
2834,44.299841343292684,44.29984148301987,44.29984144861067,44.2998412858596,44.29984131766693,44.29984129880945,44.2998437525852,44.29984124476184,44.2998419059768,44.29984171553559,44.29984136897114,44.299850223545754,44.299849787394464,0.019132096245787166,44.30976137645191
2835,0.15102675451013542,0.1510258649983758,0.15102737447090372,0.15102733094262352,0.1510270506049957,0.1510274446586717,0.1510291964951064,0.1510267155102672,0.15102620560376562,0.15102641987690585,0.15102737927280677,0.1510351545009959,0.15103468550201465,0.01912609587249524,0.16094733244042833
2836,44.299922379819286,44.29992194623049,44.29992245995297,44.2999222727666,44.29992235234234,44.299922329840406,44.29992465481775,44.29992230135281,44.29992453434722,44.299923289689666,44.299922393396876,44.299932107776584,44.29993152257577,0.019132153160629838,44.30984240687662
2837,157.53199870879084,157.5319987494623,157.5319990045502,157.5319985566031,157.53199866890293,157.53199863518026,157.53200182248452,157.53199855522413,157.53200687116086,157.53200260619673,157.5319986496132,157.5320247986152,157.53202407430516,0.0310157404668554,157.54191871967623
2838,44.299976238511256,44.299976269147955,44.29997650255831,44.29997609179926,44.29997619614348,44.29997616704702,44.299978749376656,44.29997616840731,44.2999817042386,44.29997890796681,44.29997616434337,44.29999246477158,44.29999184841046,0.031016188126843716,44.30989624327116
2839,44.29993865035579,44.29993845690973,44.299938863592466,44.29993858798176,44.29993861893893,44.29993859637284,44.29994059033592,44.299938641808076,44.29994177425033,44.299940259446856,44.29993859174345,44.299947825144876,44.299947371618295,0.03101605101574821,44.3098586723965
2840,44.29994228232744,44.29994212797058,44.29994251141838,44.299942248437226,44.29994225367446,44.299942233574086,44.29994420913214,44.299942251454915,44.29994679831031,44.299944472921275,44.29994223105771,44.29995100325555,44.29995054910341,0.031015883414758513,44.309862310295024
2841,44.299969696611385,44.299969951544334,44.299969928790404,44.29996955126052,44.29996965701682,44.299969626903845,44.29997201288219,44.2999696242181,44.299975632877526,44.29997248589944,44.29996963558013,44.2999820164299,44.299981441713065,0.03101507139359765,44.30988970441158
2842,44.299865724874074,44.299865817376656,44.299865809628194,44.29986566404145,44.299865703478645,44.29986568568242,44.2998679868673,44.29986562546995,44.299865919416696,44.299865902174105,44.299865755118134,44.29987500088805,44.29987462801321,0.01912604120203502,44.309785762853295
2843,0.1510422713712692,0.1510417101677689,0.15104276915143225,0.1510427780066622,0.15104251872220295,0.1510428520019212,0.15104458135935125,0.15104222927271022,0.15104105552193559,0.1510417289363916,0.1510428260251411,0.1510509519700083,0.15105058956371029,0.019124486921428825,0.16096278730463878
2844,44.299941512989896,44.299941718762256,44.29994161376044,44.29994141878448,44.29994148848535,44.2999414690101,44.299943744904134,44.299941414387995,44.2999431433746,44.299942177970394,44.29994153045672,44.29995165678653,44.29995110915373,0.01912664688361614,44.309861546621526
2845,157.53324386543292,157.53324636592086,157.53324221907684,157.53324176199058,157.5332428740493,157.53324183231024,157.53324618607016,157.5332421416273,157.53325055252083,157.5332462114226,157.5332418507273,157.53326878945057,157.53326798798565,157.5345107466941,157.54316191819805
2846,44.299978135543704,44.29997819814336,44.29997842168468,44.29997798839734,44.29997809229845,44.29997806293957,44.29998065723061,44.29997806340483,44.29998417572773,44.299981120390505,44.29997806004664,44.299994354214334,44.299993765213884,157.53451127072955,44.30989813862451
2847,44.29994600877277,44.29994583466382,44.2999462917982,44.299946058202316,44.29994598926651,44.29994598096499,44.2999480722043,44.29994593079871,44.29995005964728,44.299948001893306,44.29994597673697,44.29995584303823,44.29995541527904,157.53451118745906,44.309866056685514
2848,44.29994787094743,44.29994782694998,44.2999481593151,44.29994793107448,44.29994785371639,44.29994784730553,44.299949902411974,44.29994777803295,44.29995149681832,44.299949661506794,44.29994784423099,44.29995724852614,44.29995682764788,157.53451103374763,44.30986792345164
2849,44.29997947180985,44.29997981617547,44.29997973018708,44.29997930741385,44.29997942791825,44.29997939609077,44.29998198330039,44.29997938642051,44.299984719689085,44.29998201377075,44.299979404519036,44.29999478480274,44.29999413873645,157.5345103049843,44.30989947265396
2850,44.299941759332626,44.299942248787396,44.299941836356076,44.29994160070564,44.29994172922387,44.299941703496955,44.299944172627484,44.29994165929355,44.29994105365618,44.2999415020665,44.2999417732886,44.29995270524125,44.29995204201669,0.019126233638402223,44.30986178090901
2851,44.29981089656791,44.29981141425677,44.299810965948986,44.29981085805782,44.2998108829114,44.299810872215666,44.299813238438624,44.29981077290214,44.29980898872492,44.299810066297944,44.29981096923263,44.299821135724955,44.29982051578397,0.019123960706344825,44.30973094815499
2852,44.29995569753037,44.299956233338584,44.299955863070075,44.29995567440082,44.299955683333884,44.29995567583753,44.29995822102885,44.2999555320165,44.29995649781626,44.29995594110097,44.29995574438396,44.2999684590194,44.299967877619366,0.01912679504019499,44.30987575291337
2853,157.53301685848123,157.53302530087882,157.53301392418408,157.5330134503899,157.5330152310608,157.53301351897468,157.5330186241475,157.53301407780916,157.533021725732,157.5330177987827,157.53301353841263,157.53303871738703,157.53303795605882,157.52502275548773,157.54293360468998
2854,44.299983139884624,44.29998328662224,44.299983455724906,44.29998298164699,44.29998309294968,44.29998306076265,44.2999858444162,44.29998304649562,44.29998824269853,44.29998573065125,44.29998305992968,44.3000023551508,44.30000175096813,157.52502332713095,44.30990313641809
2855,44.29994155255407,44.299941334792464,44.2999418054762,44.29994153382745,44.29994152407544,44.29994150624717,44.299943608748514,44.29994151033012,44.299943956619266,44.29994289492046,44.299941502443126,44.299951414666886,44.29995098350026,157.52502318236225,44.30986158180786
2856,44.29994399945884,44.299943844826664,44.29994425257784,44.29994399893007,44.29994397411926,44.29994395884085,44.29994602895028,44.29994394867665,44.299946915627146,44.2999455319977,44.29994395544333,44.29995358293988,44.2999531309689,157.5250230090322,44.309864035227235
2857,44.29997710433076,44.29997736312703,44.29997735128841,44.299976940323376,44.29997706002583,44.29997702726479,44.299979621074534,44.299977025968495,44.29998112973421,44.299979129168236,44.29997703616442,44.29999223745514,44.29999158743289,157.5250220951699,44.30989710456055
2858,44.29992650801966,44.29992662443055,44.299926576375306,44.29992633702998,44.29992647316692,44.29992644163918,44.29992901088167,44.29992641512291,44.29992500221954,44.29992602528637,44.299926513491364,44.299937406249285,44.29993673844934,0.01912524254402237,44.30984651997034
2859,0.15146814898378988,0.15146810071334463,0.15146834737865875,0.15146830337132625,0.15146821055271267,0.1514683035543,0.15147060991165612,0.15146818142964438,0.1514657703432105,0.15146726893229798,0.15146836353561915,0.1514779004720068,0.15147733515551107,0.019124014524025203,0.16138832861038296
2860,44.29994380148534,44.29994362144293,44.299943889641746,44.299943690622705,44.29994377635816,44.29994375655355,44.299946281433186,44.29994368446676,44.299943750346294,44.29994382576255,44.29994383119791,44.29995478033907,44.2999542530504,0.01912572668110142,44.309863834110025
2861,157.53156579312036,157.53156593584316,157.53156610326383,157.5315656563291,157.53156575967265,157.5315657318975,157.5315688766933,157.53156565245266,157.53157248140698,157.53156905776115,157.53156575056957,157.53159238600952,157.53159157836083,157.53472951914844,157.54148581657543
2862,44.299978129876656,44.299978241022615,44.29997842392225,44.29997796878914,44.29997808595463,44.29997805476376,44.29998082274458,44.29997806300111,44.299981692387014,44.29998007874264,44.299978054541754,44.2999981713753,44.29999748877546,157.53473007861027,44.30989813088464
2863,44.29992725509168,44.299927052283415,44.29992748993654,44.29992721162616,44.299927225572496,44.2999272050881,44.299929290867446,44.299927250938616,44.29992783697326,44.29992785001952,44.2999272009325,44.299937707223314,44.29993719024652,157.53472993391892,44.309847280887084
2864,44.29993590767973,44.299935753403844,44.299936134554024,44.29993584821971,44.299935876679164,44.299935854471066,44.29993790932016,44.2999358999829,44.29993759062976,44.2999369665391,44.29993585122066,44.29994577345098,44.29994524009444,157.5347297657591,44.30985593103559
2865,44.29996875543761,44.299968983199726,44.29996900480699,44.29996859726983,44.29996871453587,44.299968683974555,44.29997125865351,44.299968692499526,44.29997278479698,44.29997077704195,44.29996869410326,44.29998320830779,44.29998257538066,157.53472895716143,44.309888761426954
2866,44.299840004929166,44.29984034321862,44.29984012589611,44.29983993450734,44.29983998085272,44.29983996218246,44.299842571612125,44.299839906406696,44.299837849100044,44.299839221296935,44.299840037587465,44.299851747203554,44.29985110643947,0.019131631344242873,44.309760039340524
2867,0.15102222355270745,0.1510222424698494,0.15102297375704835,0.15102292831584208,0.15102257786277376,0.15102303846754667,0.15102490062053628,0.1510222542655605,0.1510179200873657,0.15102044562620034,0.15102299575539005,0.1510328686527134,0.15103223539079477,0.019127976430648702,0.16094291325068952
2868,44.299929343164166,44.29992915749878,44.29992941969214,44.299929190993936,44.299929311542634,44.299929285584405,44.29993185574289,44.299929264166195,44.29992878629873,44.29992919447567,44.29992935864008,44.29994077714763,44.299940102706756,0.019131786500689023,44.30984936281005
2869,157.53304397291902,157.53304570884535,157.53304328928724,157.5330428072155,157.53304344248087,157.53304289004393,157.53304666582292,157.53304301277095,157.53305009639996,157.53304654285807,157.53304290974054,157.53307206369888,157.5330711742855,11.046362841058952,157.54296297547594
2870,44.299979051650695,44.299979159784236,44.29997936974785,44.299978887728344,44.29997900634572,44.299978974528464,44.29998174225466,44.29997897783854,44.299982732840476,44.29998101020954,44.29997897397038,44.29999922905696,44.29999852515325,11.046363403579539,44.30989905053104
2871,44.29993897317019,44.29993875696827,44.299939213880656,44.29993891503457,44.29993894270441,44.299938921874514,44.29994100875331,44.29993896210749,44.29993996155866,44.29993975638211,44.2999389173881,44.299949459209635,44.29994893134289,11.04636325699793,44.30985899769868
2872,44.29994495774206,44.29994485542519,44.299945203878195,44.2999449671617,44.299944935699415,44.299944923390065,44.29994697516299,44.29994490021327,44.29994841889728,44.29994673009771,44.299944919491,44.29995498733886,44.29995445881378,11.046363083858973,44.30986499986694
2873,44.29997814955851,44.29997839774642,44.29997838675603,44.29997797426599,44.29997810548945,44.29997807241843,44.29998064236344,44.299978070247704,44.2999831556491,44.29998060496509,44.29997808091786,44.29999355864522,44.29999289372941,11.046362151785596,44.30989814970812
2874,44.29992785457299,44.299927459187415,44.29992788831043,44.29992768174689,44.299927822117574,44.29992779213928,44.299930337613354,44.299927770867754,44.29992707216034,44.299927773181956,44.2999278645941,44.29993938223975,44.29993876823792,0.01912556310271171,44.309847870383344
2875,0.15149527339137728,0.1514949211473162,0.15149538973576013,0.15149541059496743,0.15149533023946996,0.15149541819964682,0.15149771678985594,0.15149532620594572,0.1514940368454171,0.1514949248286224,0.15149547630248825,0.15150596865547558,0.1515056450888406,0.01912485839313053,0.16141544307940203
2876,44.2999498131387,44.29994941086596,44.29994988148632,44.29994984780293,44.299949806509595,44.29994980631988,44.29995229647914,44.29994963274975,44.29995165286568,44.29995062127268,44.299949873769314,44.29996202305631,44.29996155241712,0.01912607975066508,44.30986988371356
2877,157.53303906665568,157.53304494209345,157.53303679543743,157.53303634279055,157.53303777529618,157.5330364195418,157.53304111510127,157.5330368482553,157.53304522731403,157.53304092182245,157.53303643788055,157.53306522677897,157.53306437428503,0.03214429769840929,157.54295650504284
2878,44.299982606569436,44.29998262381425,44.299982911555446,44.299982442966325,44.29998255936073,44.29998252687398,44.29998531157111,44.29998251429573,44.299988090774384,44.2999853714202,44.29998252601131,44.30000328676645,44.30000257696349,0.03214493111028221,44.309902602702486
2879,44.29994693290697,44.299946728997305,44.29994719785913,44.299946986182924,44.29994691498624,44.29994690829083,44.29994899715667,44.299946854601075,44.29995036270404,44.29994865345398,44.29994690305923,44.29995756523652,44.29995702588792,0.03214479589660398,44.309866984004124
2880,44.299950100434536,44.29995003198931,44.29995036770853,44.29995016956991,44.29995008547282,44.29995008140231,44.29995213508372,44.299950003064,44.29995450789972,44.29995222175561,44.29995007790185,44.299960375727125,44.29995984279299,0.03214463602000636,44.309870157561186
2881,44.299980886113396,44.299981189946514,44.299981137535504,44.29998071458427,44.29998084060954,44.29998080738806,44.29998340787255,44.29998079427539,44.299987227748524,44.29998393373609,44.29998081568585,44.299996924491865,44.29999622835684,0.032143809532963606,44.309900884131935
2882,44.299945009072424,44.29994524951851,44.29994510753935,44.2999449166285,44.29994498784746,44.299944970720894,44.29994741996372,44.29994488342458,44.29994456733079,44.29994485969048,44.29994504102763,44.29995660531144,44.299956117954316,0.01912564766869584,44.309865048228055
2883,44.299809525999876,44.29980947675889,44.29980959138561,44.299809484629584,44.29980951375177,44.299809504589184,44.29981188043982,44.2998094076137,44.29980810211123,44.29980889082292,44.299809601917815,44.29981967173085,44.29981923114999,0.01912384070584561,44.30972958041323
2884,44.29995443056293,44.299954302041584,44.29995457604076,44.29995443541821,44.29995441897725,44.299954414930504,44.29995693821902,44.29995425384795,44.29995581747801,44.299954935334235,44.29995448491189,44.29996603355423,44.29996539188907,0.019126221956360292,44.309874491781336
2885,157.53255131098823,157.5325513669355,157.53255160119633,157.53255115820778,157.5325512686712,157.5325512311764,157.53255437530726,157.53255114588336,157.53255844895492,157.5325546963285,157.53255125077297,157.53257592438356,157.53257519029538,0.03111353314594137,157.54247131589997
2886,44.299984445031846,44.2999846112206,44.29998473924354,44.29998428657561,44.29998439837828,44.29998436598087,44.29998715761835,44.29998434521892,44.29998868930437,44.29998662460111,44.299984365450605,44.30000398174392,44.300003354935285,0.031113996892700668,44.30990444190164
2887,44.29994462155332,44.29994450483296,44.299944878232516,44.29994465294928,44.29994460084748,44.29994459033435,44.299946584532144,44.2999445597926,44.29994722921006,44.29994601195251,44.299944586447616,44.29995396003611,44.29995346845044,0.031113803642611283,44.309864666264076
2888,44.299946620041965,44.29994657969639,44.299946870091524,44.299946659587114,44.2999466005848,44.299946590787364,44.29994856260117,44.299946547809164,44.299950568788496,44.299948550804,44.29994658919025,44.29995584684352,44.299955321946875,0.03111362206480812,44.30986666744747
2889,44.2999753795653,44.29997571456579,44.29997560478059,44.299975226487106,44.29997533912084,44.29997530829517,44.299977689823145,44.29997530520396,44.299980541164366,44.299977832130175,44.29997531695289,44.29998822862933,44.299987582956554,0.03111267891803156,44.30989538570179
2890,44.299890581784275,44.29989037875371,44.29989064852426,44.29989050636298,44.29989055921598,44.29989053947167,44.2998927936062,44.29989048090162,44.299890080835326,44.29989043590731,44.29989060766112,44.29989984172007,44.299899292445765,0.01912448041684449,44.30981061681388
2891,0.15102831290706042,0.15102785176439015,0.15102891832670706,0.15102893165228634,0.15102861521661365,0.15102901215657552,0.15103065959683348,0.1510283039061627,0.15102588055182015,0.15102723097766788,0.15102897831809806,0.15103617180468196,0.1510358228448824,0.019123320388239093,0.16094893597059468
2892,44.29992813934498,44.29992858917252,44.29992823930625,44.299928008172124,44.29992810980155,44.299928084166815,44.29993037778102,44.29992805874689,44.29992871087356,44.299928367915555,44.29992815430928,44.29993746307864,44.29993692100104,0.019125084795253808,44.30984816160006
2893,157.53208003369926,157.53208025270467,157.53208034234714,157.53207988612166,157.53207999513037,157.53207996142828,157.53208311147478,157.53207987383274,157.53208627972745,157.53208301821945,157.5320799795261,157.5321053495569,157.5321046072111,0.03122371837979029,157.5420000459961
2894,44.29997709573826,44.29997729189924,44.29997737775225,44.299976945006044,44.299977053320646,44.299977023335344,44.299979614449036,44.29997702308805,44.29997859715018,44.2999780715009,44.29997702322146,44.29999425099974,44.29999358459349,0.031224153929165808,44.30989709946718
2895,44.29994322930549,44.299943161834,44.29994346668013,44.2999432236709,44.29994320472175,44.29994318987983,44.29994518670381,44.29994318658934,44.29994431993978,44.2999439852633,44.299943186124615,44.299952996326596,44.29995245909364,0.031224020319673387,44.3098632658727
2896,44.299944164927076,44.29994416760175,44.29994440588663,44.299944165450476,44.2999441410393,44.299944126254694,44.29994608292332,44.29994411474477,44.299948065155974,44.299946092561946,44.29994412394992,44.299953332334674,44.29995278096368,0.031223854335390867,44.30986420288005
2897,44.2999722680026,44.299972628840514,44.299972508132235,44.29997212122074,44.29997222845173,44.299972199076365,44.29997458792595,44.29997219811366,44.299976779649114,44.29997446167212,44.29997220613934,44.2999854140587,44.29998475384042,0.031223089164930922,44.309892276450505
2898,44.29986078747225,44.29986103718625,44.29986084284685,44.2998607250854,44.29986076474882,44.299860746511605,44.29986313903705,44.29986069088499,44.29986018793921,44.29986060221618,44.299860816226534,44.29987011725546,44.29986962464261,0.019125196218179125,44.30978082370294
2899,0.15103771010657796,0.15103769054186467,0.1510382724543274,0.15103827561982297,0.15103798756754092,0.15103835290714787,0.1510400461123817,0.15103770201628067,0.1510361970642303,0.15103700553818436,0.1510383240682242,0.15104580240147852,0.15104541690379092,0.019123547559688172,0.16095828479738342
2900,44.299938566564435,44.299938835832826,44.29993865011449,44.29993840351447,44.29993853589854,44.29993850866165,44.2999407722956,44.29993849159806,44.29993986847965,44.29993905081958,44.29993857708113,44.2999479078506,44.29994740877013,0.019125190181118096,44.30985858579478
2901,157.5330214846955,157.53303024558943,157.53301835633033,157.53301792059318,157.53301978456884,157.53301799507298,157.5330232024743,157.53301859176364,157.53302651755075,157.53302238031958,157.53301801471167,157.53304604752182,157.5330450959933,157.53446550168994,157.5429380807421
2902,44.29997631170776,44.299976345472324,44.29997657918372,44.29997616945675,44.299976269985216,44.299976241720806,44.29997883044425,44.29997624247758,44.29998027835077,44.299978346554326,44.299976239741646,44.29999221957109,44.29999164779397,157.53446599217315,44.309896317325034
2903,44.29995012072401,44.29995002667266,44.29995040109455,44.299950199432935,44.29995010601871,44.29995010306639,44.29995218827522,44.299950017524644,44.29995222789472,44.29995128608905,44.29995009879454,44.299960601749326,44.29996006384395,157.53446590760183,44.3098701788578
2904,44.29995332890385,44.29995335753991,44.299953603806195,44.299953366493156,44.2999533104991,44.29995330257044,44.29995536056939,44.29995323292795,44.299956992033856,44.29995512121237,44.29995330000005,44.29996369859436,44.2999631210887,157.53446574874565,44.309873378803225
2905,44.299981501549475,44.29998189956982,44.299981762688596,44.29998133249014,44.299981455065335,44.29998142089972,44.29998402093252,44.29998140125955,44.29998650963868,44.29998392669182,44.29998142903806,44.29999791355075,44.299997146695745,157.53446495738922,44.30990149755235
2906,44.299945016972835,44.29994534301414,44.299945122333774,44.29994491511175,44.29994499324022,44.29994497364374,44.29994741356504,44.29994488756202,44.299944748192864,44.29994494356935,44.29994503889765,44.299956546261775,44.29995583198201,0.01912555576210433,44.30986505089988
2907,44.29987810986528,44.29987858853334,44.29987818279176,44.29987805280221,44.29987809330759,44.29987808023737,44.299880445076774,44.299877987935666,44.299876836835956,44.29987754380044,44.299878173465366,44.29988783047488,44.29988731757504,0.01912409571844564,44.30979815614992
2908,44.299950033327995,44.2999500751026,44.299950178758046,44.29995006623054,44.299950024196335,44.299950022078804,44.29995251630479,44.29994986886794,44.299951458059006,44.29995057297433,44.299950086949,44.29996261664649,44.29996189752945,0.01912642777372558,44.30987009886973
2909,157.5322825790547,157.53228257612977,157.5322828698385,157.5322824293231,157.53228253860757,157.53228250339774,157.53228563853045,157.5322824207895,157.53229004073776,157.53228609320828,157.53228252135042,157.5323068864667,157.5323061048701,157.53477544070267,157.54220258794064
2910,44.29998478591603,44.29998483251952,44.2999850691337,44.29998462358312,44.29998473782189,44.299984704878035,44.29998749851183,44.29998468506176,44.299989534869155,44.2999872042273,44.29998470321723,44.30000551733087,44.30000480896127,157.53477592243027,44.309904780675076
2911,44.29995024830243,44.29995008547655,44.29995052261604,44.29995033321202,44.299950233896055,44.29995023143203,44.299952320025824,44.299950141800025,44.29995300025829,44.299951675262726,44.29995022686358,44.29996084313991,44.29996029272502,157.53477577586844,44.309870307122026
2912,44.29995223292688,44.299952222193305,44.299952511090225,44.29995228541366,44.29995221571509,44.29995220899695,44.299954266741814,44.29995213411038,44.29995637008259,44.29995424524032,44.299952206339704,44.29996269781742,44.29996212596229,157.5347756050423,44.309872285202125
2913,44.299982304279006,44.29998271346977,44.299982576177655,44.29998213848412,44.29998225813159,44.29998222413452,44.2999848221612,44.29998219864339,44.29998782300928,44.2999849857623,44.29998223222838,44.29999923626709,44.29999845879655,157.53477479011056,44.30990230085305
2914,44.299949594713716,44.29994999714876,44.29994970419603,44.299949600543705,44.29994958308239,44.29994957643523,44.299951944989964,44.29994940597734,44.2999492632818,44.299949442969684,44.29994964149282,44.29996134847456,44.299960567609325,0.0191250383230987,44.30986965370371
2915,44.29982095260618,44.29982105072468,44.29982102643168,44.29982091023353,44.29982093802254,44.29982092606454,44.299823277777165,44.29982083244368,44.299820061524095,44.299820515126946,44.299821018705494,44.29983117721417,44.299830536355614,0.019123552389468754,44.309741001555714
2916,44.29994483461187,44.29994508473501,44.29994502364797,44.299944802833636,44.29994481713448,44.2999448062559,44.29994721836343,44.2999447049044,44.29994612884739,44.29994532301664,44.299944876006606,44.299956496502354,44.29995589447691,0.019125340220131716,44.3098648826904
2917,157.53253204533937,157.53253210647026,157.53253236448705,157.53253189650061,157.53253200416182,157.53253196651312,157.53253509629965,157.53253189373928,157.53253926685377,157.5325354382146,157.53253198750713,157.53255919775197,157.5325582323328,157.5347630175766,157.54245205170255
2918,44.29999250189939,44.29999269791502,44.299992812252604,44.29999234612996,44.29999245395672,44.29999242139058,44.29999519613023,44.29999238929599,44.2999977302793,44.29999509086016,44.29999242068746,44.3000120394552,44.300011419804406,157.5347636404782,44.3099124970959
2919,44.2999485471987,44.29994823624946,44.29994885335409,44.29994860471009,44.29994852699332,44.29994851890049,44.29995066985327,44.299948443168404,44.29995092400344,44.299949852878534,44.29994851589942,44.29995875731865,44.29995831687254,157.53476352257147,44.30986859484188
