,KE0 0,KE0 1,KE0 10,KE0 11,KE0 12,KE0 2,KE0 3,KE0 4,KE0 5,KE0 6,KE0 7,KE0 8,KE0 9,KE1 0,KE2 0
0,98.28202576833944,43.95078799440234,19.494502852374485,22.279023445219778,21.373235135553333,507.4937840551001,55.827523431201335,34.223782827456404,25.579467189391366,10.522353828369985,7.649475893134025,83.34028521003317,39.27033220192617,369.79766055263957,51.02221134696088
1,117.09244488934524,52.362628678495184,23.225599829080636,26.543056113808714,25.46390693162735,604.6241667955101,66.51247936306167,40.77395000052782,30.47517924826377,12.53625091793242,9.113526379283384,99.29097082329099,46.78636986969394,440.5740708940247,60.78746773452351
2,131.0341908851913,58.59724500579344,25.990982460933697,29.70343547596073,28.49579616101448,676.6144353767077,74.43186386058477,45.62874703454562,34.10374135283584,14.02889398472613,10.19863883061604,111.11316393068971,52.35704255833238,493.03152700543325,68.02519716861555
3,130.52454278661963,58.369335219065285,25.889892396563937,29.587906091537448,28.384963803195205,673.9827920008348,74.14236645816307,45.45127729165432,33.97109729392849,13.974329606558271,10.158971955482691,110.68099723937803,52.15340359199519,491.11391620036983,67.76061803733887
4,130.2693532663457,58.25521689054822,25.83927487223042,29.530058552674557,28.32946814589363,672.6650831493681,73.99741015703766,45.36241515584239,33.904680144812026,13.94700828910859,10.139110072617994,110.46460398500646,52.05143807839021,490.15373567033794,67.62813874079245
5,138.9987161992585,62.15890504299815,27.570767373170508,31.50887085252081,30.227828757512523,717.7404404446728,78.95598432018481,48.40215532096926,36.17663629326439,14.881598767461915,10.81853289480452,117.86684860545876,55.53941036637186,522.9989885583383,72.15990736283159
6,123.43661038668425,55.19967920319825,24.483982034951406,27.981180844659566,26.843562467351685,637.3832041652256,70.1161804995131,42.983116330840836,32.12634966233076,13.215475359908082,9.607304775226671,104.67063773424927,49.32129408067575,464.44473840147543,64.08098300646454
7,101.56340584074765,45.41818998132729,20.145373371995927,23.022861832700496,22.086831617803426,524.4376756451521,57.69145858563993,35.36642552427207,26.433498770872337,10.873667732385627,7.904871908467105,86.12279960143998,40.58146599792656,382.1442383187595,52.72570968508785
8,98.437095347465,44.02013363663192,19.525261318421016,22.314175333492027,21.406957869197782,508.29450877446806,55.915608210635014,34.277781181251505,25.619826524481436,10.53895601953179,7.661545251676507,83.47177968067206,39.33229301153573,370.3811280497248,51.102714295264754
9,117.29445240910081,52.45296452174468,23.265668561275458,26.588848111211703,25.50783718423592,605.6672625173054,66.62722648446324,40.84429309156181,30.52775493220193,12.557878418813099,9.129249006493412,99.46226729565596,46.86708556868439,441.33414790338276,60.892338083766596
10,130.64878381298334,58.42489462544941,25.914535936660865,29.616069621110388,28.411982300720002,674.6243289259368,74.2129395742157,45.49454052184612,34.0034330056988,13.98763120498564,10.168641869474365,110.7863499983489,52.20304630479308,491.5813876483257,67.82511662551444
11,129.93362158412967,58.10508087256604,25.77268159451329,29.453953344617243,28.256457113302872,670.9314829258989,73.80670317670241,45.24550661543907,33.81730061144825,13.911063898218664,10.11297944100356,110.17991333143895,51.917290510833844,488.8905058001119,67.45384672033417
12,130.8405199258835,58.510637193157656,25.9525673078156,29.659533248576377,28.45367884688859,675.6143867184478,74.32185218821463,45.56130690193216,34.053335391924655,14.008159019770076,10.183565053668085,110.94893661791883,52.27965788040755,492.3028172834968,67.92465466819067
13,138.487362569409,61.93023255888942,27.46933901210711,31.392954850391707,30.116625500530887,715.0999903056581,78.66551811816181,48.22409167770195,36.04354834259737,14.826851790253889,10.778733274947065,117.43323567347365,55.3350899246648,521.0749604916074,71.89444282065055
14,123.45457579388415,55.207713162581,24.48754552155198,27.98525332612381,26.847469375755207,637.4759712038646,70.12638546001897,42.98937224782677,32.13102544653872,13.217398787612694,9.608703056837287,104.6858718744519,49.3284724787945,464.5123353552569,64.09030958267135
15,100.81511474173635,45.08356131251796,19.99694782978675,22.853235750938424,21.924101947917418,520.5737638215688,57.26640386645982,35.10585547736801,26.238744058953902,10.793553554346849,7.846630997393234,85.48827062094536,40.28247297440888,379.32870520715073,52.337241231122555
16,98.33640450719143,43.975105649680636,19.505289020764597,22.291350268851403,21.385060793019917,507.7745767202532,55.85841239888068,34.24271860064944,25.59362012483801,10.528175771156244,7.653708293195943,83.38639679116774,39.29206019463638,370.00226694179423,51.05044156998281
17,117.28486178153696,52.448675684233486,23.263766234629895,26.586674063468195,25.50575152578091,605.6177398926365,66.62177868278381,40.84095344168832,30.525258818175207,12.556851618888352,9.128502549816558,99.454134723802,46.86325346278799,441.29806204120587,60.88735919751872
18,130.76971410216063,58.47897350162419,25.93852278317603,29.64348265748968,28.438280817517864,675.2487703696461,74.28163207927761,45.53665088660214,34.034907045229744,14.000578346452684,10.178054102531016,110.88889534895372,52.25136615363767,492.03640205892725,67.88789647487566
19,130.1389207314775,58.19688870039597,25.81340322985072,29.500491503362838,28.30110319090547,671.9915754538696,73.9233200541972,45.3169959175629,33.87073299404863,13.933043810132043,10.128958261812768,110.35400100779265,51.99932143819918,489.6629679447326,67.56042588782122
20,130.23683351450157,58.24067436654389,25.832824492416535,29.522686825157717,28.322396127411306,672.4971625983734,73.97893783522845,45.35109112262253,33.89621635991545,13.943526631779699,10.136578998844966,110.437028185948,52.03844423289243,490.03137628610983,67.61125641018755
21,138.57062784851738,61.96746800047478,27.485854903068784,31.411829808360128,30.13473306775998,715.529942896122,78.71281562026446,48.253086326591166,36.06521946158701,14.835766408380115,10.785213969054615,117.50384219643384,55.36836004853445,521.3882558798417,71.93766922583826
22,123.48284366102997,55.22035428415197,24.493152528656243,27.991661216783005,26.8536167436647,637.621936519016,70.14244256713592,42.99921568907283,32.13838261052184,13.220425226045927,9.61090319838496,104.70984219956267,49.33976740810409,464.61869652412383,64.10498458637183
23,100.4156119551438,44.90490746264627,19.917705382840065,22.762674614460575,21.83722271513402,518.5108720636568,57.03947273632727,34.9667405527374,26.134767076979582,10.750781647244983,7.8155369401494115,85.14950393480375,40.122844527371534,377.8255290697926,52.1298430273119
24,98.28202576833944,43.95078799440234,19.494502852374485,22.279023445219778,21.373235135553333,507.4937840551001,55.827523431201335,34.223782827456404,25.579467189391366,10.522353828369985,7.649475893134025,83.34028521003317,39.27033220192617,369.79766055263957,51.02221134696088
25,117.03516865828033,52.33701529223281,23.214238935355265,26.530072473262297,25.451451161158044,604.3284125005379,66.47994452154991,40.754005262130164,30.4602721941834,12.53011876137064,9.109068461924075,99.24240225344936,46.76348413241278,440.3585623502447,60.75773330502121
26,131.21288470008435,58.67715518176791,26.026426857372428,29.7439426150881,28.534656419470895,677.5371473334297,74.53336800704453,45.69097182352101,34.15024927266421,14.048025453909291,10.212546908096032,111.26469106275715,52.42844285170668,493.7038834631485,68.11796442202319
27,130.46598143534814,58.34314713925844,25.878276595806103,29.574631134008218,28.37222855968759,673.6804017975011,74.10910162479489,45.43088504849155,33.95585576678551,13.968059861363981,10.154414014787852,110.63133892516343,52.1300043620684,490.8935722409357,67.73021644948007
28,130.69451307178338,58.44534431544053,25.923606457533268,29.626435740662505,28.421926969577473,674.8604587208716,74.23891534391716,45.5104643717037,34.01533477579283,13.992527109782488,10.17220106414976,110.82512707321119,52.221318243841814,491.7534493533105,67.84885655037857
29,138.487362569409,61.93023255888942,27.46933901210711,31.392954850391707,30.116625500530887,715.0999903056581,78.66551811816181,48.22409167770195,36.04354834259737,14.826851790253889,10.778733274947065,117.43323567347365,55.3350899246648,521.0749604916074,71.89444282065055
30,123.42143975762873,55.19289504204418,24.480972900075695,27.97774189641075,26.840263334886483,637.3048683771129,70.10756306776561,42.97783361195004,32.12240126377941,13.213851149118028,9.606124016483284,104.65777348422574,49.31523238589417,464.38765712857753,64.07310731367244
31,96.8846629718409,43.32590063030858,19.21733220179844,21.962262793805753,21.069352880524978,500.2782944704184,55.03377397748849,33.73719292961224,25.2157811997582,10.372748184241155,7.540716504606837,82.15536240149667,38.71199103225537,364.5399189763063,50.29678328039475
32,95.42351235007095,42.67248795690002,18.927509065358574,21.63104242360153,20.75159878903769,492.7334270104788,54.203790875943035,33.228390824988075,24.835493409634495,10.216313233713722,7.426992389031397,80.9163493815559,38.12816230197251,359.04216821851077,49.538240349977194
33,113.60834068740085,50.80457038723646,22.534518435796468,25.75326328451079,24.7062243567845,586.6334791630148,64.53339002856552,39.560714674705046,29.568385473701927,12.163232790750314,8.842351961646115,96.33655229537071,45.394234040514085,427.4647197901151,58.978727025765075
34,126.64239529333587,56.63327575034318,25.11985805112273,28.707882970885283,27.540719389670077,653.9367489301468,71.9371750363304,44.09943526687284,32.960706394346325,13.558695829996346,9.856817075876705,107.38904963463187,50.6022224830763,476.5068804813411,65.7452368083308
35,126.31701623375038,56.487769326825145,25.055318243812053,28.63412454313192,27.469959725384182,652.2566060056355,71.75234869671215,43.98613171838776,32.8760212963977,13.523859820395051,9.831492208455915,107.1131377024629,50.472211490103994,475.282603569191,65.57631925686339
36,128.27444540428507,57.36311305133293,25.44357955863531,29.07784362647165,27.895638720052464,662.3640811925633,72.86423484302054,44.66774801911817,33.385473506522764,13.733427766978563,9.983842621824644,108.77298042625166,51.2543371452042,482.6476606312769,66.59250063952165
37,144.38528560156473,64.56772769360087,28.63920783068903,32.729923278588565,31.399237400236654,745.5547886704135,82.01573840207429,50.277867384984695,37.57857702670477,15.458300241907878,11.237779776088365,122.43450201697863,57.691710018353994,543.2665883336266,74.95629541375918
38,120.60022826714028,53.93127607218191,23.92137805026954,27.338216648033505,26.22673897901429,622.7371253566089,68.5050192724142,41.99543089277548,31.388135906598194,12.911804205177793,9.386543791948714,102.26546860022454,48.187967134926346,453.77251767707736,62.60850127002548
39,97.35605366292502,43.53670206795099,19.310833807001234,22.06911981243576,21.171865461055223,502.7123900613103,55.30153987512862,33.90134067191229,25.33846815723294,10.423216615311949,7.577405733379912,82.55508792946763,38.900343570688015,366.31358179416566,50.54150142981686
40,95.42351235007095,42.67248795690002,18.927509065358574,21.63104242360153,20.75159878903769,492.7334270104788,54.203790875943035,33.228390824988075,24.835493409634495,10.216313233713722,7.426992389031397,80.9163493815559,38.12816230197251,359.04216821851077,49.538240349977194
41,114.36464109506011,51.14278074276436,22.684532645812016,25.924704953342342,24.87069579822708,590.5387482370378,64.96299430665749,39.82407372435526,29.765224736138816,12.24420446820321,8.901216252355724,96.97787293549828,45.696427325817716,430.31038886582814,59.37135343878122
42,126.63882657662843,56.6316798541435,25.119150186612526,28.70707399770252,27.539943306548835,653.918321333321,71.93514788422353,44.09819256776674,32.95977757881558,13.558313753013138,9.856539315907783,107.3860234671724,50.60079653881498,476.4934527657515,65.74338414181663
43,126.35736136439876,56.50581128586973,25.06332080845554,28.643270163651934,27.478733516493804,652.4649340581036,71.77526609904484,44.000180706274,32.88652176113276,13.528179285084704,9.834632346257182,107.14734919402287,50.488332104945876,475.43440685989253,65.59726406102943
44,127.70846222216035,57.110010750566424,25.331315279668033,28.949543945165946,27.772555261609778,659.4415432761688,72.54273720278862,44.470661264367244,33.238167342209145,13.672831994184248,9.939791080622316,108.29304323068003,51.02818849382078,480.5180824604402,66.29867566683275
45,143.9566430725933,64.376042827839,28.554185437852126,32.63275661074756,31.306021194229672,743.3414295405619,81.77225491012665,50.128605414574075,37.46701596129035,15.412408550925072,11.204417717598977,122.07102568101226,57.52043826874375,541.6537704944764,74.73376958022551
46,120.17376900930041,53.740567544523465,23.83678871510487,27.241544894174464,26.13399756549246,620.5350398703307,68.26277595250518,41.8469291813896,31.277143072371928,12.866146261425675,9.353351661579534,101.90384361436388,48.017567750145325,452.1679146518821,62.38710886165509
47,100.29029123671064,44.848865228228505,19.892847682931478,22.734266335303555,21.809969418699712,517.863759988779,56.968286318566264,34.92310135199944,26.102150358100904,10.737364453907029,7.805782991682534,85.04323562851583,40.07277040439553,377.3539951536664,52.06478392691116
48,98.28202576833944,43.95078799440234,19.494502852374485,22.279023445219778,21.373235135553333,507.4937840551001,55.827523431201335,34.223782827456404,25.579467189391366,10.522353828369985,7.649475893134025,83.34028521003317,39.27033220192617,369.79766055263957,51.02221134696088
49,117.09244488934524,52.362628678495184,23.225599829080636,26.543056113808714,25.46390693162735,604.6241667955101,66.51247936306167,40.77395000052782,30.47517924826377,12.53625091793242,9.113526379283384,99.29097082329099,46.78636986969394,440.5740708940247,60.78746773452351
50,130.9112827530195,58.54228165702606,25.966603303967087,29.675574092998218,28.469067525860265,675.9797810480105,74.36204787363228,45.58594794498381,34.07175254807099,14.015735089750317,10.189072658299507,111.00894142703504,52.307932427126076,492.56907072836026,67.96139054022238
51,129.71414789532136,58.00693432448919,25.729148400940545,29.404202035358576,28.208728520813093,669.7981980555159,73.68203467899195,45.16908145220708,33.7601790780049,13.887566419492472,10.095897388831846,109.99380605822812,51.829595893209664,488.06471027911317,67.33990896978484
52,130.1506444674883,58.202131443734686,25.815728664265777,29.503149093979314,28.303652733046743,672.0521126996667,73.92997953380934,45.32107835880302,33.87378428362351,13.934298986727475,10.12987074235324,110.36394239326195,52.004005865531575,489.7070798778743,67.5665121577352
53,138.41466967326383,61.8977249865007,27.454920181602038,31.376476489014262,30.10081709253514,714.7246297791507,78.62422608809736,48.198778545709395,36.02462885515997,14.819069081583933,10.773075449395371,117.37159422225083,55.3060441845305,520.8014449355013,71.8567049710128
54,123.44751002144733,55.20455341629006,24.48614400667836,27.983651624199698,26.84593279351114,637.4394860422777,70.12237186167083,42.986911803411886,32.129186466391516,13.216642305874858,9.608153114408859,104.67988030594779,49.32564922369075,464.48574955692084,64.08664145178187
55,100.53935852075888,44.960245750882244,19.94225084532413,22.79072605738771,21.864133683069728,519.1498557675118,57.109764981907254,35.00983160172775,26.166974097441408,10.764030307295158,7.825168369326115,85.25443740551214,40.17228966957898,378.29114005113064,52.19408492072949
56,98.30120702346711,43.959365669424734,19.49830750566562,22.283371540706796,21.377406452463358,507.59282930443806,55.838419034560225,34.23046212720339,25.58445941744481,10.524407428219476,7.650968806487735,83.3565503537411,39.27799641371897,369.8698322769933,51.03216911945665
57,117.09244488934524,52.362628678495184,23.225599829080636,26.543056113808714,25.46390693162735,604.6241667955101,66.51247936306167,40.77395000052782,30.47517924826377,12.53625091793242,9.113526379283384,99.29097082329099,46.78636986969394,440.5740708940247,60.78746773452351
58,130.76722507752265,58.47786043345815,25.938029078477484,29.642918433890994,28.437739533306125,675.2359179225963,74.28021822887912,45.53578415804219,34.034259236807365,14.00031186438006,10.177860377037296,110.88678472881129,52.25037161955447,492.02703681150797,67.88660432058667
59,129.8097579722504,58.049690242352966,25.748112915589463,29.425875369102453,28.22952069150308,670.2918948363381,73.73634444487527,45.202374808579776,33.78506312782645,13.897802706861809,10.103338901894809,110.07488060891963,51.86779860070885,488.4244544184633,67.38954406342314
60,130.31947773180013,58.27763207518955,25.849217194106018,29.541420997967155,28.340368633320768,672.9239082442758,74.02588255316256,45.37986950526838,33.91772583764807,13.952374757258248,10.143011354537576,110.50710806664615,52.07146620046493,490.3423348563701,67.65416039683866
61,138.75816462810315,62.05133266622918,27.523053325221554,31.45434151155885,30.17551639162124,716.4983168096372,78.81934287053926,48.31839041415478,36.114028904236534,14.855844630569853,10.79981031119655,117.66286790409367,55.44329370580126,522.0938850304034,72.03502722317857
62,123.3861061180461,55.177094174182265,24.473964378097808,27.96973230382744,26.832579384732924,637.1224179003747,70.08749236230051,42.9655297262891,32.11320511964908,13.210068228946959,9.603373932507184,104.62781159061086,49.301114201480836,464.25471016137453,64.05476417908248
63,100.43479321027148,44.91348513766866,19.921510036131195,22.767022709947593,21.841394032044047,518.6099173129949,57.05036833968615,34.973419852484376,26.13975930503302,10.752835247094474,7.817029853503122,85.16576907851166,40.130508739164334,377.8977007941464,52.13980079980767
64,98.28202576833944,43.95078799440234,19.494502852374485,22.279023445219778,21.373235135553333,507.4937840551001,55.827523431201335,34.223782827456404,25.579467189391366,10.522353828369985,7.649475893134025,83.34028521003317,39.27033220192617,369.79766055263957,51.02221134696088
65,117.06078029183932,52.34846857138475,23.219319071418465,26.53587823662616,25.45702088219282,604.4606619604883,66.4944927979153,40.76292374928921,30.466938030944167,12.532860815864568,9.11106186378939,99.26412017011637,46.7737177163284,440.4549291283917,60.771029349442074
66,130.78212100616227,58.48452175119659,25.940983725790492,29.646295111781033,28.440978927110724,675.3128352544608,74.28867962147514,45.54097122070996,34.038136140187355,14.001906664960563,10.179019755327927,110.89941604091125,52.25632355289693,492.0830844918405,67.8943374051799
67,130.22612258698072,58.23588454153761,25.83069995127613,29.520258822646657,28.32006683911435,672.4418551390917,73.97285366518346,45.34736136171774,33.893428669928944,13.942379889348176,10.13574534710424,110.42794563247521,52.03416449121386,489.9910751638181,67.60569593050248
68,130.62092202471322,58.41243509849286,25.909009476388416,29.60975378228591,28.405923242134886,674.4804604591524,74.19711313367048,45.4848384854515,33.9961815302299,13.984648242514348,10.166473333813386,110.7627240162556,52.19191363152394,491.4765543989033,67.81065243393404
69,138.83085752424827,62.0838402386179,27.537472155726622,31.4708198729363,30.19132479961699,716.8736773361446,78.86063490060373,48.34370354614733,36.13294839167393,14.863627339239807,10.805468136748244,117.72450935531647,55.47233944593555,522.3674005865096,72.07276507281632
70,123.3861061180461,55.177094174182265,24.473964378097808,27.96973230382744,26.832579384732924,637.1224179003747,70.08749236230051,42.9655297262891,32.11320511964908,13.210068228946959,9.603373932507184,104.62781159061086,49.301114201480836,464.25471016137453,64.05476417908248
71,100.44460359816804,44.917872249912364,19.923455952826924,22.769246573978123,21.84352748142754,518.6605747026625,57.05594097268678,34.9768360273363,26.14231261519684,10.753885575186859,7.817793414542186,85.17408800070447,40.13442865421203,377.9346135303756,52.14489377261466
72,98.28202576833944,43.95078799440234,19.494502852374485,22.279023445219778,21.373235135553333,507.4937840551001,55.827523431201335,34.223782827456404,25.579467189391366,10.522353828369985,7.649475893134025,83.34028521003317,39.27033220192617,369.79766055263957,51.02221134696088
73,117.15077692548694,52.38871421075506,23.237170144568736,26.556279089125393,25.476592306340024,604.9253728962366,66.54561393765995,40.7942623915392,30.490361092481084,12.542496111995261,9.11806647194809,99.34043468497806,46.80967747268026,440.79355202836064,60.81775027553804
74,130.75532457776595,58.47253864305198,25.93566858250034,29.640220773652345,28.435151550635425,675.1744679310394,74.27345834146517,45.531640164102036,34.03116194164395,13.999037762954137,10.176934138640265,110.87669345285202,52.24561656312213,491.9822597840198,67.8804262853969
75,129.46313859876764,57.89468535229707,25.67936003516985,29.347302088911913,28.154141930085938,668.5020744078275,73.53945288669321,45.08167495457163,33.69484989888763,13.86069264870987,10.076360860683089,109.78095751138942,51.72930066237396,487.12025833159925,67.20959979800402
76,129.8452397111877,58.06555733883897,25.755150813470717,29.433918533531358,28.2372368485867,670.4751100460102,73.75649927579593,45.21473026542183,33.794297817179604,13.901601482971941,10.1061005127237,110.10496808645853,51.88197596085458,488.55795862687563,67.40796408243337
77,139.14151741894,62.222764391464956,27.59909237728638,31.541241692421792,30.258883510627722,718.4778156745514,79.0371002554278,48.451881584664676,36.21380259183112,14.896887473091097,10.829647383734965,117.9879398658755,55.59646913466538,523.5362949126737,72.23404130496633
78,123.35717896990211,55.164158228413754,24.468226600843064,27.96317496430716,26.826288644037984,636.9730482902272,70.07106076122004,42.955456710107775,32.10567636725467,13.2069712060108,9.601122477872883,104.60328221448349,49.28955584471735,464.1458683703504,64.03974691570467
79,101.28538752156273,45.293862830868896,20.0902276942996,22.95983935628226,22.02637141807233,523.0020869122503,57.53353475259659,35.269613940430006,26.361140062165997,10.843902298651814,7.883233217019419,85.88704819284469,40.47037883150665,381.0981617526568,52.58137902717878
80,98.37629100758022,43.992942513631306,19.513200614868623,22.300391924946325,21.39373484653967,507.98053656750676,55.881069283673554,34.2566078842329,25.604001223721742,10.532446133582996,7.656812734936945,83.4202193776727,39.3079975555973,370.1523445822997,51.07114828046031
81,117.15165118941928,52.38910517327787,23.23734355715959,26.556477271310726,25.476782431120725,604.9298872874268,66.54611054922026,40.79456682786639,30.490588633635202,12.542589713183915,9.118134517562966,99.3411760352392,46.81002680039086,440.79684154904726,60.81820414163187
82,130.82267156494774,58.50265557575201,25.949027037654787,29.65548729969979,28.44979739234915,675.5222240655146,74.3117137139559,45.55509174281517,34.04869007087667,14.00624812337214,10.182175881989515,110.93380172952713,52.27252625020633,492.2356607300259,67.9153888554773
83,129.83861823681488,58.06259627842028,25.753837426307204,29.43241754714406,28.23579688713283,670.4409190832249,73.75273805381453,45.21242453455027,33.79257447270088,13.900892569051294,10.105585150853651,110.09935326972648,51.87933023294803,488.5330445521672,67.4045266048047
84,130.02664708845,58.146680994119215,25.79113345226794,29.4750407955072,28.276687221116564,671.411833883585,73.85954481769976,45.27789997152208,33.841511984961734,13.921023473877275,10.12021979189358,110.25879624010157,51.954460506357954,489.24052518158527,67.50214005683169
85,139.20373825749115,62.25058895920882,27.61143404714035,31.555346199426253,30.272414576987902,718.7991021819929,79.07244380166595,48.47354813507681,36.22999655899625,14.903549013424788,10.834490149243985,118.0407013183417,55.62133057785078,523.770408122632,72.26634268204849
86,123.20122079464858,55.094415214439685,24.437291879376318,27.927821644961295,26.792372668813147,636.167735173256,69.98247122905292,42.901148929226004,32.06508576082762,13.19027387921462,9.58898395821364,104.47103424030047,49.2272399807134,463.55905742600993,63.958782660879194
87,97.97757410304706,43.814640102748704,19.43411404973175,22.210008935842723,21.30702651827226,505.921702827905,55.65458456120041,34.11776661957945,25.500228780107268,10.48975836525454,7.625779844379719,83.08211909654723,39.14868312172057,368.6521254184549,50.8641580601056
88,95.42351235007095,42.67248795690002,18.927509065358574,21.63104242360153,20.75159878903769,492.7334270104788,54.203790875943035,33.228390824988075,24.835493409634495,10.216313233713722,7.426992389031397,80.9163493815559,38.12816230197251,359.04216821851077,49.538240349977194
89,113.68587786566292,50.839244276554865,22.549898142624624,25.770839770128294,24.72308624307333,587.033853857101,64.57743377514454,39.587714683395845,29.5885657629441,12.17153414207217,8.848386826834336,96.4023015562373,45.42521539976616,427.75646252641917,59.01897973998831
90,126.64239529333587,56.63327575034318,25.11985805112273,28.707882970885283,27.540719389670077,653.9367489301468,71.9371750363304,44.09943526687284,32.960706394346325,13.558695829996346,9.856817075876705,107.38904963463187,50.6022224830763,476.5068804813411,65.7452368083308
91,126.4921938833199,56.56610710707943,25.090065199448215,28.6738346216669,27.508055328984863,653.1611617223792,71.85185554203314,44.047132107708414,32.921614078032455,13.542614838895965,9.845126616140556,107.26168322910841,50.542206837057485,475.9417300420682,65.66726112532534
92,128.48690587204047,57.458123353598374,25.48572166104209,29.12600514639659,27.941842158563688,663.4611522582071,72.98491959335095,44.74173103738664,33.440769737156046,13.756174390267878,10.000378821741501,108.95314069299594,51.339229505565164,483.4470680846912,66.70279754074998
93,144.50138116342217,64.61964452566042,28.662235696100684,32.75624035665332,31.424484516607876,746.1542652841526,82.08168461807041,50.31829420021544,37.608792751219504,15.470729763686833,11.24681571317641,122.5329476601283,57.73809806587,543.703411515076,75.0165653588201
94,120.67823363045898,53.96615932940872,23.936850622856735,27.355899264001625,26.243702680759466,623.1399175935182,68.54932896398184,42.022593932942044,31.40843804848028,12.920155681726362,9.392615096865121,102.33161486833482,48.21913556584858,454.06602201462346,62.64899703822246
95,97.80333521229015,43.73672212651481,19.399553299418553,22.17051165949036,21.26913506505086,505.0219945312098,55.55561096271877,34.057093125003576,25.454880325449466,10.471103852948003,7.61221850206843,82.93436960993625,39.079062872554694,367.9965311358231,50.77370353966242
96,95.54329606359926,42.72605409533997,18.951268485525087,21.65819554891809,20.777647961860854,493.3519479411518,54.27183208715536,33.27010192898712,24.866669034537086,10.229137619523515,7.436315381937391,81.01792246952317,38.176024016114674,359.4928685036218,49.600424965117014
97,113.68587786566292,50.839244276554865,22.549898142624624,25.770839770128294,24.72308624307333,587.033853857101,64.57743377514454,39.587714683395845,29.5885657629441,12.17153414207217,8.848386826834336,96.4023015562373,45.42521539976616,427.75646252641917,59.01897973998831
98,126.34651189232032,56.500959505053835,25.06116878663134,28.640810755220798,27.476374099133242,652.4089112034967,71.76910323099303,43.99640270136107,32.883698012712,13.52701770967793,9.833787911331584,107.13814915881471,50.483997005324106,475.3935844474375,65.5916316572093
99,126.23054054282484,56.449098219582226,25.038165559074127,28.614521834187837,27.451153995025937,651.8100759786697,71.70322757183062,43.956019139379,32.85351461644867,13.51460148642851,9.824761641926527,107.03980884411745,50.437658589067524,474.95722862958286,65.5314261958557
100,128.30066376745836,57.374837654202885,25.448780041141347,29.08378692610621,27.901340385607188,662.4994635906621,72.87912776238134,44.67687778176113,33.39229725435771,13.736234779674454,9.985883246603017,108.79521283189774,51.26481315873318,482.7463103008294,66.60611166205136
101,144.35451915498388,64.55396923104938,28.633105223666647,32.72294899840515,31.392546670248972,745.3959215706036,81.9982620171101,50.26715388800573,37.57056956751071,15.455006298438207,11.235385165379052,122.40841296953681,57.679416737172026,543.1508259662946,74.94032329548453
102,120.32096065823782,53.80639025123327,23.86598457261415,27.274910976853164,26.166007098244094,621.2950857313778,68.34638580044725,41.89818428106695,31.31545205028638,12.881905018925758,9.364807865920206,102.0286578304637,48.07638079257024,452.72174051174215,62.463522054829326
103,100.48814480843794,44.937343465392836,19.9320924684173,22.779116696585515,21.85299631886663,518.8854061852195,57.08067385662523,34.99199795458262,26.153644910708437,10.75854722127111,7.821182309263409,85.21100967436672,40.151826319536944,378.0984424458823,52.16749779217292
104,98.28202576833944,43.95078799440234,19.494502852374485,22.279023445219778,21.373235135553333,507.4937840551001,55.827523431201335,34.223782827456404,25.579467189391366,10.522353828369985,7.649475893134025,83.34028521003317,39.27033220192617,369.79766055263957,51.02221134696088
105,117.09244488934524,52.362628678495184,23.225599829080636,26.543056113808714,25.46390693162735,604.6241667955101,66.51247936306167,40.77395000052782,30.47517924826377,12.53625091793242,9.113526379283384,99.29097082329099,46.78636986969394,440.5740708940247,60.78746773452351
106,130.78212100616227,58.48452175119659,25.940983725790492,29.646295111781033,28.440978927110724,675.3128352544608,74.28867962147514,45.54097122070996,34.038136140187355,14.001906664960563,10.179019755327927,110.89941604091125,52.25632355289693,492.0830844918405,67.8943374051799
107,129.78883296665657,58.04033277869218,25.743962384726412,29.421131992207524,28.224970163964873,670.183845473424,73.72445833212011,45.19508829976488,33.77961706085906,13.895562416116908,10.101710269145308,110.05713681578372,51.85943764238943,488.3457216282593,67.3786810388823
108,129.66167294978652,57.98346802749145,25.718739855050185,29.39230677238736,28.197316878237825,669.5272359088835,73.6522271304754,45.15080861822927,33.74652163518074,13.881948302245442,10.091813164603415,109.94930883818135,51.808628594994936,487.8672671358252,67.31266708358473
109,139.0436906290896,62.17901718064716,27.579688171696716,31.519065863956627,30.237609274919986,717.9726725685254,78.98153132143527,48.41781632416181,36.188341607061425,14.886413858117734,10.822033339714066,117.90498560741798,55.557380700074816,523.1682101307084,72.18325542516662
110,123.45457579388415,55.207713162581,24.48754552155198,27.98525332612381,26.847469375755207,637.4759712038646,70.12638546001897,42.98937224782677,32.13102544653872,13.217398787612694,9.608703056837287,104.6858718744519,49.3284724787945,464.5123353552569,64.09030958267135
111,100.82636312659265,45.08859148333744,19.999178977028084,22.85578558676014,21.92654811620251,520.6318465213363,57.2727933304968,35.109772391752635,26.241671630797445,10.794757838492707,7.847506480454581,85.49780892252949,40.286967466729216,379.3710285757661,52.3430807268489
112,98.437095347465,44.02013363663192,19.525261318421016,22.314175333492027,21.406957869197782,508.29450877446806,55.915608210635014,34.277781181251505,25.619826524481436,10.53895601953179,7.661545251676507,83.47177968067206,39.33229301153573,370.3811280497248,51.102714295264754
113,117.19556503677508,52.408743028522146,23.246053986313285,26.56643186501351,25.486332305351596,605.1566429367207,66.57105510365984,40.80985851485874,30.50201791390101,12.547291254856775,9.121552415333154,99.37841369425867,46.82757335949407,440.96207255533847,60.841001612312084
114,131.0710389601103,58.61372311474679,25.99829137521377,29.711788367739402,28.503809453001278,676.8047058644148,74.4527948166762,45.641578277123074,34.11333165295444,14.032839044661158,10.201506785957802,111.14441002120505,52.37176586233185,493.1701722133885,68.0443265084063
115,130.65678595553348,58.42847310755713,25.91612318305256,29.617883583735733,28.413722513876735,674.66564917317,74.21748506254102,45.49732702921255,34.00551569112583,13.988487937176899,10.169264691359162,110.79313558134037,52.20624370323714,491.6114966491457,67.82927086435141
116,130.4699084569459,58.344903266000266,25.879055531050266,29.575521329398086,28.37308256280092,673.7006795546507,74.11133230622976,45.43225251658421,33.95687783688761,13.96848029949008,10.154719662303854,110.63466892469717,52.13157347342423,490.9083481207411,67.73225512668841
117,138.83085752424827,62.0838402386179,27.537472155726622,31.4708198729363,30.19132479961699,716.8736773361446,78.86063490060373,48.34370354614733,36.13294839167393,14.863627339239807,10.805468136748244,117.72450935531647,55.47233944593555,522.3674005865096,72.07276507281632
118,123.36490402333709,55.16761279890223,24.469758885867165,27.96492611509235,26.827968599067493,637.01293774681,70.07544885353171,42.95814672945793,32.10768693581318,13.207798272251557,9.60172373338794,104.6098328340042,49.292642527275,464.17493479084357,64.04375730627147
119,100.5125238731743,44.94824555147982,19.93692812115569,22.784643055556938,21.85829799512861,519.0112910936559,57.09452199210231,35.000487236427915,26.159989951743736,10.761157313433491,7.823079777966767,85.23168240869835,40.16156740864744,378.190171539127,52.18015395980577
120,98.28202576833944,43.95078799440234,19.494502852374485,22.279023445219778,21.373235135553333,507.4937840551001,55.827523431201335,34.223782827456404,25.579467189391366,10.522353828369985,7.649475893134025,83.34028521003317,39.27033220192617,369.79766055263957,51.02221134696088
121,117.06078029183932,52.34846857138475,23.219319071418465,26.53587823662616,25.45702088219282,604.4606619604883,66.4944927979153,40.76292374928921,30.466938030944167,12.532860815864568,9.11106186378939,99.26412017011637,46.7737177163284,440.4549291283917,60.771029349442074
122,131.1543042392187,58.65095855633215,26.01480726617545,29.730663325707823,28.521917020230365,677.2346584548786,74.50009231877884,45.670572926012284,34.13500277194409,14.04175366278738,10.20798748006535,111.21501654416527,52.405035986201504,493.48346760162286,68.08755291359402
123,130.5951814013937,58.40092413634574,25.903903754860988,29.603918778927493,28.400325469902953,674.3475449414854,74.18249158674702,45.475875081457296,33.989482121823436,13.981892378008979,10.164469892431123,110.74089672004185,52.1816285074543,491.3797022816386,67.79728942566325
124,130.1532624818868,58.20330219489591,25.81624795442855,29.503742557572565,28.304222068455633,672.0656312044332,73.93146665476593,45.32199000419812,33.87446566369158,13.93457927881154,10.130074507363908,110.3661623929511,52.0050519397688,489.7169304644113,67.56787127587411
125,139.284571840744,62.286736969514884,27.627467604720906,31.57366992934912,30.28999332720399,719.2164983510587,79.11836001806256,48.50169601844393,36.25103479029493,14.912203287261255,10.840781579865348,118.10924583429136,55.65362907437234,524.0745539697217,72.30830669465828
126,123.42143975762873,55.19289504204418,24.480972900075695,27.97774189641075,26.840263334886483,637.3048683771129,70.10756306776561,42.97783361195004,32.12240126377941,13.213851149118028,9.606124016483284,104.65777348422574,49.31523238589417,464.38765712857753,64.07310731367244
127,100.55267313048262,44.96619991782805,19.94489183379795,22.79374427460373,21.86702918997589,519.2186077251469,57.1173281317357,35.01446801726818,26.17043943731312,10.76545580736503,7.826204670575628,85.26572780539107,40.177609758810995,378.34123783339055,52.200997078125674
128,98.30120702346711,43.959365669424734,19.49830750566562,22.283371540706796,21.377406452463358,507.59282930443806,55.838419034560225,34.23046212720339,25.58445941744481,10.524407428219476,7.650968806487735,83.3565503537411,39.27799641371897,369.8698322769933,51.03216911945665
129,117.08368552912691,52.358711575841745,23.22386238653785,26.541070501585683,25.46200204755399,604.5789365427925,66.50750374942318,40.770899814703135,30.47289948484261,12.535313115859184,9.112844621715757,99.28354314184928,46.78286991145681,440.5411127728286,60.78292039308616
130,130.99834606396516,58.58121554235807,25.983872544708706,29.695310006361954,28.488001045005536,676.4293453379074,74.41150278661172,45.61626514513051,34.09441216551705,14.025056335991202,10.195848960406108,111.08276856998225,52.342720122197555,492.8966566572824,68.00658865876855
131,130.44755023179084,58.33490488017093,25.87462071725139,29.570453063674737,28.36822035529435,673.585229550441,74.09863207616259,45.4244669318231,33.95105875163478,13.96608656417361,10.152979479366032,110.61570980326428,52.12263984672677,490.82422267367383,67.7206480593708
132,130.58281271658032,58.39539297803119,25.901450393124815,29.601114988338235,28.397635671775912,674.2836774071053,74.17546575434449,45.471568056041356,33.9862629740201,13.980568151356342,10.163507214305904,110.7304084368389,52.1766863793518,491.33316365290835,67.79086833649973
133,138.83085752424827,62.0838402386179,27.537472155726622,31.4708198729363,30.19132479961699,716.8736773361446,78.86063490060373,48.34370354614733,36.13294839167393,14.863627339239807,10.805468136748244,117.72450935531647,55.47233944593555,522.3674005865096,72.07276507281632
134,123.48284366102997,55.22035428415197,24.493152528656243,27.991661216783005,26.8536167436647,637.621936519016,70.14244256713592,42.99921568907283,32.13838261052184,13.220425226045927,9.61090319838496,104.70984219956267,49.33976740810409,464.61869652412383,64.10498458637183
135,100.58214729075915,44.97938048222423,19.9507381123732,22.80042561336018,21.873438888525428,519.3708019133887,57.134070454256914,35.02473151410231,26.178110558353154,10.768611394979338,7.82849870019847,85.29072103181846,40.18938668400543,378.45213782178416,52.21629831782994
136,98.28202576833944,43.95078799440234,19.494502852374485,22.279023445219778,21.373235135553333,507.4937840551001,55.827523431201335,34.223782827456404,25.579467189391366,10.522353828369985,7.649475893134025,83.34028521003317,39.27033220192617,369.79766055263957,51.02221134696088
137,117.15077692548694,52.38871421075506,23.237170144568736,26.556279089125393,25.476592306340024,604.9253728962366,66.54561393765995,40.7942623915392,30.490361092481084,12.542496111995261,9.11806647194809,99.34043468497806,46.80967747268026,440.79355202836064,60.81775027553804
138,130.7552385845923,58.47250018772186,25.935651525524193,29.640201280322643,28.435132849837327,675.1740238925616,74.27340949442645,45.53161021954526,34.03113956054682,13.999028556279844,10.176927445628964,110.87662053315421,52.245582203019445,491.98193622460803,67.88038164283029
139,129.79650546870766,58.04376384870113,25.745484246042864,29.422871230402325,28.22663869072888,670.2234635731592,73.72881657346367,45.19776001966368,33.781613952080434,13.896383856056707,10.10230743448679,110.06364287326691,51.862503327106545,488.3745903180008,67.38266414788062
140,129.73744249058973,58.01735144613531,25.733768946257495,29.409482561783154,28.213794359232335,669.9184831453719,73.69526679903629,45.17719309991972,33.76624186853755,13.890060405262366,10.097710451226037,110.01355919414834,51.83890366324743,488.15235892866457,67.35200214504994
141,139.08242099903234,62.19633703404853,27.587370444232505,31.527845443063285,30.246031906598578,718.1726625651339,79.0035314849298,48.43130301981531,36.19842180452823,14.890560441923421,10.825047797636486,117.9378278290967,55.57285610854411,523.3139376946774,72.20336194113753
142,123.36424474233894,55.167317974704694,24.469628115716688,27.964776666231273,26.827825226282048,637.009533451814,70.07507435956819,42.95791715452267,32.10751534740187,13.207727687748635,9.601672420301313,104.6092737829876,49.2923790998211,464.17245416868644,64.04341504659415
143,97.26562228601051,43.49626201552289,19.292896501360428,22.04862041032523,21.15219949398428,502.24543426436907,55.25017178646599,33.86985064329195,25.314931946816102,10.413534774327879,7.570367288330753,82.47840476502255,38.864210104928155,365.97332312161484,50.494554810745285
144,95.42351235007095,42.67248795690002,18.927509065358574,21.63104242360153,20.75159878903769,492.7334270104788,54.203790875943035,33.228390824988075,24.835493409634495,10.216313233713722,7.426992389031397,80.9163493815559,38.12816230197251,359.04216821851077,49.538240349977194
145,113.54276611507646,50.7752460616182,22.521511543872663,25.738398537647825,24.691963959298324,586.2948751549418,64.4961414478173,39.53788028657875,29.551318643748868,12.156212190119149,8.837248168696421,96.28094697468954,45.36803255332406,427.2179877630966,58.94468458858527
146,126.47073858648842,56.556512502216286,25.08580948389891,28.668971035905457,27.50338947985836,653.0503741221856,71.83966820587254,44.03966094079342,32.91602999429946,13.540317773659586,9.843456709821375,107.24348976450261,50.533633991438194,475.8610019688247,65.65612280495709
147,126.4921938833199,56.56610710707943,25.090065199448215,28.6738346216669,27.508055328984863,653.1611617223792,71.85185554203314,44.047132107708414,32.921614078032455,13.542614838895965,9.845126616140556,107.26168322910841,50.542206837057485,475.9417300420682,65.66726112532534
148,128.48690587204047,57.458123353598374,25.48572166104209,29.12600514639659,27.941842158563688,663.4611522582071,72.98491959335095,44.74173103738664,33.440769737156046,13.756174390267878,10.000378821741501,108.95314069299594,51.339229505565164,483.4470680846912,66.70279754074998
149,144.6234914700382,64.67425109442064,28.686456602233022,32.78392088483468,31.45103964991303,746.7847999225287,82.15104741305254,50.36081547083386,37.640573909138794,15.48380324118447,11.256319789221449,122.636493631031,57.78688941167919,544.1628658798285,75.07995780340087
150,120.53882436373902,53.90381683007413,23.909198421688984,27.32429732766124,26.213385570236074,622.4200572147056,68.4701397730439,41.97404881565269,31.37215455985576,12.90523012824989,9.381764610047037,102.21339988488761,48.16343211271643,453.54147828153106,62.57662399732609
151,96.92082549006977,43.34207216482465,19.224505134074207,21.970460280428167,21.077217085593578,500.4650249847059,55.054315514132355,33.74978544752876,25.225193072796937,10.376619846522784,7.543531101775183,82.18602715997663,38.72644040988067,364.67598469672856,50.315556719723936
152,95.42351235007095,42.67248795690002,18.927509065358574,21.63104242360153,20.75159878903769,492.7334270104788,54.203790875943035,33.228390824988075,24.835493409634495,10.216313233713722,7.426992389031397,80.9163493815559,38.12816230197251,359.04216821851077,49.538240349977194
153,113.54276611507646,50.7752460616182,22.521511543872663,25.738398537647825,24.691963959298324,586.2948751549418,64.4961414478173,39.53788028657875,29.551318643748868,12.156212190119149,8.837248168696421,96.28094697468954,45.36803255332406,427.2179877630966,58.94468458858527
154,126.48524276844796,56.56299863456198,25.088686427209463,28.672258910849063,27.506543681138268,653.1252686120961,71.84790707306995,44.04471158936921,32.91980493934809,13.541870632723857,9.844585597727196,107.25578888686805,50.53942939542398,475.9155756562812,65.66365251785801
155,126.9891627661733,56.78834686902317,25.188640307445713,28.78648982292143,27.616130358017287,655.7273340915913,72.13415071996803,44.22018669206209,33.050958168507975,13.595821744087347,9.88380664394122,107.68309831608615,50.740779597143586,477.81163380941445,65.9252579581702
156,128.86224218813157,57.62597018750473,25.560170623885856,29.2110881157459,28.023465947613744,665.3992568694749,73.19812334874105,44.87243070977065,33.53845700914075,13.796358966152146,10.029591956893235,109.27141491850334,51.48920180930142,484.8593150395728,66.897649943273
157,144.6234914700382,64.67425109442064,28.686456602233022,32.78392088483468,31.45103964991303,746.7847999225287,82.15104741305254,50.36081547083386,37.640573909138794,15.48380324118447,11.256319789221449,122.636493631031,57.78688941167919,544.1628658798285,75.07995780340087
158,120.53882436373902,53.90381683007413,23.909198421688984,27.32429732766124,26.213385570236074,622.4200572147056,68.4701397730439,41.97404881565269,31.37215455985576,12.90523012824989,9.381764610047037,102.21339988488761,48.16343211271643,453.54147828153106,62.57662399732609
159,100.29029123671064,44.848865228228505,19.892847682931478,22.734266335303555,21.809969418699712,517.863759988779,56.968286318566264,34.92310135199944,26.102150358100904,10.737364453907029,7.805782991682534,85.04323562851583,40.07277040439553,377.3539951536664,52.06478392691116
160,98.28202576833944,43.95078799440234,19.494502852374485,22.279023445219778,21.373235135553333,507.4937840551001,55.827523431201335,34.223782827456404,25.579467189391366,10.522353828369985,7.649475893134025,83.34028521003317,39.27033220192617,369.79766055263957,51.02221134696088
161,117.02558041941575,52.33272752292523,23.21233708251459,26.52789896700017,25.44936602216964,604.278902210271,66.47449807673264,40.75066644404992,30.45777670185382,12.529092217186845,9.1083221911642,99.23427170714255,46.759652980963686,440.3224854758293,60.75275565884462
162,130.54262046268516,58.37741938401789,25.893478151994476,29.592004022626583,28.38889512652958,674.0761387563754,74.15263519119172,45.457572302922706,33.97580229790214,13.976265054087653,10.160378975191392,110.69632658029725,52.1606268491369,491.18193557893875,67.77000289689651
163,129.67056846586317,57.9874460177509,25.720504304471877,29.39432324904909,28.19925137190818,669.5731692225241,73.6572800852585,45.153906216268844,33.74883683533903,13.88290068155298,10.092505519438935,109.95685197581128,51.81218295672799,487.9007375594235,67.31728510908589
164,129.61367442668123,57.962003544066796,25.709219219529388,29.38142624552359,28.1868787160971,669.2793884318975,73.62496234169662,45.13409456479019,33.734029252801434,13.876809443543616,10.08807734879651,109.9086074935155,51.789449931014325,487.68666705747364,67.28774909099072
165,138.77039954575744,62.056804005141345,27.525480153883716,31.45711497919079,30.178177099617894,716.5614936174965,78.82629271865933,48.32265085914904,36.11721323699988,14.857154535729144,10.80076257797086,117.67324275665554,55.44818238485515,522.139920344493,72.04137886834958
166,123.3861061180461,55.177094174182265,24.473964378097808,27.96973230382744,26.832579384732924,637.1224179003747,70.08749236230051,42.9655297262891,32.11320511964908,13.210068228946959,9.603373932507184,104.62781159061086,49.301114201480836,464.25471016137453,64.05476417908248
167,100.29029123671064,44.848865228228505,19.892847682931478,22.734266335303555,21.809969418699712,517.863759988779,56.968286318566264,34.92310135199944,26.102150358100904,10.737364453907029,7.805782991682534,85.04323562851583,40.07277040439553,377.3539951536664,52.06478392691116
168,98.28202576833944,43.95078799440234,19.494502852374485,22.279023445219778,21.373235135553333,507.4937840551001,55.827523431201335,34.223782827456404,25.579467189391366,10.522353828369985,7.649475893134025,83.34028521003317,39.27033220192617,369.79766055263957,51.02221134696088
169,117.06078029183932,52.34846857138475,23.219319071418465,26.53587823662616,25.45702088219282,604.4606619604883,66.4944927979153,40.76292374928921,30.466938030944167,12.532860815864568,9.11106186378939,99.26412017011637,46.7737177163284,440.4549291283917,60.771029349442074
170,130.70596927347606,58.450467419974444,25.9258788258003,29.629032685364336,28.424418331457982,674.9196145136269,74.24542285496437,45.514453652100514,34.018316435287765,13.993753643391223,10.173092721988414,110.8348415973984,52.22589577307696,491.79655465717093,67.85480393230755
171,129.43520514951945,57.882193779232075,25.67381936075061,29.34097000564601,28.148067287502396,668.3578359089785,73.5235857402824,45.071947964379696,33.68757977250445,13.857702014009996,10.074186747512693,109.75727076288126,51.71813935568591,487.01515544933363,67.19509840428476
172,130.29836640766334,58.26819129164685,25.845029706461307,29.536635385524534,28.335777587386673,672.8148967979931,74.01389060515685,45.37251811658049,33.91223127830357,13.950114518719042,10.14136822026359,110.48920628083165,52.06303079525637,490.26290102077377,67.64320064673684
173,138.66169461943738,62.008192195064275,27.503918240811135,31.432473244517922,30.15453721295023,716.0001796440375,78.76454463426876,48.284797612214334,36.08892104344372,14.845516276457579,10.792301868020596,117.58106415642396,55.40474739727525,521.7309052969352,71.98494570387422
174,123.38610611804609,55.177094174182265,24.473964378097808,27.96973230382744,26.832579384732924,637.1224179003747,70.08749236230051,42.9655297262891,32.11320511964908,13.210068228946959,9.603373932507184,104.62781159061086,49.301114201480836,464.25471016137453,64.05476417908248
175,100.29029123671064,44.848865228228505,19.892847682931478,22.734266335303555,21.809969418699712,517.863759988779,56.968286318566264,34.92310135199944,26.102150358100904,10.737364453907029,7.805782991682534,85.04323562851583,40.07277040439553,377.3539951536664,52.06478392691116
176,98.28202576833944,43.95078799440234,19.494502852374485,22.279023445219778,21.373235135553333,507.4937840551001,55.827523431201335,34.223782827456404,25.579467189391366,10.522353828369985,7.649475893134025,83.34028521003317,39.27033220192617,369.79766055263957,51.02221134696088
177,117.13246993429162,52.380527498255475,23.233538903868453,26.552129175823712,25.472611114210707,604.8308420380888,66.53521494586137,40.787887528119406,30.48559640558176,12.540536113334426,9.116641604209258,99.3249108915313,46.802362588598065,440.7246698246936,60.8082463691361
178,130.56691353424787,58.38828301477477,25.89829674775672,29.597510888268292,28.39417810199346,674.2015796263339,74.16643447963007,45.466031640211234,33.98212495784031,13.97886593957574,10.162269750883452,110.71692639493108,52.17033357814472,491.27334111277156,67.78261442196276
179,129.80789956421935,58.04885917994108,25.747744295382674,29.425454096588265,28.229116546477425,670.2822986714583,73.73528880609405,45.201727673436174,33.78457944744966,13.897603740400674,10.10319425848395,110.07330473322787,51.86705604071199,488.4174619400639,67.38857928795592
180,130.46122314640488,58.341019277658866,25.877332776459166,29.57355250309787,28.371193782192602,673.6558316684,74.10639875531906,45.42922811635008,33.95461734607786,13.967550425386372,10.154043668162624,110.62730403521748,52.1281031030533,490.87566862014955,67.72774622746118
181,138.56511950800373,61.96500472294034,27.484762308985427,31.410581152296242,30.13353517774821,715.5014997647431,78.70968669606204,48.25116821137118,36.063785827976645,14.835176669743385,10.784785244497497,117.49917128467912,55.36615909306818,521.3675301019639,71.93480962143288
182,123.291224594394,55.13466405842083,24.455144373941266,27.948224121904673,26.81194565136019,636.6324831122108,70.03359643938414,42.93249006685573,32.088510687455965,13.199909942568171,9.595989124123284,104.54735483180362,49.26320260040715,463.8977072892632,64.00550730718903
183,101.31443410467016,45.30685218681811,20.095989161798993,22.966423769871565,22.03268813209797,523.1520732425056,57.550034196786385,35.27972854627351,26.368699899417532,10.847012108635603,7.885493967502744,85.91167884633016,40.48198491063497,381.20745293175287,52.596458294121305
184,98.28202576833944,43.95078799440234,19.494502852374485,22.279023445219778,21.373235135553333,507.4937840551001,55.827523431201335,34.223782827456404,25.579467189391366,10.522353828369985,7.649475893134025,83.34028521003317,39.27033220192617,369.79766055263957,51.02221134696088
185,117.09244488934524,52.362628678495184,23.225599829080636,26.543056113808714,25.46390693162735,604.6241667955101,66.51247936306167,40.77395000052782,30.47517924826377,12.53625091793242,9.113526379283384,99.29097082329099,46.78636986969394,440.5740708940247,60.78746773452351
186,130.53654838914414,58.374704010430484,25.892273739956366,29.590627576956845,28.387574642396917,674.0447847060867,74.14918604751323,45.45545788449721,33.974221943766175,13.975614960586109,10.15990637422687,110.6911776394124,52.1582006441086,491.15908868936134,67.7668506356656
187,129.64121612924936,57.974319931739046,25.71468218994617,29.38766952584305,28.192868166155947,669.4216040887925,73.64060696270882,45.14368514089014,33.74119742085326,13.879758136727254,10.090220971582097,109.93196205228912,51.80045470834568,487.7902959468632,67.30204711301762
188,130.29836640766334,58.26819129164685,25.845029706461307,29.536635385524534,28.335777587386673,672.8148967979931,74.01389060515685,45.37251811658049,33.91223127830357,13.950114518719042,10.14136822026359,110.48920628083165,52.06303079525637,490.26290102077377,67.64320064673684
189,138.8212024018042,62.07952255960911,27.535557036348944,31.468631205195507,30.1892251155634,716.8238216826172,78.85515046364524,48.34034143785626,36.130435491824365,14.862593634309341,10.804716660312913,117.71632209368916,55.468481569962144,522.3310720547738,72.0677527046435
190,123.25621820661117,55.11900953445407,24.44820076323373,27.94028871227052,26.804332868132747,636.4517224485684,70.0137116240386,42.92030013686917,32.07939971583415,13.196162058907609,9.593264510773517,104.51767043814989,49.24921517527347,463.76599164537726,63.987334062366436
191,100.67705270140392,45.021821280021804,19.969562854578673,22.821939210096748,21.894077816564295,519.860860045574,57.187979945795156,35.05777949146811,26.202811207517687,10.778772238767651,7.835885367752174,85.37119804609729,40.22730782955208,378.8092305715099,52.26556759043632
192,98.28202576833944,43.95078799440234,19.494502852374485,22.279023445219778,21.373235135553333,507.4937840551001,55.827523431201335,34.223782827456404,25.579467189391366,10.522353828369985,7.649475893134025,83.34028521003317,39.27033220192617,369.79766055263957,51.02221134696088
193,117.15077692548694,52.38871421075506,23.237170144568736,26.556279089125393,25.476592306340024,604.9253728962366,66.54561393765995,40.7942623915392,30.490361092481084,12.542496111995261,9.11806647194809,99.34043468497806,46.80967747268026,440.79355202836064,60.81775027553804
194,130.59920874836072,58.40272512763937,25.90470258991066,29.604831716535355,28.401201290614072,674.3683407435257,74.18477925639372,45.477277484866185,33.99053030320551,13.982323557255086,10.164783348460306,110.74431179255636,52.1832377055966,491.39485564742444,67.79938018586599
195,129.43986789049197,57.88427891268708,25.67474422790183,29.34202697730113,28.149081286332827,668.3819126619932,73.52623433527076,45.07357162479142,33.68879332532641,13.8582012203495,10.074549657458702,109.76122463094077,51.720002436809146,487.03269955966226,67.19751902345186
196,129.61367442668123,57.962003544066796,25.709219219529388,29.38142624552359,28.1868787160971,669.2793884318975,73.62496234169662,45.13409456479019,33.734029252801434,13.876809443543616,10.08807734879651,109.9086074935155,51.789449931014325,487.68666705747364,67.28774909099072
197,138.80656923008414,62.072978744268255,27.532654507574165,31.46531409025734,30.18604286308634,716.7482611349902,78.84683832588975,48.33524587244529,36.126626975130044,14.861026965233627,10.803577732890147,117.703913591777,55.46263462582234,522.2760130281996,72.06015602789267
198,123.12852789850346,55.06190764205096,24.42287304887125,27.911343283583847,26.7765642608174,635.7923746467486,69.94117919898844,42.87583579723346,32.04616627339022,13.182491170544665,9.583326132661947,104.40939278907764,49.198194240579106,463.28554186990385,63.921044811241444
199,97.35605366292502,43.53670206795099,19.310833807001234,22.06911981243576,21.171865461055223,502.7123900613103,55.30153987512862,33.90134067191229,25.33846815723294,10.423216615311949,7.577405733379912,82.55508792946763,38.900343570688015,366.31358179416566,50.54150142981686
200,95.42351235007095,42.67248795690002,18.927509065358574,21.63104242360153,20.75159878903769,492.7334270104788,54.203790875943035,33.228390824988075,24.835493409634495,10.216313233713722,7.426992389031397,80.9163493815559,38.12816230197251,359.04216821851077,49.538240349977194
201,113.60266036053987,50.80203019904179,22.53339172776081,25.751975641787485,24.70498906517652,586.6041479546805,64.53016341028564,39.55873667037151,29.56690707789731,12.162624638764997,8.841909851066399,96.33173554422034,45.391964364842444,427.44334689341355,58.975778136226474
202,126.60366492339313,56.615955896941806,25.11217577858694,28.69910339177862,27.532296757991485,653.7367589335382,71.91517487283586,44.08594857121934,32.95062619687951,13.554549246190659,9.853802617954283,107.35620741295315,50.58674707460701,476.36115291737207,65.72513029235989
203,127.23343593078926,56.897583507023135,25.237092543418026,28.841862791874522,27.669252052893103,656.9886747251908,72.2729061609004,44.305247532750265,33.114534161683686,13.621974325383581,9.902818886204864,107.89023481992905,50.83838328660249,478.7307402696709,66.05207012890021
204,128.86224218813157,57.62597018750473,25.560170623885856,29.2110881157459,28.023465947613744,665.3992568694749,73.19812334874105,44.87243070977065,33.53845700914075,13.796358966152146,10.029591956893235,109.27141491850334,51.48920180930142,484.8593150395728,66.897649943273
205,144.58476110009545,64.65693124101927,28.67877432969723,32.77514130572802,31.44261701823444,746.5848099259201,82.12904724955801,50.34732877518036,37.63049371167198,15.479656657378785,11.253305331299025,122.60365140935228,57.77141400320989,544.0171383158595,75.05985128742996
206,121.15825230330167,54.18081911850576,24.0320636113332,27.46471211337872,26.348091574699293,625.618565045009,68.82199584784017,42.189746112438364,31.53337057603335,12.971547849117991,9.429975857771895,102.73865667265362,48.41093556791704,455.87214862679986,62.89819432516072
207,97.8356686455913,43.75118133063723,19.405966722450774,22.177841151459507,21.276166565137295,505.18895299883616,55.573977449277415,34.068352278350424,25.463295617968942,10.474565562482589,7.614735074316975,82.96178741631611,39.091982271163324,368.1181894746589,50.790489144706335
208,95.42351235007095,42.67248795690002,18.927509065358574,21.63104242360153,20.75159878903769,492.7334270104788,54.203790875943035,33.228390824988075,24.835493409634495,10.216313233713722,7.426992389031397,80.9163493815559,38.12816230197251,359.04216821851077,49.538240349977194
209,114.02114614022081,50.98917306303588,22.616399502192504,25.846839930797756,24.795996499140983,588.7650612065513,64.76787752421559,39.70446185590988,29.67582468706225,12.207428919217287,8.874481390554545,96.68659925365546,45.55917780454697,429.017948770926,59.193031186615436
210,126.60009620668569,56.614360000742124,25.11146791407673,28.69829441859586,27.53152067487024,653.7183313367126,71.913147720729,44.08470587211323,32.94969738134878,13.554167169207453,9.853524857985361,107.35318124549367,50.58532113034568,476.34772520178245,65.72327762584574
211,127.3534919560342,56.951271420675106,25.260905977342343,28.86907764606848,27.69536044491026,657.6086017777099,72.34110205440201,44.347053461179094,33.14578066006052,13.63482786566197,9.912163073646639,107.99203882027273,50.88635380773649,479.182465159586,66.11439611216763
212,128.92472100620373,57.65391012123893,25.572563464668274,29.225251102739474,28.037053116368238,665.7218754923498,73.23361343609537,44.894187093853105,33.55471811959726,13.803048126508722,10.034454801436153,109.324395130063,51.51416633279487,485.0943989277666,66.93008524805497
213,144.70428683410276,64.71038201346887,28.70248257893529,32.80223595105546,31.468610088663297,747.2019987411599,82.19694191965415,50.38895004550907,37.661602193283194,15.492453423165694,11.262608245171121,122.70500573822606,57.81917263704401,544.4668679227351,75.12190197486996
214,121.08528709543991,54.14818977090503,24.017590767070327,27.448172023123874,26.332223947509558,625.2417983966553,68.78054913548642,42.164338156016036,31.51438021512172,12.96373598597944,9.424296837684421,102.67678430905437,48.381781020790925,455.59760846588966,62.86031510739539
215,101.09200320616718,45.20738320266682,20.05186939776866,22.916002106663587,21.984316439940116,522.0035183822494,57.423685903688856,35.202273623005794,26.310808704911892,10.823198022610073,7.868181750109128,85.7230639457332,40.393108687257424,380.3705305620929,52.48098533530925
216,98.29161639590329,43.95507683191354,19.496405179020055,22.281197492963287,21.375320794008346,507.5433066797691,55.83297123288079,34.22712247732989,25.58196330341809,10.52338062829473,7.650222349810879,83.34841778188714,39.274164307822566,369.8337464148164,51.02719023320876
217,117.07493094630712,52.35479660959553,23.222125891604847,26.539085972325424,25.460098202413864,604.5337309588791,66.50253084950907,40.76785129246495,30.470620964815723,12.534375825267853,9.11216323598209,99.2761195115019,46.77937186211426,440.50817262715526,60.77837553179139
218,130.75532457776595,58.47253864305198,25.93566858250034,29.640220773652345,28.435151550635425,675.1744679310394,74.27345834146517,45.531640164102036,34.03116194164395,13.999037762954137,10.176934138640265,110.87669345285202,52.24561656312213,491.9822597840198,67.8804262853969
219,129.78501104782666,58.03862365290939,25.743204296897545,29.420265621998407,28.224139017382555,670.1641104299692,73.72228735262146,45.193757430574955,33.77862234543122,13.895153230592726,10.101412801976448,110.05389594032512,51.857910526714655,488.3313412099572,67.37669692481093
220,130.19715244224992,58.22292936810405,25.824953645533313,29.513691736461535,28.313766748020356,672.2922635097054,73.95639764058363,45.337273373258036,33.88588872698597,13.939278263074874,10.13349054596429,110.40337979649894,52.02258895439903,489.88207159308814,67.5906563458414
221,138.393868880032,61.88842306942785,27.450794288593425,31.371761269151126,30.096293577260855,714.6172218051488,78.6124105321759,48.19153529014318,36.01921511644398,14.816842089368569,10.771456484328857,117.35395575756733,55.297732857470514,520.723179508892,71.84590643017927
222,123.36490402333709,55.16761279890223,24.469758885867165,27.96492611509235,26.827968599067493,637.01293774681,70.07544885353171,42.95814672945793,32.10768693581318,13.207798272251557,9.60172373338794,104.6098328340042,49.292642527275,464.17493479084357,64.04375730627147
223,100.4156119551438,44.90490746264627,19.917705382840065,22.762674614460575,21.83722271513402,518.5108720636568,57.03947273632727,34.9667405527374,26.134767076979582,10.750781647244983,7.8155369401494115,85.14950393480375,40.122844527371534,377.8255290697926,52.1298430273119
224,98.28202576833944,43.95078799440234,19.494502852374485,22.279023445219778,21.373235135553333,507.4937840551001,55.827523431201335,34.223782827456404,25.579467189391366,10.522353828369985,7.649475893134025,83.34028521003317,39.27033220192617,369.79766055263957,51.02221134696088
225,117.09244488934524,52.362628678495184,23.225599829080636,26.543056113808714,25.46390693162735,604.6241667955101,66.51247936306167,40.77395000052782,30.47517924826377,12.53625091793242,9.113526379283384,99.29097082329099,46.78636986969394,440.5740708940247,60.78746773452351
226,130.6372702825082,58.41974588402875,25.9122521970764,29.613459680855417,28.409478471640757,674.5648771075297,74.20639949847599,45.490531278411446,34.00043642547245,13.98639853359404,10.16774574962818,110.77658686102983,52.19844586882281,491.5380666381905,67.81913948187439
227,129.6398163514779,57.9736939644211,25.714404540278846,29.38735221775396,28.19256375872018,669.4143761291273,73.63981184146743,45.14319771004934,33.74083310632781,13.879608272529024,10.090112024231503,109.93077508165243,51.7998954022298,487.7850291186601,67.30132043123899
228,130.09923010442876,58.17913942914168,25.805530487747927,29.491494248741137,28.292471733648068,671.7866270275931,73.90077443210363,45.303174841025424,33.86040287433058,13.92879441846341,10.125869065264167,110.32034451615498,51.983462341916606,489.5136273006652,67.53982086318989
229,138.64173942574664,61.99926842207086,27.499960074734663,31.427949709063554,30.150197588857292,715.8971380483999,78.75320940756137,48.27784881145639,36.08372738551614,14.84337981653944,10.790748717565192,117.56414273543567,55.396773944558305,521.6558215378755,71.97458614827899
230,123.36490402333709,55.16761279890223,24.469758885867165,27.96492611509235,26.827968599067493,637.01293774681,70.07544885353171,42.95814672945793,32.10768693581318,13.207798272251557,9.60172373338794,104.6098328340042,49.292642527275,464.17493479084357,64.04375730627147
231,100.30947249183832,44.85744290325089,19.896652336222612,22.738614430790573,21.814140735609737,517.962805238117,56.97918192192515,34.92978065174642,26.10714258615435,10.739418053756523,7.807275905036245,85.05950077222373,40.08043461618832,377.42616687802007,52.074741699406935
232,98.28202576833944,43.95078799440234,19.494502852374485,22.279023445219778,21.373235135553333,507.4937840551001,55.827523431201335,34.223782827456404,25.579467189391366,10.522353828369985,7.649475893134025,83.34028521003317,39.27033220192617,369.79766055263957,51.02221134696088
233,117.10203551690908,52.366917516006374,23.227502155726203,26.545230161552215,25.46599259008236,604.673689420179,66.51792716474112,40.77728965040131,30.477675362290494,12.537277717857167,9.114272835960238,99.29910339514494,46.79020197559034,440.61015675620155,60.79244662077139
234,130.65216621114783,58.426407201767184,25.915206844389413,29.61683635874546,28.41271786544536,674.6417944393942,74.21486089107201,45.49571834107922,34.00431332885243,13.987993334174542,10.168905127918805,110.78921817312977,52.20439780216526,491.59411431852305,67.82687256646761
235,130.13051251005166,58.19312862367383,25.811735436627213,29.49858548890278,28.299274668424363,671.9481583582693,73.91854389930016,45.31406800534504,33.8685446201074,13.932143601978844,10.128303834041276,110.3468710817837,51.99596178371468,489.631331024468,67.55606083686419
236,131.06086787862418,58.60917470375733,25.9962739139792,29.709482740020388,28.50159756415908,676.7521859800212,74.4470172974854,45.638036501491364,34.11068446652212,14.031750099684928,10.200715151454675,111.13578524139085,52.36770182574234,493.1319023251821,68.03904628483383
237,138.46656177617712,61.92093064181657,27.465213119098493,31.388239630528574,30.112101985256604,714.9925823316562,78.65370256224038,48.21684842213574,36.03813460388138,14.824624798038522,10.77711430988055,117.41559720879015,55.32677859760481,520.9966950649981,71.88364427981703
238,123.36490402333709,55.16761279890223,24.469758885867165,27.96492611509235,26.827968599067493,637.01293774681,70.07544885353171,42.95814672945793,32.10768693581318,13.207798272251557,9.60172373338794,104.6098328340042,49.292642527275,464.17493479084357,64.04375730627147
239,100.41016333211189,44.902470890202174,19.91662463387903,22.7614394954312,21.836037811787595,518.4827372923318,57.03637773367948,34.96484323234849,26.13334898579777,10.750198302132068,7.815112863516807,85.14488366172806,40.120667433087675,377.80502798595074,52.12701442468889
240,98.31079765103095,43.96365450693592,19.50020983231118,22.285545588450304,21.379492110918367,507.64235192910706,55.84386683623967,34.23380177707688,25.586955531471528,10.52543422814422,7.65171526316459,83.36468292559505,39.28182851961537,369.90591813917007,51.03714800570452
241,117.079961546967,52.35704624640713,23.223123724709595,26.540226332113175,25.46119219910284,604.5597072098263,66.50538840127417,40.76960304903619,30.471930258997606,12.534914415714058,9.112554777143098,99.28038531382428,46.78138192812119,440.52710085274543,60.78098712193785
242,131.02211362168873,58.59184416831982,25.98858690339448,29.700697746099916,28.49316973781434,676.552072639391,74.42500356536901,45.624541487905425,34.10059805208389,14.027600958469712,10.197698834362447,111.10292276424049,52.352216872800085,492.9860848835986,68.01892736814999
243,129.8097579722504,58.049690242352966,25.748112915589463,29.425875369102453,28.22952069150308,670.2918948363381,73.73634444487527,45.202374808579776,33.78506312782645,13.897802706861809,10.103338901894809,110.07488060891963,51.86779860070885,488.4244544184633,67.38954406342314
244,130.49122520921978,58.35443591505379,25.883283765915778,29.580353509239455,28.37771828286382,673.810751759519,74.12344094438352,45.43967543949106,33.96242586218636,13.970762531751207,10.156378785438164,110.65274490756758,52.14009096110032,490.9885549038211,67.74332152292158
245,138.70521194271456,62.02765272850859,27.512550018352584,31.4423379523115,30.164000855723184,716.2248877825731,78.78926394958535,48.299951221528225,36.1002471219839,14.850175365132301,10.795688903572014,117.61796557461457,55.4221355181272,521.8946443348277,72.00753732271953
246,123.48284366102997,55.22035428415197,24.493152528656243,27.991661216783005,26.8536167436647,637.621936519016,70.14244256713592,42.99921568907283,32.13838261052184,13.220425226045927,9.61090319838496,104.70984219956267,49.33976740810409,464.61869652412383,64.10498458637183
247,99.41744380303214,44.45853615015796,19.719716058379493,22.53640524842629,21.62015268169586,513.3566830990088,56.4724793775249,34.619158278195414,25.87497787038937,10.643914919635135,7.737847625575558,84.303086516825,39.7240086810368,374.0698042095919,51.611653195359416
248,97.38495931277559,43.54962839988696,19.316567320011938,22.075672278623603,21.178151526550636,502.8616486618382,55.31795926444941,33.911406201954414,25.345991314353068,10.426311336579532,7.579655514761387,82.57959907567056,38.91189333742582,366.4223426953368,50.556507532553006
249,115.19100205227039,51.51232151029807,22.848443553340502,26.112028271069818,25.05040319545684,594.8057853263886,65.43239535268424,40.11182926984346,29.980298375762185,12.33267702779628,8.965533488104477,97.67860287387657,46.02661455033465,433.41966898454183,59.80035114286846
250,129.401046749977,57.866918467548366,25.6670439507801,29.333226821902002,28.140638914922903,668.1814539581025,73.50418261101314,45.060053320994655,33.67868950336818,13.854044918387615,10.071528134691015,109.72830543846992,51.704490759342576,486.88663046075857,67.17736538477176
251,128.8776015244293,57.63283873674433,25.563217189348123,29.2145698410238,28.026806117941447,665.4785670753582,73.20684797260128,44.8777791403277,33.54245452176635,13.798003380477455,10.030787403078085,109.28443918675264,51.49533890541944,484.9171063456244,66.90562360169737
252,129.45707608002368,57.8919742515241,25.67815751835131,29.34592780916769,28.152823523819723,668.4707696951476,73.53600917046346,45.079563863319095,33.693272031540225,13.860043578172133,10.075889003386486,109.77581667269317,51.72687827513483,487.0974473930675,67.20645249705827
253,136.76741310277006,61.16108750130267,27.128182432140346,31.00306876295836,29.742590837688343,706.2187767125893,77.68852849672693,47.625170597674604,35.595904018975034,14.642709097697372,10.644866355949336,115.97476879740009,54.647853510911574,514.6034486962459,71.00154684596042
254,120.82543483419347,54.031986308932964,23.966048375585586,27.389267512605855,26.275714291377554,623.900012792174,68.63294423937265,42.07385235979237,31.446749513183295,12.935915462190259,9.404072044873715,102.45643718662329,48.27795242606269,454.61988382552926,62.72541519168188
255,98.54938810008667,44.0703498885376,19.547534886442946,22.339630373198712,21.431377994719597,508.8743490199699,55.97939430202996,34.316883781638275,25.64905250714548,10.550978401714183,7.670285208931536,83.56700065274042,39.37716157895533,370.80364271496364,51.16101004682466
256,97.40172559294261,43.557126121055354,19.319892956556203,22.07947293643473,21.181797662713958,502.94822383059335,55.327483080137576,33.91724455873201,25.35035500659555,10.42810638232593,7.580960466047773,82.59381639119806,38.91859260300162,366.4854277928759,50.565211592969916
257,115.29942511207678,51.560807272348676,22.869949557435703,26.136606110939766,25.07398178506406,595.3656438403926,65.4939833273368,40.14958436517542,30.008517209055544,12.344285109635441,8.973972259851038,97.7705424595431,46.06993691313354,433.8276234762498,59.856637978931076
258,127.08847532696883,56.83275850248904,25.208339219678848,28.809002452805398,27.637727701958898,656.2401491957603,72.19056362224067,44.25476932796255,33.07680584890023,13.606454429933237,9.891536328324014,107.7673124648782,50.780461697952724,478.1853089789948,65.97681516231516
259,127.07501261789044,56.82673810691915,25.205668855301663,28.805950663743772,27.634799988122676,656.1706325051913,72.18291634695665,44.25008134124099,33.07330196380568,13.605013073924303,9.890488500221709,107.75589648107523,50.77508243298831,478.13465395552566,65.96982612049871
260,128.91621723680717,57.65010731637222,25.570876719249053,29.22332342902419,28.035203815222573,665.6779650206632,73.22878300671086,44.89122590990551,33.55250487777033,13.802137688717417,10.033792936985442,109.3171841821676,51.51076850041849,485.0624024970444,66.92567059424614
261,144.21326581242843,64.49080207852461,28.605087245121467,32.690929038438874,31.361828531499615,744.6665390333242,81.91802532856406,50.21796662633222,37.533806128692255,15.439883312946321,11.224391150651996,122.2886342636808,57.62297645072679,542.6193436813716,74.8669929195487
262,122.10945862779066,54.606189547938015,24.220737931596556,27.68033595546845,26.554948894507177,630.530259663208,69.36231329605278,42.52097533180902,31.78093721680405,13.073386709599445,9.504010044508398,103.54525183343463,48.791006980397924,459.4511740971134,63.39200435546106
263,99.19465221093962,44.358905867260916,19.675524749810307,22.485901821529826,21.571702550079305,512.2062657440266,56.34592619823718,34.54157775414791,25.816992799615225,10.620062216725763,7.72050733471788,84.11416575860666,39.63498833611745,373.23152468795473,51.49599298578187
264,97.40172559294261,43.557126121055354,19.319892956556203,22.07947293643473,21.181797662713958,502.94822383059335,55.327483080137576,33.91724455873201,25.35035500659555,10.42810638232593,7.580960466047773,82.59381639119806,38.91859260300162,366.4854277928759,50.565211592969916
265,115.29942511207678,51.560807272348676,22.869949557435703,26.136606110939766,25.07398178506406,595.3656438403926,65.4939833273368,40.14958436517542,30.008517209055544,12.344285109635441,8.973972259851038,97.7705424595431,46.06993691313354,433.8276234762498,59.856637978931076
266,127.20180955247166,56.883440491170525,25.230819366634147,28.834693578394063,27.662374314924403,656.8253672406036,72.254941305549,44.294234590203565,33.10630289151836,13.618588315170967,9.90035734538256,107.86341657550902,50.8257464043937,478.611742308221,66.03565158495951
267,126.22698138091448,56.447506596197,25.03745958978349,28.613715026930592,27.450379989771154,651.7916977194526,71.70120584717249,43.95477976744587,32.8525882877065,13.514220432409116,9.824484625625528,107.03679077884662,50.43623646259538,474.943836865039,65.52957848962672
268,129.2805464266681,57.813031868024154,25.64314238914568,29.30591125217124,28.11443390211555,667.5592327067819,73.43573434114482,45.018092679022516,33.64732736932287,13.84114381029204,10.062149366690862,109.6261246863542,51.65634271101138,486.43323384721594,67.11480874824356
269,144.38601176614245,64.5680524274996,28.63935186737652,32.730087888928296,31.399395318087297,745.5585383286698,82.01615088817904,50.278120250130776,37.57876602263605,15.458377987157471,11.237836294850448,122.43511778331576,57.6920001703322,543.269320613104,74.95667239543273
270,122.14479226737329,54.62199041579993,24.22774645357444,27.688345548051757,26.562632844660737,630.7127101399461,69.38238400151788,42.53327921746997,31.790133360934373,13.077169629770514,9.506760128484496,103.5752137270495,48.80512516481125,459.5841210643164,63.41034749005102
271,98.80877456497574,44.18634505080488,19.598984885973543,22.39842929484749,21.487786354861882,510.2137294160304,56.126734610017344,34.40720737817941,25.71656197814113,10.578749056017607,7.690473747931038,83.786952793475,39.48080405646069,371.77961474184366,51.29566814863572
272,97.12653549369183,43.43406372367622,19.26530826385324,22.017091573971243,21.121952511453777,501.527239029848,55.171165771923256,33.8214178180905,25.27873238730581,10.398643745880014,7.559541900305042,82.36046323044214,38.808635502181055,365.44999273631674,50.422349179473684
273,115.13662092471913,51.48800278681617,22.83765691114549,26.099700905956812,25.03857701852364,594.5249803268333,65.40150502814271,40.092892664857175,29.966144818618393,12.326854829269067,8.961300902125577,97.63248926719483,46.00488560317714,433.21505360762575,59.77211967977522
274,129.0518523586826,57.71076205399629,25.59778030868579,29.254069824783063,28.064700168495914,666.3783370440643,73.30582835539386,44.9384567938698,33.587806084909865,13.816659171488757,10.044349674974276,109.43219880109943,51.564963926821804,485.57274556706335,66.99608432249703
275,127.58978208769418,57.05693812219625,25.30777475736211,28.922640984247277,27.74674608236226,658.8287208392934,72.47532286190653,44.429334448846795,33.207278941386335,13.660125760694564,9.93055398136133,108.19240594550145,50.980767734329696,480.07153452111396,66.23706396463103
276,127.64692932899861,57.08249382546345,25.31911006562326,28.93559538479913,27.759173801634407,659.123809076549,72.50778443286022,44.4492342704093,33.22215242382102,13.666244107244907,9.93500185920369,108.24086513579635,51.003601931456835,480.2865577257762,66.26673143028343
277,137.4900424055377,61.48424045868416,27.271517888383567,31.166877710247572,29.899739877740686,709.9501800537768,78.0990064454357,47.87680468976149,35.783979838492705,14.72007585068222,10.7011099609013,116.5875373247373,54.936592907120406,517.3224262867175,71.37669321400763
278,120.89918353541537,54.06496602731918,23.98067662785338,27.405985208753567,26.291752303616665,624.2808251244356,68.67483600252362,42.099533144398656,31.46594379075764,12.943811208361268,9.409812045730805,102.51897392969154,48.307420031902154,454.89737197219137,62.76370115283186
279,99.02170321778779,44.28156472097871,19.64121985413935,22.44669694512304,21.53409160882944,511.3132180244973,56.24768530533634,34.481353427923636,25.771980061414315,10.601545804533638,7.707046387576081,83.96751006746295,39.565883488491814,372.5807837964999,51.40620810383779
280,97.12653549369183,43.43406372367622,19.26530826385324,22.017091573971243,21.121952511453777,501.527239029848,55.171165771923256,33.8214178180905,25.27873238730581,10.398643745880014,7.559541900305042,82.36046323044214,38.808635502181055,365.44999273631674,50.422349179473684
281,115.17182079714273,51.503743835275685,22.84463890004937,26.1076801755828,25.046231878546816,594.7067400770507,65.42149974932535,40.10514997009647,29.97530614770874,12.33062342794679,8.964040574750767,97.66233773016864,46.018950338541856,433.34749726018816,59.790393370372676
282,128.51626298605282,57.47125157601744,25.491544723177583,29.132659952565387,27.94822640324914,663.6127420607431,73.00159542962503,44.751953776351826,33.44841039503609,13.759317446575508,10.002663741432299,108.97803466761242,51.35095966284206,483.5575276727743,66.71803801696082
283,127.26886511834265,56.91342710302962,25.244120017591626,28.84989404371306,27.676956781711215,657.1716185780152,72.29303114085296,44.31758469014096,33.1237551736997,13.625767475192752,9.905576406860183,107.92027773543037,50.85253964890769,478.8640467473315,66.07046286634197
284,127.99160430127665,57.23662919777737,25.387477268859936,29.01372789914579,27.834129717227796,660.903589301702,72.70357150522234,44.56925704471706,33.31185959128592,13.70314599226142,9.961828563993253,108.53313943793701,51.14132294969218,481.58343777482924,66.44566627766876
285,137.24070519847206,61.37273922902201,27.222061186038,31.11035680076739,29.84551691364329,708.6626904875998,77.95737445666764,47.78998044739665,35.71908584737511,14.693381098566443,10.681703574638917,116.37610666091173,54.83696578939242,516.3842657722106,71.24725209213302
286,121.13199333224084,54.169076356174365,24.026855074143985,27.458759608560683,26.34238107821213,625.4829729620734,68.8070798618222,42.18060220931027,31.526536259346987,12.968736488825906,9.427932072404856,102.71638983270577,48.400443328784014,455.77334616530294,62.88456222141901
287,100.10745063988713,44.76710065077972,19.856580761198433,22.692819184499296,21.770207366201475,516.9196355099086,56.864426659350464,34.859432569952965,26.05456317203334,10.71778901843013,7.791552162324333,84.8881921465758,39.99971319051411,376.66603594209346,51.969863909736084
288,97.35861434854108,43.537847182225455,19.311341725846574,22.069700280475868,21.172422329265377,502.72561254042495,55.30299443139271,33.90223235426954,25.339134616569584,10.423490769613151,7.577605036383047,82.5572593160249,38.90136673819011,366.32321667442807,50.542830786244686
289,115.20348539464862,51.51790394238612,22.85091965771154,26.114858052765353,25.053117927981344,594.8702449120723,65.43948631447172,40.11617622133508,29.983547365028343,12.334013530014643,8.96650509024476,97.68918838334326,46.03160249190739,433.46663902582105,59.80683175545411
290,129.02083748737778,57.69689249826894,25.591628425954525,29.247039230536064,28.05795541398038,666.2181871664299,73.28821085676225,44.927656790393485,33.579733969213,13.813338630960013,10.04193572889899,109.40589909675278,51.55257138312097,485.4560484725418,66.97998323680774
291,127.52618535836427,57.028498269170576,25.295160175889748,28.908224583967534,27.73291580323244,658.5003297162081,72.43919776304887,44.407188785526294,33.19072687666718,13.653316913572167,9.925604127671521,108.13847777787014,50.95535652950139,479.83224436056685,66.20404830648319
292,127.83085439529009,57.16474336735311,25.355592094777744,28.977288368150226,27.799171691975378,660.0735333739996,72.61226010750879,44.513280686588416,33.27002186039123,13.685935649114294,9.949317094871056,108.39682821614777,51.077092464410974,480.97859738104245,66.36221443982627
293,137.67402480061165,61.56651563746056,27.308011288855486,31.20858368915181,29.939750235280385,710.9002003768788,78.20351468477675,47.94087106897846,35.83186419579434,14.73977353033447,10.715429658576198,116.74354901822058,55.01010634680967,518.0146816482581,71.47220598526155
294,120.89918353541537,54.06496602731917,23.98067662785338,27.405985208753567,26.291752303616665,624.2808251244356,68.67483600252363,42.099533144398656,31.46594379075764,12.943811208361268,9.409812045730806,102.51897392969154,48.307420031902154,454.89737197219137,62.76370115283186
295,99.05690070151212,44.2973047012346,19.648201369238333,22.454675673267648,21.541745949385998,511.49496544031246,56.26767866965679,34.49360990136969,25.78114076880752,10.605314147470407,7.709785874284289,83.9973565048896,39.579947269409224,372.71321846130087,51.424480554363946
296,97.12653549369183,43.43406372367622,19.26530826385324,22.017091573971243,21.121952511453777,501.527239029848,55.171165771923256,33.8214178180905,25.27873238730581,10.398643745880014,7.559541900305042,82.36046323044214,38.808635502181055,365.44999273631674,50.422349179473684
297,115.17182079714273,51.503743835275685,22.84463890004937,26.1076801755828,25.046231878546816,594.7067400770507,65.42149974932535,40.10514997009647,29.97530614770874,12.33062342794679,8.964040574750767,97.66233773016864,46.018950338541856,433.34749726018816,59.790393370372676
298,129.0363497004287,57.70382941253985,25.594705314929943,29.250555610622328,28.061328830171377,666.2982867740515,73.29702231980242,44.93305845571812,33.58377127045572,13.81499941270629,10.043143073770594,109.41905300002043,51.55876956386598,485.51441499532547,66.98803625979497
299,127.62190531545968,57.07130332440062,25.314146485563743,28.92992282585492,27.753731869386666,658.9945938795297,72.49356994459276,44.4405204043882,33.215639524557275,13.663564965025323,9.933054192915588,108.21964550373109,50.993603141576216,480.19240193694327,66.25374044340104
300,127.7256847438877,57.11771249862513,25.33473141294687,28.953448025920796,27.77630061589636,659.5304743157363,72.55252017915446,44.47665849365439,33.24264977860582,13.674675886452597,9.941131542051986,108.3076474257154,51.03507005883025,480.58288422041414,66.30761658086692
301,137.62637502759958,61.5452071117636,27.298559828849076,31.197782218569614,29.9293879152653,710.6541537226082,78.17644799787723,47.924278457352955,35.819462581197826,14.734672009811723,10.711720986648453,116.70314340344034,54.99106703213437,517.8353937830766,71.44746904307657
302,120.89918353541537,54.06496602731917,23.98067662785338,27.405985208753567,26.291752303616665,624.2808251244356,68.67483600252363,42.099533144398656,31.46594379075764,12.943811208361268,9.409812045730806,102.51897392969154,48.307420031902154,454.89737197219137,62.76370115283186
303,99.56561481866972,44.5247968203496,19.749106175894923,22.569993338471082,21.65237519575922,514.1217860649411,56.5566455389635,34.67075441310269,25.913541744132203,10.659778530925795,7.749380055878249,84.4287312072611,39.7832130468534,374.6273150516418,51.68857481776445
304,97.12653549369183,43.43406372367622,19.26530826385324,22.017091573971243,21.121952511453777,501.527239029848,55.171165771923256,33.8214178180905,25.27873238730581,10.398643745880014,7.559541900305042,82.36046323044214,38.808635502181055,365.44999273631674,50.422349179473684
305,115.17666507925964,51.50591015220537,22.845599776372456,26.10877829982286,25.047285356839907,594.7317542446293,65.4242514658399,40.106836846794714,29.976566949513522,12.33114207059869,8.964417614387296,97.66644553981244,46.02088595765963,433.36572444038603,59.79290823495816
306,128.73415535594526,57.56869097330167,25.534764257911135,29.182052801150036,27.99561110884049,664.7378615568969,73.12536568456791,44.82782829245648,33.505120364971184,13.782645624791071,10.019622716562894,109.16280102860226,51.4380224363558,484.37737329570047,66.83115484031309
307,127.70422466965768,57.10811575735474,25.33047474978778,28.948583357196586,27.771633727836633,659.4196620467385,72.54033012926949,44.469185663152906,33.23706445147854,13.672378309734311,9.939461263898844,108.28944991001528,51.02649530431636,480.50213817164786,66.29647578035609
308,127.77069739290711,57.13784172753196,25.343659792351364,28.963651701058694,27.786089444769647,659.7629037900234,72.57808889019991,44.492332805538844,33.254365039557136,13.67949506896366,9.94463496163322,108.34581683642921,51.05305566368995,480.75224959696726,66.33098448434268
309,137.7224294025926,61.58816171549964,27.317612471208104,31.219556267850304,29.950276706745484,711.1501447022321,78.23101014012725,47.95772652726898,35.844462266687856,14.744955864998245,10.719197080269794,116.78459470590393,55.02944726683075,518.1968096460545,71.49733478997565
310,120.90129036817036,54.065908182906945,23.981094523769045,27.406462795331347,26.292210473170172,624.29170406714,68.67603275497225,42.100266786039604,31.466492127637228,12.944036771881473,9.409976024507639,102.5207604622881,48.30826185441787,454.9052991777803,62.7647948957137
311,99.57336853649592,44.52826420928144,19.750644146577734,22.57175098703283,21.654061384388104,514.1618235343498,56.56104991362141,34.67345441397177,25.91555977305642,10.660608666057977,7.7499835423970715,84.43530613334777,39.7863111827786,374.6564893252723,51.69260008918676
312,97.40172559294261,43.557126121055354,19.319892956556203,22.07947293643473,21.181797662713958,502.94822383059335,55.327483080137576,33.91724455873201,25.35035500659555,10.42810638232593,7.580960466047773,82.59381639119806,38.91859260300162,366.4854277928759,50.565211592969916
313,115.29942511207678,51.560807272348676,22.869949557435703,26.136606110939766,25.07398178506406,595.3656438403926,65.4939833273368,40.14958436517542,30.008517209055544,12.344285109635441,8.973972259851038,97.7705424595431,46.06993691313354,433.8276234762498,59.856637978931076
314,128.39479762823933,57.416933422233065,25.467451744366368,29.105125624356816,27.92181152592975,662.9855377109501,72.93259898743328,44.70965708990921,33.41679709534525,13.746313019135075,9.993209862972007,108.87503559444337,51.302426017802986,483.1005000036103,66.65498039162958
315,128.43387197087677,57.43440709695489,25.475202244806756,29.113983176782295,27.930308960800755,663.1873038614694,72.9547945390827,44.72326356378981,33.426966817200565,13.75049642963794,9.996251092939625,108.90816949491337,51.318038866683004,483.24752180522654,66.67526547786692
316,130.18082329404908,58.21562712819707,25.821714715284475,29.509990169743073,28.31021567424739,672.2079455365455,73.94712213067561,45.33158723464405,33.88163880532054,13.937530017922803,10.13221961748534,110.38953315610202,52.01606435267854,489.82063125589247,67.5821792184714
317,144.4891844649562,64.61419027800609,28.659816448316814,32.75347555272347,31.421832120077045,746.091285826728,82.07475647974532,50.31404706391307,37.60561836561043,15.469423950382785,11.245866421073792,122.52260521632103,57.73322465797287,543.6575200051694,75.01023355478979
318,122.69125022167565,54.8663612202236,24.336137851345992,27.812219160551617,26.681470183000986,633.5344266530916,69.69279065023602,42.72356689424681,31.932357772806046,13.135674976018159,9.549291984287917,104.03859410012195,49.02347216399116,461.6402332731521,63.69403611997774
319,99.28485666142359,44.39924444034566,19.693417043986273,22.506349782909183,21.591319167821922,512.6720497727628,56.39716538499207,34.5729887624101,25.84046994880353,10.629719762319333,7.727528117653887,84.19065649607141,39.671031129384126,373.5709295231688,51.542821798080446
320,97.40172559294261,43.557126121055354,19.319892956556203,22.07947293643473,21.181797662713958,502.94822383059335,55.327483080137576,33.91724455873201,25.35035500659555,10.42810638232593,7.580960466047773,82.59381639119806,38.91859260300162,366.4854277928759,50.565211592969916
321,115.3593193575402,51.587591409772266,22.881829741323852,26.150183215079423,25.087006890942252,595.6749166401313,65.52800528980515,40.17044074896818,30.024105643203985,12.350697558281288,8.978633942221016,97.82133102907386,46.09386872465192,434.05298260656673,59.88773152657228
322,127.56693179048978,57.046719686422385,25.30324233975527,28.917461173359502,27.741776864733207,658.710729948239,72.46234311822893,44.42137751467747,33.20133178652217,13.657679342741858,9.928775499525516,108.17302956135326,50.97163749148911,479.9855575951902,66.22520144262674
323,128.38716812277514,57.413521579889164,25.46593841153799,29.10339613282686,27.92015234956479,662.9461416304538,72.92826516960909,44.70700034228881,33.41481139467244,13.745496182532426,9.992616044136172,108.86856599680912,51.299377513137216,483.0717930935748,66.65101960391458
324,129.8431424332298,58.064619456065664,25.75473481277463,29.433443112879104,28.23678075689965,670.4642804409144,73.75530795079605,45.213999950953855,33.793751967088575,13.901376942415546,10.105937277614787,110.10318965605062,51.88113795612804,488.5500673723323,67.4068752998367
325,144.63162260234887,64.67788725952353,28.68806943408894,32.78576408745459,31.452807914266927,746.8267862274784,82.15566617193593,50.36364689503545,37.64269016621151,15.484673783387171,11.256952650623196,122.64338859356921,57.79013835027729,544.1934602197663,75.08417900608777
326,123.01781885349692,55.01239960914153,24.400913613493405,27.886247246032568,26.75248854166063,635.2207121098783,69.87829270722324,42.83728467576726,32.017352475931595,13.170638344613856,9.574709438365014,104.31551475477744,49.15395847171724,462.8689860904988,63.863571226949865
327,99.95586617299459,44.69931351762332,19.82651357649085,22.65845731756148,21.73724253434678,516.1369066832908,56.77832154184711,34.80664780250043,26.015110893074024,10.701559953318187,7.779754056656453,84.75965294924572,39.939144919510476,376.0956815889474,51.89117022545104
328,97.38495931277559,43.54962839988696,19.316567320011938,22.075672278623603,21.178151526550636,502.8616486618382,55.31795926444941,33.911406201954414,25.345991314353068,10.426311336579532,7.579655514761387,82.57959907567056,38.91189333742582,366.4223426953368,50.556507532553006
329,115.41806702735464,51.613862809461004,22.893482498863335,26.163500408156352,25.09978265284576,595.9782689268335,65.56137595842388,40.190897872003966,30.039395662724075,12.35698725126988,8.983206384440335,97.87114733596707,46.11734240146787,434.27402761139314,59.91822983999206
330,128.5856164806203,57.502265799753445,25.50530117444218,29.148381322972615,27.96330859691858,663.9708590930319,73.04099056635255,44.776104061389674,33.466460749868425,13.76674262939371,10.0080616550452,109.03684440390327,51.37867108565552,483.81847833838896,66.75404224692869
331,127.67824995380981,57.09650011125344,25.32532259538083,28.94269528866286,27.76598504787653,659.2855377576598,72.52557560985173,44.460140743420816,33.230304116752116,13.669597382615585,9.937439602652487,108.26742411017968,51.016116644411646,480.40440525376204,66.28299124509844
332,127.71242746294642,57.111783968566066,25.332101795790482,28.950442804257914,27.773417576188937,659.462018383753,72.54498959401849,44.4720420411518,33.23919935946552,13.67325652416559,9.940099702810008,108.29640563896834,51.02977287633336,480.53300214442874,66.30073418518181
333,137.55729384474873,61.514314663239624,27.284857391342285,31.182122577039788,29.914364940789852,710.2974428121655,78.13720754343898,47.90022299674488,35.801483099839736,14.72727598146212,10.70634426757133,116.64456457952592,54.96346441631274,517.5754677222659,71.41160618123627
334,121.08410468930192,54.147661010115975,24.017356233648268,27.447903989840427,26.33196681153565,625.2356928675866,68.77987748870402,42.16392641836038,31.51407247503623,12.963609394207898,9.424204808779054,102.67578166320936,48.38130856937903,455.5931595239775,62.85970127210455
335,100.10262785606362,44.764943947682546,19.855624149119382,22.69172593359166,21.769158563107908,516.8947323519493,56.861687154595586,34.85775317939392,26.053307965502842,10.7172726774468,7.791176795940628,84.88410256685644,39.99778616142199,376.64788965174847,51.967360205792254
336,97.1457167488195,43.44264139869861,19.269112917144373,22.02143966945826,21.1261238283638,501.62628427918594,55.18206137528214,33.82809711783748,25.283724615359247,10.400697345729505,7.561034813658751,82.37672837415005,38.81629971397385,365.5221644606704,50.432306951969444
337,115.243510439595,51.53580276214641,22.85885873249936,26.12393111478035,25.0618221105647,595.0769201546511,65.46222189727143,40.13011374892667,29.99396452234633,12.338298725416644,8.969620315170635,97.72312845158358,46.04759521081152,433.61723795649,59.827610390066695
338,128.713368894909,57.55939546545051,25.53064120773188,29.177340830175186,27.991090710365892,664.6305275893079,73.11355826981958,44.82059002764973,33.49971035643805,13.78042016702142,10.018004866998265,109.14517471720171,51.4297168359796,484.2991617956598,66.82036373990735
339,127.95821506289876,57.221697847657445,25.38085442406499,29.006159072406366,27.826868612898,660.7311790283214,72.68460528557719,44.557630238756495,33.303169508629516,13.699571245225778,9.959229816439311,108.50482633971171,51.12798168537839,481.45780684543746,66.42833256111261
340,128.3316213099807,57.388681573043506,25.45492055255518,29.090804524800074,27.90807267292399,662.6593174426447,72.89671269632048,44.687657822199604,33.40035444932315,13.739549182420335,9.988292730670771,108.8214639231125,51.2771827956989,482.8627916890764,66.62218298602959
341,137.04584466692847,61.28559945098633,27.18341007808317,31.066184915655455,29.80314090514366,707.6564992970647,77.84668706692855,47.72212608174783,35.66837028128701,14.67251877461599,10.666537211034656,116.21087062565437,54.75910579671382,515.6510801450776,71.14609203620343
342,121.08168493694272,54.146578919854754,24.016876269291615,27.447355469201778,26.33144059185572,625.2231981181994,68.77850298730893,42.16308381180451,31.513442695830985,12.9633503286229,9.424016474877769,102.67372978393462,48.380341714267445,455.58405492163996,62.8584450798831
343,101.13642584646722,45.22724858528093,20.06068074736457,22.926072035900457,21.993976960559753,522.2329012592032,57.448919469774204,35.21774248195906,26.322370406669034,10.82795403710584,7.871639248196168,85.76073304629809,40.410858543634845,380.5376759615706,52.504046941175226
344,97.64133601658608,43.664277625600306,19.3674203253773,22.1337889337327,21.233905358759344,504.18548771117815,55.46358992608159,34.00068173900848,25.412717446949305,10.453759757282661,7.599609798365411,82.79699902698147,39.0143332113373,367.3869901428038,50.68960314453286
345,115.46928073967563,51.63676509495042,22.90364087577017,26.175109768958546,25.11092001704886,596.2427185091257,65.59046708370592,40.208731519149076,30.052724849457046,12.362470337293928,8.987192444503043,97.91457506711248,46.137805751509894,434.4667252166414,59.94481696854863
346,129.0518523586826,57.71076205399629,25.59778030868579,29.254069824783063,28.064700168495914,666.3783370440643,73.30582835539386,44.9384567938698,33.587806084909865,13.816659171488757,10.044349674974276,109.43219880109943,51.564963926821804,485.57274556706335,66.99608432249703
347,127.70422466965768,57.10811575735474,25.33047474978778,28.948583357196586,27.771633727836633,659.4196620467385,72.54033012926949,44.469185663152906,33.23706445147854,13.672378309734311,9.939461263898844,108.28944991001528,51.02649530431636,480.50213817164786,66.29647578035609
348,127.71709020391893,57.11386910202108,25.333026662941705,28.95149977591304,27.774431575019367,659.4860951367677,72.54763818900686,44.473665701563526,33.24041291228748,13.673755730505093,9.940462612756015,108.30035950702785,51.03163595745659,480.5505462547573,66.3031548043489
349,137.81913828118527,61.63140900702598,27.33679493610782,31.2414786830293,29.971307832077887,711.6495153080476,78.28594406261642,47.99140250853378,35.869632297194904,14.75530979320578,10.726724115143803,116.8666010082898,55.06808902008644,518.5606881556664,71.54754031640948
350,121.08168493694272,54.146578919854754,24.016876269291615,27.447355469201778,26.33144059185572,625.2231981181994,68.77850298730893,42.16308381180451,31.513442695830985,12.9633503286229,9.424016474877769,102.67372978393462,48.380341714267445,455.58405492163996,62.8584450798831
351,100.20048808770379,44.80870611335095,19.875034987977546,22.713909342796157,21.79044007134824,517.4000481396055,56.91727508465873,34.8918300850022,26.078777654032525,10.7277498727935,7.798793442799256,84.96708518297423,40.036887958274704,377.01610026237404,52.01816344659007
352,97.29236138562437,43.508219486780746,19.298200273333148,22.054681752900787,21.158014403260843,502.3835055621386,55.265360501783476,33.879161736862024,25.32189122462809,10.416397538551443,7.572448443010881,82.50107873994985,38.87489418796782,366.073932123161,50.50843616881722
353,115.51169687258994,51.65573318652858,22.912054229255926,26.18472485383563,25.12014418571278,596.461740488266,65.61456088555447,40.22350167177762,30.063764325614574,12.367011529389499,8.990493772326433,97.9505427080616,46.15475387215806,434.62632089651044,59.96683691452713
354,128.77626812405245,57.58752340302082,25.543117438175475,29.191599117891766,28.004769305244437,664.9553170669627,73.14928716491875,44.84249280734307,33.51608088559163,13.787154337785658,10.022900432929758,109.19851142506184,51.45484934219727,484.53582752986694,66.85301729723717
355,127.60735335951476,57.06479582798264,25.31126006615533,28.926624121283698,27.75056727877448,658.9194527015761,72.48530394015161,44.43545311994753,33.2118521455658,13.662006991141995,9.931921586670159,108.20730587042242,50.987788648644504,480.1376484942579,66.24618592907423
356,127.60401395793713,57.063302479329934,25.31059768691486,28.92586713031348,27.749841064448177,658.9022092073577,72.48340704681469,44.434290272992826,33.21098301296073,13.661649465290244,9.931661674731368,108.20447415549047,50.986454331323664,480.1250836037664,66.24445230940437
357,137.58426225949236,61.526374682044455,27.29020664858474,31.188235901827884,29.92022971886135,710.4366982125424,78.15252651752638,47.90961394246636,35.808502060577375,14.730163296817134,10.708443270281592,116.66743300698074,54.9742401262929,517.6769395489101,71.42560658615247
358,120.90835614060718,54.06906792919787,23.982496038642665,27.408064497255456,26.29374705541424,624.3281892287268,68.6800463533204,42.10272723045449,31.468331107784437,12.944793253619308,9.410525966936065,102.52675203079222,48.31108510952162,454.93188497611635,62.76846302660317
359,98.8729636917243,44.21504981832688,19.61171697105938,22.412979982509643,21.50174546171196,510.5451794708511,56.1631962106973,34.42955932622436,25.733268223751594,10.585621326896256,7.695469709032021,83.84138329680239,39.5064519642186,372.0211338672275,51.32899134446464
360,97.12653549369183,43.43406372367622,19.26530826385324,22.017091573971243,21.121952511453777,501.527239029848,55.171165771923256,33.8214178180905,25.27873238730581,10.398643745880014,7.559541900305042,82.36046323044214,38.808635502181055,365.44999273631674,50.422349179473684
361,115.1859714516105,51.510071873486474,22.847445720235754,26.110887911282063,25.049309198767858,594.7798090754414,65.42953780091914,40.11007751327221,29.978989081580295,12.332138437350077,8.965141946943467,97.67433707155418,46.02460448432772,433.4007407589517,59.797739552721985
362,128.39678024863238,57.417820031232885,25.467845002427595,29.105575053902797,27.922242683219334,662.9957752647422,72.93372518304822,44.71034747830149,33.41731310397344,13.746525284125745,9.993364174065851,108.87671679858754,51.303218209059274,483.1079598456046,66.65600965080411
363,127.8673059461305,57.1810441545065,25.362822357445577,28.985551374019707,27.80709875250427,660.2617563509483,72.63296582447724,44.525973851487414,33.2795089587842,13.689838256051189,9.952154187994045,108.42773806583428,51.09165733015917,481.1157506205989,66.38113792778212
364,128.49447804872227,57.46150955905552,25.48722362255303,29.127721642373405,27.94348886772991,663.5002523130515,72.98922084648267,44.744367821969185,33.44274051709744,13.756985089087664,10.000968178569805,108.95956167749831,51.34225510349582,483.4755592884523,66.70672856675391
365,137.54942069195909,61.51079386412707,27.28329573041482,31.180337854409004,29.912652778830267,710.2567886226489,78.13273532567175,47.897481406213615,35.79943398605839,14.726433059282302,10.705731485203481,116.6378883760812,54.9603185580227,517.5458440605636,71.40751890624921
366,121.20728991058887,54.20274827050261,24.04179035198247,27.475828184643103,26.358755704817085,625.8717779869343,68.84985087167014,42.20682199593847,31.5461333966696,12.976797955134211,9.433792547465332,102.78023913033478,48.43052941647176,456.0566583813774,62.923651748767895
367,101.05000031822631,45.18859991031392,20.043538012529403,22.906480698065366,21.975182139000406,521.7866302546828,57.3998268389986,35.18764737060842,26.29987678235999,10.818701073699303,7.864912585923371,85.68744672444306,40.37632568599161,380.21248976495264,52.45917992166472
368,97.46161744970675,43.58390919027533,19.331772666639456,22.09304949909301,21.194822249125536,503.25748429592977,55.36150368574374,33.938100110731526,25.365942819046847,10.434518575230825,7.5856219625007695,82.64460293518168,38.9425234600727,366.7107779354314,50.59630390053982
369,115.44254641746029,51.624809760099794,22.898338051407237,26.169049509345758,25.10510614670552,596.1046718801605,65.5752810821128,40.199422089165495,30.045766815039347,12.359608084552272,8.985111661656875,97.89190514327949,46.12712357736482,434.36613419061814,59.93093809061929
370,128.25192474757975,57.35304202765783,25.439112526103713,29.072738540014416,27.890741188816136,662.2477924490067,72.8514423463247,44.65990587241648,33.37961214586426,13.731016641277314,9.982089796532145,108.75388356761177,51.24533861609056,482.56292401643174,66.58080924735602
371,128.5835574218507,57.50134500823796,25.504892754624375,29.14791456602245,27.962860816697354,663.9602268383708,73.03982095114765,44.7753870556136,33.46592484693168,13.766522180692554,10.007901394607977,109.03509838224994,51.37784835208573,483.8107308880287,66.75297330547272
372,130.1781670604623,58.21443928577802,25.821187844243415,29.509388042447736,28.30963802737268,672.1942296813445,73.94561329992405,45.33066228055704,33.8809474780982,13.937245633983496,10.132012877802984,110.38728074765828,52.01500300728458,489.81063686517246,67.58080025919178
373,144.39660325869986,64.57278884232517,28.641452718272273,32.73248881737032,31.401698633053552,745.6132290678435,82.02216721511469,50.28180842137339,37.581522627765445,15.459511942541363,11.23866065074215,122.44409905943046,57.69623218964594,543.3091723473237,74.96217087155307
374,123.32952260976909,55.151790566968025,24.462740887791416,27.956905692881424,26.820274259581662,636.8302405820285,70.05535101082286,42.94582620793211,32.09847835774,13.204010237261436,9.59896993107223,104.57983042944609,49.27850525391573,464.04180806841174,64.02538937025561
375,101.07224388581648,45.19854702236978,20.04795008369342,22.911522972682445,21.980019412109513,521.901488207589,57.4124619396808,35.19539302929383,26.30566602614999,10.821082533450047,7.866643844846128,85.70630861961217,40.385213499218814,380.29618379947095,52.470727465560195
376,97.40172559294261,43.557126121055354,19.319892956556203,22.07947293643473,21.181797662713958,502.94822383059335,55.327483080137576,33.91724455873201,25.35035500659555,10.42810638232593,7.580960466047773,82.59381639119806,38.91859260300162,366.4854277928759,50.565211592969916
377,115.7778146920182,51.77473854658081,22.964839410975117,26.245049670015216,25.17801640277317,597.8358792296108,65.76572483118385,40.316169261679526,30.1330257391575,12.39550286169739,9.011206225377085,98.17620284069763,46.26108598214563,435.627620435125,60.10498953724641
378,128.03046843837842,57.25400887058114,25.395186074469738,29.022537801209765,27.842581439036774,661.1042700248314,72.72564765299931,44.58279032079221,33.32197460379271,13.707306897560452,9.964853433266585,108.5660950902568,51.15685180721008,481.72966865343886,66.46584223763216
379,128.4133864859484,57.42524618275913,25.471138894044028,29.109339432461415,27.925854015119516,663.0815240285525,72.9431580889699,44.71613010493176,33.42163514250738,13.748303195228319,9.994656668914542,108.89079840245522,51.309853526666195,483.17044276312726,66.66463062644429
380,130.01331336913208,58.1407182815445,25.788488673354976,29.47201824644014,28.273787558477494,671.3429832507327,73.85197081297382,45.2732569016357,33.838041671512876,13.919595927879781,10.119182003308225,110.24748963584534,51.949132781547576,489.19035549723384,67.49521797886514
381,144.5177341986157,64.62695744760354,28.665479364398454,32.75994733818559,31.42804078504699,746.2387066013342,82.09097369660029,50.323988656761884,37.61304888985635,15.47248056624843,11.248088500825167,122.54681455599687,57.744632212063465,543.7649417298862,75.02505488690305
382,123.15478686956429,55.07365040438236,24.42808158606047,27.917295788401876,26.78227475730456,635.9279667296842,69.9560951850064,42.88497970036155,32.053000590076586,13.185302530836756,9.58536991802899,104.43165962902549,49.20868647971213,463.38434433140065,63.93467691498316
383,100.03960919195673,44.736762599931524,19.843124228431133,22.677440571806045,21.755453994898662,516.5693261541865,56.82589041638709,34.83580881003838,26.03690635149215,10.710525719634935,7.7862719341601085,84.83066458163825,39.97260593283948,376.41077452946956,51.93464464489768
384,97.13612612125566,43.43835256118742,19.267210590498806,22.019265621714755,21.12403816990879,501.576761654517,55.1766135736027,33.82475746796399,25.281228501332524,10.39967054580476,7.560288356981897,82.3685958022961,38.81246760807745,365.4860785984936,50.427328065721575
385,115.38631165927653,51.59966211061323,22.887183736615228,26.15630195468133,25.092876863679894,595.8142953845297,65.54333783251442,40.17984001262209,30.03113082091306,12.35358743104583,8.98073480410108,97.84421971200032,46.104653979105045,434.15454431082543,59.90174433220144
386,128.30599056682755,57.377219748262654,25.449836626052832,29.08499442958517,27.902498796156298,662.526969307477,72.88215356505759,44.6787326806946,33.393683638985244,13.736805081998783,9.98629784146961,108.79972980206817,51.26694157620491,482.76635300883794,66.60887702103834
387,127.96293991005223,57.22381075440643,25.381791610143427,29.007230122577393,27.827896117860394,660.7555764757922,72.68728915898241,44.55927552579255,33.30439922557717,13.70007710083005,9.959597560226813,108.50883287199743,51.129869582131334,481.4755846375635,66.43078542213335
388,128.2407121932125,57.348027879892555,25.436888485935768,29.07019682641341,27.888302812530256,662.1898947652716,72.84507323522051,44.656001434930516,33.37669389947785,13.729816193245744,9.981217102225505,108.7443756492351,51.24085844047968,482.5207354642378,66.5749883526991
389,136.9733524215219,61.25318160770123,27.16903104718911,31.04975203871398,29.787376132343486,707.2821748603386,77.80550901328775,47.69688282038775,35.64950301640957,14.664757548186053,10.660895002509328,116.14939932039313,54.73014023015245,515.3783195609323,71.10845835255442
390,121.12957119118238,54.16799319770953,24.02637463598244,27.458210546440654,26.341854339065588,625.470465878284,68.80570400356493,42.17975877096115,31.5259058584446,12.968477167499955,9.42774355258659,102.7143359278839,48.39947551922512,455.764232575204,62.88330478912627
391,99.98152319183971,44.710787092643926,19.83160271484702,22.66427336907158,21.74282212524723,516.2693904968824,56.79289559859404,34.81558209373111,26.021788542080504,10.704306866890215,7.781750990944398,84.78140935130882,39.94939663792473,376.1922191345618,51.90448983122652
392,97.12653549369183,43.43406372367622,19.26530826385324,22.017091573971243,21.121952511453777,501.527239029848,55.171165771923256,33.8214178180905,25.27873238730581,10.398643745880014,7.559541900305042,82.36046323044214,38.808635502181055,365.44999273631674,50.422349179473684
393,115.39888577222696,51.60528513443862,22.889677845572205,26.159152312669335,25.095611335935732,595.8792236774956,65.550480355065,40.184218572256974,30.034403434670633,12.354933651420389,8.981713471086627,97.85488219225915,46.109678189675066,434.20185588703936,59.90827206749629
394,128.18583421621332,57.32348697005889,25.426003292323013,29.057756833173226,27.87636858654135,661.9065242100672,72.81390068334416,44.63689181694954,33.362411029328435,13.723940800600387,9.976945845514654,108.69784072874374,51.21893096828445,482.3142506329425,66.54649895477658
395,128.60592520180282,57.51134766688176,25.509329463642825,29.152984997671325,27.96772510207039,664.0757261801891,73.05252660866354,44.78317596754769,33.471746418973076,13.768916938972835,10.009642321213724,109.05406560587147,51.386785796572376,483.89489228614184,66.76458533307552
396,129.30732374547026,57.82500643053984,25.64845374199669,29.31198125844888,28.120257122857936,667.697501354986,73.4509447662573,45.02741708128449,33.65429659428913,13.844010666370847,10.064233496042677,109.64883107003608,51.667042065207816,486.5339866529451,67.12870994745622
397,137.16505031523377,61.338907084151636,27.207054837465563,31.093207002477882,29.829064367046254,708.2720353024151,77.9143999174917,47.763635891781895,35.69939545548115,14.68528127111525,10.675815212031361,116.31195353120852,54.806736534610174,516.0996053919204,71.20797655408997
398,121.20728991058887,54.20274827050261,24.04179035198247,27.475828184643103,26.358755704817085,625.8717779869343,68.84985087167014,42.20682199593847,31.5461333966696,12.976797955134211,9.433792547465332,102.78023913033478,48.43052941647176,456.0566583813774,62.923651748767895
399,99.89123991427986,44.6704132688399,19.813694785109586,22.643807538806655,21.72318836510635,515.8031994328749,56.74161163538699,34.78414363629188,25.9982908768865,10.694640881845208,7.7747240727480325,84.70485177078774,39.91332234789726,375.8525177032202,51.857620096575204
400,97.13612612125566,43.43835256118742,19.267210590498806,22.019265621714755,21.12403816990879,501.576761654517,55.1766135736027,33.82475746796399,25.281228501332524,10.39967054580476,7.560288356981897,82.3685958022961,38.81246760807745,365.4860785984936,50.427328065721575
401,115.243510439595,51.53580276214641,22.85885873249936,26.12393111478035,25.0618221105647,595.0769201546511,65.46222189727143,40.13011374892667,29.99396452234633,12.338298725416644,8.969620315170635,97.72312845158358,46.04759521081152,433.61723795649,59.827610390066695
402,128.30398405944183,57.376322457226685,25.44943862994268,29.084539585225382,27.90206244420058,662.5166084096633,72.88101380082081,44.678033974369875,33.393161413385634,13.736590259598591,9.986141671205962,108.79802834245243,51.26613984047564,482.7588032892293,66.60783536115088
403,127.38194136432445,56.96399372572076,25.266548993618475,28.87552668931261,27.701547292282413,657.7555045074254,72.35726228304513,44.35696011871167,33.15318507302645,13.637873740407604,9.914377344884832,108.01616308696775,50.897721275040624,479.2895093983223,66.1291653612865
404,127.64226658802609,57.08040869200844,25.318185198472037,28.934538413144,27.758159802803977,659.0997323235343,72.50513583787186,44.447610609997575,33.220938870999056,13.665744900905404,9.934638949257682,108.23691126773684,51.001738850333595,480.26901361544765,66.26431081111635
405,137.25769840506965,61.38033842953376,27.22543183404711,31.1142088993097,29.849212399134938,708.75043742456,77.96702717426355,47.7958978245324,35.723508600846124,14.695200439703342,10.68302618803846,116.3905164034196,54.84375572746141,516.4482047070865,71.25607395932293
406,121.11484486019083,54.1614077224277,24.023453628816828,27.454872313728647,26.33865182739058,625.3944242889728,68.79733894818416,42.174630765613685,31.522073095561723,12.96690052452709,9.426597374401581,102.70184842963242,48.393591351640744,455.70882302593367,62.875659749594966
407,100.42609595623414,44.9095958083092,19.919784912515627,22.765051176240462,21.83950265410265,518.5650077547333,57.04542800446452,34.97039129328403,26.137495705737553,10.751904094286004,7.816352929776987,85.15839406129614,40.127033596556906,377.86497635474757,52.13528570022397
408,97.18463821470372,43.46004670838912,19.276833094071606,22.03026256707538,21.13458801737151,501.82726102796715,55.204170087751606,33.841650356950474,25.293854548597448,10.404864388811399,7.564064144939617,82.4097326396017,38.831851478226874,365.66861104555454,50.45251267364392
409,115.42715363937278,51.6179262560096,22.89528485267647,26.16556020332853,25.101758703845224,596.025188992647,65.56653746218196,40.19406201350303,30.04176059865375,12.357960089853625,8.983913612634296,97.87885251736992,46.12097311898466,434.30821705590637,59.92294707119678
410,128.63314681866893,57.52352091526969,25.514728944203938,29.159155719485778,27.973644943602974,664.2162890271949,73.06798941014274,44.792655083353,33.478831279607824,13.771831362868825,10.01176103112392,109.07714874132544,51.39766267796599,483.9973168154986,66.77871718554896
411,127.26886511834265,56.91342710302962,25.244120017591626,28.84989404371306,27.676956781711215,657.1716185780152,72.29303114085296,44.31758469014096,33.1237551736997,13.625767475192752,9.905576406860183,107.92027773543037,50.85253964890769,478.8640467473315,66.07046286634197
412,127.59935121696462,57.061217345874915,25.309672819763637,28.924810158658357,27.748827065617743,658.878132454343,72.4807584518263,44.4326666125811,33.20976946013877,13.66115025895074,9.93129876478536,108.20052028743095,50.98459125020043,480.10753949343786,66.24203169023728
413,137.82611328304986,61.63452816157957,27.338178446395506,31.243059808660945,29.972824674590623,711.6855317623523,78.28990610020148,47.993831344805415,35.8714476528507,14.756056556787414,10.727266992726973,116.87251560600176,55.07087600619291,518.5869324190677,71.55116132458976
414,120.9916596389039,54.10632046204106,23.99901951048263,27.426948118925974,26.311862934109147,624.7583391696252,68.72736556521802,42.131735188035606,31.490012173928353,12.953711963600774,9.417009635715303,102.597390962507,48.34437050454802,455.2453241685337,62.811709272931616
415,100.45916510891004,44.9243840191448,19.92634426745491,22.772547444474867,21.84669414990618,518.7357652182246,57.064212404576665,34.981906638949944,26.14610248097689,10.755444572033994,7.818926764455537,85.18643573620179,40.140246964932935,377.9894029241066,52.15245324722664
416,97.19422884226758,43.464335545900326,19.278735420717172,22.03243661481889,21.136673675826525,501.8767836526363,55.20961788943106,33.84499000682397,25.296350662624167,10.405891188736147,7.564810601616472,82.41786521145565,38.83568358412328,365.70469690773143,50.4574915598918
417,115.38631165927653,51.59966211061323,22.887183736615228,26.15630195468133,25.092876863679894,595.8142953845297,65.54333783251442,40.17984001262209,30.03113082091306,12.35358743104583,8.98073480410108,97.84421971200032,46.104653979105045,434.15454431082543,59.90174433220144
418,128.6624179395076,57.536610682358656,25.52053494936328,29.165791032324865,27.980010487490322,664.367434791253,73.08461639937808,44.802847877761415,33.486449556390745,13.77496521250216,10.014039257803416,109.10196979624408,51.4093584751402,484.1074528441698,66.79391301919318
419,127.40752911089078,56.97543632283655,25.271624391632745,28.88132703786266,27.707111818651054,657.8876306233542,72.37179699078865,44.365870287938286,33.159844692815795,13.640613237492007,9.91636888758034,108.03786074816317,50.907945314483264,479.38578629885495,66.14244900499442
420,128.1979449215056,57.32890276238311,25.428405483130735,29.060502143773366,27.879002282274083,661.9690596290142,72.82077997463053,44.641109008695146,33.36556303384038,13.72523740723014,9.977888444605975,108.7081102528532,51.2237700160789,482.3598185834373,66.55278611624028
421,137.04584466692847,61.28559945098633,27.18341007808317,31.066184915655455,29.80314090514366,707.6564992970647,77.84668706692855,47.72212608174783,35.66837028128701,14.67251877461599,10.666537211034656,116.21087062565437,54.75910579671382,515.6510801450776,71.14609203620343
422,120.9916596389039,54.10632046204106,23.99901951048263,27.426948118925974,26.311862934109147,624.7583391696252,68.72736556521802,42.131735188035606,31.490012173928353,12.953711963600774,9.417009635715303,102.597390962507,48.34437050454802,455.2453241685337,62.811709272931616
423,100.36814611197542,44.8836811886276,19.908290405810416,22.751914837944696,21.826900394048206,518.2657751583523,57.01251052781612,34.95021198919165,26.122413333063026,10.745699818775584,7.811842583829168,85.10925428715493,40.10387870513807,377.6469332622419,52.10520157061658
424,97.40172559294261,43.557126121055354,19.319892956556203,22.07947293643473,21.181797662713958,502.94822383059335,55.327483080137576,33.91724455873201,25.35035500659555,10.42810638232593,7.580960466047773,82.59381639119806,38.91859260300162,366.4854277928759,50.565211592969916
425,115.92620069058995,51.84109535509773,22.994272170930913,26.27868649338427,25.210285668831784,598.6020922917374,65.85001311021925,40.36784025797874,30.171645565643146,12.411389489673782,9.022755388208026,98.30202983037827,46.32037624821891,436.1859401757044,60.18202276606795
426,128.27277809219552,57.36236744521019,25.44324884281997,29.077465672467923,27.895276132355928,662.3554717798561,72.86328775321427,44.667167427434066,33.385039561917374,13.733249259793636,9.98371285177223,108.77156659433284,51.25367094099107,482.64138717379257,66.59163506975801
427,128.74841589057942,57.57506814887872,25.537592873122595,29.185285444992804,27.998712324525773,664.811497937787,73.13346615182228,44.83279409812142,33.50883189691129,13.784172398278175,10.0207326409367,109.17489354515719,51.443720486717325,484.43103023149024,66.83855806594195
428,130.53274080250984,58.37300129386938,25.891518494956856,29.589764455636004,28.386746612614285,674.025123669045,74.1470232091877,45.454132006066736,33.97323095852119,13.975207309507644,10.159610022559892,110.68794891723677,52.1566792551176,491.14476219762787,67.76487396202198
429,144.5588246034359,64.64533268617579,28.67362975616857,32.76926190089639,31.436976649740163,746.450882987276,82.11431443993523,50.33829716414016,37.62374332409984,15.4768798221153,11.251286644724358,122.58165801827126,57.76105061446193,543.9195492021568,75.04638659331303
430,123.30960802396591,55.14288495343606,24.45879077639812,27.952391362610538,26.81594346642115,636.7274086712276,70.04403885077268,42.9388915476593,32.093295268663844,13.20187812493949,9.597419941205494,104.56294344275955,49.27054802680283,463.96687710129635,64.01505089587239
431,100.78591289317647,45.07050252333381,19.9911555649693,22.84661614105937,21.917751468561864,520.4229757551733,57.249816226227885,35.09568680496367,26.231143811388108,10.79042712120114,7.844358162306173,85.46350830689441,40.270804856206276,379.2188298235612,52.32208135954587
432,97.40172559294261,43.557126121055354,19.319892956556203,22.07947293643473,21.181797662713958,502.94822383059335,55.327483080137576,33.91724455873201,25.35035500659555,10.42810638232593,7.580960466047773,82.59381639119806,38.91859260300162,366.4854277928759,50.565211592969916
433,116.12130486945898,51.928344089902055,23.032971606984844,26.322913609597048,25.252714662926042,599.6095415912929,65.96083889990138,40.43577946653841,30.22242454483978,12.432277899201404,9.037940715344304,98.46747247144613,46.398333594521795,436.9200425545043,60.28330930926961
434,128.25376404601664,57.353864544440796,25.43947735587135,29.073155480677553,27.891141178108878,662.2572899386693,72.85248713020843,44.66054635321414,33.3800908526639,13.731213561810828,9.982232952607157,108.75544323892625,51.24607354050905,482.5698445927396,66.58176410225286
435,128.5835574218507,57.50134500823796,25.504892754624375,29.14791456602245,27.962860816697354,663.9602268383708,73.03982095114765,44.7753870556136,33.46592484693168,13.766522180692554,10.007901394607977,109.03509838224994,51.37784835208573,483.8107308880287,66.75297330547272
436,130.54096270539267,58.37667805070961,25.893149331398707,29.59162823454837,28.388534616699502,674.0675786812768,74.15169352883419,45.45699503841158,33.975370840085326,13.976087569866541,10.1602499488069,110.69492085056709,52.15996446271297,491.1756980725002,67.76914228741805
437,144.49724871368733,64.61779653340778,28.661416013635726,32.75530359386471,31.423585839365746,746.1329267684173,82.07933724648747,50.316855197903834,37.607717215163156,15.470287331838811,11.246494076800083,122.5294434635387,57.73644687204665,543.687862687787,75.01442003548043
438,123.0548675791545,55.02896744719848,24.408262327384495,27.89464562224722,26.760545468843006,635.4120186873668,69.89933763973836,42.85018578897719,32.02699499861016,13.1746048867889,9.577593010733139,104.34693099125438,49.16876194928963,463.00838627041486,63.88280473272937
439,99.53286575169584,44.5101517487983,19.74261031081131,22.562569628741688,21.645253308481955,513.9526814113391,56.53804295838438,34.65935052773144,25.90501827630995,10.656272322465453,7.746831134075092,84.4009609556751,39.770127574415135,374.50409284231563,51.671573440315264
440,97.12653549369183,43.43406372367622,19.26530826385324,22.017091573971243,21.121952511453777,501.527239029848,55.171165771923256,33.8214178180905,25.27873238730581,10.398643745880014,7.559541900305042,82.36046323044214,38.808635502181055,365.44999273631674,50.422349179473684
441,115.26181743079032,51.54398947464599,22.86248997319964,26.128081028082033,25.065803302694018,595.1714510127989,65.47262088907,40.136488612346454,29.998729209245653,12.340258724077481,8.971045182909467,97.73865224503034,46.05491009489371,433.6861201601571,59.837114296468634
442,128.65056999113486,57.531312392432,25.51818487709379,29.163105284676593,27.977433933085127,664.3062561565438,73.07788636293225,44.798722183272616,33.48336593856446,13.773696737377193,10.013117109579955,109.0919230823224,51.40462441654839,484.06287354743336,66.78776226557189
443,127.40286636991827,56.97335118938155,25.27069952448153,28.88027006620754,27.706097819820616,657.8635538703395,72.36914839580028,44.36424662752656,33.15863113999384,13.640114031152505,9.916005977634333,108.03390688010366,50.90608223336003,479.3682421885264,66.14002838582734
444,127.76279557572626,57.13430810997604,25.34209244576518,28.96186048065134,27.784371049210694,659.7221015876809,72.57360039008643,44.48958123348865,33.25230846541009,13.67864907789241,9.944019948261603,108.33911632641853,51.04989835203236,480.72251808212764,66.32688232850008
445,137.66952926858792,61.56450527825856,27.307119588046778,31.20756462119333,29.938772599112934,710.8769870320156,78.20096107014145,47.93930563409379,35.83069416177235,14.739292225861647,10.71507976281883,116.7397369384624,55.00831007699721,517.9977666812302,71.46987217108509
446,121.16117129380804,54.182124463322374,24.032642600912496,27.465373803625933,26.34872636290154,625.6336376844474,68.82365393343227,42.19076256378218,31.534130289941356,12.97186036456209,9.430203048322111,102.74113189128514,48.412101902513655,455.8831316712781,62.89970969228275
447,100.03992211156093,44.73690253460499,19.843186296872123,22.677511505866917,21.755522045025092,516.5709419608694,56.82606816533354,34.83591777495331,26.0369877938178,10.710559221699725,7.78629628928456,84.83092992831642,39.972730965435346,376.4119519262181,51.93480709423728
448,97.12653549369183,43.43406372367622,19.26530826385324,22.017091573971243,21.121952511453777,501.527239029848,55.171165771923256,33.8214178180905,25.27873238730581,10.398643745880014,7.559541900305042,82.36046323044214,38.808635502181055,365.44999273631674,50.422349179473684
449,115.38631165927653,51.59966211061323,22.887183736615228,26.15630195468133,25.092876863679894,595.8142953845297,65.54333783251442,40.17984001262209,30.03113082091306,12.35358743104583,8.98073480410108,97.84421971200032,46.104653979105045,434.15454431082543,59.90174433220144
450,128.7883836067433,57.592941331752264,25.54552057659298,29.194345511454674,28.007404039910394,665.0178771547139,73.15616916992948,44.84671166267517,33.51923413349786,13.788451455897317,10.02384340385504,109.20878500026565,51.45969029888632,484.58141345588456,66.85930693884347
451,127.66386042941515,57.09006525268122,25.32246839470514,28.939433404825525,27.76285578099409,659.2112353190531,72.51740187203929,44.455130020920706,33.22655901316632,13.668056799117037,9.936319638761734,108.255222214078,51.0103670538961,480.3502629788547,66.27552105561968
452,128.3316213099807,57.388681573043506,25.45492055255518,29.090804524800074,27.90807267292399,662.6593174426447,72.89671269632048,44.687657822199604,33.40035444932315,13.739549182420335,9.988292730670771,108.8214639231125,51.2771827956989,482.8627916890764,66.62218298602959
453,137.16508375702355,61.338922039002234,27.207061470734065,31.093214583217215,29.829071639578842,708.2722079840454,77.9144189135623,47.76364753688731,35.69940415924114,14.685284851488584,10.67581781486909,116.31198188886877,54.806749896872326,516.0997312205806,71.20799391508808
454,121.52210136460961,54.343528961231236,24.104234046446333,27.54719109876825,26.42721724880286,627.4973535162936,69.02867445297461,42.31644569111339,31.628068106460272,13.010502566761142,9.458294918164228,103.0471900418607,48.55631793460331,457.2411734369223,63.08708322482793
455,99.73320357066257,44.59974091772144,19.78234785338589,22.607983130659576,21.688820453927377,514.9871553860253,56.65184163311748,34.72911219528808,25.957159393945574,10.677721060420254,7.762423805315724,84.5708415705741,39.85017611474515,375.2578874064279,51.775576979723404
456,97.12653549369183,43.43406372367622,19.26530826385324,22.017091573971243,21.121952511453777,501.527239029848,55.171165771923256,33.8214178180905,25.27873238730581,10.398643745880014,7.559541900305042,82.36046323044214,38.808635502181055,365.44999273631674,50.422349179473684
457,115.20348539464862,51.51790394238612,22.85091965771154,26.114858052765353,25.053117927981344,594.8702449120723,65.43948631447172,40.11617622133508,29.983547365028343,12.334013530014643,8.96650509024476,97.68918838334326,46.03160249190739,433.46663902582105,59.80683175545411
458,128.81098547922377,57.603048674350255,25.550003718490956,29.19946900827885,28.012319233011596,665.1345852679439,73.16900779993968,44.854582090347144,33.52511663185921,13.790871276790952,10.025602550324878,109.227950727509,51.46872127920804,484.6664556546187,66.87104049343311
459,127.48114404495361,57.00835622182037,25.286226110826533,28.898014411053065,27.723120740759782,658.267752229095,72.41361276965718,44.39150449212291,33.17900415535016,13.648494662169673,9.92209847708652,108.10028406059037,50.9373594712741,479.6627711308765,66.1806655221519
460,128.3316213099807,57.388681573043506,25.45492055255518,29.090804524800074,27.90807267292399,662.6593174426447,72.89671269632048,44.687657822199604,33.40035444932315,13.739549182420335,9.988292730670771,108.8214639231125,51.2771827956989,482.8627916890764,66.62218298602959
461,137.18596576603053,61.34826027499796,27.21120347310904,31.097948213447285,29.833612816718002,708.3800353277206,77.92628060279812,47.77091907342381,35.704839035659965,14.687520538896337,10.67744310111294,116.32968922215576,54.815093675140396,516.1783022310788,71.21883461834562
462,120.87302250102455,54.05326706133596,23.97548751666478,27.40005490467215,26.286063105260677,624.1457387519886,68.6599756478553,42.09042334479355,31.45913496365411,12.941010333448238,9.407775882959967,102.49679013717734,48.296966925108286,454.79893800891335,62.75011989201321
463,99.03129384535164,44.2858535584899,19.643122180784918,22.44887099286655,21.536177267284447,511.36274064916637,56.25313310701578,34.484693077797125,25.774476175441038,10.602572604458382,7.707792844252935,83.9756426393169,39.569715594388214,372.6168696586767,51.411186990085675
464,97.12653549369183,43.43406372367622,19.26530826385324,22.017091573971243,21.121952511453777,501.527239029848,55.171165771923256,33.8214178180905,25.27873238730581,10.398643745880014,7.559541900305042,82.36046323044214,38.808635502181055,365.44999273631674,50.422349179473684
465,115.243510439595,51.53580276214641,22.85885873249936,26.12393111478035,25.0618221105647,595.0769201546511,65.46222189727143,40.13011374892667,29.99396452234633,12.338298725416644,8.969620315170635,97.72312845158358,46.04759521081152,433.61723795649,59.827610390066695
466,128.30398405944183,57.376322457226685,25.44943862994268,29.084539585225382,27.90206244420058,662.5166084096633,72.88101380082081,44.678033974369875,33.393161413385634,13.736590259598591,9.986141671205962,108.79802834245243,51.26613984047564,482.7588032892293,66.60783536115088
467,128.12447808679744,57.296049092023374,25.413833139840317,29.043848342428575,27.863025567095416,661.5897027562072,72.77904832121756,44.61552637569162,33.346442116528856,13.717371838491538,9.972170381952589,108.64581252435003,51.19441503502046,482.08339099262497,66.51464648350306
468,128.89588462863196,57.641014767207764,25.56684369199947,29.218714339511674,28.03078211540463,665.5729745894845,73.217233395778,44.88414568581505,33.54721299169426,13.799960821728765,10.032210411647114,109.29994272472777,51.50264424502867,484.98589867167715,66.91511510738637
469,137.15169270892318,61.332933689540766,27.204405320503668,31.09017903859701,29.826159509741036,708.2030613255411,77.90681234414389,47.75898450396307,35.695918925060866,14.683851167708228,10.674775564276198,116.30062667148064,54.801399265326815,516.0493458299545,71.20104207541046
470,121.08168493694272,54.146578919854754,24.016876269291615,27.447355469201778,26.33144059185572,625.2231981181994,68.77850298730893,42.16308381180451,31.513442695830985,12.9633503286229,9.424016474877769,102.67372978393462,48.380341714267445,455.58405492163996,62.8584450798831
471,100.52852338087605,44.95540037928803,19.94010166632929,22.788269897844856,21.861777382508848,519.0939069193179,57.10361025502856,35.00605858757428,26.1641540792035,10.7628702663341,7.824325049902401,85.24524952358696,40.167960296640985,378.25037156524417,52.1884599573371
472,97.07910786971176,43.41285454091538,19.255900867701882,22.006340461157453,21.11163850183379,501.282339474978,55.1442252732071,33.80490256323665,25.266388590543528,10.393566009265857,7.555850518656485,82.3202459915479,38.78968495110434,365.271540732949,50.39772756391909
473,115.3830152542857,51.598187989625565,22.88652988586283,26.155554710375963,25.092159999752642,595.7972739095501,65.54146536269683,40.178692137945774,30.030272878856554,12.353234508531221,8.98047823866794,97.84142445691727,46.10333684183555,434.1421412000398,59.90003303381487
474,128.69113488211596,57.54945262620911,25.526231031787436,29.172300721483637,27.986255515123236,664.5157189740104,73.10092859658612,44.81284769613728,33.49392359943663,13.778039730234488,10.016274351743428,109.12632092422125,51.42083284054157,484.2155037121873,66.80882115629706
475,129.1025739989542,57.73344428954118,25.607841081784652,29.26556764042084,28.075730522576546,666.6402457395119,73.33463996706543,44.956119091606716,33.601007202031504,13.822089574876566,10.048297436138993,109.47520926952954,51.58523066072072,485.7635916934552,67.02241599636689
476,130.45933607398263,58.34017539680361,25.87695847059366,29.573124732807113,28.370783403567582,673.6460874906943,74.10532683419159,45.428570999687544,33.95412620533536,13.967348390033807,10.153896793747998,110.62570385295977,52.12734908968887,490.86856828861283,67.72676657113844
477,137.81235915266072,61.628377445168745,27.335450277821366,31.239941958870876,29.969833585827498,711.61451027472,78.28209328773067,47.98904187930814,35.86786792070478,14.75458400038226,10.72619648275304,116.86085250544507,55.065380298658305,518.535180888703,71.54402099407537
478,121.81408401971935,54.47410083001851,24.162149587547386,27.61337907533805,26.490714250359115,629.0050491642178,69.19453050236118,42.418119938258165,31.70406125666106,13.041763062103934,9.481020480280131,103.29478279916289,48.67298479991993,458.3397924563962,63.23866333952532
479,101.17834990733222,45.245996626914554,20.068996497042363,22.935575575613115,22.003094119101203,522.4493823514986,57.4727337580123,35.232341285179395,26.333281813215223,10.83244254656517,7.874902277121568,85.79628342453191,40.427610048139876,380.69542016258333,52.52581143246704
480,98.11321161362174,43.8752959085764,19.461018112973388,22.240755873082986,21.336523391012218,506.62208718570827,55.7316312667456,34.16499833533699,25.535530608943947,10.504280103766831,7.636336768285535,83.19713574102626,39.202879502571186,369.1624774762354,50.93457302842777
481,116.53107189680912,52.11158801070416,23.11424999355693,26.41580149156776,25.341826043749588,601.7254342752827,66.19360046685001,40.57846860673725,30.329072959434978,12.476148725176655,9.069833657853493,98.81494293374129,46.56206330159322,438.461839102765,60.49603609943321
482,129.0524447561012,57.71102696849263,25.597897812299266,29.254204112165482,28.06482899621618,666.3813959757998,73.30616485721616,44.93866307859423,33.58796026580118,13.816722595245006,10.04439578238545,109.43270113679552,51.565200629751395,485.5749745319002,66.9963918601781
483,130.8348109346313,58.5080841865196,25.951434914121226,29.658239108076504,28.45243732168125,675.5849074972874,74.31860928758852,45.5593189160797,34.05184953575432,14.007547798893327,10.183120712084603,110.94409556020254,52.277376751368344,492.281336533658,67.92169089779655
484,132.26911974271883,59.1494934559149,26.235933904977966,29.983374852005806,28.764354166827573,682.9911732801646,75.13334532874245,46.058774160024306,34.425151315088925,14.161108988336236,10.29475567854975,112.16034750668801,52.85048035737777,497.6780918161655,68.66629914707649
485,145.74371976608123,65.17520654339327,28.90865688292317,33.03785940794133,31.694653907857454,752.5692645031073,82.78737507273111,50.750901548336124,37.9321312180083,15.603738075731949,11.343509275583747,123.586414483422,58.234496560429875,548.3778563617915,75.66151403843695
486,124.05750021019934,55.477335232241806,24.60713719319016,28.121927016982028,26.978586385382638,640.5892606496502,70.4688669739676,43.19932268509166,32.2879461571595,13.281949594239181,9.655629804143615,105.19713415687818,49.56938165762195,466.7809092567448,64.40331225793149
487,102.00921834006253,45.61755309466835,20.23380147440402,23.12392066870596,22.183781749831482,526.7396944577237,57.94469520298528,35.52166642451848,26.549528595346292,10.921397689335826,7.939570338212593,86.50083557040419,40.75959831470575,383.821660187132,52.95714915108721
488,98.25748188335353,43.939812202265976,19.489634507098472,22.27345972403309,21.36789761609499,507.3670480729147,55.81358167223339,34.21523615187729,25.573079251253247,10.51972609008187,7.647565596159009,83.3194727129474,39.260525255952196,369.7053113038557,51.009469614408694
489,116.87456207424988,52.265193554025416,23.182382189566653,26.493665431149584,25.416524303902452,603.499096636965,66.38871453556754,40.69807881159613,30.41847176511725,12.512923762680671,9.09656814782071,99.1062125644898,46.699310913969384,439.7542612221443,60.674355871456406
490,129.1660942899075,57.761849960051194,25.62044050150044,29.279966713296403,28.08954417877472,666.9682421617281,73.37072164633314,44.97823813754343,33.6175393724421,13.828890238288485,10.053241340485426,109.52907261965169,51.61061132323554,486.0025942456364,67.05539197223332
491,130.36328169898957,58.297220793067595,25.857905828234635,29.551350683526426,28.349894612087397,673.1500965110703,74.05076469194155,45.395122929771524,33.92912651984533,13.957064534847285,10.146420700126656,110.54425255049618,52.088968854992494,490.5071524256352,67.67690082423934
492,131.83404205791751,58.95493084961626,26.1496350817592,29.884749433325197,28.66973851776261,680.7445852708962,74.88620645006395,45.907271338615125,34.311915397572896,14.114528331227087,10.260892759714798,111.79141434666819,52.676637326750125,496.04106094769895,68.44043256147513
493,145.35936849895006,65.00332830904675,28.83241978041306,32.95073288786126,31.611069651806343,750.5846098580909,82.56905051944855,50.61706268825035,37.8320976610082,15.562588333492515,11.313594489747471,123.26049584292662,58.08092217259573,546.9316895952397,75.46198160684806
494,124.21982426900398,55.54992500884785,24.63933460469687,28.158723384207462,27.01388673913365,641.4274449483756,70.56107254386218,43.25584719496791,32.33019358647103,13.299328470674082,9.668263792555988,105.33478021424696,49.63424112367172,467.3916725853198,64.48758130275714
495,101.2908170350005,45.29629085768408,20.09130465282149,22.96107014346059,22.027552165685837,523.0301230083581,57.53661890034687,35.27150460647295,26.362553179770668,10.844483597837106,7.883655806316178,85.89165226154307,40.47254829021214,381.1185909344072,52.58419770923144
496,97.7422131754026,43.70938893243349,19.38742957981538,22.156656233921016,21.25584295333309,504.70638184876134,55.520891573086466,34.035809199483545,25.438972338969833,10.464559953452513,7.607461258370456,82.8825399091644,39.054640475125794,367.7665522961266,50.741972595375785
497,115.42696015473201,51.617839731516845,22.895246474480135,26.16551634333669,25.1017166270495,596.024189906072,65.56642755634483,40.19399463825028,30.041710241185214,12.357939374836464,8.983898553358872,97.87868844804983,46.12089580875361,434.3074890472298,59.92284662542192
498,128.78252651613647,57.590322096490134,25.544358806995245,29.193017799109196,28.00613030777298,664.9876332006196,73.15284214384779,44.84467210564159,33.5177097321047,13.787824379081506,10.023387535418763,109.20381835862531,51.457349994114715,484.5593754648365,66.85626628402906
499,128.47821578410094,57.45423722884974,25.4839979588412,29.124035237133608,27.93995233902213,663.4162797031521,72.97998332871587,44.73870497356603,33.438508002952005,13.755244004682268,9.99970245576631,108.94577175242192,51.33575722629964,483.41437060857675,66.69828616138015
500,129.34488843016985,57.84180500057746,25.65590479774467,29.320496594641764,28.128426254828923,667.8914721633408,73.47228278100472,45.04049786183506,33.664073403550454,13.848032448591658,10.067157226478598,109.68068482469994,51.6820517033963,486.675328189332,67.14821130863534
501,137.92705971414523,61.67967044631757,27.35820144117548,31.26594281180931,29.994777333696177,712.2067835975982,78.34724709620978,48.028982927284574,35.89772057408836,14.766864169444892,10.735123844324454,116.95811522905238,55.111210948953016,518.9667552174723,71.60356673750023
502,123.20784704641996,55.097378411265595,24.43860621414962,27.929323714311355,26.793813669200247,636.2019508048455,69.98623516475872,42.903456323684054,32.066810348700635,13.190983304617172,9.589499691917652,104.47665310812685,49.22988761751455,463.58398947624124,63.962222618650465
503,101.82609587672532,45.535662469193085,20.197478643693596,23.08240962309878,22.143958400272805,525.7941145193987,57.840675434031446,35.457899490869245,26.501868049015926,10.901792076426517,7.925317570650688,86.3455530738991,40.68642847604331,383.13264041970933,52.86208280549936
504,97.64946476019747,43.66791272249958,19.369032683428326,22.135631594871217,21.23567310364662,504.2274616817258,55.468207328102785,34.00351233141681,25.41483308232488,10.454630043744407,7.6002424738501775,82.8038919639725,39.0175811954881,367.41757549498016,50.69382310714843
505,115.51201695829195,51.65587632581289,22.912117719111592,26.184797412340643,25.12021379423905,596.4633932981552,65.61474270508748,40.22361313207228,30.06384763303166,12.367045798677148,8.990518685201824,97.95081413138126,46.15488176809581,434.6275252565433,59.9670030840806
506,128.7655858609228,57.582746396457914,25.54099858269379,29.189177613157273,28.00244625054685,664.9001576205069,73.14321927721998,44.83877302795721,33.51330065597083,13.786010664245566,10.022069012192796,109.189453178155,51.45058105388626,484.49563426071245,66.84747169840766
507,129.03693732044883,57.704092190628955,25.594821870933632,29.250688815041983,28.061456618958406,666.3013210369826,73.29735610790034,44.93326307685607,33.58392420795275,13.815062324980635,10.043188809347805,109.41955128462219,51.55900435790098,485.51662598463946,66.98834131733344
508,130.00505324706094,58.13702443344644,25.786850256034835,29.470145803825684,28.27199124292645,671.3003308880662,73.84727878353233,45.270380560598944,33.83589184279447,13.918711575665641,10.118539102389526,110.24048529376041,51.94583230279545,489.1592758181783,67.49092981232836
509,137.86622432116994,61.65246543666998,27.346134578159475,31.252152364005653,29.981547557972082,711.8926510434089,78.3126905300399,48.00779881695379,35.88188719126582,14.760350958863713,10.730388910664141,116.90652859393991,55.086903085199715,518.7378549091485,71.57198460176896
510,122.37700250068231,54.725832625547945,24.273805974836893,27.740984036032312,26.6131312331361,631.911762042642,69.5142872884076,42.61413950227742,31.850569783540987,13.102030719256044,9.524833489996432,103.77212121772618,48.897908895421644,460.45783932930686,63.53089730074324
511,102.15178068981719,45.68130562277374,20.262079098030586,23.156237360468868,22.21478455628528,527.4758362473864,58.0256754520096,35.57130950888952,26.58663272419878,10.936660820869745,7.950666235444984,86.62172427610477,40.8165616382696,384.35806776532354,53.03115908609248
512,98.19192403192402,43.910495354073014,19.47663093180892,22.25859876753979,21.353640854875113,507.02853040565674,55.77634258952046,34.19240758630369,25.55601677318018,10.512707279637375,7.64246310462818,83.26388157109636,39.23433044989326,369.4586421911672,50.97543585772795
513,115.76473895222132,51.76889119999643,22.962245802990598,26.24208560093727,25.17517284252841,597.7683607121916,65.75829736757406,40.31161602546346,30.12962256900002,12.394102935722778,9.010188515825627,98.16511499553485,46.25586133764329,435.5784214290088,60.09820138697969
514,128.98660742685726,57.681585140476805,25.584838801837225,29.23927980235064,28.050511457402475,666.0414351834892,73.2687670216274,44.91573719321112,33.57082504916246,13.809673863109053,10.039271538567897,109.3768730059266,51.53889415335873,485.3272538511235,66.96221301515588
515,127.91844322007483,57.20391225748026,25.37296557259583,28.99714340741772,27.818219493775718,660.5258112323714,72.66201353016929,44.54378088124874,33.292818251208615,13.695313158364753,9.956134298713376,108.47110097947052,51.112090137887726,481.30816061748106,66.40768537405727
516,128.24892931869678,57.35170250032556,25.438518374767835,29.07205952236302,27.89008977768224,662.2323251086991,72.84974084114263,44.65886280368887,33.37883253764769,13.730695942122738,9.98185665663855,108.7513435314711,51.24414173918044,482.5516533635875,66.57925419795255
517,138.44741396283922,61.912367921644794,27.461415099075865,31.38389911578089,30.10793794087918,714.8937097639486,78.6428259549521,48.210180767494165,36.03315107958793,14.822574778562368,10.77562399936457,117.3993604227425,55.31912774807417,520.9246491693046,71.8737038683194
518,122.64637133981527,54.84629181071916,24.32723600501551,27.802045808371034,26.671710444258085,633.3026879053255,69.66729792347303,42.70793916278401,31.920677326894708,13.130870115000443,9.545798976057595,104.0005381200492,49.00554000818007,461.4713712112396,63.670737660494495
519,101.58196603406547,45.426489923409974,20.149054836014866,23.02706914302853,22.090867873393822,524.5335139499288,57.70200140483028,35.37288855777569,26.43832935766876,10.87565483958744,7.906316483405877,86.13853810288587,40.5888820534222,382.21407322513915,52.73534503904701
520,98.73026518611131,44.151236402615474,19.583412340553913,22.38063242630804,21.47071304566116,509.8083346202654,56.08213862052835,34.37986882963842,25.696128658161996,10.570343618128035,7.684363214531738,83.7203791349136,39.44943423715884,371.4842139866339,51.254910725395575
521,116.72681863578141,52.19912409228073,23.153076883127085,26.460174266271938,25.384394774363,602.7362015290191,66.30479125246035,40.646631567679485,30.38001917516291,12.49710592902053,9.085068996657533,98.98093044699563,46.64027739421891,439.19835918939197,60.59765622181311
522,128.91902634714714,57.65136352382257,25.571433913803265,29.22396021112789,28.03581470796058,665.6924702776024,73.23037867664237,44.89220409876011,33.55323599360978,13.802438440077692,10.034011575354553,109.31956622562966,51.51189093043945,485.0729721044964,66.9271289180886
523,128.51688404786267,57.471529308957145,25.491667912449774,29.132800737724367,27.948361464568762,663.6159490053044,73.00194821379355,44.75217004259519,33.448572036293115,13.759383939223186,10.002712079847237,108.97856130987442,51.35120781913921,483.55986449074834,66.7183604354974
524,128.7993764007779,57.59785720478502,25.547701026710765,29.196837408768648,28.00979462526779,665.0746400734503,73.1624134497125,44.85053957518272,33.52209518374717,13.789628375761247,10.024698993799468,109.21810656830348,51.4640826653459,484.62277513402597,66.86501374694129
525,137.92947230040662,61.68074933196797,27.358679984117458,31.266489708003814,29.995301994976263,712.2192413437791,78.3486175270183,48.02982303846071,35.89834848820218,14.767122467807033,10.735311620474794,116.96016103168563,55.11217494072272,518.9758328565255,71.6048192095078
526,122.00249745193673,54.55835752649934,24.1995218960959,27.656089502203486,26.531688218467696,629.9779498033254,69.30155572105846,42.48372929394221,31.753098862161835,13.061935141223287,9.495685053953926,103.45455188263104,48.748268739344645,459.04872011540596,63.336476443030755
527,101.44419302634456,45.36487914355115,20.121727191198854,22.995838121433923,22.060906597500992,523.8221026365951,57.62374166449022,35.32491321885828,26.402471731586775,10.860904468663511,7.8955933497194595,86.02171061924439,40.53383239668832,381.69568610863234,52.66382144698744
528,98.03880363140168,43.84202136599265,19.446259090555106,22.22388872807419,21.320342005987655,506.2378705584506,55.689365009631096,34.13908797579545,25.516164742958306,10.4963137730929,7.630545454341816,83.13403994694137,39.17314846927783,368.88250870741604,50.89594480760048
529,115.90785309150704,51.83289048313671,22.99063287554746,26.27452737489912,25.20629564577003,598.507351748753,65.8395910517635,40.361451254073806,30.166870309892403,12.409425143416753,9.021327359880523,98.28647160262977,46.31304513853269,436.11690518009283,60.172497778454016
530,129.1747270490646,57.76571044791308,25.622152832383893,29.28192362700625,28.091421531117533,667.0128186911312,73.37562534627573,44.98124423832619,33.61978618591473,13.82981448609123,10.053913244453087,109.53639294709383,51.61406069576594,486.03507601547625,67.05987358989206
531,128.3672129290844,57.404597806895765,25.461980245461515,29.098872597372495,27.915812725471852,662.8431000348161,72.91692994290172,44.70005154153086,33.409617736744856,13.743359722614287,9.991062893680768,108.85164457582084,51.29140406042027,482.9967093345149,66.64066004831936
532,128.28367056086077,57.36723845369114,25.44540939313224,29.079934827563914,27.89764490011554,662.4117166537018,72.86947504478543,44.67096040462538,33.3878745008867,13.734415438537559,9.984560633203477,108.78080308938989,51.25802322066419,482.68237136595354,66.59728979486145
533,138.44035296780092,61.90921031176108,27.460014531812032,31.38229849681954,30.106402397568342,714.8572492711661,78.63881507032833,48.20772198666577,36.03131334283501,14.82181880830644,10.775074428770104,117.39337290533273,55.31630640186501,520.8980813464915,71.87003821757251
534,121.99383602838843,54.55448422019409,24.197803879553728,27.654126090717067,26.529804632525515,629.9332252610963,69.29663573876962,42.48071321164053,31.750844588323506,13.061007824529108,9.4950109189825,103.44720724862295,48.74480791344667,459.01613049242883,63.33197994451647
535,103.34408320889474,46.21449197939899,20.49857549375851,23.426514001275365,22.474072680372434,533.6324667443132,58.70294371444631,35.98649328393423,26.896948500945808,11.064312127180452,8.043465394861018,87.63276196300372,41.292967325304716,388.84424597318,53.650131992301
536,99.3177418842558,44.41395039950297,19.699939915948793,22.513804357077277,21.59847066469618,512.8418574872878,56.41584530671583,34.58444005999624,25.8490288533629,10.633240548013971,7.730087636724936,84.21854220384562,39.6841710053183,373.694664034897,51.55989385959344
537,118.37052321046264,52.93417315870437,23.47911008471282,26.83277680951474,25.741848582354848,611.2237133395699,67.23847118975921,41.21900263916087,30.807819547697097,12.67308562611055,9.21300163155351,100.37474388321702,47.29704880470759,445.3829906273877,61.4509703608504
538,129.05320436246868,57.71136665724197,25.59804848225525,29.25437630324454,28.06499418659941,666.3853183156864,73.3065963393915,44.938927588845736,33.588157965492464,13.816803920867935,10.044454903985262,109.43334526079292,51.56550414399175,485.57783264003774,66.99678620284978
539,129.59931834407632,57.95558364034519,25.706371652122204,29.378171942425585,28.183756721747258,669.205258674921,73.61680759995478,45.12909548739549,33.73029285297563,13.875272440418405,10.086959987743485,109.8964339550741,51.78371370276093,487.6326506112263,67.28029626251008
540,131.31195839095298,58.72145999487234,26.046078389116257,29.76640109683399,28.55620181675111,678.0487289973829,74.5896452230985,45.72547128009708,34.17603478334223,14.05863256565992,10.220258000780772,111.34870265683305,52.46802950778613,494.07665985658497,68.16939761903869
541,145.0536723213387,64.86662388331008,28.771784125421046,32.88143626668485,31.544590392419398,749.0061024073707,82.39540472424837,50.51061311609343,37.75253534751291,15.529859629340763,11.289801578246305,123.00127441936947,57.95877582534853,545.7814718373454,75.30328224284828
542,124.18093146751097,55.532532517600714,24.63162011342835,28.14990698436691,27.005428783725307,641.2266162124203,70.53898011373896,43.242303937373855,32.32007111359854,13.295164496483617,9.665236692278889,105.30180025536124,49.618700812786244,467.2453338535729,64.4673904619382
543,102.32949274931077,45.76077676706276,20.29732876065827,23.196521950748775,22.25343131396337,528.393478764821,58.126621928110644,35.633192430841746,26.632885126501623,10.955687180521386,7.9644979010459735,86.77241890828878,40.887569653804924,385.0267302530874,53.123416670198026
544,98.77866978809227,44.17288248065455,19.593013522906528,22.39160500500653,21.48123951712626,510.0582789456185,56.10963407587885,34.39672428792894,25.708726729055513,10.575525952791809,7.688130636225334,83.76142482259694,39.46877515717991,371.6663419844301,51.28003953010967
545,117.08676695118352,52.36008955850412,23.224473594849872,26.54176901256679,25.462672159485987,604.5948479215778,66.50925410164398,40.77197282798752,30.473701474156297,12.535643021688058,9.11308445462065,99.28615609768777,46.784101148469595,440.5527069850846,60.78452008505621
546,128.681054571202,57.544944806957005,25.5242315751388,29.170015670057083,27.984063366012364,664.4636677968988,73.09520263815841,44.809337528648825,33.49130003749571,13.776960503414456,10.015489782085565,109.11777311519916,51.41680507294934,484.1775753589156,66.80358805543378
547,128.5711075212622,57.49577753100052,25.502423283521836,29.145092365066244,27.960153356705444,663.8959399343172,73.03274898543077,44.77105174922738,33.46268456142551,13.76518925884753,10.006932395305421,109.0245412304435,51.37287377277514,483.7638866754096,66.74651005388519
548,130.2000618779592,58.224230440106204,25.82553073989304,29.51435126078323,28.314399458356153,672.3072868115354,73.95805029872699,45.338286497428875,33.886645954105404,13.93958975555516,10.133716992846583,110.40584691294181,52.02375147120646,489.89301868652063,67.59216675267822
549,144.8996872116811,64.79776320552138,28.741240766795954,32.846530210959436,31.51110349661769,748.2109775065832,82.30793596024745,50.45699239643097,37.71245826292549,15.513373544571442,11.277816626012987,122.87069954714195,57.897248334811685,545.2020847839534,75.22334228691216
550,123.67962470678562,55.308352897893506,24.53218457574509,28.036268452925032,26.896410403321948,638.6380445688873,70.25422087407308,43.06773881648959,32.18959802111244,13.241493165722288,9.626219039241574,104.876706774738,49.418394776409265,465.35910831145367,64.20714165962231
551,100.375467475234,44.88695523270527,19.90974261780759,22.75357447837654,21.828492559219963,518.3035801009701,57.01666931041823,34.952761435483616,26.12431883480447,10.746483664795347,7.812412419374511,85.11546258920534,40.106804086102564,377.67448075105176,52.10900238913458
552,97.49710874344113,43.599780559575784,19.338812459740286,22.101094829447444,21.20254048407562,503.44074884321054,55.38166394411315,33.95045889474655,25.37517999518857,10.43831837430477,7.588384316997586,82.67469851490922,38.95670463800763,366.84431809488933,50.61472887983523
553,115.32294902247493,51.57132694154175,22.874615588022383,26.141938619576894,25.07909749227824,595.487113032856,65.50734570615104,40.15777586503946,30.01463968251386,12.346803646536785,8.975803170275364,97.79049004799084,46.079336310111806,433.91613495089933,59.86885020104045
554,129.25402708738696,57.8011726714988,25.637882207223118,29.29989972588271,28.10866678376747,667.4222961740107,73.4206704571485,45.00885811043085,33.64042528764799,13.838304574236117,10.060085316372943,109.60363706176572,51.645746437123016,486.3334517197222,67.10104147673074
555,128.13962244016102,57.3028215029377,25.416837062862204,29.04728133438221,27.866318985427863,661.6679028658962,72.787650827481,44.62079994485674,33.350383676411646,13.718993236131112,9.973349095609192,108.65865449335479,51.20046623088177,482.1403734001471,66.52250853551094
556,128.41095001269431,57.4241566150726,25.470655613053125,29.108787121453105,27.925324159173286,663.0689429383502,72.94177408953949,44.71528167582318,33.421001011422135,13.748042339456653,9.994467033594395,108.88873234435034,51.30887999042352,483.16127524645964,66.66336575372378
557,138.48255650648034,61.92808333321756,27.468385716662308,31.391865389853734,30.11558033370362,715.075173488514,78.66278811144227,48.22241810969561,36.04229748794686,14.826337239457226,10.778359209982225,117.42916027258445,55.33316957670376,521.0568771155926,71.89194779720577
558,121.85348561415658,54.49172084863548,24.169964999258116,27.622310810712687,26.49928285215623,629.2085051278331,69.21691194413015,42.43184036781315,31.714316151024885,13.045981509117306,9.484087180874084,103.32819419959405,48.68872840807961,458.4880455813295,63.25911831553001
559,100.85633174761779,45.10199316588176,20.005123333216194,22.86257901216239,21.93306534434113,520.786593930825,57.289816523490664,35.12020806978821,26.24947144314595,10.797966364484205,7.849838994892395,85.52322143721933,40.29894196251407,379.4837890307776,52.35863866131115
560,97.91387465964858,43.78615431696763,19.421479094648987,22.195569251863606,21.29317390207804,505.59278132552686,55.61840111726871,34.09558518914946,25.48364998241099,10.482938521271178,7.620821996259746,83.02810383038798,39.12323087565849,368.41244878416586,50.83108907889206
561,115.8089298886923,51.788652966859964,22.971011193511885,26.25210300648021,25.18478297488649,597.9965471521359,65.78339931802729,40.32700420047208,30.141123966134348,12.398834143346141,9.013627979965557,98.20258761802506,46.27351861263292,435.744695015627,60.12114270593008
562,129.46014794728322,57.89334796137203,25.678766831443756,29.346624154223274,28.15349155788527,668.4866317363243,73.53775409523551,45.08063354943051,33.69407153406535,13.860372461037196,10.076128092623456,109.77842152634302,51.72810569435845,487.10900565427784,67.20804722874315
563,128.3956766695702,57.41732652116311,25.467626104567003,29.105324889504914,27.922002689643687,662.9900767709446,72.93309831271797,44.7099631898229,33.41702587989365,13.746407131805634,9.993278280420844,108.87578099579885,51.30277725440819,483.1038074998198,66.65543673786601
564,128.4275036986264,57.43155926611931,25.4739390809619,29.112539587421352,27.928924062807962,663.1544203453132,72.95117714449306,44.72104600300207,33.42530937261893,13.749814624258269,9.995755438269514,108.90276938618045,51.315494310189905,483.2235604332306,66.67195944779547
565,137.99069944006195,61.7081295270083,27.37082455113592,31.2803689587539,30.008616963225048,712.5353967399225,78.38339661858681,48.05114356288346,35.91428382935607,14.773677619904438,10.740077044519913,117.0120798565326,55.13663933383267,519.2062071577253,71.63660471693139
566,121.81166426736014,54.47301873975727,24.161669623190733,27.6128305546994,26.49018803067918,628.9925544148305,69.19315600096608,42.41727733170229,31.70343147745581,13.041503996518939,9.480832146378846,103.29273091988817,48.67201794480834,458.3306878540587,63.23740714730386
567,100.85633174761779,45.10199316588176,20.005123333216194,22.86257901216239,21.93306534434113,520.786593930825,57.289816523490664,35.12020806978821,26.24947144314595,10.797966364484205,7.849838994892395,85.52322143721933,40.29894196251407,379.4837890307776,52.35863866131115
568,97.64946476019747,43.66791272249958,19.369032683428326,22.135631594871217,21.23567310364662,504.2274616817258,55.468207328102785,34.00351233141681,25.41483308232488,10.454630043744407,7.6002424738501775,82.8038919639725,39.0175811954881,367.41757549498016,50.69382310714843
569,115.63870640140608,51.712530640901626,22.93724690922389,26.213515960328802,25.147764745043148,597.1175729854702,65.68670660488145,40.267728950338885,30.09682058437292,12.38060953158095,9.000379164098549,98.0582430761928,46.20550278937285,435.104209159974,60.032772745333155
570,129.37316107471418,57.854448258555664,25.661512752458723,29.326905568263715,28.13457466167164,668.0374621472965,73.48834260184606,45.05034296666759,33.67143181092786,13.851059398506797,10.06935773986023,109.704659200905,51.69334854160047,486.78170733372184,67.16288879247843
571,128.13962244016102,57.3028215029377,25.416837062862204,29.04728133438221,27.866318985427863,661.6679028658962,72.787650827481,44.62079994485674,33.350383676411646,13.718993236131112,9.973349095609192,108.65865449335479,51.20046623088177,482.1403734001471,66.52250853551094
572,128.41095001269431,57.4241566150726,25.470655613053125,29.108787121453105,27.925324159173286,663.0689429383502,72.94177408953949,44.71528167582318,33.421001011422135,13.748042339456653,9.994467033594395,108.88873234435034,51.30887999042352,483.16127524645964,66.66336575372378
573,138.33004283557227,61.859880668855226,27.438134221851325,31.357292886658836,30.0824134293361,714.2876465794562,78.5761551745483,48.16930977467127,36.00260336879916,14.810008691114717,10.766488782608917,117.2998331374085,55.2722300257017,520.4830265232467,71.81277172518713
574,121.72163896932132,54.432760281943594,24.143812864381744,27.592423204423596,26.47061037293261,628.5276954662563,69.14201857887518,42.38592870793338,31.680000955553187,13.031865631496814,9.47382530721638,103.21639209846053,48.63604673508892,457.99195710095245,63.19067134035239
575,100.782148303129,45.06881903443776,19.990408848457864,22.845762766403386,21.916932789178286,520.4035367373705,57.24767781142171,35.094375898811585,26.230164016691692,10.790024073459819,7.844065157144848,85.46031604456766,40.26930064726661,379.2046651115336,52.320127007185555
576,97.88996377996888,43.77546159878903,19.416736307669627,22.190149023242807,21.287974041272392,505.4693139599137,55.60481892678022,34.08725893877993,25.477426794015603,10.48037855433551,7.618960967284575,83.00782810330003,39.113676858218156,368.3224812921633,50.818675965232956
577,115.75060024124987,51.76256850280371,22.959441351828684,26.238880572644906,25.172098119640435,597.6953533858115,65.75026610029121,40.30669264125395,30.12594274361418,12.392589205024256,9.009088073217832,98.15312578188515,46.2502119640939,435.52522286905247,60.09086140498686
578,129.4625700883417,57.894431119836874,25.67924726960531,29.347173216343304,28.15401829703181,668.4991388201137,73.53912995349278,45.08147698777963,33.694701934967746,13.860631782363148,10.07631661244172,109.78047543116493,51.729073503917334,487.1181192443768,67.2093046610359
579,128.29119496355722,57.37060329507602,25.446901878545333,29.081640493913117,27.899281219949486,662.4505700205033,72.87374916067343,44.673580553343065,33.38983284688525,13.735221022538292,9.985146271692168,108.78718356294905,51.261029729648925,482.7106828144859,66.6011960194395
580,129.17408687766056,57.76542416934446,25.62202585267256,29.28177850999622,28.091282314064998,667.0095130713526,73.37526170720969,44.98102131773688,33.61961957108056,13.829745947515931,10.053863418702301,109.53585010045451,51.61380490389042,486.03266729541065,67.05954125078512
581,138.16720998382343,61.787063364879344,27.405835889902406,31.320381183899315,30.047002429196315,713.4468350530711,78.48366059300798,48.11260809283411,35.9602235179963,14.792575341856912,10.75381519387969,117.16175563849431,55.207167262377745,519.8703488014854,71.72823854517576
582,121.70971697127123,54.4274288777049,24.14144810416057,27.58972067085253,26.468017715062388,628.46613446508,69.13524647970156,42.38177722785403,31.676898065115484,13.030589228402318,9.472897395566521,103.20628259257684,48.6312830886309,457.94709918361133,63.184482144520956
583,100.34481807491727,44.87324911213088,19.903663227224964,22.74662673078078,21.821827283096365,518.1453173868659,56.99925941170118,34.94208869637359,26.11634183877038,10.743202252632353,7.810026918597245,85.08947279357442,40.094557572838134,377.55915878403033,52.093091034353364
584,97.59558764819191,43.64381938998028,19.35834601406575,22.12341848232954,21.223956534168963,503.9492592410261,55.437603301482646,33.98475123480495,25.400810703278136,10.448861806558195,7.596049116354172,82.75820574774188,38.9960536367102,367.2148565357276,50.665853299098366
585,115.35892283346159,51.58741408797229,22.88175108971161,26.15009332917023,25.08692065948434,595.6728691293728,65.52778005068217,40.17030267128971,30.02400244147835,12.350655105283153,8.978603080002246,97.82099478824505,46.09371028640066,434.05149063816793,59.88752567473737
586,129.4625700883417,57.894431119836874,25.67924726960531,29.347173216343304,28.15401829703181,668.4991388201137,73.53912995349278,45.08147698777963,33.694701934967746,13.860631782363148,10.07631661244172,109.78047543116493,51.729073503917334,487.1181192443768,67.2093046610359
587,128.4578783985272,57.44514254327806,25.479963983981836,29.119425064658326,27.935529600270957,663.311264603169,72.96843100405864,44.73162308588909,33.43321487348165,13.753066626211712,9.99811955859402,108.92852624388779,51.32763106201522,483.33784880768667,66.68772819437781
588,128.4503539958308,57.44177770189318,25.47847149856875,29.117719398309124,27.933893280437015,663.2724112363676,72.96415688817065,44.7290029371714,33.4312565274831,13.752261042210975,9.997533920105328,108.92214577032864,51.324624553030496,483.3095373591544,66.68382196979975
589,138.29133635262224,61.84257149748999,27.430456687364465,31.34851872236598,30.073995992323646,714.0877799268693,78.55416857967565,48.15583139695021,35.99252938830377,14.805864664718555,10.7634761838563,117.26701117120139,55.256764161705384,520.3373888368922,71.79267760992917
590,121.47502726812128,54.3224778726053,24.09489677341914,27.536520125198802,26.416980120241742,627.2542794529431,69.00193476986209,42.300053541659615,31.61581632087507,13.005462679807971,9.454631052228791,103.00727258394642,48.537508641726504,457.06405162224746,63.06264513982493
591,100.72792960712802,45.04457294880162,19.979654424995587,22.833472222024273,21.905141935974836,520.1235704771619,57.21687975350887,35.07549585576587,26.21605273495359,10.784219265317383,7.839845213520626,85.41434017509293,40.24763660252528,379.0006609023953,52.29197986894036
592,98.3197385523937,43.96765279306405,19.501983284025844,22.28757235325826,21.381436474454386,507.68851959638874,55.84894557140435,34.23691517918808,25.589282543875516,10.526391466529857,7.652411150422739,83.37226454862103,39.28540101584705,369.93955933023557,51.04178959256027
593,116.69203200833131,52.18356784304647,23.1461768624697,26.45228867292482,25.376829782064036,602.5565756303753,66.285031268436,40.63451816267135,30.370965399678198,12.493381573527609,9.082361487669978,98.95143240368077,46.62637777823653,439.06747041955833,60.57959706354962
594,128.681054571202,57.544944806957005,25.5242315751388,29.170015670057083,27.984063366012364,664.4636677968988,73.09520263815841,44.809337528648825,33.49130003749571,13.776960503414456,10.015489782085565,109.11777311519916,51.41680507294934,484.1775753589156,66.80358805543378
595,128.6888178438253,57.548416468703294,25.525771441041186,29.171775484544355,27.985751632507704,664.503754603916,73.09961244026506,44.812040856690885,33.493320553208505,13.77779166151045,10.01609401227231,109.12435614347446,51.419907026663736,484.2067855835917,66.80761828714128
596,131.07931341437705,58.61742337206653,25.999932635363276,29.713664059242145,28.505608885352004,676.8474322334941,74.45749498729081,45.644459608919284,34.115485211855706,14.033724931321013,10.202150802378378,111.15142651657295,52.375072067767746,493.2013058190126,68.04862211537085
597,145.00203819794646,64.84353359398456,28.76154235885304,32.86973160515965,31.533361602092242,748.7394819702985,82.36607479122151,50.49263307333742,37.73909674208287,15.524331532909054,11.285782796795024,122.95749019192361,57.93814449258227,545.5871923860839,75.27647686174386
598,124.18093146751097,55.532532517600714,24.63162011342835,28.14990698436691,27.005428783725307,641.2266162124203,70.53898011373896,43.242303937373855,32.32007111359854,13.295164496483617,9.665236692278889,105.30180025536124,49.618700812786244,467.2453338535729,64.4673904619382
599,102.51102433893504,45.84195596893094,20.33333603730993,23.23767236975641,22.29290869875716,529.3308439913081,58.22973802684817,35.69640539019067,26.680131622535157,10.975122469956252,7.978626847898842,86.92635239038424,40.96010383056774,385.7097641713919,53.21765712830367
600,99.00890934450463,44.27584342242081,19.63868215513222,22.44379677084802,21.531309345645116,511.2471549665329,56.24041795146457,34.47689834331033,25.768650251519645,10.600176055991435,7.706050616228325,83.95666123686524,39.56077146877049,372.53264534623355,51.39956628198382
601,117.90255313673127,52.72490138863756,23.386286968116863,26.7266951922219,25.640079878015786,608.80728061257,66.97264831877038,41.05604602478582,30.686022860530276,12.622983416083903,9.176578635896563,99.9779189387815,47.11006303480388,443.62219828390863,61.20802799352217
602,128.57533074156927,57.4976661149905,25.50326097057274,29.14604970414732,27.96107177367891,663.9177471573346,73.03514791777677,44.77252235968226,33.463783721973265,13.76564140885175,10.007261096527008,109.02812239782527,51.37456123559576,483.77977703763344,66.74870249993408
603,128.73307088647726,57.568206008860805,25.534549150489692,29.181806968603194,27.995375270997755,664.7322617383165,73.12474966913516,44.82745065832384,33.504838114468534,13.782529518398583,10.019538310253731,109.16188143019087,51.437589117283075,484.3732928520073,66.83059184794534
604,130.75321774501097,58.47159648746422,25.93525068658468,29.639743187074572,28.434693381081924,675.163588988335,74.27226158901654,45.53090652246109,34.03061360476436,13.998812199433933,10.17677015986343,110.87490692025547,52.24477474060641,491.97433257843085,67.87933254251504
605,144.952616010077,64.82143246120582,28.75173933561599,32.858528355392984,31.522613837849605,748.4842831896254,82.33800131257948,50.475423271125074,37.726233828206695,15.519040252599467,11.281936174467717,122.91558162114943,57.91839697801279,545.4012356019148,75.25081978665825
606,123.82534969437204,55.37351972758415,24.56108951705004,28.069302066035984,26.92810098357262,639.3905171070086,70.33699760863254,43.11848319511531,32.227525276981446,13.257094898277467,9.637561090556195,105.00027730488057,49.476621788193995,465.9074156857903,64.28279344902165
607,100.28614684347944,44.84701189495778,19.892025631442053,22.73332686510804,21.80906814412451,517.8423598010328,56.9659321626724,34.9216581907216,26.101071713558852,10.736920743354245,7.805460425721303,85.0397213041904,40.071114438335684,377.33840138757006,52.062632403215
608,97.73888571732131,43.70790092479886,19.38676956959937,22.155901950357702,21.25511933633986,504.6892000265537,55.51900146406046,34.034650511495066,25.438106314850476,10.464203706305518,7.607202276016569,82.87971832196824,39.05331093004144,367.7540323444423,50.74024517606239
609,115.79144222134614,51.78083264820008,22.967542467889924,26.248138821292105,25.180979959805764,597.9062469939287,65.77346572995874,40.32091464213489,30.136572521354875,12.396961863832052,9.012266881751048,98.18775858725475,46.266531103973506,435.6788956141334,60.1120641439822
610,129.0200922132059,57.6965592187413,25.5914805988279,29.24687028834529,28.05779334039683,666.2143388329563,73.28778751576,44.927397270901444,33.579539999704565,13.8132588397828,10.041877722801061,109.40526712603837,51.552273595564394,485.45324429097286,66.97959633456381
611,128.25492495386126,57.354383691397324,25.439707625049376,29.073418640628574,27.89139363888326,662.2632844581186,72.85314656523116,44.66095060473058,33.380392997475106,13.731337851913798,9.9823233082597,108.7564276548468,51.24653740189527,482.57421264479893,66.58236677690205
612,128.24892931869678,57.35170250032556,25.438518374767835,29.07205952236302,27.89008977768224,662.2323251086991,72.84974084114263,44.65886280368887,33.37883253764769,13.730695942122738,9.98185665663855,108.7513435314711,51.24414173918044,482.5516533635875,66.57925419795255
613,138.30769416521431,61.84988655584035,27.43370130327202,31.352226786861014,30.07755329969598,714.1722459128551,78.5634603719299,48.16152751708313,35.9967867703349,14.807615978762058,10.764749343339018,117.28088211816426,55.26330021679343,520.3989370272252,71.8011696181547
614,121.65719186305175,54.40394014843125,24.131029608367456,27.577814036772327,26.456595163688224,628.1949132960024,69.10541043707907,42.36348692621811,31.66322756665134,13.024965740595285,9.468809267081499,103.1617428360397,48.61029574702295,457.7494672973332,63.15721421682364
615,101.62825663719364,45.44719064125044,20.158236701037136,23.0375625107051,22.100934616905572,524.7725423293709,57.72829603714559,35.38900787904552,26.450377226591247,10.880610843508151,7.909919368571696,86.17779118133116,40.607378287585675,382.388247054062,52.75937638066537
616,98.39710374430841,44.00224977172223,19.5173288769017,22.305109852216358,21.398260959147013,508.08800621351946,55.89289162390594,34.26385529876533,25.60941807092344,10.534674404503123,7.6584326295883605,83.437867970092,39.316313654893754,370.230654947716,51.08195302165029
617,115.75060024124987,51.76256850280371,22.959441351828684,26.238880572644906,25.172098119640435,597.6953533858115,65.75026610029121,40.30669264125395,30.12594274361418,12.392589205024256,9.009088073217832,98.15312578188515,46.2502119640939,435.52522286905247,60.09086140498686
618,129.42982102136776,57.879786048285574,25.67275140452169,29.33974950661391,28.14689640975455,668.3300341665116,73.52052737291366,45.07007310240838,33.68617846714549,13.857125573902806,10.073767690638562,109.75270517957894,51.71598803147907,486.9948970350506,67.19230328358671
619,128.42082011807258,57.42857043240665,25.472613374871173,29.111024522518154,27.927470595222132,663.1199086880719,72.94738064409478,44.718718645506186,33.42356986401452,13.749099061072855,9.995235242557973,108.8971019052222,51.31282376665364,483.1984126767248,66.66848972831313
620,129.22545346673473,57.788394819865196,25.632214553092542,29.293422525606783,28.102452924131395,667.274752055383,73.40443967167165,44.9989081996496,33.632988546430646,13.835245400960945,10.057861377451763,109.57940746661826,51.634329338559446,486.225940117391,67.08620774390454
621,137.61300308909338,61.53922730793107,27.295907469057827,31.19475100580046,29.92647994116041,710.5851057393214,78.16885228335632,47.91962207877467,35.81598232059469,14.73324037195899,10.710680223391408,116.69180439042952,54.985724036167234,517.7850802945421,71.44052712396929
622,121.45777608200272,54.31476330610321,24.091474954481594,27.532609546667388,26.413228532355788,627.1652004005497,68.99213551115001,42.29404633085355,31.611326424112686,13.003615718648192,9.453288359795353,102.99264408234511,48.53061562334947,456.9991420091363,63.053689344935215
623,99.35853131296817,44.432191044419824,19.708030608302384,22.5230506931341,21.607341076595997,513.0524797385575,56.439015085415264,34.59864376142582,25.859644953766452,10.63760758052081,7.73326235508458,84.25313044717764,39.70046914735738,373.8481390492263,51.58106931702029
624,97.08869849727559,43.41714337842657,19.25780319434745,22.00851450890097,21.1137241602888,501.33186209964697,55.14967307488654,33.80824221311014,25.26888470457025,10.394592809190604,7.556596975333341,82.32837856340187,38.79351705700074,365.30762659512584,50.40270645016697
625,115.21137526833316,51.52143221892397,22.85248463527326,26.1166465657658,25.054833726207224,594.910985442404,65.44396803027428,40.11892363441905,29.98560083068968,12.334858242381129,8.967119174031474,97.69587876561813,46.03475503132852,433.49632560185347,59.810927710940234
626,129.7529690358363,58.02429476962791,25.73684867806227,29.413002190757698,28.21717089222302,669.9986567594063,73.70408640324958,45.18259975600384,33.77028289996312,13.891722721454359,10.09891891159953,110.02672525069897,51.84510757067623,488.2107793780169,67.36006260846494
627,129.41672139457822,57.87392801966505,25.67015305848825,29.336780022722156,28.144047654843646,668.2623923050709,73.51308634068201,45.065511548259884,33.68276908001659,13.855723090518671,10.0727481219173,109.74159707894455,51.71075384250377,486.94560815132013,67.18550273260703
628,129.9358335196525,58.106070029112836,25.773120337844247,29.45445475637577,28.25693813938739,670.9429045822982,73.80795963108726,45.24627685598275,33.817876303002116,13.911300714340788,10.113151600127537,110.18178898811063,51.91817432903062,488.8988284672043,67.45499502635299
629,137.62191293736564,61.543211707412205,27.297674761308873,31.19677073135047,29.928417551630446,710.6311130593749,78.17391337931255,47.9227246675737,35.818301250935825,14.73419428571224,10.711373693728811,116.69935968134241,54.98928412458406,517.8186046447089,71.44515258989821
630,121.3466394598271,54.26506406474684,24.06943070802789,27.507416583948963,26.38905982867512,626.5913300056928,68.9290061410534,42.25534631839673,31.582401342865555,12.991717115086864,9.444638386358903,102.89840347510295,48.4862090084215,456.5809774204338,62.99599378788191
631,98.84224979652731,44.20131485625492,19.60562478774464,22.40601761491661,21.49506615998978,510.38658372788876,56.14574967670121,34.41886412869675,25.725274441894666,10.582333009727542,7.69307918849628,83.8153388113981,39.49417968087716,371.90556923064713,51.31304650775846
632,97.06951724214792,43.408565703404186,19.253998541056315,22.00416641341395,21.109552843378776,501.232816850309,55.138777471527646,33.80156291336316,25.263892476516812,10.39253920934111,7.555104061979631,82.31211341969396,38.78585284520795,365.2354548707722,50.3927486776712
633,115.24980466216802,51.53861747866995,22.86010720839253,26.125357918218494,25.063190905092465,595.1094213043406,65.46579722913329,40.132305524123844,29.995602694316545,12.338972602826784,8.970110206414349,97.7284657683545,46.05011017943841,433.6409207078812,59.83087797792802
634,129.7017266591241,58.00137966569511,25.72668461549672,29.401386332178934,28.20602729442055,669.7340591642882,73.67497899562133,45.16475612733979,33.756946252864445,13.886236566538878,10.094930620533056,109.98327321298763,51.82463276726663,488.0179739196313,67.33346059905284
635,128.84941965045718,57.620236070503466,25.557627239220007,29.208181443694304,28.02067745083006,665.3330457986846,73.19083971252306,44.86796564363842,33.53511973888036,13.794986148718513,10.028593954541714,109.26054178133968,51.48407833621254,484.81106873616926,66.89099324056349
636,129.2296910192374,57.79028981307686,25.633055082972803,29.294383113576142,28.10337445790454,667.2966332848133,73.40684674519079,45.00038380086394,33.63409143716126,13.835699085410882,10.058191194175235,109.58300078728298,51.636022528063855,486.2418844061834,67.08840763038118
637,137.84657488098557,61.6436783937392,27.34223705910931,31.24769813816802,29.977274425605724,711.7911882512477,78.30152898169241,48.000956485731045,35.876773110572465,14.75824723378751,10.728859557582249,116.88986644298832,55.07905180173676,518.6639215835527,71.56178377529945
638,121.43631123037419,54.305164428425606,24.087217343712712,27.52774379498042,26.408560605362826,627.0543634627476,68.97994274754068,42.286571836765575,31.605739853591114,13.001317630448002,9.451617709808252,102.97444251555066,48.52203895994099,456.91837798484704,63.0425460642818
639,99.43402615335549,44.46595161964805,19.723005211946994,22.54016421217111,21.62375881892991,513.4423085187976,56.4818987148247,34.624932586893244,25.879293691951887,10.645690273328183,7.7391382612544435,84.31714786522106,39.73063445417075,374.13219724950017,51.62026177028664
640,97.14808633849407,43.44370105668395,19.269582931598272,22.02197681898792,21.12663913924484,501.6385200061279,55.18340738257132,33.82892225673525,25.284341338924502,10.400951040754498,7.561219243303444,82.3787377169344,38.81724652569221,365.53108032001774,50.43353710269371
641,115.20345195285887,51.517888987535514,22.85091302444304,26.11485047202602,25.053110655448748,594.870072230442,65.43946731840111,40.116164576229664,29.98353866126835,12.334009949641306,8.966502487407034,97.689160025683,46.03158912964525,433.46651319716085,59.80681439445599
642,129.7017266591241,58.00137966569511,25.72668461549672,29.401386332178934,28.20602729442055,669.7340591642882,73.67497899562133,45.16475612733979,33.756946252864445,13.886236566538878,10.094930620533056,109.98327321298763,51.82463276726663,488.0179739196313,67.33346059905284
643,128.76348380556638,57.58180637727738,25.540581634387905,29.18870110954226,28.001989119926566,664.8893033466069,73.14202523849572,44.838041049902735,33.51275356248552,13.785785612207265,10.021905405249925,109.18767069665277,51.44974114026513,484.4877250306463,66.84638043566838
644,129.17444040515235,57.76558226347937,25.622095975796736,29.281858649240565,28.091359195123868,667.0113385628721,73.37546252281332,44.98114442313695,33.61971158225764,13.829783797176917,10.05389093441542,109.53614988143444,51.613946162090336,486.03399748410357,67.05972478133673
645,138.48044011892827,61.927136904815335,27.46796592552707,31.39138563735044,30.115120086283657,715.064245208201,78.66158593154489,48.221681140881685,36.0417466642787,14.826110652973213,10.77819448753747,117.42736563779924,55.33232393639886,521.0489139589578,71.89084909403874
646,121.47744940917975,54.32356103107014,24.095377211580686,27.53706918731883,26.417506859388283,627.2667865367325,69.00331062811937,42.30089698000873,31.61644672177746,13.005722001133924,9.454819572047056,103.0093264887683,48.5384764512854,457.0731652123464,63.06390257211768
647,101.73968468068001,45.497020203447754,20.180338751687785,23.062821534151976,22.125166695513133,525.3479175212912,57.79159094442897,35.42780937027806,26.479378154889744,10.8925406474657,7.918592023879772,86.27227890532701,40.65190134508385,382.80750814965995,52.817223226416615
648,98.32458283451062,43.96981910999374,19.50294416034893,22.288670477498318,21.382489952747477,507.7135337639675,55.85169728791889,34.238602055886325,25.59054334568029,10.526910109181756,7.652788190059266,83.37637235826482,39.28733663496483,369.95778651043344,51.044304457145756
649,116.1198525403036,51.9276946221046,23.03268353360987,26.32258438891758,25.252398827224763,599.60204227478,65.96001392769188,40.43527373624624,30.2220465529772,12.432122408702215,9.037827677820138,98.46624093877186,46.39775329056537,436.91457799554945,60.282555345922475
650,128.45544192527313,57.444052975591525,25.47948070299093,29.118872753650013,27.93499974432473,663.2986835129667,72.96704700462824,44.730774656780504,33.432580742396404,13.752805770440043,9.99792992327387,108.92646018578291,51.32665752577254,483.3286812910191,66.6864633216573
651,128.10267403987274,57.28629852943254,25.40950824877662,29.038905700385545,27.858283875843274,661.4771143332983,72.76666288317772,44.60793376696305,33.34076726501306,13.715037435076075,9.970473331754249,108.62732332985861,51.18570284009584,482.0013507062113,66.50332711272581
652,130.1795763930308,58.21506952591043,25.821467389130305,29.509707516462345,28.309944512674914,672.2015069786185,73.94641384861417,45.331153038570825,33.881314279412216,13.937396521145539,10.1321225688215,110.38847582048363,52.015566131189644,489.81593964442135,67.58153190125559
653,145.08718577207858,64.88161078001795,28.778431608070434,32.889033250456066,31.551878509013132,749.1791540696637,82.41444150072725,50.522283175302675,37.76125775842073,15.533447674905942,11.292409993483234,123.02969284604718,57.972166720921756,545.9075701303321,75.32068044311175
654,122.98611603680273,54.99822241077327,24.394625274952944,27.87906070514792,26.74559418076028,635.057009924422,69.86028443228187,42.82624511583676,32.009101311457705,13.167244150690758,9.572241948199329,104.28863169284826,49.14129104719493,462.74970052068284,63.847113000727724
655,100.39771343152343,44.89690341296474,19.914155162776495,22.75861729447499,21.833330351795684,518.4184503882783,57.02930576796262,34.96050792596228,26.130108700291604,10.748865380287043,7.814143864214251,85.13432650992162,40.115692853777084,377.7581837733316,52.12055117310135
656,98.11321161362174,43.8752959085764,19.461018112973388,22.240755873082986,21.336523391012218,506.62208718570827,55.7316312667456,34.16499833533699,25.535530608943947,10.504280103766831,7.636336768285535,83.19713574102626,39.202879502571186,369.1624774762354,50.93457302842777
657,116.48118630128154,52.08927964642425,23.10435505217062,26.40449319441323,25.330977502983842,601.467842620591,66.16526375694377,40.56109743663563,30.316089436313174,12.47080783112226,9.065950967631963,98.77264140681775,46.54213062424816,438.2741386928767,60.47013845051646
658,128.59357084918508,57.50582291778888,25.506878944736012,29.150184455970347,27.96503842074304,664.0119326522218,73.04550891743412,44.77887393289123,33.4685310013526,13.767594246765915,10.008680758590389,109.04358947595149,51.381849395153644,483.8484075839802,66.75817168433976
659,128.1937264785971,57.327016314800346,25.42756874368962,29.05954588765505,27.878084904233845,661.947277074801,72.81838375600887,44.63964006182675,33.364465116686915,13.724785768707823,9.977560115218347,108.70453313656576,51.22208446215287,482.3439461967362,66.55059615033399
660,130.59125437979594,58.399168009603926,25.903124819616824,29.603028583537622,28.399471466789617,674.3272671843357,74.18026090531214,45.47450761336463,33.988460051721326,13.98147193988288,10.164164244915119,110.7375667205081,52.180059396098464,491.36492640183315,67.7952507484549
661,145.0703263326401,64.8740713989086,28.775087493135334,32.88521147487109,31.548212113651868,749.0920978592244,82.40486476741377,50.516412378588576,37.756869819989696,15.531642655262388,11.291097791434604,123.01539653418037,57.96543023190139,545.8441345100969,75.31192801991435
662,123.81919640505585,55.370768035073866,24.55986899564556,28.0679072099993,26.92676283757508,639.3587436870465,70.3335023316397,43.116340495719506,32.22592378514263,13.256436109583534,9.637082168414333,104.9950594953922,49.474163131957596,465.8842632123239,64.27959902536672
663,100.22209148388993,44.81836694683818,19.879320079430226,22.718806500403204,21.79513812740481,517.511600472733,56.9295465462749,34.8993528230983,26.084400282988355,10.730062793968942,7.80047487597123,84.98540423150405,40.04551997962639,377.09738557682675,52.029378651378586
664,97.5010954825206,43.60156339140796,19.339603240106772,22.101998561871834,21.203407473854305,503.4613349604142,55.3839285471027,33.95184715767031,25.37621760771923,10.438745205954682,7.588694612438101,82.678079153122,38.958297610545884,366.8593186687308,50.616798558825955
665,115.55102202865059,51.673319022629904,22.919854479210084,26.193639261806084,25.128696164578248,596.6648017510121,65.63689890773348,40.2371954839488,30.073999325669842,12.371221792692387,8.993554523577009,97.98388929098356,46.17046693800424,434.7742864130778,59.98725220825039
666,129.4487538517715,57.88825263013208,25.676506782103946,29.344041288037335,28.151013702136723,668.4277966380251,73.53128186260513,45.07666589565802,33.69110603869612,13.859152576693226,10.075241268626295,109.76875966638204,51.723552980753006,487.0661340322147,67.20213208866782
667,128.36916688508617,57.40547159745222,25.462367817864024,29.099315529141915,27.91623764916206,662.8531895757824,72.91803985617042,44.70073194840421,33.410126285007344,13.743568918713526,9.991214973770846,108.85330147339907,51.292184798309,483.00406132337184,66.64167442663836
668,128.28311160523194,57.366988494045415,25.445298522787272,29.07980812092083,27.897523344927876,662.4088304035967,72.86915753903374,44.670765765006344,33.38772902375538,13.734355595154646,9.984517128630031,108.78032911135408,51.25779987999675,482.6802682297769,66.59699961817851
669,138.36123447062297,61.87382927165004,27.44432116614468,31.36436355052801,30.08919662438107,714.4487092028506,78.59387308098174,48.18017133084763,36.01072149008457,14.813348156473955,10.768916486540766,117.3262827322451,55.2846931985025,520.600388712115,71.82896457615223
670,121.73667821991707,54.43948569189888,24.14679593998834,27.595832371196483,26.47388093473405,628.6053528622505,69.1505613832024,42.391165678195776,31.683915160761714,13.033475776534473,9.47499584052584,103.22914494339021,48.64205593526918,458.0485440469713,63.19847882922329
671,99.60224791065453,44.54117879097766,19.75637244773462,22.57829749692549,21.660341735750762,514.310946456454,56.57745437745814,34.68351079428822,25.92307609150799,10.663700574175083,7.75223127869176,84.4597949985319,39.797850450596144,374.7651513610676,51.707592551138674
672,97.91387465964858,43.78615431696763,19.421479094648987,22.195569251863606,21.29317390207804,505.59278132552686,55.61840111726871,34.09558518914946,25.48364998241099,10.482938521271178,7.620821996259746,83.02810383038798,39.12323087565849,368.41244878416586,50.83108907889206
673,115.54015344697798,51.66845869618508,22.917698666946745,26.1911755215239,25.126332591484772,596.6086802211879,65.63072518478417,40.23341082468993,30.07117060367194,12.370058171357991,8.992708601315567,97.97467305139814,46.16612420280408,434.7333920985311,59.981609883859896
674,129.42016112152513,57.87546623286956,25.67083533753423,29.33755975591036,28.144795686767733,668.2801538441801,73.51504022223081,45.06670933053082,33.68366432390164,13.856091357490433,10.073015842369271,109.74451386685729,51.712128246611066,486.95855052779206,67.18728843527128
675,128.8345810506,57.613600389651786,25.55468396322443,29.2048177613574,28.0174505242242,665.256424492472,73.18241088461951,44.862798544008506,33.5312577562318,13.793397485920876,10.027439038258619,109.24795908237162,51.478149309605215,484.75523676211134,66.88328991768134
676,128.9795989832029,57.678451031072605,25.58344865828104,29.237691095979667,28.04898734235714,666.0052460475542,73.26478598797173,44.913296711834086,33.56900098974668,13.808923519154083,10.038726058147004,109.37093005055436,51.53609380499012,485.30088375906206,66.95857464597748
677,138.54606724263655,61.95648473091311,27.480983241158523,31.406262296803774,30.129391912035334,715.4031205731216,78.69886436326122,48.244533828459346,36.058827171568886,14.833136879905334,10.783302370660735,117.48301552051794,55.3585464214294,521.2958437167277,71.92491881278703
678,121.47955624193474,54.3245031866579,24.095795107496354,27.537546773896608,26.41796502894179,627.2776654794369,69.004507380568,42.301630621649686,31.61699505865705,13.00594756465413,9.454983550823888,103.01111302136486,48.53931827380112,457.08109241793545,63.064996314999526
679,99.60059731945985,44.54044066228022,19.756045048553528,22.577923333291427,21.659982784320523,514.3024233845618,56.57651678568715,34.68293602515681,25.922646498782594,10.663523857176829,7.752102810058209,84.45839534544321,39.7971909275141,374.7589408179133,51.70673566187409
680,97.70318899544982,43.691937689987576,19.379689029277742,22.14781005260453,21.247356427260982,504.50487472068727,55.49872451554299,34.02222019326107,25.42881567275451,10.460381913509652,7.6044239326594285,82.84944854518479,39.039047669639004,367.61971923750065,50.721713550635634
681,115.58099542707426,51.68672284158146,22.925799783007985,26.200433770171102,25.135214431650102,596.8195738293051,65.6539248144517,40.24763282557087,30.081800381412634,12.37443083016579,8.995887409848782,98.00930585676774,46.18244334268369,434.88706484361205,60.00281262285523
682,129.12110075048224,57.74172927677328,25.611515912535094,29.269767370009546,28.079759505634343,666.7359113626582,73.34516379018517,44.96257048000493,33.60582908506793,13.824073101705041,10.049739408240036,109.49091941331517,51.592633353954206,485.8333007711747,67.03203398932794
683,128.2541366831026,57.35403118420462,25.43955126943467,29.073239951772944,27.891222214900655,662.2592141054062,72.85269880070955,44.66067611296017,33.38018783741811,13.731253457399438,9.982261955656123,108.75575922428345,51.24622243428735,482.57124668352407,66.58195755337483
684,129.15738986977237,57.757957426080885,25.61871395647019,29.27799355514513,28.08765124243348,666.9232956002601,73.36577724052493,44.97520708296336,33.615273908055215,13.827958318257158,10.05256385900835,109.52169152579468,51.60713331728622,485.9698428429533,67.05087315243574
685,137.61300308909338,61.53922730793107,27.295907469057827,31.19475100580046,29.92647994116041,710.5851057393214,78.16885228335632,47.91962207877467,35.81598232059469,14.73324037195899,10.710680223391408,116.69180439042952,54.985724036167234,517.7850802945421,71.44052712396929
686,121.46457909752,54.317805549996585,24.09282435081698,27.534151685639618,26.414707973272318,627.200328777899,68.99599985465763,42.29641527801163,31.61309701757423,13.004344068881238,9.453817851355923,102.99841284066143,48.53333388925058,457.02473915371405,63.05722106798229
687,99.43402615335549,44.46595161964805,19.723005211946994,22.54016421217111,21.62375881892991,513.4423085187976,56.4818987148247,34.624932586893244,25.879293691951887,10.645690273328183,7.7391382612544435,84.31714786522106,39.73063445417075,374.13219724950017,51.62026177028664
688,97.28436640917202,43.50464420928387,19.296614448356134,22.052869414719584,21.156275748503948,502.3422223181119,55.260819084044726,33.87637772487534,25.319810404292486,10.415541573583043,7.571826178877025,82.49429923359988,38.87169965286565,366.0438500856253,50.50428565019414
689,115.220965895897,51.52572105643517,22.854386961918824,26.11882061350931,25.056919384662237,594.960508067073,65.44941583195371,40.122263284292536,29.988096944716403,12.335885042305874,8.96786563070833,97.7040113374721,46.038587137224916,433.5324114640304,59.815906597188125
690,129.69961982636912,58.00043751010735,25.72626671958106,29.400908745601157,28.205569124867043,669.7231802215838,73.6737822431727,45.164022485698844,33.75639791598485,13.886011003018675,10.094766641756223,109.98148668039107,51.82379094475092,488.01004671404235,67.33236685617099
691,129.21908519448436,57.785546989029605,25.630951389247695,29.291978936245837,28.101068026138602,667.2418685392267,73.40082227708201,44.99669063886187,33.63133110184902,13.834563595581278,10.057365722781652,109.57400735788535,51.63178478206635,486.2019787453951,67.0829017138331
692,129.80199469962713,58.04621858060667,25.746573049687072,29.424115554615174,28.227832425007737,670.2518080293208,73.73193464276862,45.199671480537724,33.78304261211366,13.896971548765812,10.102734671708063,110.06829758064431,51.864696646994446,488.3952441937872,67.38551383171564
693,137.4405103375019,61.46209018853918,27.261693070121435,31.155649552337383,29.888968218033806,709.6944138906043,78.07087055113311,47.859556625059945,35.77108832654798,14.714772806288812,10.697254786392891,116.54553557879369,54.91680148797527,517.1360560655221,71.35097909564247
694,121.3466394598271,54.26506406474684,24.06943070802789,27.507416583948963,26.38905982867512,626.5913300056928,68.9290061410534,42.25534631839673,31.582401342865555,12.991717115086864,9.444638386358903,102.89840347510295,48.4862090084215,456.5809774204338,62.99599378788191
695,99.06418384558238,44.300561654054455,19.649646000357222,22.456326649997408,21.543329803091936,511.53257303249575,56.27181574246392,34.49614603896976,25.783036323394697,10.606093901634926,7.710352735157945,84.00353239818544,39.58285737921698,372.74062214592783,51.42826153174124
696,97.07910786971176,43.41285454091538,19.255900867701882,22.006340461157453,21.11163850183379,501.282339474978,55.1442252732071,33.80490256323665,25.266388590543528,10.393566009265857,7.555850518656485,82.3202459915479,38.78968495110434,365.271540732949,50.39772756391909
697,115.220965895897,51.52572105643517,22.854386961918824,26.11882061350931,25.056919384662237,594.960508067073,65.44941583195371,40.122263284292536,29.988096944716403,12.335885042305874,8.96786563070833,97.7040113374721,46.038587137224916,433.5324114640304,59.815906597188125
698,129.6863864324205,57.99451966208443,25.723641840473604,29.397908938752085,28.202691279825757,669.6548476336221,73.66626522665858,45.15941435112868,33.75295371381597,13.884594198141192,10.09373666168405,109.97026514911562,51.818503306726974,487.9602545156713,67.32549686119881
699,129.23603062709657,57.79312482546908,25.634312561158936,29.29582020516052,28.104753122297964,667.3293687881437,73.41044785743419,45.00259138013274,33.635741421377176,13.836377821899122,10.058684617841578,109.58837658944998,51.638555631189405,486.26573792504206,67.0916987795971
700,128.98383653570556,57.68034602428427,25.584289188161293,29.23865168394903,28.049908876130285,666.0271272769845,73.26719306149086,44.914772313048424,33.570103880477284,13.80937720360402,10.039055874870476,109.37452337121908,51.53778699449452,485.3168280478544,66.96077453245412
701,137.9421276291322,61.68640867471624,27.3611902024408,31.26935847635876,29.99805412909698,712.2845890064183,78.35580618288326,48.03422987906589,35.9016422396626,14.768477383373984,10.736296608637678,116.97089238054797,55.11723160250083,519.0234500166284,71.61138910722667
702,121.46457909752,54.317805549996585,24.09282435081698,27.534151685639618,26.414707973272318,627.200328777899,68.99599985465763,42.29641527801163,31.61309701757423,13.004344068881238,9.453817851355923,102.99841284066143,48.53333388925058,457.02473915371405,63.05722106798229
703,100.81033017710115,45.081421700678625,19.995998798585983,22.852151163732884,21.923061456289673,520.5490580140441,57.26368607149993,35.10418939550087,26.237498799577683,10.79304130521876,7.8462586056812205,85.4842134499806,40.28056121647352,379.3107027209888,52.33475736831943
704,99.10685079191994,44.31964190701209,19.658109103356747,22.465998590419456,21.552608515750318,511.7528901238625,56.29605201484207,34.51100352988889,25.794141077752172,10.61066194653052,7.713673584264291,84.03971272158651,39.599905716831294,372.90116154074803,51.450411685205665
705,117.24754074416278,52.43198607096452,23.256363506980993,26.578213958376153,25.497635379404546,605.4250271933018,66.60057906797941,40.827957504048605,30.51554542202241,12.552855922244708,9.125597782912653,99.42248757494865,46.84834117822377,441.15763725648577,60.86798432361164
706,128.59357084918508,57.50582291778888,25.506878944736012,29.150184455970347,27.96503842074304,664.0119326522218,73.04550891743412,44.77887393289123,33.4685310013526,13.767594246765915,10.008680758590389,109.04358947595149,51.381849395153644,483.8484075839802,66.75817168433976
707,126.78515829382907,56.69711800755217,25.14817547436031,28.74024514708417,27.57176583131945,654.6739268095909,72.0182692617784,44.14914822187635,32.99786274575877,13.573980443770283,9.867928590135461,107.51010848629403,50.65926598021307,477.0440430314936,65.81935090932481
708,128.59949004597294,57.50846992634498,25.508053033260968,29.15152624683172,27.96632565901241,664.0424973007723,73.04887122193269,44.78093511654914,33.47007156687146,13.768227972846491,10.009141460868157,109.04860878181803,51.38421451555496,483.87067925682567,66.76124458100783
709,144.77695584325522,64.74287890382145,28.716896671391428,32.8187088976191,31.484413301992905,747.5772359236457,82.23822038109678,50.41425485956919,37.680515463749174,15.500233574426124,11.268264211553008,122.76662693397725,57.848208832705346,544.7402936012269,75.15962742379477
710,123.35930730095053,55.165109997834044,24.468648761002765,27.96365742421737,26.826751488791007,636.984038242551,70.07226972542836,42.95619783788792,32.106230299408544,13.20719907119958,9.601288129902542,104.60508697700452,49.290406257258745,464.1538764657924,64.04085181922818
711,100.39771343152343,44.89690341296474,19.914155162776495,22.75861729447499,21.833330351795684,518.4184503882783,57.02930576796262,34.96050792596228,26.130108700291604,10.748865380287043,7.814143864214251,85.13432650992162,40.115692853777084,377.7581837733316,52.12055117310135
712,98.50501562247128,44.05050693819937,19.53873348674979,22.329571815070835,21.42172838289885,508.6452251654614,55.95418923005054,34.30143239034314,25.637503861028325,10.546227757778423,7.666831615101088,83.52937408866593,39.359431765971145,370.6366860584762,51.13797448245587
713,116.30066274274868,52.00855122648128,23.068547721183833,26.363571280548246,25.29171933310114,600.5356825118151,66.06272025404904,40.498235494035555,30.26910529647373,12.451480464369395,9.051900477744882,98.6195627056245,46.46999922424457,437.59489760989936,60.37642130249714
714,128.30677406018768,57.37757011904813,25.449992034057754,29.08517203547804,27.90266918120567,662.5310149913853,72.88259861585482,44.67900550887853,33.39388755564796,13.736888965031241,9.986358822239227,108.80039418153721,51.26725463491823,482.7693009945899,66.60928376442298
715,126.78096373791324,56.69524224200555,25.147343472968128,28.739294305779662,27.570853647945352,654.6522675993994,72.01588661177863,44.14768759294041,32.99677104557673,13.573531362657496,9.86760211991764,107.50655162547821,50.65758997076,477.028260522407,65.81717334413146
716,128.48177972340986,57.45583098864219,25.484704875741624,29.124843127353603,27.94072738321015,663.4346826311736,72.98200776709838,44.739946009085635,33.43943557508846,13.755625570183568,9.99997984390127,108.94879386878709,51.337181261666366,483.4277803486436,66.70013634775175
717,144.6051988110385,64.66607079114276,28.6828282043621,32.77977422042128,31.4470615745834,746.6903430707939,82.14065656242708,50.35444559817353,37.63581295242233,15.481844776969353,11.254896036984498,122.62098199086721,57.77958025428078,544.09403760273,75.0704613374267
718,122.57325803259886,54.813596234494334,24.31273378484926,27.785472146270582,26.655810610138285,632.925156524038,69.6257670856637,42.682479635180556,31.90164842076025,13.123042395922825,9.540108429117327,103.93854017252595,48.97632628532154,461.1962738091202,63.632781558308885
719,100.35158287124625,44.87627426476643,19.90500504268206,22.748160206050926,21.823298412547075,518.1802484137808,57.00310204541381,34.94444433483977,26.118102485077653,10.743926511010157,7.810553435486125,85.09520914313617,40.0972605675825,377.58461212442506,52.09660291625972
720,98.16248570213652,43.89733081273105,19.470791760307065,22.251925551004053,21.347238948324787,506.87652123344736,55.75962061993206,34.18215656636822,25.548354977597295,10.509555528137357,7.640171863760045,83.23891872787641,39.22256784140827,369.34787701919527,50.960153219093115
721,116.83382758562072,52.24697747779169,23.1743023947256,26.484431549164515,25.407665839734758,603.2887580769449,66.36557596469841,40.68389424141116,30.40786996374797,12.50856261221574,9.093397705551617,99.07167090874248,46.683034724218125,439.60099292632805,60.65320893566932
722,131.110027309574,58.6311583341385,26.006024818678014,29.720626426835178,28.512288187074176,677.0060279764565,74.47494152128688,45.65515480644689,34.12347899371263,14.037013248489723,10.204541322914118,111.17747100197722,52.387344351109185,493.3168704555929,68.06456695207702
723,130.60820458980666,58.40674798245061,25.906486939137853,29.60687093541507,28.403157601882214,674.4147921020572,74.1898891993887,45.48041001822199,33.992871614643775,13.983286677682633,10.16548351180901,110.75194000316708,52.186832154116125,491.428703557003,67.8040502943615
724,130.90283631240536,58.53850448904609,25.964927929865294,29.673659414836067,28.467230691913333,675.9361666019757,74.35725000894026,45.583006724074046,34.06955422697548,14.014830789741877,10.188415255856325,111.00177909227152,52.30455750148482,492.53729000391263,67.9570056481246
725,138.34884189881697,61.868287431299336,27.44186306635957,31.361554345124944,30.08650163158789,714.3847183244488,78.58683367995734,48.17585598749926,36.007496125309814,14.812021372411792,10.767951949245742,117.31577419357056,55.27974152592702,520.5537602057702,71.82253108627577
726,123.49505469169158,55.225814941028,24.49557461926948,27.99442926960114,26.85627225699521,637.6849899828536,70.14937884663414,43.00346781613467,32.14156072631377,13.221732573795693,9.611853605989461,104.72019679665293,49.344646542685005,464.66464196059906,64.11132383082992
727,100.56824028361677,44.97316140078209,19.94797962028591,22.797273108761747,21.870414553899007,519.2989910240182,57.126170802606175,35.01988881383743,26.17449103759012,10.767122471153217,7.827416291537786,85.27892829624344,40.18382989184383,378.3998110746873,52.209078622752685
728,98.28608177969768,43.95260180413933,19.49530737308287,22.279942880604207,21.37411718986382,507.5147278699663,55.82982738319428,34.22519521238422,25.58052283113915,10.522788076507519,7.649791580166976,83.34372458911362,39.27195285343603,369.81292177156257,51.02431698801913
729,116.94071948919587,52.29477852132555,23.19550468988436,26.50866229946944,25.430911451242434,603.8407102391649,66.42629419068932,40.721116157273904,30.435690289173056,12.520006764104272,9.101717304513654,99.16231211867837,46.725745286299805,440.00318626295376,60.70870088603209
730,130.58257384665347,58.395286157669766,25.901403012635512,29.60106084020016,28.397583725114515,674.2824439668893,74.17533006812582,45.47148487671699,33.98620080430587,13.980542577261078,10.163488622607849,110.73020588212273,52.17659093462212,491.33226487676444,67.79074432937027
731,129.61923054118023,57.96448818567353,25.710321289710606,29.382685731215094,28.18808699544115,669.3080782513197,73.62811840314278,45.13602931587505,33.735475320354645,13.877404296999396,10.08850979169324,109.91331891621347,51.79166997542652,487.70757259058036,67.290633496822
732,130.35811733117063,58.29491133685358,25.856881462055878,29.550180000781353,28.348771525268035,673.1234295336022,74.047831155894,45.39332459277862,33.92778241062347,13.956511622907735,10.146018747614738,110.53987331753274,52.08690533993695,490.48772088540437,67.67421979010038
733,138.23024298012592,61.81525112185205,27.41833865342001,31.334669794573212,30.060710114205246,713.7723152572468,78.5194654723896,48.1345574529491,35.97662886218985,14.799323834114496,10.758721171162094,117.21520577699546,55.23235321764404,520.1075178503329,71.76096154649808
734,123.57766068980182,55.262755558415826,24.511959740080673,28.013154778708493,26.87423645143885,638.1115382783215,70.19630185477327,43.032232890088615,32.163060256892116,13.230576607418996,9.618282987010382,104.79024426859651,49.377653239100745,464.9754567266763,64.15420797634032
735,100.48622429422589,44.93648462968698,19.931711529283294,22.77868134555543,21.85257866770901,518.8754893258836,57.079582939427155,34.991329192814675,26.15314506620595,10.758341605545207,7.821032832011057,85.20938113444876,40.151058943910364,378.0912162856855,52.16650077485205
736,98.17207632970037,43.901619650242246,19.472694086952632,22.254099598747562,21.3493246067798,506.9260438581164,55.765068421611495,34.18549621624172,25.550851091624015,10.510582328062103,7.6409183204369,83.24705129973036,39.226399947304664,369.3839628813721,50.965132105341006
737,117.12170167798831,52.37571203636245,23.23140299141062,26.54968817775952,25.470269358715015,604.7752385531553,66.5290982111239,40.784137804176765,30.482793794863838,12.53938323312004,9.115803490460998,99.31577972492666,46.798059940184366,440.68415299612735,60.802656127739965
738,130.48308452211202,58.350795477136444,25.88166903884029,29.578508140694026,28.375947940643474,673.7687161169605,74.11881675805137,45.43684068811651,33.96030711832506,13.969890966584698,10.155745180368493,110.64584184284074,52.13683820471303,490.95792461283764,67.7390953599495
739,129.48491875869968,57.90442523285174,25.68368018818461,29.352239316141123,28.158878426671933,668.6145394867148,73.5518247561112,45.08925924536777,33.700518533431996,13.863024494715804,10.07805605171162,109.79942645040916,51.738003312825604,487.2022087403984,67.22090676806832
740,130.0836892269866,58.17218969642739,25.802447913113795,29.487971370878302,28.289092083857707,671.7063794071456,73.89194668671722,45.29776319418185,33.85635811272215,13.9271305678257,10.124659489388796,110.30716630632138,51.977252707804034,489.45515292474425,67.53175295934712
741,138.2215958887732,61.81138422476849,27.416623479707198,31.332709631975078,30.058829645062744,713.7276647214308,78.51455363127388,48.13154636140688,35.97437831853438,14.798398051866032,10.75804815169255,117.20787329627036,55.228898118429846,520.0749821539245,71.75647248841157
742,123.61299432938448,55.27855642627775,24.51896826205856,28.0211643712918,26.88192040159241,638.2939887550597,70.21637256023836,43.044536775749556,32.17225640102244,13.234359527590065,9.62103307098648,104.82020616221139,49.391771423514086,465.1084036938793,64.17255111093029
743,100.86523681849154,45.105975428955674,20.006889677857455,22.86459765474964,21.935001915877944,520.8325765820745,57.29487490572254,35.12330899500076,26.251789130092803,10.798919766755551,7.850532093395837,85.53077267703789,40.30250014203631,379.51729540542146,52.36326164709748
744,98.48013731958775,44.03938159755702,19.53379880878875,22.323932286490855,21.41631813811455,508.51676236697386,55.94005751037647,34.29276926370991,25.631028885290274,10.543564215756945,7.664895289748799,83.50827801497752,39.349491197375634,370.54307852309086,51.12505913992245
745,117.23547064675803,52.42658843810174,23.253969370856453,26.575477852959477,25.495010514604257,605.3627014591916,66.59372284335022,40.823754452788144,30.512403986361885,12.551563663211148,9.124658344410001,99.41225248514093,46.843518356033364,441.1122220979355,60.861718243359945
746,130.50988095050835,58.36277858528104,25.886984182130437,29.58458247882271,28.38177531711877,673.9070834403819,74.13403803806135,45.44617174472444,33.967281316868466,13.972759868591124,10.157830797056155,110.66856443089993,52.147545194487826,491.0587493206583,67.75300647973252
747,129.86818555636285,58.07581850275741,25.75970218327328,29.439120003674358,28.24222684488031,670.593594313151,73.769533293961,45.222720471320905,33.800269839929456,13.904058130562753,10.107886431238734,110.12442549249317,51.891144381587026,488.64429506325683,67.41987620728946
748,130.21769047856222,58.23211378277933,25.829027420003694,29.51834739337279,28.318233121967108,672.3983146994699,73.96806394166454,45.34442513156745,33.89123407901629,13.941477123785452,10.135089060162944,110.42079545099466,52.03079529225638,489.9593483659391,67.60131847883248
749,138.1383306096648,61.774148783183115,27.400107588745524,31.313834674006657,30.040722077833653,713.2977121309668,78.46725612917123,48.10255171251766,35.95270719954473,14.789483433739806,10.751567457585002,117.13726677331016,55.1956279945602,519.7616867656901,71.71324608322385
750,123.58472646223863,55.265915304706766,24.513361254954294,28.0147564806326,26.87577303368292,638.1480234399082,70.2003154531214,43.034693334503515,32.16489923703932,13.231333089156829,9.618832929438808,104.79623583710064,49.38047649420451,465.0020425250123,64.1578761072298
751,100.35158287124625,44.87627426476643,19.90500504268206,22.748160206050926,21.823298412547075,518.1802484137808,57.00310204541381,34.94444433483977,26.118102485077653,10.743926511010157,7.810553435486125,85.09520914313617,40.0972605675825,377.58461212442506,52.09660291625972
752,98.14330444700886,43.888753137708655,19.466987107015935,22.247577455517035,21.34306763141477,506.77747598410934,55.74872501657316,34.175477266621236,25.54336274954385,10.507501928287866,7.638678950406336,83.2226535841685,39.21490362961547,369.27570529484154,50.95019544659735
753,117.06984779426334,52.35252347230442,23.221117634792453,26.537933699947292,25.458992777459372,604.5074833510844,66.49964344677585,40.766081236442325,30.469297993296703,12.533831608520691,9.111767604647506,99.27180914714194,46.77734079826681,440.4890466708135,60.77573666007644
754,130.22156972617458,58.23384854544886,25.829796879149995,29.51922675913504,28.319076735748165,672.4183457685763,73.97026748585569,45.345775963795234,33.89224371517554,13.941892447092497,10.135390989339335,110.42408493958514,52.03234531466628,489.97394449051575,67.60333235461495
755,129.10451840015892,57.73431380728317,25.60822675896759,29.26600840626473,28.0761533684003,666.6502859428693,73.33574445288536,44.9567961713071,33.60151326350542,13.822297748011996,10.04844877256115,109.4768580649191,51.58600758082025,485.7709077312664,67.02342541440072
756,129.43055196334402,57.88011291859152,25.67289638881896,29.3399151999164,28.14705536653842,668.3338084935723,73.52094257274278,45.07032763114095,33.686368706471065,13.857203830634305,10.073824581234605,109.7533249970104,51.716280092351866,486.9976472900509,67.19268274540285
757,138.5162944949515,61.94317064106516,27.47507773697164,31.39951327287474,30.122917280159058,715.2493845846099,78.68195243296668,48.23416635746977,36.05107833838607,14.82994932467195,10.780985101415325,117.45776910069536,55.34665019032288,521.1838202581544,71.90946256417094
758,123.41463674211145,55.18985279815082,24.47962350374031,27.97619975743851,26.83878389396995,637.2697399997636,70.103698724258,42.97546466479196,32.120630670317865,13.213122798884983,9.605594524922713,104.6520047259094,49.31251411999307,464.3620599839997,64.06957559062538
759,98.15550114547484,43.894207385362996,19.46940635479981,22.25034225944688,21.3457200279456,506.84045544153395,55.755653154898255,34.17972440292362,25.546537135152928,10.508807741591914,7.639628242508956,83.2329960279758,39.21977703751261,369.32159680474814,50.95652725062766
760,95.65429891861584,42.775693517293945,18.973286198904773,21.683358188679197,20.801787575411144,493.9251276094877,54.33488547296951,33.30875536102228,24.895559300744235,10.241021901591495,7.444954944022931,81.11204964612425,38.22037718199403,359.9105297776837,49.65805107817781
761,114.00873923621917,50.983624813463486,22.61393855957804,25.844027476506408,24.793298389548127,588.7009963217367,64.76082998201807,39.70014152180206,29.672595592104653,12.206100600709412,8.87351573775764,96.67607856169793,45.55422040528771,428.9712663380128,59.186590256311206
762,126.65223195692437,56.637674612826636,25.12180917967228,28.710112791211003,27.542858553186324,653.9875419982383,71.94276259481508,44.10286059145043,32.96326654317871,13.55974897123921,9.857582682002556,107.39739083784347,50.60615289704426,476.5438920829461,65.75034342192201
763,125.46623799261545,56.10730938194661,24.88656410266688,28.44126620273094,27.284942340426625,647.8634866574138,71.26907780541335,43.68987358236237,32.65459266858476,13.432773076784358,9.76527452933212,106.3917026209984,50.132267905319814,472.0814505530497,65.13464554400258
764,127.00642828448747,56.79606784474694,25.192064969212623,28.79040365034113,27.619885062702924,655.8164871503977,72.14395811985322,44.22619889362762,33.055451795453216,13.597670239692844,9.88515045187654,107.69773897097042,50.7476783422044,477.87659734909425,65.93422119348769
765,144.30551737818573,64.53205610210676,28.623385590090777,32.71184104936149,31.381890332130386,745.1428936447106,81.97042734621293,50.25009048140428,37.5578160723316,15.449760028536282,11.231571264440324,122.36686089506306,57.65983720532677,542.9664510281387,74.91488447294678
766,120.80940666210047,54.02481866268138,23.96286914475327,27.38563417254136,26.272228670397947,623.8172489536861,68.62383969410014,42.06827102712709,31.44257792535782,12.934199440398217,9.402824541934315,102.44284576516873,48.2715480847016,454.5595759462747,62.71709431329501
767,96.90810566646394,43.336383980578795,19.221982123018755,21.96757689207594,21.07445092587429,500.39934429320846,55.04709022298838,33.745356148506005,25.221882535513675,10.375258025950112,7.542541093853824,82.17524112134093,38.721357978025544,364.62812486706684,50.30895334008011
768,95.23751150411495,42.58931014606958,18.890615299752035,21.58887889293061,20.711149482209198,491.7729841175519,54.098136088054275,33.163621580480175,24.787083718247533,10.196399452956515,7.412515591507945,80.75862610072103,38.0538423543175,358.34231819855427,49.44167971847933
769,113.6309521146784,50.81468200264891,22.539003472914004,25.75838894726049,24.711141627752152,586.7502366138534,64.54623408602446,39.56858842955,29.574270458851846,12.165653634607759,8.844111851783873,96.35572612480273,45.403268838624996,427.549797939895,58.99046554063991
770,126.67310441113428,56.64700857600791,25.125949286827687,28.714844255515555,27.547397652459022,654.0953200043049,71.95461885660211,44.11012880081396,32.96869893280896,13.561983635683154,9.859207224578485,107.41509006894182,50.614492857523146,476.62242714239846,65.76117916489437
771,125.61472909395502,56.17371319142256,24.916017710037977,28.474926851280742,27.31723446301625,648.6302424332354,71.35342578638496,43.74158117756429,32.693239849744664,13.448670957362665,9.776831872510204,106.51761873475414,50.19160016707417,472.6401657551325,65.21173333596109
772,127.12765954977262,56.850281314577124,25.21611151514432,28.81788491337439,27.64624903229414,656.442482728779,72.21282158955066,44.26841406433235,33.0870041688241,13.610649604519919,9.894586110472737,107.8005395405176,50.796118451408404,478.3327442176372,65.99715729183204
773,144.4603433099859,64.60129278756769,28.654095728038218,32.74693770653291,31.41556008018021,745.9423602550584,82.05837372570356,50.30400399228853,37.598111994313136,15.466336134120922,11.24362165945079,122.49814875989146,57.72170066131207,543.5490017735573,74.99526093397861
774,120.87081056550174,54.05227790478917,23.975048773333825,27.399553492913622,26.285582079176162,624.1343170955893,68.65871919347047,42.08965310424987,31.458559272100256,12.940773517326116,9.407603723835992,102.49491448050567,48.29608310691151,454.790615341821,62.748971585994404
775,100.67803445680336,45.022260311707264,19.969757588389715,22.82216175894422,21.89429131734263,519.8659294848616,57.18853761615389,35.05812135849127,26.203066725043215,10.778877348299176,7.835961779631174,85.37203054598073,40.22770010739104,378.8129245414613,52.26607725973842
776,98.3384970077508,43.97604139604672,19.505704073850904,22.291824606540896,21.38551584577374,507.78538165654464,55.85960101015619,34.24344725153093,25.59416473153475,10.528399800230735,7.653871156470893,83.38817117048133,39.29289629046832,370.01014022081455,51.051527872436886
777,117.19456894918005,52.40829758761501,23.245856409672882,26.56620606727775,25.486115687773577,605.1514994910203,66.570489292128,40.809511657076115,30.501758666192632,12.547184610879533,9.12147488795227,99.37756904109227,46.82717535497133,440.9583246588185,60.84048450258223
778,130.29922156200152,58.26857370854075,25.84519932861302,29.53682923585883,28.335963556434468,672.8193125139661,74.01437636181969,45.372815898561726,33.91245384588055,13.950206073980079,10.141434778542624,110.4899314267155,52.0633724873886,490.26611863936887,67.64364459226033
779,129.4886116877691,57.906076675639376,25.684412690549255,29.353076446355686,28.159681522057102,668.6336084724527,73.55392246505177,45.09054519772255,33.701479677214145,13.863419870228547,10.07834347936353,109.80255794632104,51.739478888346355,487.21610381958277,67.22282391828979
780,130.25240305633497,58.24763691770155,25.83591275270939,29.52621620079712,28.325782010801035,672.5775582316467,73.98778186296111,45.356512750985026,33.900268581889584,13.94519355130884,10.137790805724103,110.4502307023475,52.04466532037256,490.08995851516806,67.61933919488585
781,138.6488147529805,62.00243244117626,27.501363484827852,31.429553576913182,30.151736248967808,715.9336725475955,78.75722843335826,48.28031258304426,36.08556885245192,14.84413732124108,10.79129940366154,117.57014240612843,55.39960101745124,521.6824432872572,71.97825923945364
782,123.61299432938448,55.27855642627775,24.51896826205856,28.0211643712918,26.88192040159241,638.2939887550597,70.21637256023836,43.044536775749556,32.17225640102244,13.234359527590065,9.62103307098648,104.82020616221139,49.391771423514086,465.1084036938793,64.17255111093029
783,100.70265716886513,45.033271354562906,19.9746415692272,22.82774334901647,21.89964597919923,519.993072502318,57.20252415157398,35.06669548324743,26.209475179187034,10.781513526038722,7.837878211866546,85.39290988612284,40.237538550125805,378.9055703863726,52.27885991464331
784,98.21868462983127,43.922462439163404,19.481938968025677,22.264664983447773,21.359460439351206,507.1667127130458,55.791543516597635,34.20172616601297,25.562981646266447,10.515572345529511,7.644545932561133,83.28657377594816,39.2450231229586,369.5593320825663,50.98932837644154
785,116.96632634535634,52.30622966407026,23.200583878337778,26.514466979870537,25.43648013334398,603.972935030311,66.44083975333032,40.73003298084646,30.442354882539536,12.522748307116297,9.103710334545008,99.18402598425108,46.73597696132083,440.099535065578,60.721994450310376
786,130.50988095050835,58.36277858528104,25.886984182130437,29.58458247882271,28.38177531711877,673.9070834403819,74.13403803806135,45.44617174472444,33.967281316868466,13.972759868591124,10.157830797056155,110.66856443089993,52.147545194487826,491.0587493206583,67.75300647973252
787,129.66900147914288,57.98674527617995,25.72019348846204,29.39396803726335,28.198910601809427,669.5650778547077,73.65638998366406,45.15336055990097,33.748429002013616,13.882732915488065,10.092383557899701,109.95552321687323,51.811556839301325,487.8948415879195,67.3164716223166
788,129.84332397437421,58.06470063954035,25.754770821946497,29.433484265464042,28.23682023636231,670.4652178554785,73.75541107232223,45.214063167240376,33.7937992160714,13.901396378727943,10.10595140730531,110.10334359763489,51.88121049412259,488.55075044220166,67.4069695452551
789,138.5698634647514,61.96712617531822,27.485703285503018,31.411656534318308,30.134566838443515,715.5259958874311,78.71238142436475,48.25282015275318,36.06502051850145,14.835684571275275,10.785154475620843,117.50319402134214,55.3680546253995,521.3853797961814,71.937272403024
790,123.57766068980182,55.262755558415826,24.511959740080673,28.013154778708493,26.87423645143885,638.1115382783215,70.19630185477327,43.032232890088615,32.163060256892116,13.230576607418996,9.618282987010382,104.79024426859651,49.377653239100745,464.9754567266763,64.15420797634032
791,100.86523681849154,45.105975428955674,20.006889677857455,22.86459765474964,21.935001915877944,520.8325765820745,57.29487490572254,35.12330899500076,26.251789130092803,10.798919766755551,7.850532093395837,85.53077267703789,40.30250014203631,379.51729540542146,52.36326164709748
792,98.34785115408705,43.98022448140011,19.50755949381206,22.293945047627716,21.387550077033968,507.8336831753999,55.86491448247916,34.24670455387329,25.596599297544373,10.52940128180117,7.654599207366675,83.39610321316628,39.29663390608235,370.04533629460906,51.05638399162661
793,117.10912756503785,52.37008901253707,23.22890888245364,26.546837819771515,25.467534886459177,604.7103102601895,66.52195568857331,40.77975924454188,30.479521181106264,12.538037012745479,9.114824823475452,99.30511724466783,46.79303572961434,440.6368414199134,60.796128392445105
794,130.26125079842623,58.2515935438887,25.837667726033217,29.528221847831222,28.327706115139108,672.6232448572442,73.9928076805005,45.35959371315973,33.90257134810503,13.946140815797323,10.13847944222001,110.45773332903418,52.04820059315967,490.1232491835374,67.6239324189611
795,129.213223326479,57.782925617360256,25.629788672040167,29.2906501409376,28.099793255067965,667.2115999163282,73.39749253727595,44.994649418241806,33.62980545706158,13.833936007283562,10.056909482511415,109.5690366651507,51.62944256840016,486.1799227788242,67.0798585788761
796,130.30199723055173,58.269814961140504,25.84574988989873,29.537458437223194,28.33656717663988,672.833645089275,74.01595303568057,45.37378244231092,33.91317625796001,13.950503244967015,10.141650814074007,110.49228511251734,52.06448155514741,490.2765624181607,67.64508555510467
797,138.31350825923434,61.852486563437424,27.43485454438169,31.353544752541637,30.078817681434334,714.2022678477106,78.56676297449224,48.16355210183832,35.99829998117949,14.808238452240722,10.765201865269644,117.28581229995568,55.265623341513695,520.4208132385673,71.80418795168582
798,123.49505469169158,55.225814941028,24.49557461926948,27.99442926960114,26.85627225699521,637.6849899828536,70.14937884663414,43.00346781613467,32.14156072631377,13.221732573795693,9.611853605989461,104.72019679665293,49.344646542685005,464.66464196059906,64.11132383082992
799,100.66348488955771,45.01575388349289,19.96687164278619,22.81886359585438,21.89112724619706,519.79080064131,57.18027296857493,35.053054905843844,26.19927996774888,10.777319630156802,7.834829359302726,85.35969293821923,40.22188656890662,378.7581800865374,52.25852398548292
800,98.37817808000248,43.99378639448656,19.513574920734126,22.30081969523707,21.394145225164692,507.9902807452125,55.88214120480101,34.25726500089542,25.604492364464235,10.53264816893556,7.65695960935157,83.42181955993038,39.30875156896172,370.1594449138363,51.072127936783055
801,117.23730039039786,52.42740668207025,23.25433230540452,26.57589262769709,25.49540842603054,605.3721496112455,66.5947621997852,40.824391606412824,30.512880206372955,12.551759560780852,9.124800756817093,99.41380405426673,46.84424946266265,441.11910672319755,60.86266813797162
802,130.49848685499663,58.3576832540411,25.884724132790627,29.581999612636775,28.37929746137023,673.8482483420828,74.12756580543096,45.44220409095194,33.964315821499234,13.971539984247153,10.156943973058995,110.65890257093895,52.14299248088239,491.01587769859515,67.74709133965719
803,130.01339458490722,58.14075460046738,25.788504782721336,29.47203665680708,28.273805220342364,671.343402620406,73.85201694628815,45.27328518260598,33.83806280921572,13.919604623072168,10.119188324485561,110.24755850444883,51.94916523275566,489.19066108112264,67.49526014128917
804,130.96800002845555,58.5676450836427,25.977853327347493,29.68843102690155,28.481401741141905,676.2726490928775,74.39426520939237,45.60569804376243,34.086514125020045,14.02180740292919,10.19348707108537,111.05703601884086,52.3305948237398,492.78247613596363,67.99083479304174
805,138.5405780117171,61.95402999900758,27.479894437514307,31.40501797259093,30.128198177756477,715.3747761169598,78.69574629395628,48.242622367585305,36.057398511535666,14.832549187196227,10.782875133439461,117.47836081314051,55.356353101541494,521.2751898409414,71.922069128952
806,123.49505469169158,55.225814941028,24.49557461926948,27.99442926960114,26.85627225699521,637.6849899828536,70.14937884663414,43.00346781613467,32.14156072631377,13.221732573795693,9.611853605989461,104.72019679665293,49.344646542685005,464.66464196059906,64.11132383082992
807,100.69743547226376,45.03093626146216,19.973605831731007,22.826559670718265,21.898510425181133,519.9661094991981,57.19955805083395,35.06487718321668,26.208116149233756,10.780954476316309,7.837471797347093,85.38848204002751,40.23545212833514,378.8859231398674,52.276149118793285
808,98.26221150790555,43.941927245422185,19.4905726407867,22.274531857166874,21.36892615999061,507.39147018918993,55.81626825936297,34.216883102499835,25.57431021159519,10.520232457168047,7.647933711780474,83.32348329632742,39.26241506159973,369.7231070715045,51.011924955572034
809,116.95190815657044,52.299781987054665,23.19772399200337,26.511198598256637,25.433344632862173,603.8984845788783,66.43264973317163,40.725012276827435,30.43860231858804,12.521204654726318,9.102588139650488,99.17179978158346,46.730215917437725,440.04528493753327,60.71450937997607
810,130.99396041210784,58.57925432052232,25.983002638925075,29.69431584654699,28.48704730430232,676.4066993755432,74.40901158763701,45.614737972735064,34.093270729563606,14.024586795602202,10.195507616829843,111.0790496653935,52.34096775696074,492.8801551272807,68.00431188787162
811,130.17331322354826,58.212268696033874,25.820225072700747,29.508287752282154,28.30858247121313,672.1691661761571,73.94285615596074,45.32897207668582,33.87968418950485,13.936725968367782,10.131635094498533,110.38316483582582,52.0130635703776,489.7923737339286,67.57828043432112
812,130.80998757183093,58.49698341456037,25.94651113367273,29.652612033568275,28.447039024629074,675.4567283900495,74.30450877574474,45.55067492069107,34.04538885905055,14.004890138913764,10.181188662822864,110.92304607409885,52.26745813506066,492.1879357167857,67.90880407690288
813,138.4573127326087,61.916794557422214,27.463378546552633,31.386143014622508,30.11009061052739,714.944823526496,78.64844879185362,48.213627718696095,36.03572739254602,14.823634569070002,10.776394439331911,117.4077542901803,55.323082977671845,520.961894452707,71.87884272376427
814,123.49505469169158,55.225814941028,24.49557461926948,27.99442926960114,26.85627225699521,637.6849899828536,70.14937884663414,43.00346781613467,32.14156072631377,13.221732573795693,9.611853605989461,104.72019679665293,49.344646542685005,464.66464196059906,64.11132383082992
815,96.90810566646394,43.336383980578795,19.221982123018755,21.96757689207594,21.07445092587429,500.39934429320846,55.04709022298838,33.745356148506005,25.221882535513675,10.375258025950112,7.542541093853824,82.17524112134093,38.721357978025544,364.62812486706684,50.30895334008011
816,95.29740336087912,42.61609321528955,18.90249500983529,21.602455455588885,20.724174068620783,492.08224458288845,54.13215669366044,33.18447713247969,24.80267153069883,10.20281164586141,7.417177087960941,80.80941264470466,38.07777321138858,358.56766834110977,49.472772026049235
817,113.47046974300993,50.742915811029455,22.507171364979836,25.722010062179578,24.676241782760496,585.9215621391928,64.4550746568758,39.51270523226464,29.532502358037107,12.148471934447329,8.831621205363497,96.21964176429556,45.33914525144102,426.9459641753893,58.90715259078243
818,126.20054325740848,56.43568371859453,25.032215517227296,28.607721911009012,27.44463053328795,651.655180556355,71.68618809649053,43.9455734798245,32.84570734373446,13.511389891545582,9.822426896484947,107.01437202286166,50.4256726399151,474.8443603214341,65.5158533805379
819,125.52450314517762,56.133365004505286,24.898121151617975,28.454474016568962,27.297613170074104,648.1643473948799,71.30217438787037,43.71016268316291,32.66975710528208,13.439011110100523,9.76980941632137,106.44110976736495,50.155548783781825,472.3006800300654,65.16489336302085
820,127.08067383515726,56.829269749484915,25.20679177289817,28.80723397461603,27.636031123997736,656.1998650383085,72.18613211033903,44.252052691228585,33.07477538603317,13.605619179981998,9.89092912346558,107.76069702784831,50.77734447308158,478.1559549501356,65.97276508946693
821,144.30551737818573,64.53205610210676,28.623385590090777,32.71184104936149,31.381890332130386,745.1428936447106,81.97042734621293,50.25009048140428,37.5578160723316,15.449760028536282,11.231571264440324,122.36686089506306,57.65983720532677,542.9664510281387,74.91488447294678
822,121.05334063142031,54.13390361576811,24.011254100430776,27.440930251138393,26.325276601014583,625.076838102179,68.762402460602,42.15321375317466,31.50606563753931,12.960315706479179,9.421810383986724,102.6496946413147,48.36901624264436,455.477406144407,62.84373039390119
823,97.29875354486741,43.51107799965248,19.299468175226927,22.056130757075536,21.159404495919773,502.41651242231654,55.268991464994976,33.88138761558219,25.32355488618114,10.417081901340639,7.5729459568507975,82.50649910415439,38.87744828893389,366.0979833727713,50.51175459960161
824,95.41258166221736,42.66759985716123,18.925340934168013,21.628564604803454,20.74922170981225,492.6769847861985,54.19758187457686,33.22458453910486,24.832648523510887,10.215142963114559,7.42614163292846,80.90708047774427,38.12379475114264,359.0010402221667,49.53256578373304
825,114.01358351833609,50.98579113039318,22.614899435901133,25.845125600746467,24.79435186784122,588.7260104893155,64.76358169853262,39.701828398500304,29.673856393909432,12.206619243361311,8.873892777394168,96.68018637134173,45.5561560244055,428.98949351821074,59.18910512089669
826,126.28413339961743,56.473064435871436,25.04879584565443,28.626670510445212,27.46280874797654,652.0868106255125,71.73367013185056,43.974681252594856,32.86746301353547,13.520339290441362,9.828932875301849,107.08525402023584,50.45907256861711,475.1588780452242,65.5592484354217
827,126.57884156059278,56.60485512498257,25.10725199813844,28.69347631727039,27.52689846093931,653.6085798263003,71.90107436099208,44.077304575830716,32.94416552017574,13.551891586211092,9.851870568692545,107.33515792684948,50.57682845829931,476.2677521004999,65.71224347146624
828,127.63197607157652,57.07580687083828,25.316144046992815,28.93220571135595,27.755921940631083,659.0465957190328,72.49929047557173,44.44402724470368,33.21826059970962,13.664643168881545,9.933838018905531,108.22818521056452,50.997627091379265,480.23029433916935,66.25896858397914
829,144.45520760655816,64.59899614979706,28.653077047518178,32.74577352156441,31.414443226960216,745.9158412904162,82.05545647200223,50.30221563681456,37.59677534545699,15.465786291072803,11.243221937942636,122.49379383349395,57.71964859962409,543.5296780864637,74.99259478069519
830,120.72213792301774,53.98579291183854,23.945559156790853,27.365851691778882,26.253250477123874,623.3666239052035,68.57426809097267,42.03788229276142,31.41986484195752,12.924856200435409,9.396032250967385,102.36884442516562,48.236678307162606,454.231217069869,62.671789548617504
831,100.84742189934555,45.098008766400625,20.003356040965144,22.860559286612386,21.931127733871094,520.7405866107714,57.284755427534414,35.117105480989174,26.247152512804806,10.797012450730954,7.849145524554994,85.51566614630644,40.295381874097245,379.4502646806108,52.35401319538223
832,98.22329004202133,43.92452193573166,19.48285246385946,22.265708959549755,21.3604619709829,507.1904934404086,55.79415954689352,34.20332986338684,25.564180278356986,10.516065414086151,7.644904380499607,83.29047903087577,39.2468632973467,369.57666048662037,50.99171923389756
833,116.96632634535634,52.30622966407026,23.200583878337778,26.514466979870537,25.43648013334398,603.972935030311,66.44083975333032,40.73003298084646,30.442354882539536,12.522748307116297,9.103710334545008,99.18402598425108,46.73597696132083,440.099535065578,60.721994450310376
834,130.80266859727166,58.49371043868632,25.945059395480445,29.65095293461781,28.445447378923927,675.4189357818337,74.30035135000479,45.54812630619235,34.04348397900624,14.004106548634951,10.180619013194502,110.91683979759561,52.264533708543446,492.1603972157372,67.9050044984562
835,130.04229784605852,58.15367986419975,25.79423782192715,29.47858858151355,28.28009076637117,671.4926488865318,73.86843497874675,45.283349880854864,33.845585344638714,13.922699088598803,10.121437919950056,110.27206762510461,51.96071404504619,489.29941299453236,67.51026500395402
836,130.72128083578843,58.45731460514176,25.928915915164705,29.632503581014618,28.4277481124534,674.9986780314672,74.25412034158087,45.519785446792696,34.022301513970525,13.995392942897482,10.174284449833655,110.84782535470445,52.23201378024904,491.8541662079938,67.86275278930603
837,138.40542062969544,61.89358890210635,27.453085609056178,31.374379873108193,30.098805717805927,714.6768709739905,78.6189723177106,48.19555784226976,36.022221643824615,14.81807885261541,10.772355578846735,117.363751303641,55.30234856459754,520.7666443232101,71.85190341496003
838,123.58472646223863,55.265915304706766,24.513361254954294,28.0147564806326,26.87577303368292,638.1480234399082,70.2003154531214,43.034693334503515,32.16489923703932,13.231333089156829,9.618832929438808,104.79623583710064,49.38047649420451,465.0020425250123,64.1578761072298
839,100.68992779046225,45.027578897502586,19.972116662952175,22.824857794738723,21.896877741613494,519.927342473212,57.19529343298128,35.06226285705171,26.20616215511521,10.780150682502244,7.836887460277268,85.3821157452985,40.2324523004815,378.8576746056651,52.27225157471432
840,98.24889689818183,43.93597307847637,19.487931652312877,22.271513639950854,21.366030653084454,507.32271823155475,55.80870510953452,34.212246686959396,25.57084487172347,10.518806957098176,7.646897410530961,83.31219289644848,39.257094972367724,369.6730092892446,51.00501279817585
841,116.92630130040997,52.28833084430996,23.192644803549957,26.50539391785554,25.427775950760623,603.7662597877321,66.41810417053063,40.71609545325487,30.431937725221555,12.518463111714292,9.100595109619134,99.15008591601077,46.7199842424167,439.94893613490905,60.701215815697786
842,130.5911970510135,58.399142372717186,25.903113448299393,29.603015587984487,28.39945899959088,674.3269711586839,74.18022834061968,45.474487650326786,33.98844513098991,13.981465802100018,10.164159782907587,110.73751810737623,52.180036489363346,491.36471069555864,67.79522098674384
843,129.88358788924745,58.08270627966207,25.762757277223624,29.44261147561711,28.245576365607064,670.6731265382733,73.7782823413406,45.22808387415634,33.80427854310363,13.90570714822521,10.109085223929236,110.13748622059138,51.89729865775639,488.7022481490144,67.42787218699715
844,130.28016929663437,58.26005371651353,25.841420260786112,29.532510380366364,28.331820290721595,672.7209333223446,74.00355402901887,45.366181515649906,33.9074951894728,13.948166284142028,10.139951904705862,110.47377566255432,52.05575981574983,490.19443225413283,67.63375378361447
845,138.52089990714154,61.94523013763342,27.475991232805427,31.400557248976728,30.12391881179076,715.2731653119727,78.68456846326256,48.235770054843634,36.05227697047661,14.830442393228589,10.781343549353801,117.46167435562297,55.34849036471098,521.2011486622085,71.91185342162696
846,123.57766068980182,55.262755558415826,24.511959740080673,28.013154778708493,26.87423645143885,638.1115382783215,70.19630185477327,43.032232890088615,32.163060256892116,13.230576607418996,9.618282987010382,104.79024426859651,49.37765323910076,464.9754567266762,64.15420797634033
847,100.40653489792273,44.90084828891214,19.9159049242465,22.760616985213915,21.83524874200101,518.464001335452,57.03431666001796,34.9635797384113,26.132404627838472,10.749809831625049,7.8148304556233725,85.14180685558954,40.11921762764393,377.79137557632504,52.125130756392366
848,98.17207632970037,43.901619650242246,19.472694086952632,22.254099598747562,21.3493246067798,506.9260438581164,55.765068421611495,34.18549621624172,25.550851091624015,10.510582328062103,7.6409183204369,83.24705129973036,39.226399947304664,369.3839628813721,50.965132105341006
849,116.92630130040997,52.28833084430996,23.192644803549957,26.50539391785554,25.427775950760623,603.7662597877321,66.41810417053063,40.71609545325487,30.431937725221555,12.518463111714295,9.100595109619134,99.15008591601077,46.7199842424167,439.94893613490905,60.70121581569779
850,130.88593387638005,58.530945880271695,25.961575286442123,29.669827892586238,28.463554946153014,675.8488883722977,74.34764885210744,45.57712095508156,34.065155097995884,14.013021166761177,10.18709970730205,110.9874463205558,52.29780383241311,492.47369260397153,67.9482309036439
851,130.07097656947857,58.16650471679239,25.79992632347302,29.485089606970224,28.28632748253826,671.6407357188547,73.88472546615981,45.29333639053883,33.85304944053032,13.925769514475888,10.12367003921838,110.29638634432717,51.97217313929081,489.40732005836685,67.52515329991718
852,130.41581397330685,58.32071272695206,25.868325745442423,29.563258942050766,28.361318721861398,673.4213546833545,74.08060480515063,45.41341572678717,33.942798883400904,13.962688789877177,10.15050938636262,110.58879838367481,52.109959059942334,490.70481127519764,67.70417247215052
853,138.57385259253013,61.96891007535402,27.486494539674396,31.412560808224075,30.135434347688815,715.5465943390369,78.71464738421646,48.25420924747018,36.06605875272925,14.836111658666141,10.78546495697834,117.50657668510206,55.36964855238505,521.4003893577842,71.939343322086
854,123.5515904259832,55.25109718416996,24.50678863347801,28.007245050919536,26.868566992814195,637.9769206131565,70.18149306086804,43.023154698626776,32.15627505428,13.227785450662166,9.616253889084804,104.76813744687446,49.36723640130416,464.877364298333,64.14067383823088
855,100.46558832124357,44.92725641866351,19.9276183288123,22.774003487907567,21.848090995631093,518.7689324256306,57.067861006996594,34.98414333098228,26.14777422459279,10.756132259455574,7.819426695216201,85.19188243251942,40.14281347371386,378.01357101461554,52.155787798937865
856,98.18809255829701,43.90878195547575,19.475870948760477,22.25773023140515,21.35280763042634,507.00874602459345,55.77416618257306,34.19107338994078,25.55501957096378,10.512297071149382,7.642164893791399,83.26063259344912,39.23279951642929,369.4442258218194,50.9734467833714
857,116.89110381668564,52.27259086405405,23.18566328845098,26.49741518971093,25.420121610204063,603.584512371917,66.39811080621017,40.703838979808815,30.42277701782835,12.514694768777524,9.097855622910926,99.12023947858411,46.70592046149928,439.8165014701081,60.68294336517162
858,130.57117975114178,58.39019082642981,25.8991429632957,29.59847797401422,28.395105869365974,674.2236088685902,74.16885783549544,45.4675172229445,33.983235308936635,13.979322692917108,10.162601798610687,110.72054402216175,52.17203822101669,491.2893932547013,67.78482918929495
859,129.88017204929318,58.0811787484937,25.762079736226568,29.441837157242706,28.244833528349115,670.6554883431857,73.77634202841368,45.22689440981784,33.80338951619,13.90534143866297,10.108819362647068,110.13458968815024,51.89593379812205,488.6893956501569,67.42609888504585
860,130.40023009927788,58.31374376657272,25.865234642320218,29.559726317523083,28.357929721671983,673.3408850436681,74.07175263624484,45.40798910766521,33.938742931243915,13.961020335902324,10.1492964639816,110.57558371399233,52.10373224577842,490.6461751195707,67.69608224702445
861,138.31350825923434,61.852486563437424,27.43485454438169,31.353544752541637,30.078817681434334,714.2022678477106,78.56676297449224,48.16355210183832,35.99829998117949,14.808238452240722,10.765201865269644,117.28581229995568,55.265623341513695,520.4208132385673,71.80418795168582
862,123.5515904259832,55.25109718416996,24.50678863347801,28.007245050919536,26.868566992814195,637.9769206131565,70.18149306086804,43.023154698626776,32.15627505428,13.227785450662166,9.616253889084804,104.76813744687446,49.36723640130416,464.877364298333,64.14067383823088
863,100.41611119329094,44.905130717201644,19.917804408062707,22.762787784069143,21.837331283656336,518.5134499537081,57.039756320524276,34.96691439752533,26.13489701168234,10.750835097104078,7.815575796798345,85.14992727416052,40.12304400685655,377.82740751193336,52.13010220221248
864,98.18809255829701,43.90878195547575,19.475870948760477,22.25773023140515,21.35280763042634,507.00874602459345,55.77416618257306,34.19107338994078,25.55501957096378,10.512297071149382,7.642164893791399,83.26063259344912,39.23279951642929,369.4442258218194,50.9734467833714
865,116.92630130040997,52.28833084430996,23.192644803549957,26.50539391785554,25.427775950760623,603.7662597877321,66.41810417053063,40.71609545325487,30.431937725221555,12.518463111714292,9.100595109619134,99.15008591601077,46.7199842424167,439.94893613490905,60.701215815697786
866,130.65444503025017,58.427426268015175,25.915658854257373,29.617352931982648,28.41321343659506,674.653561459054,74.21615533759808,45.49651187183371,34.00490642792628,13.988237311043335,10.169082492718237,110.79115054512197,52.20530834488634,491.6026886429356,67.82805559448268
867,129.80077646300006,58.0456737967634,25.746331409191622,29.423839399111017,28.227567497034624,670.2455174842197,73.73124264305342,45.19924726598344,33.78272554657104,13.896841120879978,10.102639854047988,110.06726455159189,51.86420987887311,488.39066043545336,67.38488139535538
868,130.7161546871578,58.45502224018559,25.927899129864233,29.631341561971638,28.42663333709986,674.9722084044337,74.2512085153283,45.51800041849169,34.02096735190295,13.994844122813172,10.173885471993422,110.84347853049559,52.22996553635024,491.83487847194607,67.86009159630778
869,138.38620115537944,61.88499413582613,27.449273374886758,31.370023113919085,30.09462608943008,714.577628374218,78.60805500455672,48.188865233830875,36.017219468616894,14.816021160910674,10.770859690821334,117.34745375117849,55.29466908164799,520.6943287946734,71.84192580132355
870,123.49505469169158,55.225814941028,24.49557461926948,27.99442926960114,26.85627225699521,637.6849899828536,70.14937884663414,43.00346781613467,32.14156072631377,13.221732573795693,9.611853605989461,104.72019679665293,49.344646542685005,464.66464196059906,64.11132383082992
871,97.34333383931919,43.53101388370513,19.308310795945783,22.06623642408353,21.169099301335933,502.64670936981275,55.29431458398464,33.89691137288954,25.335157619949673,10.421854794739277,7.576415725458554,82.54430189083195,38.89526113883289,366.26572196450394,50.534898050173034
872,95.29740336087912,42.61609321528955,18.90249500983529,21.602455455588885,20.724174068620783,492.08224458288845,54.13215669366044,33.18447713247969,24.80267153069883,10.20281164586141,7.417177087960941,80.80941264470466,38.07777321138858,358.56766834110977,49.472772026049235
873,113.61357910489711,50.806912957762506,22.535557489926905,25.75445075317867,24.70736354706889,586.66052850695,64.53636562734086,39.562538797288504,29.5697488555352,12.163793630659399,8.842759677584432,96.34099432029616,45.396327143435826,427.48442995095047,58.981446502114174
874,126.26207615057024,56.4632006436975,25.044420731272073,28.621670471375833,27.458011993263316,651.9729147559749,71.72114086641892,43.96700047378244,32.86172226212258,13.517977778484921,9.827216117903573,107.06655011774534,50.45025920227905,475.0758850560981,65.54779761708721
875,125.64699564367663,56.18814248584378,24.922417866533195,28.48224118177123,27.324251418037495,648.7968555376013,71.37175428080236,43.752817040700315,32.70163773474416,13.45212550615058,9.779343239083294,106.54497982581348,50.20449284115849,472.761572436648,65.22848421900876
876,127.05123072797123,56.81610307173572,25.20095165378653,28.800559675117526,27.629628178514178,656.0478311972947,72.16940742702626,44.24180000770664,33.06711234705599,13.602466917000074,9.888637510763486,107.735730133534,50.765579955702,478.0451718026407,65.9574799706895
877,144.17377583611827,64.47314253637391,28.597254302629693,32.68197726825315,31.353240709437785,744.4626266968289,81.89559368289417,50.20421542042723,37.523528231534165,15.435655403517705,11.221317571129765,122.25514791800468,57.60719752801714,542.470758009265,74.8464920609061
878,120.75747156260037,54.001593779700464,23.95256767876874,27.373861284362192,26.26093442727743,623.5490743819418,68.59433879643775,42.05018617842236,31.429060986087844,12.928639120606478,9.398782334943485,102.3988063187805,48.25079649157595,454.364164037072,62.69013268320747
879,97.34333383931919,43.53101388370513,19.308310795945783,22.06623642408353,21.169099301335933,502.64670936981275,55.29431458398464,33.89691137288954,25.335157619949673,10.421854794739277,7.576415725458554,82.54430189083195,38.89526113883289,366.26572196450394,50.534898050173034
880,95.29740336087912,42.61609321528955,18.90249500983529,21.602455455588885,20.724174068620783,492.08224458288845,54.13215669366044,33.18447713247969,24.80267153069883,10.20281164586141,7.417177087960941,80.80941264470466,38.07777321138858,358.56766834110977,49.472772026049235
881,113.88895552269086,50.93005867502354,22.59017913941153,25.81687435118985,24.76724921672496,588.0824753910638,64.69278877080573,39.658430417803025,29.64141996720205,12.19327621489962,8.864192744851644,96.57450547373071,45.50635869114554,428.5205660529018,59.124405641171386
882,126.50136171111318,56.570206872550905,25.091883662627712,28.675912827206023,27.510049041849204,653.208501157866,71.85706317910554,44.05032453017776,32.92400015166497,13.543596372672098,9.845840165511857,107.26945727911475,50.545870005782355,475.97622507047026,65.67202051895407
883,126.41967297352211,56.53367644535095,25.075680482895446,28.657395246948862,27.492284322585324,652.7866892728273,71.8106612060461,44.021878864829404,32.90273935278931,13.534850543574597,9.839482176611462,107.20018761728123,50.51322981712855,475.66886160478566,65.6296125608208
884,127.65246155650493,57.08496778503405,25.320207397755542,28.936849455676832,27.76037688631232,659.1523755519497,72.51092692568453,44.45116070356173,33.22359227440281,13.666836403291162,9.935432442930614,108.2455563030227,51.00581243139607,480.30737338126863,66.26960343540176
885,144.62188626412964,64.67353326159188,28.6861382053449,32.78355700934685,31.450690568348463,746.7765112042777,82.15013560166311,50.36025650577409,37.64015612865911,15.483631383264317,11.256194853010527,122.63513246333838,57.78624802309579,544.1568261041417,75.07912447549091
886,120.72213792301774,53.98579291183854,23.945559156790853,27.365851691778882,26.253250477123874,623.3666239052035,68.57426809097267,42.03788229276142,31.41986484195752,12.924856200435409,9.396032250967385,102.36884442516562,48.236678307162606,454.231217069869,62.671789548617504
887,100.60680583330996,44.99040754813408,19.95562920028408,22.80601532565314,21.87880134238124,519.4981299468776,57.14807734260983,35.03331811575712,26.184528337954106,10.771251408833173,7.830417921188551,85.311630755168,40.19923944344964,378.5449184831171,52.22909957380426
888,98.48083004237567,44.03969137660514,19.533936212207735,22.324089316091257,21.416468783432606,508.52033934359997,55.9404510004106,34.29301048375058,25.631209177461567,10.543638380633205,7.664949205673153,83.5088654236544,39.34976798709169,370.5456849739082,51.12541876059788
889,117.08352070887737,52.358637869792354,23.22382969400023,26.541033139370416,25.461966204357626,604.5780854690435,66.50741012593231,40.77084242096932,30.47285658773978,12.535295469733455,9.1128317934441,99.2834033790951,46.78280405459333,440.5404926172893,60.78283482816682
890,130.57117975114178,58.39019082642981,25.8991429632957,29.59847797401422,28.395105869365974,674.2236088685902,74.16885783549544,45.4675172229445,33.983235308936635,13.979322692917108,10.162601798610687,110.72054402216175,52.17203822101669,491.2893932547013,67.78482918929495
891,129.84288923110728,58.06450622648256,25.754684589455962,29.43338571585275,28.236725693438572,670.4629729942855,73.75516412340426,45.21391178087003,33.79368606719148,13.901349833874567,10.105917570414851,110.10297494805148,51.88103678471458,488.5491146696197,67.40674385227948
892,130.78546040773992,58.486015099849304,25.94164610503097,29.647052102751257,28.441705141437026,675.3300787486793,74.29057651481209,45.54213406766467,34.03900527279242,14.002264190812319,10.179279667266714,110.90224775584319,52.25765787021777,492.09564938233194,67.89607102484977
893,138.60417951844556,61.982471988440466,27.492509966596458,31.419435455833437,30.14202949581953,715.7031919088495,78.73187410653831,48.26476969449231,36.0739518196491,14.839358545800534,10.787825358963232,117.53229303186613,55.38176621526441,521.5144979770115,71.95508726724245
894,123.49505469169158,55.225814941028,24.49557461926948,27.99442926960114,26.85627225699521,637.6849899828536,70.14937884663414,43.00346781613467,32.14156072631377,13.221732573795693,9.611853605989461,104.72019679665293,49.344646542685005,464.66464196059906,64.11132383082992
895,100.67803445680336,45.022260311707264,19.969757588389715,22.82216175894422,21.89429131734263,519.8659294848616,57.18853761615389,35.05812135849127,26.203066725043215,10.778877348299176,7.835961779631174,85.37203054598073,40.22770010739104,378.8129245414613,52.26607725973842
896,98.32500324558191,43.970007113829844,19.503027550010103,22.288765778221318,21.38258137887153,507.71570461874757,55.851936095663746,34.23874845149721,25.590652764377353,10.526955119589417,7.65282091144784,83.37672885456527,39.28750461768905,369.9593683564467,51.0445227096936
897,116.96632634535634,52.30622966407026,23.200583878337778,26.514466979870537,25.43648013334398,603.972935030311,66.44083975333034,40.73003298084646,30.442354882539544,12.522748307116297,9.103710334545006,99.18402598425108,46.73597696132082,440.099535065578,60.721994450310376
898,130.46972691580143,58.34482208252558,25.879019521878394,29.575480176813155,28.373043083338263,673.6997421400865,74.11122918470356,45.432189300297686,33.95683058790478,13.968460863177677,10.154705532613333,110.63451498311288,52.13150093542968,490.9076650508718,67.73216088127002
899,129.38372868027892,57.85917399134508,25.663608865305545,29.32930108189193,28.13687278197176,668.0920295424486,73.49434536015984,45.05402281997777,33.67418219908581,13.852190796481162,10.070180236582125,109.71362022154807,51.69757101644123,486.82146919032715,67.16837486788579
900,130.0161368116677,58.14198089821653,25.78904871073855,29.47265827743212,28.274401568015183,671.3575625140847,73.85357462407843,45.27424008124976,33.83877651753519,13.91989821368577,10.119401757179219,110.2498838325904,51.95026093825231,489.20097903125446,67.49668374313538
901,138.501159696385,61.9364025029653,27.47207570916932,31.396082446846624,30.119625939693066,715.1712338125295,78.673355354152,48.22889611547762,36.04713926529184,14.828328949996186,10.779807131426645,117.44493523387926,55.34060281225075,521.126873801678,71.90160547244825
902,123.45906177111078,55.209719248968554,24.488435327141115,27.98627022815676,26.848444934056204,637.4991352111194,70.12893364720553,42.99093435553846,32.13219299377214,13.217879069121702,9.609052208926736,104.68967585202144,49.33026493081777,464.5292143712389,64.09263843656264
903,100.76153143974084,45.05959936904321,19.986319438426015,22.841089240606568,21.912449272833275,520.2970785123347,57.23596673388863,35.087196691325126,26.22479814865567,10.787816773297806,7.842460507685836,85.44283354701561,40.261062812648476,379.12709174255514,52.30942395184172
904,98.22329004202133,43.92452193573166,19.48285246385946,22.265708959549755,21.3604619709829,507.1904934404086,55.79415954689352,34.20332986338684,25.564180278356986,10.516065414086151,7.644904380499607,83.29047903087577,39.2468632973467,369.57666048662037,50.99171923389756
905,116.94071948919587,52.29477852132555,23.19550468988436,26.50866229946944,25.430911451242434,603.8407102391649,66.42629419068932,40.721116157273904,30.435690289173056,12.520006764104272,9.101717304513654,99.16231211867837,46.725745286299805,440.00318626295376,60.70870088603209
906,130.89007588091198,58.5327981453388,25.96239686412666,29.670766821300372,28.46445570126161,675.8702762256416,74.35000165113911,45.57856328456615,34.0662331208408,14.013464621573013,10.1874220873463,110.99095861933408,52.29945884402565,492.48927738230645,67.95038118726877
907,129.85829156399188,58.071394003387205,25.7577396834063,29.4368771877955,28.240075214165326,670.5425052194078,73.76391317078385,45.21927518370546,33.79769477036565,13.902998851537022,10.107116363105352,110.11603567614968,51.88719106088394,488.6070677553773,67.41473983198716
908,130.27060494476248,58.25577662924209,25.839523145994367,29.530342288918046,28.329740346399337,672.6715463760994,73.99812115282349,45.36285101550209,33.905005914114646,13.94714229736776,10.139207493115793,110.46566537171914,52.0519382087737,490.15844525733183,67.62878853815083
909,138.84476930878918,62.090061456467254,27.540231595423702,31.473973460497486,30.19435017317663,716.9455128943194,78.86853726597884,48.34854790999869,36.13656915583124,14.865116774547834,10.806550917242888,117.73630614198582,55.47789814699175,522.4197453091292,72.07998724803618
910,123.4873296382566,55.222360370539526,24.49404233424538,27.99267811881596,26.854592301965695,637.6451005262709,70.14499075432248,43.00077779678451,32.13955015775526,13.220905507554939,9.611252350474407,104.7136461771322,49.341559860127354,464.6355755401059,64.10731344026313
911,100.89227450551395,45.11806642566531,20.012252675441804,22.870726682497775,21.940881758481243,520.9721896801138,57.31023322881335,35.132724062726304,26.258826120047583,10.80181449859819,7.85263648769853,85.55369984536043,40.31330353098807,379.6190278771475,52.37729801408123
912,98.22329004202133,43.92452193573166,19.48285246385946,22.265708959549755,21.3604619709829,507.1904934404086,55.79415954689352,34.20332986338684,25.564180278356986,10.516065414086151,7.644904380499607,83.29047903087577,39.2468632973467,369.57666048662037,50.99171923389756
913,116.93984522526351,52.29438755880273,23.19533127729351,26.508464117284102,25.430721326461725,603.8361958479746,66.425797579129,40.7208117209467,30.435462748018935,12.519913162915614,9.101649258898776,99.16157076841722,46.725395958589196,439.99989674226725,60.708247019938256
914,130.66397594033228,58.43168840043601,25.91754933578061,29.61951344269164,28.41528610838473,674.7027757236691,74.22156921772286,45.499830726876105,34.007386999524435,13.989257717444266,10.169824301470578,110.79923247829686,52.20911658960032,491.63854981107653,67.83300347894819
915,129.659117041569,57.9823250496242,25.718232883814625,29.391727387310016,28.196761048960894,669.5140380985732,73.65077528793564,45.14991859945851,33.74585641923838,13.881674659426148,10.09161423343424,109.94714150271841,51.807607336387434,487.8576502310857,67.3113402072995
916,129.45692320327046,57.89190588649279,25.67812719483815,29.34589315435932,28.15279027795643,668.4699802934093,73.53592233128352,45.0795106285515,33.693232242923116,13.860027210751165,10.07587710469973,109.77568703767481,51.72681719050784,487.0968721763354,67.20637313249541
917,138.93698265535815,62.131298388791585,27.55852235951471,31.49487680771801,30.21440366234158,717.4216701552715,78.92091757383272,48.38065845637883,36.1605691523163,14.874989398282551,10.813728056359528,117.81450036461352,55.514743630434985,522.7667088517134,72.12785896029352
918,123.3888149030168,55.17830551708082,24.474501672846518,27.97034634371315,26.833168459873146,637.1364051124231,70.08903104402019,42.966472979827465,32.11391012420856,13.210358239187224,9.603584762363111,104.63010856109214,49.302196544715336,464.26490228284615,64.05617041993058
919,101.50469877882078,45.39193674109998,20.133728669139618,23.009553844807044,22.07406468683236,524.1345330432865,57.65811098367834,35.34598254172143,26.418219320203672,10.86738238699323,7.900302626836454,86.07301772884853,40.55800854671466,381.92334610587767,52.69523245288007
920,98.37748535721455,43.99347661543843,19.513437517315143,22.30066266563667,21.393994579846645,507.9867037685863,55.88174771476688,34.25702378085475,25.60431207229294,10.532574004059304,7.6569056934272135,83.4212321512535,39.308474779245664,370.1568384630191,51.071768316107615
921,117.14888268696687,52.38786712528895,23.23679441728855,26.5558496943905,25.47618036931516,604.9155917153244,66.54453794594592,40.79360277949693,30.489868086647164,12.542293309419838,9.117919039782526,99.33882842607888,46.80892059597394,440.78642473353966,60.81676689900141
922,130.59128304418715,58.3991808280473,25.903130505275545,29.603035081314193,28.39947770038898,674.3274151971617,74.18027718765838,45.47451759488356,33.988467512087034,13.98147500877431,10.164166475918885,110.73759102707406,52.18007084946603,491.3650342549704,67.79526562931044
923,129.9202783100147,58.09911388717688,25.770034920380755,29.450928629624656,28.253555372797347,670.8625829554379,73.79912374452772,45.24086021837971,33.813827811210835,13.909635329257364,10.11194090875028,110.16859862499406,51.911958968234266,488.8403001647146,67.44691968208245
924,130.28742138761416,58.263296782686375,25.842858732441385,29.53415431783817,28.333397391361547,672.7583805672999,74.00767346261756,45.3687068399378,33.909382661997114,13.948942713674164,10.140516348658773,110.47992522373704,52.05865751774272,490.22171909786107,67.63751864006493
925,138.40318480717994,61.89258906352342,27.452642127676295,31.373873046535852,30.098319497055268,714.6653259735696,78.61770229470388,48.19477928379365,36.021639735299324,14.817839479083764,10.772181560552951,117.36185539149771,55.30145520192779,520.7582317785035,71.85074270822828
926,123.60166472875301,55.273489936535384,24.516721005450858,28.018596125103144,26.879456571442443,638.2354866856189,70.20993696288701,43.04059158039465,32.16930769147605,13.233146548251817,9.620151266747795,104.81059899202377,49.38724447998567,465.065774741375,64.16666945277991
927,98.5364724031408,44.06457411159537,19.544973023386266,22.336702583373267,21.428569238737964,508.80765690749536,55.97205774818669,34.31238627556954,25.64569099069654,10.549595610383399,7.669279955817775,83.55604851923748,39.37200088242187,370.7550458888639,51.15430498133467
928,95.63507944429985,42.76709875101373,18.969473964735354,21.67900142949009,20.7976079470353,493.82588500971514,54.32396815981563,33.302062752583396,24.890557125536517,10.238964209886761,7.443459055997533,81.09575209366174,38.21269769904449,359.83821424914703,49.64807346454133
929,113.47615006987091,50.74545599922413,22.508298073015492,25.72329770490288,24.67747707436847,585.9508933475273,64.45830127515568,39.51468323659819,29.53398075384173,12.149080086432646,8.832063315943214,96.22445851544593,45.34141492711266,426.96733707209086,58.910101480321025
930,126.4328012647029,56.539547292414845,25.078284514587608,28.66037122861719,27.495139311095596,652.8544791470939,71.81811852062398,44.02645040049683,32.906156200283924,13.536256095850165,9.840503976336493,107.21132002448155,50.518475459471425,475.7182583416534,65.63642799265601
931,125.53597845646446,56.13849665466811,24.900397310324152,28.457075293121846,27.300108687687526,648.2236018628524,71.3086927538151,43.714158617905696,32.67274373835415,13.440239689636883,9.770702561495867,106.45084049592943,50.16013394859535,472.3438572360174,65.1708506655202
932,126.99750888141813,56.792079172451345,25.190295781742005,28.788381758865594,27.61794537436643,655.7704304927353,72.13889159644823,44.22309297765562,33.0531303783235,13.596715302975781,9.884456237871214,107.69017557786889,50.74411443599839,477.84303704788164,65.92959076727358
933,144.03736199828123,64.4121395643716,28.570196252797825,32.65105434956416,31.32357501004829,743.758233658324,81.81810599713832,50.15671337186549,37.48802435112621,15.421050549195812,11.210700224205274,122.13947297069815,57.55269095179509,541.9574849290169,74.77567406941318
934,120.33101230476052,53.810885252042006,23.867978343604076,27.27718953050315,26.168193013755598,621.3469888956635,68.35209547652873,41.90168446703648,31.318068151861578,12.882981176854363,9.365590204574305,102.03718133291984,48.08039710679491,452.7595610118767,62.46874027483708
935,96.84149200995763,43.306594986388326,19.208769125966473,21.95247660081237,21.05996456041105,500.055374820196,55.00925140718895,33.72215993031869,25.204545267303672,10.36812617800456,7.537356427017596,82.11875468764447,38.69474130626144,364.3774831638225,50.27437147188715
936,95.29740336087912,42.61609321528955,18.90249500983529,21.602455455588885,20.724174068620783,492.08224458288845,54.13215669366044,33.18447713247969,24.80267153069883,10.20281164586141,7.417177087960941,80.80941264470466,38.07777321138858,358.56766834110977,49.472772026049235
937,113.47615006987091,50.74545599922413,22.508298073015492,25.72329770490288,24.67747707436847,585.9508933475273,64.45830127515568,39.51468323659819,29.53398075384173,12.149080086432646,8.832063315943214,96.22445851544593,45.34141492711266,426.96733707209086,58.910101480321025
938,126.05187539232304,56.36920086205114,25.002726848294117,28.574021192837037,27.412299970168892,650.8875120347736,71.6017397077171,43.89380433192253,32.807014156986014,13.495473086136778,9.810855795450303,106.88830601861595,50.36626974906079,474.2849800250049,65.43867382330359
939,125.60196388506309,56.168004711308036,24.91348569668956,28.472033174782286,27.314458433431298,648.5643273880969,71.34617471485943,43.73713607446992,32.68991750021571,13.447304277711899,9.775838332166215,106.50679421072239,50.1864996007204,472.5921351580034,65.20510639496267
940,127.09982642589368,56.83783460606393,25.21059074053058,28.81157557232648,27.640196207308392,656.2987622748205,72.19701143135168,44.25872200945665,33.0797601537209,13.607669710940058,9.892419805815523,107.77693786499026,50.784997231506814,478.228018821352,65.98270798110717
941,144.05428354390074,64.4197067187749,28.573552686660136,32.65489020366504,31.32725491154152,743.8456105632195,81.82771800886862,50.16260579520392,37.49242845368294,15.42286221810413,11.212017260095394,122.15382194679115,57.55945225644518,542.0211542310495,74.78445873446425
942,120.39241620816176,53.838344494149794,23.880157972184623,27.291108850875407,26.181546422533813,621.6640570375667,68.38697497589904,41.92306654415927,31.334049498604013,12.889555253782262,9.370369386475982,102.0892500482568,48.10493212900483,452.990600407423,62.50061754753648
943,100.43674716627326,44.91435892822511,19.9218976085337,22.767465641717,21.841818955734254,518.620006853961,57.05147825295484,34.974100259357726,26.140267853295498,10.75304444319371,7.8171819335932,85.16742597608986,40.13128947705305,377.9050527830033,52.140815178126665
944,98.19768318586085,43.91307079298696,19.477773275406047,22.25990427914866,21.354893288881353,507.0582686492624,55.77961398425251,34.19441303981427,25.557515684990502,10.513323871074126,7.642911350468254,83.26876516530307,39.23663162232569,369.4803116839962,50.97842566961928
945,116.94071948919587,52.29477852132555,23.19550468988436,26.50866229946944,25.430911451242434,603.8407102391649,66.42629419068932,40.721116157273904,30.435690289173056,12.520006764104272,9.101717304513654,99.16231211867837,46.725745286299805,440.00318626295376,60.70870088603209
946,130.76195082953737,58.4755018398779,25.936982917273642,29.641722843002412,28.436592551022528,675.2086835626288,74.27722227717096,45.53394755856008,34.03288652951696,13.999747188356691,10.17744987234427,110.88231232067841,52.248264199923284,492.00719183425116,67.88386624316816
947,129.86968565950357,58.076489334627155,25.75999973274611,29.439460053981435,28.242553069913868,670.601340317707,73.77038540341422,45.223242837477954,33.800660265734884,13.904218735880994,10.108003187102511,110.12569753611068,51.89174377448938,488.6499393774404,67.42065497206248
948,130.39486508072034,58.311344581255135,25.864170476530443,29.55851015034203,28.35676299965705,673.3131819764186,74.0687051237736,45.40612090003984,33.93734659946209,13.960445941722751,10.148878894443312,110.5710343350673,52.101588557149945,490.62598860737916,67.69329704689675
949,138.23024298012592,61.81525112185205,27.41833865342001,31.334669794573212,30.060710114205246,713.7723152572468,78.5194654723896,48.1345574529491,35.97662886218985,14.799323834114496,10.758721171162094,117.21520577699546,55.23235321764404,520.1075178503329,71.76096154649808
950,123.64126219653029,55.291197547848725,24.524575269162824,28.027572261950997,26.8880677695019,638.4399540702111,70.2324296673553,43.05438021699562,32.17961356500555,13.237385966023302,9.623233212534153,104.84417648732217,49.40306635282368,465.2147648627463,64.18722611463077
951,101.1025564795363,45.21210252623456,20.053962667786127,22.91839437140352,21.986611443440548,522.0580117709886,57.42968052082953,35.20594848555651,26.313555362886998,10.824327886138724,7.86900313132914,85.7320128130933,40.397325435414416,380.41023849212957,52.48646397028887
952,98.2755261176293,43.947881412367984,19.493213629260513,22.27755007438289,21.371821666896775,507.46022214682495,55.82383140919143,34.22151951804027,25.577775551466903,10.521657957237919,7.6489700130299845,83.33477369620637,39.26773515083175,369.7732048537644,51.01883711296822
953,116.90069444424948,52.27687970156526,23.187565615096542,26.49958923745444,25.422207268659076,603.6340349965861,66.40355860788962,40.70717862968231,30.425273131855068,12.51572156870227,9.09860207958778,99.12837205043807,46.709752567395675,439.85258733228494,60.68792225141951
954,131.09381759633663,58.62390950441223,26.00280957867383,29.716951934185754,28.508763086631912,676.9223267234046,74.4657338544882,45.64951025749508,34.11926015690434,14.035277790385285,10.2032796902842,111.1637256389384,52.38086747175353,493.25587950646917,68.05615182827177
955,130.38593134545542,58.30734949973785,25.86239844623046,29.556485009978218,28.35482019452087,673.2670513123435,74.06363045919548,45.403009993308366,33.93502145214953,13.959489470559973,10.148183564936106,110.56345878868278,52.098018924260145,490.5923743795979,67.68865918025487
956,130.76117211357575,58.47515360549965,25.936828456878516,29.641546320072298,28.43642320490638,675.204662547525,74.27677994009812,45.53367639396263,34.03268385624853,13.999663816806136,10.177389263408617,110.8816519923037,52.24795305010454,492.004261824022,67.88346197992611
957,138.46437850504552,61.919954303713155,27.46478006142625,31.387744716546617,30.111627192771454,714.9813086880828,78.65246239020178,48.21608816311098,36.03756637269323,14.824391050807833,10.77694438176034,117.41374585868442,55.325906232775594,520.9884802510431,71.88251085465375
958,123.49505469169158,55.225814941028,24.49557461926948,27.99442926960114,26.85627225699521,637.6849899828536,70.14937884663414,43.00346781613467,32.14156072631377,13.221732573795693,9.611853605989461,104.72019679665293,49.344646542685005,464.66464196059906,64.11132383082992
959,99.11400733492896,44.32284224504037,19.6595286228163,22.467620868636033,21.55416483772571,511.7898439927313,56.3001171739533,34.51349558244704,25.796003682390786,10.611428146424553,7.714230591537979,84.04578126088276,39.602765240932314,372.92808887401867,51.454126938804336
960,97.92387136608811,43.79062474909324,19.42346196812637,22.197835351441835,21.29534786985742,505.64440079856286,55.62407958551989,34.09906624387438,25.486251784951918,10.484008797157868,7.621600058823293,83.0365807452594,39.12722523759533,368.4500625657873,50.83627877726004
961,117.5761899330471,52.57895486523046,23.321551953190248,26.65271367413969,25.56910619348494,607.122055914369,66.78726295193121,40.94239977748433,30.60108162335898,12.588042041210132,9.151177170679794,99.70117248118191,46.979658809545306,442.3942184140457,61.03859953268138
962,131.12377188516615,58.63730477773487,26.008751092032583,29.72374211069972,28.51527719797085,677.0770001264804,74.48274890630894,45.65994094477119,34.12705623906998,14.038484781931068,10.205611089220127,111.18912600034527,52.39283624085461,493.3685860349119,68.07170232230624
963,130.53563112862494,58.37429382024262,25.89209179887744,29.59041964810665,28.38737516721716,674.0400482956576,74.14866501243355,45.45513847589162,33.973983212063494,13.975516756060307,10.159834982106341,110.69039982930234,52.15783413634665,491.1556373889687,67.76637444828846
964,130.90389211748217,58.53897663504358,25.965137351628016,29.673898749606334,28.467460296156702,675.9416184077302,74.35784974202676,45.583374376687765,34.06982901711242,14.01494382724293,10.188497431161723,111.00267438411696,52.30497936718998,492.54126259446866,67.95755375963684
965,138.45730795521015,61.91679242101498,27.463377598942845,31.386141931659747,30.11008957159416,714.9447988576917,78.64844607812925,48.21362605510961,36.035726149151735,14.823634057588094,10.776394067497952,117.407750239086,55.32308106877726,520.9618764771841,71.8788402436217
966,122.81231188931271,54.92049884759717,24.36015075713028,27.83966197840685,26.707797270462617,634.1595464889198,69.76155778271821,42.76572300763124,31.96386600567983,13.148636183237599,9.5587144427785,104.14125085582067,49.07184450743708,462.09574201063293,63.756884173260175
967,99.1529288008132,44.34024755473089,19.667248799743536,22.47644376625315,21.56262902673343,511.9908207415126,56.32222588642276,34.52704882156004,25.80613361562899,10.615595189506449,7.717259922818844,84.07878552633441,39.618317005185354,373.07453545890286,51.47433266047881
968,97.89826450992764,43.77917360634853,19.418382779672953,22.192030671040737,21.28977918775587,505.5121760074168,55.609534022878876,34.09014942030183,25.479587191585434,10.481267254145843,7.61960702879194,83.0148668796867,39.116993562574315,368.35371376316317,50.822985212981756
969,117.5082720467401,52.54858263186662,23.30808025866637,26.637317734042266,25.554336199250486,606.7713518577779,66.74868328937788,40.91874940018595,30.583404908509234,12.580770558704451,9.145890993172195,99.6435800987352,46.95252100955719,442.1386693930558,61.00334058556157
970,131.069596185752,58.61307791976379,25.998005197058376,29.71146131298546,28.503495695166453,676.7972558855107,74.45197527191546,45.64107587400387,34.11295614788043,14.032684577125778,10.201394492101556,111.14318659071944,52.371189376164615,493.16474360547954,68.04357750534435
971,130.56930223351654,58.38935121838901,25.898770552649765,29.598052369648997,28.39469756860741,674.2139140284931,74.16779134181672,45.466863433454954,33.98274665498271,13.979121680528356,10.162455667863986,110.71895194209272,52.17128802544146,491.2823288742104,67.78385449325738
972,130.99522164532172,58.57981833203064,25.983252807908602,29.694601748716,28.487321582674486,676.4132119398834,74.40972801087158,45.61517715956774,34.0935989856548,14.02472182682518,10.195605780995566,111.08011915429483,52.341471705133415,492.8849006653204,68.00496664551518
973,138.37109024380564,61.878236679762416,27.446276085133373,31.36659770270478,30.09133994363023,714.4996009461593,78.5994714943639,48.18360330977117,36.01328661249409,14.814403343644438,10.769683580002459,117.33464013983401,55.28863124804883,520.6374722158115,71.83408111031382
974,122.81231188931271,54.92049884759717,24.36015075713028,27.83966197840685,26.707797270462617,634.1595464889198,69.76155778271821,42.76572300763124,31.96386600567983,13.148636183237599,9.5587144427785,104.14125085582067,49.07184450743708,462.09574201063293,63.756884173260175
975,99.10953807859725,44.32084363607813,19.65864213386142,22.46660775697275,21.553192915691014,511.76676632629164,56.29757848480207,34.51193929728807,25.794840487037366,10.610949655102212,7.713882740867395,84.04199146214336,39.60097947004013,372.91127277236666,51.45180676541212
976,97.8630670262033,43.76343362609263,19.41140126457397,22.184051942896133,21.28212484719931,505.3304285916017,55.58954065855843,34.07789294685577,25.470426484192227,10.477498911209073,7.616867542083731,82.98502044226005,39.1029297816569,368.2212790983622,50.80471276245559
977,117.49951268652177,52.544665529213184,23.30634281612358,26.635332121819236,25.552431315177127,606.7261216050601,66.74370767573939,40.91569921436126,30.581125145088066,12.579832756631214,9.145209235604566,99.6361524172935,46.94902105132005,442.10571127185966,60.998793244124194
978,131.15370706440152,58.65069150542859,26.014688814952194,29.73052795536265,28.52178715357688,677.2315748543389,74.49975310323218,45.670364977701354,34.134847347658486,14.041689727549231,10.207941000820213,111.21451015737485,52.40479737437732,493.48122066126325,68.08724289577037
979,130.48691599573905,58.35250887573369,25.88242902188873,29.57937667682867,28.376781165092254,673.7885004980238,74.12099316499878,45.438174884479416,33.96130432054147,13.970301175072692,10.156043391205275,110.64909082048798,52.138369138177005,490.9723409821855,67.74108443430607
980,130.85093465469504,58.51529456091577,25.954633097149266,29.661894107396225,28.455943721325415,675.6681647118617,74.32776810734849,45.56493352047473,34.0560459914655,14.009274050323475,10.184375651703226,110.95776800354356,52.283819270621315,492.34200392337,67.9300613790352
981,138.25249132511462,61.82520037031514,27.42275167219381,31.33971315215305,30.065548426247585,713.8871978789572,78.53210328679616,48.14230477522102,35.982419349374126,14.801705805347146,10.760452801918815,117.23407172325894,55.24124293976585,520.1912298603742,71.77251157053614
982,122.89491788742295,54.95743946498501,24.37653587794148,27.858387487514197,26.72576146490626,634.5860947843877,69.80848079085733,42.79448808158519,31.985365536258172,13.157480216860904,9.56514382379942,104.21129832776427,49.10485120385283,462.4065567767102,63.79976831877059
983,95.25754552488155,42.59826916978225,18.894589101389982,21.59342029727053,20.715506248700404,491.8764327484608,54.109516091213806,33.17059783041517,24.79229789218081,10.198544352326087,7.4140748772237055,80.77561436476566,38.061847303795226,358.4176985537417,49.45208019642728
984,94.27819554560874,42.160313165366965,18.7003324118768,21.3714167215534,20.50252857324695,486.8194142040225,53.55321209271795,32.82956842304713,24.5374064156784,10.093692351940938,7.3378502166225195,79.94515420732627,37.670530593264196,354.73277927815593,48.94365964613377
985,111.80703928976777,49.99904551915936,22.17722548258735,25.344935965694958,24.31449821947064,577.3321928356116,63.510189751639494,38.933465212176706,29.099568010501013,11.970380328570618,8.702153268042247,94.80910135961342,44.67449201517589,420.6871118034317,58.043597942994204
986,121.17003336809493,54.18608749873122,24.034400417065687,27.467382699548324,26.350653584039296,625.6793983164579,68.82868789214479,42.19384851671634,31.536436786339646,12.972809163496287,9.430892800319903,102.74864667125479,48.41564290198455,455.9164762662161,62.90431035678577
987,119.7063602798972,53.53154680230602,23.74407694265878,27.135590525006084,26.03235093580768,618.1215057278382,67.99727194413022,41.68416803842681,31.155492484033562,12.816104150522895,9.316972356413014,101.50749467351135,47.83080627535634,450.40923443234124,62.144457911081105
988,121.40306292525311,54.290296102318926,24.08062245340645,27.520206915642465,26.40133014956325,626.8826809190942,68.96105658276453,42.274994106606385,31.5970864510661,12.997757972128563,9.44902993135616,102.9462489246079,48.50875400801772,456.7932773333801,63.02528551193203
989,139.33689390952566,62.31013490148132,27.637845827098108,31.58553053751196,30.301371723915967,719.4866710959528,79.1480807273992,48.519915617654135,36.264652444501976,14.917805037087314,10.844853905407023,118.15361341931977,55.674535287960076,524.2714218962777,72.33546921629555
990,116.28969622440609,52.00364710368829,23.06637248291987,26.361085339529456,25.289334461876493,600.4790552715025,66.05649089975007,40.494416731253686,30.266251084892986,12.450306357655942,9.051046932887237,98.61026341860544,46.46561735670525,437.5536347971338,60.37072813518356
991,95.15168076199195,42.55092745380252,18.873590542335233,21.56942238395931,20.692484007836725,491.3297843791692,54.04938131596316,33.13373358564723,24.76474489652696,10.187210169047178,7.4058352225633,80.68584414010924,38.019547154051146,358.0193699545346,49.39712147672119
992,94.27819554560874,42.160313165366965,18.7003324118768,21.3714167215534,20.50252857324695,486.8194142040225,53.55321209271795,32.82956842304713,24.5374064156784,10.093692351940938,7.3378502166225195,79.94515420732627,37.670530593264196,354.73277927815593,48.94365964613377
993,111.35658554777382,49.797606886195815,22.087876777272072,25.24282503136679,24.216538763811673,575.0062082796447,63.25431675106544,38.77660813765777,28.982330228479373,11.92215346694949,8.667093601603577,94.42712975251418,44.49450520729915,418.99222671458364,57.809749018469404
994,121.17003336809493,54.18608749873122,24.034400417065687,27.467382699548324,26.350653584039296,625.6793983164579,68.82868789214479,42.19384851671634,31.536436786339646,12.972809163496287,9.430892800319903,102.74864667125479,48.41564290198455,455.9164762662161,62.90431035678577
995,119.8276106547765,53.58576881776511,23.768127279029613,27.16307611989039,26.05871906113181,618.7475999814368,68.06614626872515,41.72638986347749,31.187049830981593,12.829085561277589,9.326409502345056,101.61031144743583,47.879254020138696,450.8654532029757,62.20740392999581
996,121.51773243364715,54.34157521682078,24.103367457296955,27.546200729322948,26.42626714436595,627.4747938947444,69.02619275203521,42.31492434127065,31.626931022386824,13.01003481655881,9.457954876006825,103.04348531610208,48.554572250497564,457.2247348212506,63.08481513443007
997,138.70984124189735,62.029722907113005,27.513468252235302,31.4433873432273,30.16500758202102,716.2487918539576,78.7918935485031,48.30156323683454,36.101451971045854,14.850670991098468,10.796049210680295,117.62189108501383,55.42398523698828,521.9120626164962,72.0099405808885
998,116.28969622440609,52.00364710368829,23.06637248291987,26.361085339529456,25.289334461876493,600.4790552715025,66.05649089975007,40.494416731253686,30.266251084892986,12.450306357655942,9.051046932887237,98.61026341860544,46.46561735670525,437.5536347971338,60.37072813518356
999,98.9392094885432,44.24467430916075,19.624857002158127,22.427996885640585,21.51615182931665,510.8872494459309,56.20082606971997,34.452627448252144,25.75050975060167,10.592713790735104,7.7006257446532445,83.89755779623596,39.53292165109901,372.2703914552103,51.36338224167823
1000,97.8630670262033,43.76343362609263,19.41140126457397,22.184051942896133,21.28212484719931,505.3304285916017,55.58954065855843,34.07789294685577,25.470426484192227,10.477498911209073,7.616867542083731,82.98502044226005,39.1029297816569,368.2212790983622,50.80471276245559
1001,117.5082720467401,52.54858263186662,23.30808025866637,26.637317734042266,25.554336199250486,606.7713518577779,66.74868328937788,40.91874940018595,30.583404908509237,12.580770558704453,9.145890993172195,99.6435800987352,46.95252100955719,442.1386693930558,61.00334058556157
1002,130.9863309066436,58.57584247817842,25.981489306096705,29.69258635501704,28.485388127937366,676.3673032950469,74.40467776981282,45.61208122511465,34.091285028890795,14.023769958999553,10.194913797994007,111.07258006775923,52.33791925229497,492.85144821724515,68.00035110015662
1003,130.47960179857827,58.349238036266875,25.880978231306234,29.57771866084096,28.375190558320337,673.7507325586124,74.11683845298323,45.43562793356718,33.95940068389145,13.969518096275785,10.155474113410873,110.64288859507906,52.13544662055438,490.9448204566598,67.73728733600196
1004,131.07146892597868,58.61391539139735,25.99837666009452,29.711885834387925,28.50390295699179,676.8069260568035,74.4530390518698,45.64172799990694,34.113443558440075,14.032885078032626,10.201540251014295,111.14477461969416,52.371937662845255,493.1717900104475,68.04454972123932
1005,138.60181470616953,61.98141446686237,27.49204089975235,31.418899389266542,30.141515223871718,715.690980850712,78.73053081297353,48.26394621918104,36.07333633947814,14.839105362257442,10.787641301152503,117.53028774017612,55.380821312440645,521.5056000931869,71.95385959666078
1006,122.81231188931271,54.92049884759717,24.36015075713028,27.83966197840685,26.707797270462617,634.1595464889198,69.76155778271821,42.76572300763124,31.96386600567983,13.148636183237599,9.5587144427785,104.14125085582067,49.07184450743708,462.09574201063293,63.756884173260175
1007,98.88799577622223,44.22177202367133,19.614698625251297,22.416387524838388,21.50501446511355,510.62279986363865,56.17173494443796,34.43479380110702,25.737180563868694,10.587230704711056,7.696639684590537,83.85413006509054,39.51245830105697,372.07769384996203,51.33679511312166
1008,97.85347639863947,43.75914478858143,19.409498937928404,22.18187789515262,21.280039188744297,505.2809059669327,55.584092856878975,34.07455329698228,25.467930370165504,10.476472111284329,7.616121085406875,82.97688787040609,39.0990976757605,368.18519323618534,50.7997338762077
1009,117.47660744923421,52.53442252475619,23.301799501004197,26.63013985685971,25.547450149815955,606.6078470227561,66.73069672423149,40.90772314894735,30.57516369118963,12.577380456636599,9.1434264776782,99.61672944556061,46.93986885619165,442.0195276274228,60.98690220048013
1010,131.27230598309256,58.70372781487587,26.038213227891756,29.757412505914385,28.547578670959528,677.8439779215408,74.56712131079992,45.71166351225151,34.16571461077846,14.054387265846524,10.217171778903861,111.31507857394995,52.45218568266031,493.9274630167006,68.14881243554805
1011,130.71862460220166,58.45612676272271,25.928389044123644,29.631901453719284,28.427170465578694,674.9849621762662,74.25261151082931,45.51886049270569,34.02161018674818,13.995108558958174,10.174077710151296,110.8455729462607,52.23095243485508,491.8441718172739,67.86137383002642
1012,131.08857679014108,58.62156586568258,26.00177005073849,29.715763924036498,28.5076233768809,676.8952650450673,74.46275689885067,45.64768530311839,34.11789615337392,14.03471669473525,10.202871788428899,111.15928158846577,52.37877341438448,493.2361603578723,68.05343111185137
1013,138.68507998527795,62.018649908447735,27.508556790714024,31.437774347234964,30.159622791100805,716.1209334411757,78.77782831507616,48.29294086807025,36.09500745846778,14.848019980383668,10.794121995260051,117.60089426313634,55.41409143631031,521.8188954814214,71.9970860018485
1014,122.81231188931271,54.92049884759717,24.36015075713028,27.83966197840685,26.707797270462617,634.1595464889198,69.76155778271821,42.76572300763124,31.96386600567983,13.148636183237599,9.5587144427785,104.14125085582067,49.07184450743708,462.09574201063293,63.756884173260175
1015,98.89442137725503,44.22464549139365,19.615973160413578,22.41784410975247,21.50641183030508,510.6559794054468,56.17538490372007,34.4370313249326,25.738852929181743,10.587918647873588,7.6971398012681815,83.85957878695534,39.51502576428519,372.10187092823236,51.34013090490418
1016,97.84388577107563,43.75485595107023,19.40759661128284,22.179703847409115,21.277953530289285,505.2313833422636,55.57864505519953,34.071213647108785,25.46543425613878,10.475445311359582,7.615374628730021,82.96875529855213,39.0952655698641,368.1491073740085,50.79475498995981
1017,117.6067031775055,52.59260009819883,23.327604336893973,26.659630557296747,25.575741860011544,607.2796155675501,66.80459550950363,40.95302510437947,30.60902318265595,12.591308876138825,9.153552074189172,99.72704682062461,46.991850919313826,442.50902807866515,61.054440203398805
1018,130.95208651392747,58.5605287111646,25.97469683915004,29.684823677943324,28.477941054559768,676.1904773056932,74.38522579350484,45.60015663717284,34.0823723786574,14.020103656702874,10.192248492161035,111.04354182365007,52.32423629584894,492.7225996692582,67.982573438077
1019,130.35666022461675,58.2942597326489,25.856592441071125,29.54984969713912,28.348454650633528,673.1159055482851,74.04700346996015,45.392817198899955,33.92740317536661,13.956355620926638,10.14590533825661,110.53863773376413,52.08632312708594,490.4822383509267,67.67346334661066
1020,130.9554498024978,58.56203274185345,25.97536395643944,29.685586083727348,28.478672463552204,676.2078441439334,74.38713625546366,45.601327802059984,34.08324772823389,14.020463739964155,10.192510263269627,111.04639379405364,52.32558015764274,492.73525443736406,67.98431945845982
1021,138.35520061627025,61.871130989320456,27.443124334984855,31.362995768560364,30.08788445171423,714.4175525029965,78.59044564709824,48.17807022111401,36.00915108310287,14.81270215482765,10.768446860247929,117.32116620011482,55.28228226463094,520.5776856267204,71.82583215606202
1022,122.93025152700561,54.97324033284692,24.383544399919362,27.86639708009751,26.73344541505982,634.768545261126,69.82855149632243,42.806791967246134,31.99456168038849,13.161263137031971,9.56789390777552,104.24126022137915,49.11896938826616,462.5395037439132,63.81811145336055
1023,99.03257896555822,44.28642825203437,19.643377087817377,22.44916230984937,21.536456740322752,511.369376557528,56.253863098872195,34.48514058256225,25.77481064850365,10.602710193090887,7.7078928675884635,83.97673238368986,39.57022908703386,372.6217050743308,51.41185414844218
1024,97.8630670262033,43.76343362609263,19.41140126457397,22.184051942896133,21.28212484719931,505.3304285916017,55.58954065855843,34.07789294685577,25.470426484192227,10.477498911209073,7.616867542083731,82.98502044226005,39.1029297816569,368.2212790983622,50.80471276245559
1025,117.62588443263316,52.60117777322122,23.3314089901851,26.663978652783765,25.579913176921565,607.3786608168881,66.81549111286252,40.959704404126455,30.614015410709385,12.593362475988316,9.155044987542881,99.74331196433252,46.99951513110662,442.5811998030188,61.064397975894565
1026,131.0291316201402,58.594982550538475,25.98997894217024,29.70228861839641,28.494695930726134,676.5883111129347,74.42899002647341,45.62698529645544,34.10242459828825,14.028352325388497,10.198245058451265,111.10887382180137,52.355021038957894,493.0124909267059,68.02257069761355
1027,130.2568651465689,58.24963232205295,25.83679782024959,29.527227688016257,28.326752374435898,672.60059889488,73.9903164815258,45.35806654076428,33.90142991215158,13.945671275408323,10.138138098643747,110.45401442444545,52.046448227922866,490.1067476535357,67.62165564806419
1028,130.76436819319727,58.47658286193552,25.937462407825404,29.642270822159674,28.43711825123584,675.221165977614,74.27859542170387,45.53478933332271,34.033515687025066,14.000005998200734,10.177638020328574,110.88436217440598,52.249230100587575,492.0162874488272,67.88512119531832
1029,138.335756604223,61.8624358119005,27.439267563155486,31.35858811012147,30.083655993476672,714.317150469421,78.57940078889881,48.171299424110224,36.00409046836376,14.810620423473368,10.766933496026361,117.30467824621913,55.2745130636355,520.5045252486085,71.81573797572385
1030,122.81231188931271,54.92049884759717,24.36015075713028,27.83966197840685,26.707797270462617,634.1595464889198,69.76155778271821,42.76572300763124,31.96386600567983,13.148636183237599,9.5587144427785,104.14125085582067,49.07184450743708,462.09574201063293,63.756884173260175
1031,99.24817340675413,44.38284003744169,19.686140822243818,22.498034253345782,21.583341719031477,512.4826303588046,56.37632805239151,34.560214913566455,25.830922545787747,10.625792348510034,7.724672990583784,84.1595501683102,39.65637368224814,373.4329044707529,51.52377802320905
1032,97.8630670262033,43.76343362609263,19.41140126457397,22.184051942896133,21.28212484719931,505.3304285916017,55.58954065855843,34.07789294685577,25.470426484192227,10.477498911209073,7.616867542083731,82.98502044226005,39.1029297816569,368.2212790983622,50.80471276245559
1033,117.49868141917626,52.54429379435543,23.306177932020805,26.635143686298758,25.552250540795473,606.7218292331089,66.74323548769843,40.915409750312456,30.580908794482514,12.579743758779706,9.14514453649534,99.63544752688125,46.94868890366079,442.1025835308789,60.99836169931368
1034,131.01028956030868,58.5865565604293,25.986241569173917,29.69801741326545,28.49059837807529,676.4910173487033,74.41828709754503,45.62042411134906,34.097520651229026,14.026335040754274,10.19677854530879,111.09289630579042,52.34749235868123,492.94159546447645,68.01278901524161
1035,130.1116561180245,58.18469622434298,25.807995220801534,29.494311034883538,28.295173998973837,671.850790587625,73.90783282919865,45.3075018294792,33.86363694286532,13.930124782898908,10.12683620539692,110.33088141248977,51.98842737675423,489.56038163567,67.54627171406449
1036,130.5098761731098,58.36277644887381,25.886983234520653,29.584581395859953,28.381774278185546,673.9070587715777,74.13403532433698,45.44617008113795,33.96728007347418,13.972759357109219,10.157830425222196,110.66856037980561,52.14754328559324,491.0587313451354,67.75300399958992
1037,138.14978203395899,61.77926975130982,27.402379009402768,31.316430535745734,30.04321240078093,713.3568432549179,78.4737609264941,48.10653932932801,35.95568761564538,14.79070945586664,10.752458743589697,117.14697724640304,55.200203614900765,519.8047740940278,71.71919098501023
1038,122.84057975645852,54.933139969168145,24.365757764234544,27.846069869066042,26.713944638372112,634.3055118040712,69.77761488983516,42.77556644887729,31.971223169662938,13.151662621670836,9.56091458432617,104.16522118093144,49.083139436746656,462.20210317949994,63.77155917696066
1039,95.03729312011166,42.49977438732716,18.850901447422107,21.543492465081755,20.667608310094476,490.7391268629738,53.98440525643051,33.09390150258573,24.734973685469033,10.174963502049346,7.396932216116338,80.58884676318013,37.97384153635232,357.588973022514,49.33773818263592
1040,94.21830368884457,42.13353009614699,18.688452701793544,21.35784015889512,20.489503986835366,486.5101537386861,53.51919148711178,32.80871287104761,24.5218186032271,10.087280159036041,7.333188720169523,79.89436766334265,37.64659973619311,354.50742913560043,48.91256733856386
1041,111.20177394816926,49.72837660995658,22.057169482153984,25.207731623083657,24.18287213256154,574.20681567571,63.16637851274792,38.722699617532975,28.942038036680685,11.905578895810564,8.655044322094993,94.29585404096872,44.43264747799763,418.40972989573373,57.72937999786533
1042,121.17003336809493,54.18608749873122,24.034400417065687,27.467382699548324,26.350653584039296,625.6793983164579,68.82868789214479,42.19384851671634,31.536436786339646,12.972809163496287,9.430892800319903,102.74864667125479,48.41564290198455,455.9164762662161,62.90431035678577
1043,119.54812328554135,53.46078472208395,23.712690211324063,27.099720632423026,25.997939389433128,617.3044255912072,67.90738796543702,41.62906672679055,31.114308778532678,12.799162846857918,9.30465647195434,101.37331432733613,47.767579868631294,449.81384916358815,62.06231062824056
1044,121.38134726020137,54.28058506326183,24.0763150931238,27.51528430841053,26.396607678575823,626.7705488690654,68.9487213486256,42.26743227422782,31.591434602344577,12.99543303112835,9.447339760086102,102.9278346753615,48.50007712764309,456.7115695941398,63.01401202379268
1045,139.00569597852163,62.16202633395897,27.57215183106798,31.510453061115214,30.229346638958486,717.7764815677818,78.95994907149422,48.40458582082738,36.178452892314475,14.882346042525453,10.819076144221647,117.87276725426504,55.54219926137292,523.0252507972625,72.16353085115445
1046,116.28969622440609,52.00364710368829,23.06637248291987,26.361085339529456,25.289334461876493,600.4790552715025,66.05649089975007,40.494416731253686,30.266251084892986,12.450306357655942,9.051046932887237,98.61026341860544,46.46561735670525,437.5536347971338,60.37072813518356
1047,94.81344333424308,42.39967089022899,18.806500243285303,21.492749161933645,20.618928054767935,489.5832453678351,53.8572509871941,33.015952494131255,24.67671320286081,10.150997505897962,7.379509564036283,80.39902868756919,37.884398371280504,356.7467119225593,49.22152862147485
1048,94.21830368884457,42.13353009614699,18.688452701793544,21.35784015889512,20.489503986835366,486.5101537386861,53.51919148711178,32.80871287104761,24.5218186032271,10.087280159036041,7.333188720169523,79.89436766334265,37.64659973619311,354.50742913560043,48.91256733856386
1049,111.20177394816926,49.72837660995658,22.057169482153984,25.207731623083657,24.18287213256154,574.20681567571,63.16637851274792,38.722699617532975,28.942038036680685,11.905578895810564,8.655044322094993,94.29585404096872,44.43264747799763,418.40972989573373,57.72937999786533
1050,121.17003336809493,54.18608749873122,24.034400417065687,27.467382699548324,26.350653584039296,625.6793983164579,68.82868789214479,42.19384851671634,31.536436786339646,12.972809163496287,9.430892800319903,102.74864667125479,48.41564290198455,455.9164762662161,62.90431035678577
1051,119.56172931657586,53.46686920987069,23.71538900399484,27.102804910367492,26.000898271266195,617.3746823459056,67.91511665245224,41.63380462110671,31.117849965455765,12.80061954732401,9.305715455075477,101.38485184396878,47.77301640043351,449.8650434527437,62.06937407433469
1052,121.31655140383855,54.251608972021806,24.06346266159513,27.500596084477674,26.3825166272058,626.4359658760961,68.91191510495022,42.24486905069897,31.57457044565994,12.988495802047737,9.442296576072064,102.87288968305502,48.4741867902718,456.46776757735034,62.980373849854935
1053,139.44714671297186,62.35943890750042,27.65971476574138,31.610523152119526,30.32534822494947,720.0559777620107,79.21070805848673,48.55830786661077,36.293347497806415,14.929609016496174,10.853435089560676,118.24710457411209,55.71858875738826,524.6862610132478,72.39270594696984
1054,116.28969622440609,52.00364710368829,23.06637248291987,26.361085339529456,25.289334461876493,600.4790552715025,66.05649089975007,40.494416731253686,30.266251084892986,12.450306357655942,9.051046932887237,98.61026341860544,46.46561735670525,437.5536347971338,60.37072813518356
1055,99.02933272325204,44.28497656332261,19.642733186967728,22.448426436652994,21.535750785194395,511.3526141049936,56.25201912316053,34.48401017554405,25.77396576208713,10.602362641136287,7.707640206411914,83.97397966509722,39.5689319931576,372.6094907065355,51.41016889155279
1056,97.84388577107563,43.75485595107023,19.40759661128284,22.179703847409115,21.277953530289285,505.2313833422636,55.57864505519953,34.071213647108785,25.46543425613878,10.475445311359582,7.615374628730021,82.96875529855213,39.0952655698641,368.1491073740085,50.79475498995981
1057,117.44140518811135,52.518680408093054,23.29481703829543,26.62216004575234,25.539794770326164,606.4260749381366,66.71070064618665,40.8954650119148,30.56600174040214,12.573611602217923,9.140686619136032,99.58687895703963,46.92580316637964,441.8870749870989,60.96862726981138
1058,131.12377188516615,58.63730477773487,26.008751092032583,29.72374211069972,28.51527719797085,677.0770001264804,74.48274890630894,45.65994094477119,34.12705623906998,14.038484781931068,10.205611089220127,111.18912600034527,52.39283624085461,493.3685860349119,68.07170232230624
1059,130.10325267399722,58.180938284028066,25.806328375187814,29.492406103386234,28.293346515425963,671.807398160829,73.90305938802597,45.30457558084783,33.86144981231838,13.92922508622761,10.12618214945939,110.32375553757515,51.985069631164315,489.5287626909282,67.54190914325004
1060,130.54393902468146,58.378009032412955,25.89373969229544,29.59230292034873,28.389181872100483,674.0829473463672,74.15338417911876,45.45803145279324,33.976145474724746,13.976406223093496,10.16048160136465,110.6974446823305,52.1611537040447,491.186896823253,67.77068741625114
1061,138.15132513368656,61.779959810844616,27.402685087363675,31.316780332717666,30.043547976213546,713.3648112787126,78.47463745946668,48.107076667763444,35.956089231999364,14.790874664522027,10.752578845959121,117.14828574986946,55.20082018785445,519.8105801879173,71.71999207106656
1062,122.81231188931271,54.92049884759717,24.36015075713028,27.83966197840685,26.707797270462617,634.1595464889198,69.76155778271821,42.76572300763124,31.96386600567983,13.148636183237599,9.5587144427785,104.14125085582067,49.07184450743708,462.09574201063293,63.756884173260175
1063,98.9534891327715,44.25106003036671,19.627689407808735,22.43123386133441,21.519257200734852,510.96098450203834,56.20893739187184,34.457599908263035,25.754226256118915,10.594242610149832,7.701737156362893,83.9096665171682,39.538627337038896,372.32412029309154,51.37079538787744
1064,97.84388577107563,43.75485595107023,19.40759661128284,22.179703847409115,21.277953530289285,505.2313833422636,55.57864505519953,34.071213647108785,25.46543425613878,10.475445311359582,7.615374628730021,82.96875529855213,39.0952655698641,368.1491073740085,50.79475498995981
1065,117.48116747613814,52.53646172545578,23.302703994545016,26.631173544815464,25.548441811581984,606.6313933964778,66.73328697414583,40.909311042249584,30.576350511034462,12.577868666115139,9.143781393194045,99.62059621509216,46.94169089608112,442.0366852640095,60.98926949658156
1066,131.20703716427454,58.67454021932023,26.025266982994257,29.74261706866815,28.53338476519994,677.506952716944,74.53004640841158,45.6889355936604,34.148727358059624,14.047399400057293,10.212091783327677,111.25973252330549,52.42610636472426,493.68188142314625,68.11492872749396
1067,130.27714042596165,58.25869923433067,25.840819476181736,29.531823781975636,28.33116160705511,672.7052933004069,74.00183352776618,45.36512680181688,33.90670687749624,13.947842004614111,10.139716161974542,110.47120726875339,52.054549576577564,490.18303577262844,67.6321813732129
1068,130.41788258687356,58.321637791282,25.8687360604798,29.563727864926452,28.361768579949082,673.4320362756243,74.08177984780427,45.41413605973622,33.94333727312622,13.962910261542142,10.150670390467765,110.5905525075168,52.11078561130131,490.71259467660366,67.70524637389167
1069,138.25249132511462,61.82520037031514,27.42275167219381,31.33971315215305,30.065548426247585,713.8871978789572,78.53210328679616,48.14230477522102,35.982419349374126,14.801705805347146,10.760452801918815,117.23407172325894,55.24124293976585,520.1912298603742,71.77251157053614
1070,122.84057975645852,54.933139969168145,24.365757764234544,27.846069869066042,26.713944638372112,634.3055118040712,69.77761488983516,42.77556644887729,31.971223169662938,13.151662621670836,9.56091458432617,104.16522118093144,49.083139436746656,462.20210317949994,63.77155917696066
1071,99.097472758591,44.31544813962257,19.656248945346658,22.46387273451883,21.55056908982395,511.70446526098567,56.29072497389723,34.507737909614086,25.791700294771122,10.609657907550558,7.712943674198704,84.03176042342994,39.59615855674431,372.86587558933917,51.44554316530301
1072,97.84388577107563,43.75485595107023,19.40759661128284,22.179703847409115,21.277953530289285,505.2313833422636,55.57864505519953,34.071213647108785,25.46543425613878,10.475445311359582,7.615374628730021,82.96875529855213,39.0952655698641,368.1491073740085,50.79475498995981
1073,117.46701682167036,52.53013368724499,23.299897174358634,26.6279658091162,25.545364491360942,606.558324398087,66.72524892255205,40.90438349907385,30.572667577162907,12.576353656711854,9.142680021001347,99.60859687370665,46.936036750295244,441.98344176524597,60.981923314232255
1074,130.9863309066436,58.57584247817842,25.981489306096705,29.69258635501704,28.485388127937366,676.3673032950469,74.40467776981282,45.61208122511465,34.091285028890795,14.023769958999553,10.194913797994007,111.07258006775923,52.33791925229497,492.85144821724515,68.00035110015662
1075,130.18360851739635,58.21687265361128,25.82226717178976,29.510621537032964,28.310821372319264,672.222327449463,73.94870423198526,45.3325571055662,33.88236370418858,13.937828211873551,10.132436396684646,110.39189494409248,52.017177238226544,489.83111098573005,67.5836251416009
1076,130.20146643312918,58.224858543831374,25.825809337170153,29.514669651835078,28.314704904725158,672.314539440005,73.95884813369274,45.33877559185618,33.88701151202513,13.939740131235297,10.13382631203114,110.40703793467286,52.024312686216945,489.8983034902467,67.59289591459947
1077,138.62699159646166,61.992673332956514,27.49703480332501,31.424606603019118,30.14699040198276,715.8209854494694,78.74483214042093,48.27271331996973,36.079889027358995,14.841800871897997,10.789600866127358,117.55163700725973,55.39088118694824,521.6003310987521,71.96692994810603
1078,122.8335139840217,54.92998022287721,24.364356249360924,27.844468167141937,26.712408056128044,634.2690266424844,69.77360129148703,42.7731060044624,31.969384189515736,13.150906139933005,9.560364641897744,104.15922961242734,49.08031618164292,462.1755173811639,63.76789104607119
1079,98.89442137725503,44.22464549139365,19.615973160413578,22.41784410975247,21.50641183030508,510.6559794054468,56.17538490372007,34.4370313249326,25.738852929181743,10.587918647873588,7.6971398012681815,83.85957878695534,39.51502576428519,372.10187092823236,51.34013090490418
1080,97.84388577107563,43.75485595107023,19.40759661128284,22.179703847409115,21.277953530289285,505.2313833422636,55.57864505519953,34.071213647108785,25.46543425613878,10.475445311359582,7.615374628730021,82.96875529855213,39.0952655698641,368.1491073740085,50.79475498995981
1081,117.43181694924677,52.51439263878547,23.29291518545476,26.619986539490213,25.537709631337766,606.3765646478697,66.70525420136941,40.89212619383455,30.56350624807256,12.57258505803413,9.139940348376157,99.57874841073283,46.92197201493053,441.8509981126835,60.96364962363479
1082,131.1505539813668,58.64928147665779,26.014063392493373,29.729813199940125,28.521101457646466,677.2152934434888,74.49796204514578,45.669267010619656,34.13402670743053,14.041352149491777,10.207695590405907,111.2118364351215,52.403537503945614,493.46935681616395,68.08560600166147
1083,130.14536544210443,58.199770713747206,25.81468155545215,29.501952420127967,28.30250471182991,672.024853670895,73.92698086837682,45.31924009573442,33.87241033293881,13.933733799222198,10.129459865826254,110.35946593403473,52.001896537005784,489.6872169250946,67.5637716001741
1084,130.22312715809778,58.234545014205345,25.830105799940256,29.51957980499526,28.31941542798046,672.426387798784,73.9711521600014,45.34631829299013,33.89264906171238,13.942059190193602,10.135512207210645,110.42540559633454,52.03296761430375,489.9798045109739,67.60414088109904
1085,138.71165187594298,62.030532605452606,27.51382739634423,31.443797786113873,30.165401337714396,716.2581413307943,78.79292205004059,48.302193736113274,36.10192321747979,14.850864842740549,10.796190135751539,117.62342644976233,55.4247087080392,521.9188753396668,72.01088055492981
1086,122.84057975645852,54.933139969168145,24.365757764234544,27.846069869066042,26.713944638372112,634.3055118040712,69.77761488983516,42.77556644887729,31.971223169662938,13.151662621670836,9.56091458432617,104.16522118093144,49.083139436746656,462.20210317949994,63.77155917696066
1087,98.9717746256734,44.25923712903376,19.631316384264977,22.435378901303665,21.52323371766464,511.05540435056673,56.219324171910735,34.46396728554364,25.75898534774396,10.596200307142096,7.7031603508489015,83.9251720806905,39.54593363109543,372.3929216069057,51.38028813363773
1088,97.84388577107563,43.75485595107023,19.40759661128284,22.179703847409115,21.277953530289285,505.2313833422636,55.57864505519953,34.071213647108785,25.46543425613878,10.475445311359582,7.615374628730021,82.96875529855213,39.0952655698641,368.1491073740085,50.79475498995981
1089,117.43181694924677,52.51439263878547,23.29291518545476,26.619986539490213,25.537709631337766,606.3765646478697,66.70525420136941,40.89212619383455,30.56350624807256,12.57258505803413,9.139940348376157,99.57874841073283,46.92197201493053,441.8509981126835,60.96364962363479
1090,131.11239689924858,58.632217992123834,26.00649483313191,29.721163576364834,28.51280349795522,677.0182637033985,74.47628752857607,45.655979945344654,34.12409571727789,14.037266943514721,10.204725752558813,111.17948034476159,52.38829116282755,493.3257863149402,68.06579710280128
1091,130.2107393636903,58.229005310261876,25.827648647764942,29.516771682554957,28.316721474120513,672.3624215891867,73.96411547270138,45.342004613228255,33.889424940331914,13.940732917613346,10.134548041749584,110.41490110875431,52.02801785062288,489.9331939801522,67.59770987136515
1092,130.43715461257344,58.33025605804173,25.872558718356867,29.568096536705937,28.365959636590432,673.5315502322443,74.09272701192624,45.42084696762647,33.94835312567107,13.964973579547832,10.152170368666734,110.60689462201685,52.11848609209138,490.78510793589203,67.71525126909664
1093,138.1831999367281,61.79421391987311,27.409007539856432,31.324005860261718,30.0504797387101,713.5294015411245,78.49274342848548,48.1181761168075,35.964385158667504,14.794287271793712,10.755059722147406,117.17531465119428,55.21355633258211,519.9305128765568,71.73653958242191
1094,122.95241865621915,54.98315326238711,24.387941309326795,27.8714220273104,26.73826606523728,634.8830085131628,69.84114317741465,42.814511008547754,32.000331029869926,13.163636413072233,9.5696192173549,104.26005729903909,49.12782665917988,462.6229101700654,63.829619314974586
1095,95.0570333308682,42.50860202199527,18.85481697105821,21.547967267211856,20.671901182192162,490.841058362417,53.99561836554108,33.10077544195173,24.740111390653794,10.177076945281748,7.3984686340434935,80.60558588492387,37.98172908881255,357.6632478830443,49.347986131814615
1096,94.21830368884457,42.13353009614699,18.688452701793544,21.35784015889512,20.489503986835366,486.5101537386861,53.51919148711178,32.80871287104761,24.5218186032271,10.087280159036041,7.333188720169523,79.89436766334265,37.64659973619311,354.50742913560043,48.91256733856386
1097,111.1362041532434,49.69905442074554,22.044163537839967,25.192867959183456,24.16861277400859,573.8682363364411,63.12913264572406,38.699866892993164,28.92497245012191,11.898558806661304,8.64994090097926,94.2402527713819,44.40644789970221,418.1630158442381,57.69534004082812
1098,120.93778013819906,54.08222606131815,23.988332367315166,27.41473446490291,26.300145845164877,624.4801243945234,68.69676018173571,42.1129732596305,31.475989173184473,12.947943470673609,9.412816092302318,102.55170272072922,48.32284199132283,455.0425962215198,62.78373822481026
1099,119.53007427386704,53.45271337557471,23.70911014155224,27.095629199110462,25.994014299698122,617.2112268484926,67.89713551475461,41.622781697041084,31.10961123492473,12.797230468219965,9.303251683249405,101.35800929298284,47.760368064857154,449.7459376381565,62.05294064953844
1100,121.36137773431501,54.271654881046736,24.072354084217963,27.510757524067884,26.392264937683198,626.6674332670149,68.93737798074511,42.26047848271042,31.586237214234146,12.993295036764495,9.445785494128815,102.91090110109023,48.49209794824236,456.63643190851127,63.0036450277697
1101,139.44714671297186,62.35943890750042,27.65971476574138,31.610523152119526,30.32534822494947,720.0559777620107,79.21070805848673,48.55830786661077,36.293347497806415,14.929609016496174,10.853435089560676,118.24710457411209,55.71858875738826,524.6862610132478,72.39270594696984
1102,116.35110012780733,52.031106345796076,23.078552111500425,26.375004659901716,25.302687870654704,600.7961234134057,66.09137039912038,40.51579880837647,30.28223243163542,12.456880434583843,9.055826114788914,98.66233213394237,46.49015237891518,437.78467419268003,60.40260540788296
1103,95.0570333308682,42.50860202199527,18.85481697105821,21.547967267211856,20.671901182192162,490.841058362417,53.99561836554108,33.10077544195173,24.740111390653794,10.177076945281748,7.3984686340434935,80.60558588492387,37.98172908881255,357.6632478830443,49.347986131814615
1104,94.21830368884457,42.13353009614699,18.688452701793544,21.35784015889512,20.489503986835366,486.5101537386861,53.51919148711178,32.80871287104761,24.5218186032271,10.087280159036041,7.333188720169523,79.89436766334265,37.64659973619311,354.50742913560043,48.91256733856386
1105,111.1362041532434,49.69905442074554,22.044163537839967,25.192867959183456,24.16861277400859,573.8682363364411,63.12913264572406,38.699866892993164,28.92497245012191,11.898558806661304,8.64994090097926,94.2402527713819,44.40644789970221,418.1630158442381,57.69534004082812
1106,120.75525962707756,54.00060462315366,23.95212893543778,27.37335987260366,26.260453401192915,623.5376527255423,68.59308234205291,42.049415937878685,31.428485294533985,12.928402304484358,9.398610175819508,102.39693066210884,48.249912673379164,454.3558413699796,62.68898437718865
1107,119.7063602798972,53.53154680230602,23.74407694265878,27.135590525006084,26.03235093580768,618.1215057278382,67.99727194413022,41.68416803842681,31.155492484033562,12.816104150522895,9.316972356413014,101.50749467351135,47.83080627535634,450.40923443234124,62.144457911081105
1108,121.3591657987922,54.27066572449994,24.071915340887006,27.51025611230935,26.39178391159868,626.6560116106155,68.93612152636025,42.259708242166745,31.585661522680287,12.993058220642373,9.445613335004838,102.90902544441856,48.491214130045584,456.62810924141894,63.00249672175088
1109,139.3338077100705,62.30875478241171,27.6372336711763,31.584830943568097,30.300700573050744,719.4707350483632,79.14632766145404,48.518840940783264,36.263849211794,14.917474619776536,10.84461370066817,118.15099641238693,55.673302142052684,524.2598097084987,72.33386704418291
1110,116.47222629032467,52.085272814667235,23.102577810016825,26.402462097754228,25.329028983714917,601.4215762780922,66.16017416688162,40.55797738017847,30.313757450332048,12.469848546809004,9.065253593037971,98.76504357941447,46.538550492438105,438.2404255997197,60.465486943090355
1111,98.89442137725503,44.22464549139365,19.615973160413578,22.41784410975247,21.50641183030508,510.6559794054468,56.17538490372007,34.4370313249326,25.738852929181743,10.587918647873588,7.6971398012681815,83.85957878695534,39.51502576428519,372.10187092823236,51.34013090490418
1112,97.84388577107563,43.75485595107023,19.40759661128284,22.179703847409115,21.277953530289285,505.2313833422636,55.57864505519953,34.071213647108785,25.46543425613878,10.475445311359582,7.615374628730021,82.96875529855213,39.0952655698641,368.1491073740085,50.79475498995981
1113,117.43181694924677,52.51439263878547,23.29291518545476,26.619986539490213,25.537709631337766,606.3765646478697,66.70525420136941,40.89212619383455,30.56350624807256,12.57258505803413,9.139940348376157,99.57874841073283,46.92197201493053,441.8509981126835,60.96364962363479
1114,131.17876929712872,58.66189909774925,26.019659975889994,29.73620917800895,28.527237397290452,677.3609874017926,74.51398930129463,45.67909215241435,34.14137019407651,14.044372961624058,10.209891641780004,111.23576219819472,52.414811435414684,493.5755202542793,68.10025372379347
1115,130.31587079590437,58.27601908773204,25.848501748717528,29.5406033610823,28.339584238733703,672.9052832970154,74.0238336912607,45.37861349747038,33.916787074963054,13.9519885884198,10.142730619896964,110.50404949043211,52.070024985046864,490.32876333659743,67.6522878891838
1116,130.46622030527502,58.34325395961988,25.878323976295405,29.574685282146287,28.372280506348986,673.6816352377169,74.10923731101354,45.430968227815924,33.95591793649975,13.968085435459242,10.154432606485907,110.63154147987962,52.13009980679808,490.89447101707964,67.73034045660953
1117,138.14978203395899,61.77926975130982,27.402379009402768,31.316430535745734,30.04321240078093,713.3568432549179,78.4737609264941,48.10653932932801,35.95568761564538,14.79070945586664,10.752458743589697,117.14697724640304,55.200203614900765,519.8047740940278,71.71919098501023
1118,122.81231188931271,54.92049884759717,24.36015075713028,27.83966197840685,26.707797270462617,634.1595464889198,69.76155778271821,42.76572300763124,31.96386600567983,13.148636183237599,9.5587144427785,104.14125085582067,49.07184450743708,462.09574201063293,63.756884173260175
1119,98.86881452109454,44.21319434864893,19.610893971960163,22.41203942935137,21.50084314820353,510.52375461430057,56.160839341079075,34.428114501360035,25.732188335815255,10.585177104861563,7.695146771236828,83.83786492138263,39.50479408926417,372.00552212560825,51.32683734062589
1120,97.84388577107563,43.75485595107023,19.40759661128284,22.179703847409115,21.277953530289285,505.2313833422636,55.57864505519953,34.071213647108785,25.46543425613878,10.475445311359582,7.615374628730021,82.96875529855213,39.0952655698641,368.1491073740085,50.79475498995981
1121,117.44140518811135,52.518680408093054,23.29481703829543,26.62216004575234,25.539794770326164,606.4260749381366,66.71070064618665,40.8954650119148,30.56600174040214,12.573611602217923,9.140686619136032,99.58687895703963,46.92580316637964,441.8870749870989,60.96862726981138
1122,131.19124786210844,58.667479393430064,26.022135132651247,29.739037876741722,28.529951090881728,677.4254223186722,74.52107754935776,45.683437440319494,34.14461793994838,14.045708952360513,10.210862872086329,111.24634365656709,52.41979746809283,493.62247232003574,68.10673185623655
1123,130.27714042596165,58.25869923433067,25.840819476181736,29.531823781975636,28.33116160705511,672.7052933004069,74.00183352776618,45.36512680181688,33.90670687749624,13.947842004614111,10.139716161974542,110.47120726875339,52.054549576577564,490.18303577262844,67.6321813732129
1124,130.51209288603116,58.363767741827836,25.887422925461397,29.585083890581245,28.38225634320329,673.9185050967814,74.13529449244619,45.44694198526812,33.96785700842233,13.972996684713245,10.158002956180134,110.6704400875716,52.14842901268461,491.0670719877507,67.75415478575134
1125,138.23304731306737,61.816505192895185,27.418894900364446,31.335305493714156,30.06131996801002,713.7867958453817,78.52105842859673,48.13553397821722,35.977358734635025,14.799624073992865,10.758939437697245,117.21758376936323,55.233473738770414,520.1180694822621,71.76241739019797
1126,122.81231188931271,54.92049884759717,24.36015075713028,27.83966197840685,26.707797270462617,634.1595464889198,69.76155778271821,42.76572300763124,31.96386600567983,13.148636183237599,9.5587144427785,104.14125085582067,49.07184450743708,462.09574201063293,63.756884173260175
1127,98.89442137725503,44.22464549139365,19.615973160413578,22.41784410975247,21.50641183030508,510.6559794054468,56.17538490372007,34.4370313249326,25.738852929181743,10.587918647873588,7.6971398012681815,83.85957878695534,39.51502576428519,372.10187092823236,51.34013090490418
1128,97.84388577107563,43.75485595107023,19.40759661128284,22.179703847409115,21.277953530289285,505.2313833422636,55.57864505519953,34.071213647108785,25.46543425613878,10.475445311359582,7.615374628730021,82.96875529855213,39.0952655698641,368.1491073740085,50.79475498995981
1129,117.44140518811135,52.518680408093054,23.29481703829543,26.62216004575234,25.539794770326164,606.4260749381366,66.71070064618665,40.8954650119148,30.56600174040214,12.573611602217923,9.140686619136032,99.58687895703963,46.92580316637964,441.8870749870989,60.96862726981138
1130,131.0955040180203,58.62466365616388,26.00314408492832,29.717334220040527,28.509129830061358,676.9310348113289,74.46669179919199,45.65009750352514,34.119699075086864,14.035458343497831,10.203410947672456,111.16515567523452,52.38154131154502,493.26222486604496,68.05702731860575
1131,130.4897585478688,58.35378003803465,25.882992849711453,29.580021039671696,28.377399330362852,673.8031784365932,74.1226078310009,45.43916471843943,33.962044140140925,13.970605506806303,10.156264632412116,110.65150122161033,52.13950493046011,490.9830364182977,67.74256011914667
1132,130.49151663053055,58.35456623589473,25.88334157011273,29.580419569967898,28.37778165779072,673.8122565565824,74.12360648157029,45.439776918266794,33.96250170923772,13.970793732147428,10.15640146730979,110.65299202432129,52.14020740367051,490.9896514107167,67.7434728116195
1133,138.14978203395899,61.77926975130982,27.402379009402768,31.316430535745734,30.04321240078093,713.3568432549179,78.4737609264941,48.10653932932801,35.95568761564538,14.79070945586664,10.752458743589697,117.14697724640304,55.200203614900765,519.8047740940278,71.71919098501023
1134,122.80524611687589,54.91733910130623,24.35874924225666,27.838060276482736,26.70626068821855,634.123061327333,69.75754418437008,42.76326256321635,31.96202702553262,13.147879701499766,9.558164500350072,104.13525928731656,49.06902125233333,462.06915621229695,63.753216042370696
1135,99.01974209568819,44.28068772581141,19.64083086032216,22.446252388909485,21.533665126739383,511.30309148032467,56.24657132148108,34.480670525670554,25.771469648060407,10.601335841211538,7.706893749735059,83.96584709324326,39.5650998872612,372.57340484435855,51.40519000530491
1136,97.84388577107563,43.75485595107023,19.40759661128284,22.179703847409115,21.277953530289285,505.2313833422636,55.57864505519953,34.071213647108785,25.46543425613878,10.475445311359582,7.615374628730021,82.96875529855213,39.0952655698641,368.1491073740085,50.79475498995981
1137,117.46701682167036,52.53013368724499,23.299897174358634,26.6279658091162,25.545364491360942,606.558324398087,66.72524892255205,40.90438349907385,30.572667577162907,12.576353656711854,9.142680021001347,99.60859687370665,46.936036750295244,441.98344176524597,60.981923314232255
1138,131.0947730760441,58.624336785857935,26.002999100631047,29.717168526738035,28.508970873277494,676.9272604842682,74.46627659936287,45.64984297479257,34.1195088357613,14.035380086766333,10.203354057076412,111.16453585780306,52.38124925067223,493.25947461104465,68.05664785678961
1139,130.1457046374006,58.19992239866044,25.814748835746965,29.50202931048403,28.302578476089092,672.0266051560016,73.92717354280732,45.319358210375036,33.87249861393304,13.93377011443747,10.12948626603749,110.3597535617317,52.00203206852192,489.6884931872189,67.56394769029795
1140,130.15546486261255,58.20428707862825,25.81668480253994,29.504241803405566,28.304701016673693,672.0770035232239,73.93271768170202,45.322756917568825,33.87503886845687,13.934815071969851,10.130245922819965,110.36802994743414,52.00593194017639,489.72521718045783,67.56901462160775
1141,138.3909833313154,61.88713267946184,27.45022193228263,31.371107159643245,30.095666061591206,714.6023218473406,78.61077144265441,48.19053048390478,36.018464106295966,14.81653315429781,10.77123189661637,117.35150889659609,55.296579885136055,520.712322293074,71.84440842405537
1142,122.80524611687589,54.91733910130623,24.35874924225666,27.838060276482736,26.70626068821855,634.123061327333,69.75754418437008,42.76326256321635,31.96202702553262,13.147879701499766,9.558164500350072,104.13525928731656,49.06902125233333,462.06915621229695,63.753216042370696
1143,99.02933272325203,44.28497656332261,19.642733186967728,22.448426436652994,21.53575078519439,511.3526141049936,56.25201912316053,34.48401017554404,25.77396576208713,10.602362641136283,7.707640206411914,83.9739796650972,39.56893199315759,372.6094907065355,51.41016889155279
1144,97.84388577107563,43.75485595107023,19.40759661128284,22.179703847409115,21.277953530289285,505.2313833422636,55.57864505519953,34.071213647108785,25.46543425613878,10.475445311359582,7.615374628730021,82.96875529855213,39.0952655698641,368.1491073740085,50.79475498995981
1145,117.46701682167036,52.53013368724499,23.299897174358634,26.6279658091162,25.545364491360942,606.558324398087,66.72524892255205,40.90438349907385,30.572667577162907,12.576353656711854,9.142680021001347,99.60859687370665,46.936036750295244,441.98344176524597,60.981923314232255
1146,130.73641563435493,58.46408274324162,25.931917942967022,29.635934407042726,28.431039452919393,675.0768288035475,74.26271742039556,45.52505568878484,34.02624058706474,13.997013317573243,10.175462419822336,110.86065922152056,52.23806115832116,491.91111266447007,67.87060988102871
1147,130.05907129232335,58.16118078997899,25.797564879886096,29.482390863768813,28.283738460934334,671.5792610584934,73.8779628650215,45.289190733012184,33.84995090197261,13.92449490156806,10.122743428987386,110.28629101727358,51.96741617396387,489.3625250553557,67.5189727845848
1148,130.47391191692023,58.34669357525774,25.879849628051005,29.57642885219214,28.373953188845903,673.7213520126694,74.11360640725461,45.43364660206066,33.95791980129827,13.968908921326658,10.155031259163232,110.63806374174005,52.13317312709356,490.9234116089126,67.73433348617819
1149,138.51316052151094,61.94176915792327,27.474456104951972,31.398802849303262,30.122235739961553,715.233201848977,78.68017222977777,48.233075044734015,36.05026267173525,14.829613792542121,10.780741178336863,117.4551115828193,55.34539795546956,521.1720283151467,71.9078355906324
1150,122.75024870491332,54.892744781291846,24.34784035839925,27.825593209173515,26.694300488898957,633.8390740520207,69.72630378938437,42.74411135557319,31.947713070526092,13.141991521806778,9.553883947790196,104.08862308946713,49.047046057773265,461.86222199292956,63.72466464088347
1151,94.81344333424308,42.39967089022899,18.806500243285303,21.492749161933645,20.618928054767935,489.5832453678351,53.8572509871941,33.015952494131255,24.67671320286081,10.150997505897962,7.379509564036283,80.39902868756919,37.884398371280504,356.7467119225593,49.22152862147485
1152,94.21830368884457,42.13353009614699,18.688452701793544,21.35784015889512,20.489503986835366,486.5101537386861,53.51919148711178,32.80871287104761,24.5218186032271,10.087280159036041,7.333188720169523,79.89436766334265,37.64659973619311,354.50742913560043,48.91256733856386
1153,111.20094029212447,49.72800380689521,22.057004124246316,25.20754264608179,24.182690838713267,574.2025109693564,63.165904967844774,38.722409321690925,28.94182106437799,11.905489642218102,8.654979437068784,94.29514712500931,44.432314375891075,418.40659316699157,57.72894721298351
1154,121.0774951584254,54.144705290715365,24.016045215509223,27.446405710860024,26.330529447414857,625.2015635768122,68.77612305103352,42.16162484645505,31.51235223904322,12.962901758992013,9.42369037649391,102.67017697421313,48.37866761370896,455.56829038807626,62.85626999483235
1155,120.27470827429795,53.78570662465063,23.856810288470168,27.26442627287868,26.15594866619817,621.0562547023701,68.32011287792693,41.88207826848902,31.30341412851816,12.876953106860293,9.361207955426075,101.989437160773,48.05789982956353,452.54771048700223,62.43951055435168
1156,121.94154023529875,54.531098038467405,24.187430869030347,27.64227143884941,26.51843194994629,629.663188194626,69.26692995491705,42.462502762156,31.73723377278503,13.055408887853526,9.49094063852761,103.40286194461333,48.72391219877921,458.81936143124875,63.30483106366344
1157,139.07068770822445,62.19109001789536,27.58504311459788,31.525185686521286,30.243480286590856,718.112075981728,78.9968665778689,48.427217251402205,36.19536802816478,14.889304242364178,10.82413457342809,117.92787834143876,55.56816786342253,523.2697898104899,72.19727071093835
1158,116.6194227166606,52.15109765778425,23.131774615135885,26.435829263395693,25.36103955539978,602.1816468079436,66.24378672854806,40.609234143442315,30.352067671640782,12.485607815790997,9.076710169212603,98.88986184660861,46.59736544375763,438.79426943510265,60.54190261640718
1159,94.77243653389728,42.38133303878324,18.798366434686443,21.483453551071175,20.610010371406243,489.3715006859689,53.833957734035685,33.0016730995165,24.666040528017295,10.146607200964434,7.376317927231409,80.36425611944543,37.86801337453743,356.5924190219391,49.20024031756018
1160,94.21830368884457,42.13353009614699,18.688452701793544,21.35784015889512,20.489503986835366,486.5101537386861,53.51919148711178,32.80871287104761,24.5218186032271,10.087280159036041,7.333188720169523,79.89436766334265,37.64659973619311,354.50742913560043,48.91256733856386
1161,111.27932545862693,49.76305690849667,22.0725520318115,25.225311357589447,24.199737135650054,574.6072643762091,63.210430400500066,38.74970461698324,28.962222056105716,11.913881781578135,8.661080302785097,94.3616154551183,44.46363456393349,418.7015265586064,57.76964015251633
1162,121.11080795842673,54.159602458319625,24.02265289854759,27.45395721019526,26.337773928813007,625.3735791493239,68.7950458510887,42.17322503503181,31.521022427391078,12.96646832231717,9.426283174704475,102.69842525492926,48.39197833570926,455.693633709102,62.873564029107065
1163,120.20891871903937,53.7562861607071,23.84376075410599,27.24951279269146,26.141641516716746,620.7165405981027,68.28274217958192,41.85916901897078,31.28629134582229,12.869909489543394,9.356087429948134,101.93364954084733,48.0316124421168,452.30016956145437,62.40535651075536
1164,121.7812011855864,54.45939593906481,24.155627189389758,27.60592504265134,26.48356327295147,628.8352537840948,69.17585193749959,42.40666947246527,31.695502973798835,13.038242532150251,9.478461147126064,103.26689911693587,48.65984587843305,458.21606693242944,63.22159251808364
1165,139.43354068193733,62.353354419713675,27.65701597307061,31.607438874175063,30.32238934311641,719.9857210073122,79.20297937147151,48.5535699722946,36.28980631088333,14.928152316030085,10.852376106439536,118.23556705747944,55.71315222558604,524.6350667240922,72.3856425008757
1166,116.88142719594812,52.26826357121275,23.183743904829257,26.49522164863772,25.41801725095095,603.5345457087703,66.392614157492,40.70046938537856,30.4202585227045,12.513658762178485,9.09710247322277,99.11203398703232,46.7020539955002,439.78009204851946,60.67791983635714
1167,99.00697210939772,44.27497710928966,19.63829789936396,22.443357629448272,21.530888058221205,511.2371517663819,56.23931753623119,34.47622375898968,25.768146055137166,10.599968650078864,7.705899837557111,83.95501851811717,39.55999741201284,372.5253562717067,51.398560584163896
1168,97.84388577107563,43.75485595107023,19.40759661128284,22.179703847409115,21.277953530289285,505.2313833422636,55.57864505519953,34.071213647108785,25.46543425613878,10.475445311359582,7.615374628730021,82.96875529855213,39.0952655698641,368.1491073740085,50.79475498995981
1169,117.48116747613814,52.53646172545578,23.302703994545016,26.631173544815464,25.548441811581984,606.6313933964778,66.73328697414583,40.909311042249584,30.576350511034462,12.577868666115139,9.143781393194045,99.62059621509216,46.94169089608112,442.0366852640095,60.98926949658156
1170,131.10492982533464,58.6288787876257,26.005013719036267,29.71947090556877,28.51117964532001,676.979706362249,74.47204597738056,45.65337975966482,34.12215229201076,14.036467497296847,10.204144576077654,111.17314848433432,52.38530756057795,493.2976905726825,68.06192063993431
1171,130.086359792769,58.173383948068114,25.802977626984216,29.488576747061927,28.289672847532103,671.7201692687596,73.8934636586419,45.29869313902832,33.85705317012735,13.927416486210722,10.124867344573035,110.30943086804808,51.97831977988179,489.4652012420329,67.5331393590545
1172,130.42410753716777,58.324421529900725,25.86997079603107,29.565138965404554,28.363122309945037,673.4641797276511,74.08531583066271,45.41630371292933,33.94495741587931,13.963576722464651,10.151154890119045,110.59583108342002,52.113272900956595,490.73601678291317,67.70847799968544
1173,138.14978203395899,61.77926975130982,27.402379009402768,31.316430535745734,30.04321240078093,713.3568432549179,78.4737609264941,48.10653932932801,35.95568761564538,14.79070945586664,10.752458743589697,117.14697724640304,55.200203614900765,519.8047740940278,71.71919098501023
1174,122.95241865621915,54.98315326238711,24.387941309326795,27.8714220273104,26.73826606523728,634.8830085131628,69.84114317741465,42.814511008547754,32.000331029869926,13.163636413072233,9.5696192173549,104.26005729903909,49.12782665917988,462.6229101700654,63.829619314974586
1175,99.01163246167096,44.27706117454105,19.639222292710286,22.444414059622016,21.531901537585025,511.26121618499434,56.24196477435737,34.47784658760816,25.769358986261977,10.600467600677414,7.706262561586137,83.95897036062951,39.56185953868877,372.5428913942738,51.400979963259694
1176,97.84388577107563,43.75485595107023,19.40759661128284,22.179703847409115,21.277953530289285,505.2313833422636,55.57864505519953,34.071213647108785,25.46543425613878,10.475445311359582,7.615374628730021,82.96875529855213,39.0952655698641,368.1491073740085,50.79475498995981
1177,117.49868141917626,52.54429379435543,23.306177932020805,26.635143686298758,25.552250540795473,606.7218292331089,66.74323548769843,40.915409750312456,30.580908794482514,12.579743758779706,9.14514453649534,99.63544752688125,46.94868890366079,442.1025835308789,60.99836169931368
1178,131.12377188516615,58.63730477773487,26.008751092032583,29.72374211069972,28.51527719797085,677.0770001264804,74.48274890630894,45.65994094477119,34.12705623906998,14.038484781931068,10.205611089220127,111.18912600034527,52.39283624085461,493.3685860349119,68.07170232230624
1179,130.21475237846172,58.23079989233381,25.828444639985253,29.517681371274524,28.31759417803195,672.383143384814,73.96639500117496,45.34340202587769,33.89046939153114,13.941162562413735,10.134860382276885,110.41830402798587,52.0296213220814,489.94829341936935,67.59979319114012
1180,130.38199476906058,58.30558910018158,25.86161761576673,29.555592648662824,28.353964113541085,673.2467242175852,74.06139435031186,45.40163919804274,33.93399689525886,13.959068009470064,10.147877173752182,110.56012068696043,52.096445995115126,490.5775625487468,67.68661554276137
1181,138.44013798486674,61.909114173435796,27.45997188937166,31.382249763495278,30.106355645573085,714.8561391749718,78.63869295273153,48.20764712527383,36.03125739009219,14.821795791620707,10.775057696241857,117.39319060608818,55.31622050160831,520.897272447962,71.86992661115598
1182,122.84057975645852,54.933139969168145,24.365757764234544,27.846069869066042,26.713944638372112,634.3055118040712,69.77761488983516,42.77556644887729,31.971223169662938,13.151662621670836,9.56091458432617,104.16522118093144,49.083139436746656,462.20210317949994,63.77155917696066
1183,98.9136026323827,44.23322316641603,19.61977781370471,22.422192205239487,21.5105831472151,510.7550246547848,56.18628050707897,34.443710624679575,25.74384515723518,10.58997224772308,7.698632714621891,83.87584393066325,39.52268997607799,372.1740426525862,51.350088677399945
1184,97.84388577107563,43.75485595107023,19.40759661128284,22.179703847409115,21.277953530289285,505.2313833422636,55.57864505519953,34.071213647108785,25.46543425613878,10.475445311359582,7.615374628730021,82.96875529855213,39.0952655698641,368.1491073740085,50.79475498995981
1185,117.44140518811135,52.518680408093054,23.29481703829543,26.62216004575234,25.539794770326164,606.4260749381366,66.71070064618665,40.8954650119148,30.56600174040214,12.573611602217923,9.140686619136032,99.58687895703963,46.92580316637964,441.8870749870989,60.96862726981138
1186,131.17876929712872,58.66189909774925,26.019659975889994,29.73620917800895,28.527237397290452,677.3609874017926,74.51398930129463,45.67909215241435,34.14137019407651,14.044372961624058,10.209891641780004,111.23576219819472,52.414811435414684,493.5755202542793,68.10025372379347
1187,130.18933184084418,58.219432069471004,25.823402408313495,29.51191892642112,28.312066014326287,672.2518806770364,73.9519552737845,45.33455008217813,33.88385329054176,13.938440967196016,10.132881853770012,110.39674815509174,52.01946409394952,489.8526456621375,67.5865963524228
1188,130.51808374379706,58.36644679649237,25.888611228133147,29.586441925884035,28.38355916547108,673.9494397773965,74.13869750281033,45.44902812272334,33.96941622485545,13.9736380830224,10.158469235967319,110.67552015985298,52.150822766504824,491.08961329343924,67.75726488455823
1189,138.46940432830687,61.92220180411753,27.46577694692122,31.388883993371607,30.112720150527206,715.0072602702257,78.65531722824251,48.217838256095746,36.03887442348083,14.824929129772135,10.77733555108739,117.4180076099125,55.32791438988793,521.0073905011103,71.88511996465762
1190,122.84057975645852,54.933139969168145,24.365757764234544,27.846069869066042,26.713944638372112,634.3055118040712,69.77761488983516,42.77556644887729,31.971223169662938,13.151662621670836,9.56091458432617,104.16522118093144,49.083139436746656,462.20210317949994,63.77155917696066
1191,98.86881452109454,44.21319434864893,19.610893971960163,22.41203942935137,21.50084314820353,510.52375461430057,56.160839341079075,34.428114501360035,25.732188335815255,10.585177104861563,7.695146771236828,83.83786492138263,39.50479408926417,372.00552212560825,51.32683734062589
1192,97.84388577107563,43.75485595107023,19.40759661128284,22.179703847409115,21.277953530289285,505.2313833422636,55.57864505519953,34.071213647108785,25.46543425613878,10.475445311359582,7.615374628730021,82.96875529855213,39.0952655698641,368.1491073740085,50.79475498995981
1193,117.43181694924677,52.51439263878547,23.29291518545476,26.619986539490213,25.537709631337766,606.3765646478697,66.70525420136941,40.89212619383455,30.56350624807256,12.57258505803413,9.139940348376157,99.57874841073283,46.92197201493053,441.8509981126835,60.96364962363479
1194,131.11239689924858,58.632217992123834,26.00649483313191,29.721163576364834,28.51280349795522,677.0182637033985,74.47628752857607,45.655979945344654,34.12409571727789,14.037266943514721,10.204725752558813,111.17948034476159,52.38829116282755,493.3257863149402,68.06579710280128
1195,130.0442470246618,58.154551518348974,25.794624446719876,29.479030430320194,28.280514651128154,671.5027137586936,73.86954217829107,45.28402862414172,33.84609264950691,13.922907773216133,10.121589628206175,110.27372047158849,51.96149287404032,489.30674700786653,67.51127690213042
1196,130.63388310694518,58.41823117130375,25.911580341738063,29.612691860257588,28.408741867982176,674.547386925268,74.2044754678953,45.48935179559186,33.99955485892453,13.986035892923233,10.167482119349778,110.77371463515463,52.197092462556036,491.5253219924703,67.81738106077863
1197,138.335756604223,61.8624358119005,27.439267563155486,31.35858811012147,30.083655993476672,714.317150469421,78.57940078889881,48.171299424110224,36.00409046836376,14.810620423473368,10.766933496026361,117.30467824621913,55.2745130636355,520.5045252486085,71.81573797572385
1198,122.81231188931271,54.92049884759717,24.36015075713028,27.83966197840685,26.707797270462617,634.1595464889198,69.76155778271821,42.76572300763124,31.96386600567983,13.148636183237599,9.5587144427785,104.14125085582067,49.07184450743708,462.09574201063293,63.756884173260175
1199,99.03914311114859,44.289363675566314,19.644679103663453,22.45065030068353,21.537884234577888,511.40327149466134,56.25759175616114,34.48742635039596,25.776519072250952,10.603412969228671,7.708403767450979,83.98229858729003,39.57285190820529,372.64640344276467,51.415261864359785
1200,97.84388577107563,43.75485595107023,19.40759661128284,22.179703847409115,21.277953530289285,505.2313833422636,55.57864505519953,34.071213647108785,25.46543425613878,10.475445311359582,7.615374628730021,82.96875529855213,39.0952655698641,368.1491073740085,50.79475498995981
1201,117.44140518811135,52.518680408093054,23.29481703829543,26.62216004575234,25.539794770326164,606.4260749381366,66.71070064618665,40.8954650119148,30.56600174040214,12.573611602217923,9.140686619136032,99.58687895703963,46.92580316637964,441.8870749870989,60.96862726981138
1202,131.2947406466242,58.71376038322086,26.042663203447205,29.76249809904191,28.552457501397754,677.9598226266196,74.57986496045704,45.71947571439643,34.17155359033984,14.056789184873475,10.218917911185063,111.334102512892,52.46114985167125,494.0118760721339,68.16045918514709
1203,130.5266878385629,58.37029446591088,25.890317873357887,29.588392341817315,28.385430284214532,673.9938682939738,74.14358492040668,45.452024241987175,33.971655577962366,13.974559261933718,10.159138908931212,110.68281618072918,52.15426068566767,491.1219872101419,67.76173162136143
1204,131.00889455993573,58.58593272951858,25.98596486711638,29.697701188139124,28.490295009572737,676.4838140578423,74.41749469002802,45.61993834409474,34.09715758009787,14.026185688037947,10.196669969792156,111.09171338624803,52.34693496145994,492.9363466117962,68.01206481360556
1205,138.43846589537864,61.90836643090582,27.459640225946526,31.381870726528785,30.105992018943322,714.8475050934603,78.63774314920086,48.20706487000323,36.030822202092516,14.821616772953874,10.774927554355477,117.39177272307502,55.3155523885006,520.8909810149547,71.86905856124976
1206,122.81231188931271,54.92049884759717,24.36015075713028,27.83966197840685,26.707797270462617,634.1595464889198,69.76155778271821,42.76572300763124,31.96386600567983,13.148636183237599,9.5587144427785,104.14125085582067,49.07184450743708,462.09574201063293,63.756884173260175
1207,94.72491336194645,42.36008112787783,18.788940086339363,21.47268077900216,20.599675583121698,489.1261077550125,53.80696296083206,32.985124572932904,24.653671863369325,10.141519234712176,7.37261910890363,80.32395785866474,37.849024645568846,356.4136075081138,49.17556909915379
1208,93.71571180791265,41.90877578289532,18.58876225707783,21.243910310470422,20.380206133393703,483.91494618679127,53.23370225558949,32.63370024539824,24.391011037678386,10.033471239642203,7.294071043796677,79.46818443834643,37.44578020717049,352.61636817782716,48.651651377891476
1209,110.45598620599156,49.39486741853498,21.909240487472715,25.038673013808562,24.020686863686947,570.3558303055896,62.74274578513945,38.46300128994833,28.747934863367487,11.825732734290126,8.596998252016725,93.6634478338995,44.13465471524694,415.6036159581129,57.3422111386168
1210,120.60465691558447,53.93325652168272,23.922256484541236,27.33922055451332,26.227702070116553,622.759993338212,68.50753489490829,41.996973037449315,31.389288533100196,12.91227834890394,9.38688848203063,102.2692239646622,48.1897366802145,453.78918098678497,62.6108003622057
1211,119.18213633838793,53.29711883712374,23.640095720831667,27.016757021197776,25.918348792710074,615.4145978299902,67.69949496864552,41.50162269316241,31.01905482916332,12.759979241062181,9.27617101586443,101.06296809341939,47.62134327161447,448.43678030697805,61.872311864764676
1212,120.8951585771476,54.06316610422917,23.979878266608598,27.405072812627093,26.290877002372156,624.2600416567975,68.6725496897391,42.098131572783,31.464896231072697,12.943380284856113,9.409498775618601,102.51556088272419,48.305811788207144,454.88222759416686,62.76161163270043
1213,137.80991312460955,61.62728360466776,27.33496510161089,31.239387481937044,29.96930165201481,711.601879846909,78.28070386085155,47.988190123026584,35.867231302830966,14.754322121646785,10.726006103764972,116.85877834515158,55.06440294462644,518.5259774209898,71.54275116106967
1214,122.06467529390103,54.58616286657814,24.211855037461792,27.67018426254309,26.54520993442883,630.2990142915281,69.33687484377725,42.50538087207596,31.76928163877841,13.068592078219835,9.500524472957295,103.50727687524834,48.7731130024787,459.2826715456584,63.36875549882961
1215,94.50301992077895,42.26085248953974,18.744926928409964,21.422380949104838,20.55142077095198,487.9803281352422,53.680919961726524,32.90785680314503,24.595920550720724,10.117762690400985,7.355348722830635,80.13579870617917,37.760363172833074,355.5787073847776,49.06037515638303
1216,93.71571180791265,41.90877578289532,18.58876225707783,21.243910310470422,20.380206133393703,483.91494618679127,53.23370225558949,32.63370024539824,24.391011037678386,10.033471239642203,7.294071043796677,79.46818443834643,37.44578020717049,352.61636817782716,48.651651377891476
1217,111.58293391307747,49.89882772427449,22.132773581326997,25.294134724039115,24.26576238121641,576.174991559442,63.38289029814911,38.85542720184515,29.04124100629855,11.94638696813731,8.684710722845274,94.61906655045618,44.584946724243345,419.84388901300326,57.92725569420463
1218,120.9081029384847,54.06895469961476,23.982445815324002,27.408007100229103,26.293691991953153,624.326881782098,68.67990252592863,42.102639060370656,31.46826520788734,12.944766145078331,9.410506259736131,102.52653732279309,48.310983938108166,454.93093227340387,62.76833157904594
1219,119.3584318992152,53.3759565366695,23.675064417157774,27.05672051301892,25.956687506686084,616.3249260469444,67.79963682546988,41.56301236172112,31.064938565060718,12.77885394632892,9.289892432695959,101.21246157613655,47.69178529990284,449.1001130522086,61.96383408659252
1220,120.92726269531897,54.077522760804634,23.9862462043711,27.4123503223837,26.297858633663655,624.4258160218166,68.69078591752783,42.10931087397845,31.473251840666506,12.946817443259249,9.411997499837014,102.54278423657655,48.318639559875294,455.00302310790465,62.77827819090007
1221,137.92919998869,61.680627556755944,27.35862597035965,31.266427979126416,29.995242775782277,712.2178352219329,78.34846284472904,48.02972821403093,35.89827761472795,14.767093313338433,10.735290425939013,116.9599301193092,55.112066133730885,518.9748082517215,71.60467784138022
1222,122.85989000134673,54.9417753271857,24.3695880029899,27.85044720454762,26.71814400647929,634.4052231111258,69.78858376375213,42.782290665459435,31.97624896936207,13.153730031531767,9.56241753719683,104.18159570418608,49.09085518869349,462.2747602429713,63.78158391330633
1223,98.76065899560626,44.16482822540314,19.589441034012985,22.38752223539606,21.477322738857072,509.96527755333847,56.099403334991415,34.390452566871375,25.704039132601846,10.573597666009098,7.686728822192086,83.74615219699821,39.46157862456252,371.59857426318143,51.27068939254826
1224,97.84388577107563,43.75485595107023,19.40759661128284,22.179703847409115,21.277953530289285,505.2313833422636,55.57864505519953,34.071213647108785,25.46543425613878,10.475445311359582,7.615374628730021,82.96875529855213,39.0952655698641,368.1491073740085,50.79475498995981
1225,117.46701682167036,52.53013368724499,23.299897174358634,26.6279658091162,25.545364491360942,606.558324398087,66.72524892255205,40.90438349907385,30.572667577162907,12.576353656711854,9.142680021001347,99.60859687370665,46.936036750295244,441.98344176524597,60.981923314232255
1226,131.24112868023747,58.68978562130274,26.032029126427762,29.750345090933493,28.540798592714243,677.6829893045596,74.54941154553961,45.700806946834625,34.157600219675906,14.051049334933003,10.214745190473897,111.28864113239631,52.439728236543296,493.8101547544011,68.13262702501072
1227,130.58053389747798,58.3943739117832,25.900998383256848,29.600598415101043,28.397140100626206,674.2719103874455,74.17417130781841,45.47077452528686,33.98566987494626,13.980324174487547,10.163329849506471,110.7284760648467,52.17577583663072,491.32458932849573,67.78968530848466
1228,130.77197381166883,58.479984022243265,25.93897100260485,29.64399489887582,28.438772232934664,675.2604387140887,74.2829156709062,45.53743776301068,34.03549517072645,14.000820277393858,10.178229979994605,110.8908115165686,52.252269060780385,492.04490448124835,67.88906958232037
1229,138.2960468675801,61.844677995017285,27.431391030613543,31.34958652364872,30.075020380486354,714.112103367927,78.55684431190774,48.157471693226796,35.99375537506857,14.806368985877109,10.763842812141917,117.27100555020415,55.25864633177454,520.3551127024494,71.79512303052216
1230,122.7873022079694,54.909314755756014,24.355190019900125,27.83399266835092,26.702358455014558,634.0304052983134,69.74735143562387,42.7570141323696,31.957356836598937,13.145958575463728,9.55676789199228,104.12004337703837,49.06185144424024,462.0016401483685,63.74390062680555
1231,98.73505213944578,44.15337708265843,19.58436184555957,22.38171755499496,21.471754056755525,509.83305276219227,56.084857772350404,34.381535743298805,25.69737453923536,10.570856122997075,7.684735792160733,83.72443833142552,39.451346949541495,371.5022254605572,51.25739582826998
1232,97.84388577107563,43.75485595107023,19.40759661128284,22.179703847409115,21.277953530289285,505.2313833422636,55.57864505519953,34.071213647108785,25.46543425613878,10.475445311359582,7.615374628730021,82.96875529855213,39.0952655698641,368.1491073740085,50.79475498995981
1233,117.43181694924677,52.51439263878547,23.29291518545476,26.619986539490213,25.537709631337766,606.3765646478697,66.70525420136941,40.89212619383455,30.56350624807256,12.57258505803413,9.139940348376157,99.57874841073283,46.92197201493053,441.8509981126835,60.96364962363479
1234,131.1901299508507,58.6669794741386,26.021913391961306,29.73878446345556,28.5297079805064,677.4196498184616,74.52044253785441,45.68304816108144,34.14432698568575,14.04558926559469,10.210775862939439,111.24539570049545,52.41935078675797,493.6182660476823,68.10615150287067
1235,130.53466131672187,58.37386012957523,25.891899434090863,29.59019980666609,28.387164263771897,674.035040528381,74.14811412638576,45.454800767834676,33.97373080302368,13.975412925233544,10.159759499812244,110.6895774571547,52.15744663074418,491.1519883578247,67.76587097934286
1236,130.7293594167152,58.460927269765136,25.93051832331297,29.634334871044143,28.42950494854178,675.0403929795693,74.25870924949616,45.522598571542915,34.0244040937061,13.99625785879922,10.174913221061828,110.8546757552051,52.235241721006595,491.88456281717987,67.86694671042441
1237,138.2677790004343,61.8320368734463,27.42578402350928,31.34317863298952,30.06887301257686,713.9661380527756,78.54078720479079,48.14762825198074,35.98639821108546,14.803342547443874,10.761642670594247,117.24703522509337,55.247351402464965,520.2487515335824,71.78044802682167
1238,122.7873022079694,54.909314755756014,24.355190019900125,27.83399266835092,26.702358455014558,634.0304052983134,69.74735143562387,42.7570141323696,31.957356836598937,13.145958575463728,9.55676789199228,104.12004337703837,49.06185144424024,462.0016401483685,63.74390062680555
1239,98.73505213944578,44.15337708265843,19.58436184555957,22.38171755499496,21.471754056755525,509.83305276219227,56.084857772350404,34.381535743298805,25.69737453923536,10.570856122997075,7.684735792160733,83.72443833142552,39.451346949541495,371.5022254605572,51.25739582826998
1240,97.84388577107563,43.75485595107023,19.40759661128284,22.179703847409115,21.277953530289285,505.2313833422636,55.57864505519953,34.071213647108785,25.46543425613878,10.475445311359582,7.615374628730021,82.96875529855213,39.0952655698641,368.1491073740085,50.79475498995981
1241,117.43181694924677,52.51439263878547,23.29291518545476,26.619986539490213,25.537709631337766,606.3765646478697,66.70525420136941,40.89212619383455,30.56350624807256,12.57258505803413,9.139940348376157,99.57874841073283,46.92197201493053,441.8509981126835,60.96364962363479
1242,131.17128789101915,58.65855348402943,26.018176018964983,29.7345132583246,28.525610427855558,677.3223560542302,74.50973960892601,45.67648697597506,34.139423038626525,14.04357198096047,10.209309349796966,111.22941818448449,52.4118221064813,493.5473705854529,68.09636982049874
1243,130.55684755552954,58.38378160474434,25.896300133937444,29.59522908573003,28.39198906968227,674.1496024556353,74.16071666237549,45.46252646348225,33.97950512608225,13.977788247201424,10.16148629672747,110.70839073919196,52.166311537236275,491.2354666860684,67.77738876152726
1244,130.93689438657853,58.55373493617799,25.97168344003029,29.681379856362074,28.47463724689504,676.1120305079611,74.37659614999767,45.59486643214285,34.078418384831764,14.01847714424425,10.19106606016482,111.03065934370208,52.31816601104169,492.6654375065073,67.97468658464324
1245,138.47259563052987,61.92362892414616,27.46640995025832,31.38960741249623,30.113414157923444,715.0237390315104,78.65712999612389,48.21894953186935,36.03970501086308,14.825270799684828,10.777583936173386,117.42071374092045,55.32918953147637,521.0193981503927,71.88677669990723
1246,122.7873022079694,54.909314755756014,24.355190019900125,27.83399266835092,26.702358455014558,634.0304052983134,69.74735143562387,42.7570141323696,31.957356836598937,13.145958575463728,9.55676789199228,104.12004337703837,49.06185144424024,462.0016401483685,63.74390062680555
1247,98.72546151188196,44.14908824514723,19.582459518914003,22.37954350725145,21.469668398300513,509.7835301375233,56.07940997067095,34.378196093425316,25.69487842520864,10.569829323072328,7.683989335483878,83.71630575957155,39.4475148436451,371.4661395983804,51.2524169420221
1248,97.84388577107563,43.75485595107023,19.40759661128284,22.179703847409115,21.277953530289285,505.2313833422636,55.57864505519953,34.071213647108785,25.46543425613878,10.475445311359582,7.615374628730021,82.96875529855213,39.0952655698641,368.1491073740085,50.79475498995981
1249,117.46701682167036,52.53013368724499,23.299897174358634,26.6279658091162,25.545364491360942,606.558324398087,66.72524892255205,40.90438349907385,30.572667577162907,12.576353656711854,9.142680021001347,99.60859687370665,46.936036750295244,441.98344176524597,60.981923314232255
1250,131.1237145563837,58.63727914084813,26.008739720715152,29.723729115146586,28.515264730772117,677.0767041008285,74.48271634161647,45.65992098173334,34.12704131833856,14.038478644148206,10.205606627212596,111.18907738721339,52.39281333411949,493.3683703286374,68.07167256059518
1251,130.41472950383888,58.320227762511195,25.868110638020983,29.56301310950393,28.361082884018668,673.4157548647742,74.07998878971787,45.413038092654524,33.942516632898254,13.962572683484689,10.150424980053456,110.58787878526344,52.10952574086961,490.7007308315045,67.70360947978277
1252,130.39156867572953,58.30987046026748,25.863516625778043,29.55776290603667,28.3560461357298,673.296160501439,74.066832653956,45.404973025363525,33.93648865740558,13.960093019208143,10.148622329010172,110.56823907998425,52.10027141988045,490.61358549659354,67.69158574851018
1253,138.31214192325263,61.85187555097008,27.43458352798287,31.35323502519188,30.078520546531156,714.1952125696756,78.56598684932148,48.16307631610292,35.99794437041404,14.808092168415826,10.765095520756775,117.28465368697924,55.26507739765997,520.4156722390243,71.80347863090527
1254,122.81557007511522,54.921955877327,24.36079702700439,27.84040055901012,26.708505822924042,634.1763706134649,69.7634085427408,42.76685757361565,31.964714000582052,13.148985013896963,9.55896803353995,104.14401370214915,49.073146373549825,462.10800131723545,63.75857563050604
1255,98.76065899560626,44.16482822540314,19.589441034012985,22.38752223539606,21.477322738857072,509.96527755333847,56.099403334991415,34.390452566871375,25.704039132601846,10.573597666009098,7.686728822192086,83.74615219699821,39.46157862456252,371.59857426318143,51.27068939254826
1256,97.84388577107563,43.75485595107023,19.40759661128284,22.179703847409115,21.277953530289285,505.2313833422636,55.57864505519953,34.071213647108785,25.46543425613878,10.475445311359582,7.615374628730021,82.96875529855213,39.0952655698641,368.1491073740085,50.79475498995981
1257,117.43181694924677,52.51439263878547,23.29291518545476,26.619986539490213,25.537709631337766,606.3765646478697,66.70525420136941,40.89212619383455,30.56350624807256,12.57258505803413,9.139940348376157,99.57874841073283,46.92197201493053,441.8509981126835,60.96364962363479
1258,131.05191025636654,58.60516894020392,25.994497145630287,29.70745218484276,28.499649564356762,676.7059319719243,74.44192906428542,45.63491727682745,34.10835310223814,14.030791071112622,10.200017962777663,111.12818943953471,52.36412264837958,493.0981982197865,68.03439601747901
1259,130.41472950383888,58.320227762511195,25.868110638020983,29.56301310950393,28.361082884018668,673.4157548647742,74.07998878971787,45.413038092654524,33.942516632898254,13.962572683484689,10.150424980053456,110.58787878526344,52.10952574086961,490.7007308315045,67.70360947978277
1260,130.7780745496011,58.482712214274045,25.940181100301682,29.64537784232213,28.44009895066669,675.2919407772032,74.28638109693092,45.53956216295512,34.03708298522813,14.001473439786835,10.178704811962893,110.89598476401943,52.254706719176255,492.0678592239631,67.89223672440681
1261,138.0558965979019,61.73728507645552,27.383756581886626,31.295148151558717,30.022795284986216,712.8720519124545,78.42043081510955,48.07384652767726,35.93125243116064,14.78065781346509,10.745151462586682,117.0673651407622,55.162690018349814,519.4515191184364,71.67045122284664
1262,122.78023643553259,54.906155009465074,24.3537885050265,27.83239096642681,26.70082187277049,633.9939201367266,69.74333783727572,42.75455368795471,31.95551785645173,13.145202093725894,9.556217949563852,104.11405180853427,49.05902818913649,461.97505435003245,63.74023249591607
1263,94.56963357728523,42.29064148373019,18.758139925462242,21.437481240368403,20.56590713641522,488.3242976082545,53.71875877752595,32.93105302133235,24.61325781893072,10.124894538346537,7.360533389666862,80.19228513987562,37.78697984459717,355.8293490880219,49.09495702457598
1264,93.71571180791265,41.90877578289532,18.58876225707783,21.243910310470422,20.380206133393703,483.91494618679127,53.23370225558949,32.63370024539824,24.391011037678386,10.033471239642203,7.294071043796677,79.46818443834643,37.44578020717049,352.61636817782716,48.651651377891476
1265,110.42170120538789,49.379535492059716,21.902439965842877,25.030901131551378,24.013230959376916,570.1787946313992,62.72327074217429,38.451062561521375,28.73901164428267,11.822062084397254,8.59432978559508,93.63437515548857,44.12095553319687,415.47461461818153,57.32441239532517
1266,120.33703182691765,53.81357712514991,23.86917233193454,27.278554063582515,26.169502069622762,621.3780715891047,68.35551476923911,41.90378058601063,31.319634828660416,12.88362564405495,9.36605871536526,102.04228571176718,48.08280231398269,452.7822101707025,62.47186525449951
1267,119.35216395233414,53.37315357038572,23.67382115311843,27.055299665875964,25.95532442629108,616.2925605756787,67.79607641909207,41.56082973624962,31.06330723175907,12.77818288206926,9.28940458653903,101.20714654038441,47.689280830196196,449.0765291661932,61.960580139515436
1268,120.78971183663005,54.01601132388192,23.958962623410134,27.381169658557496,26.267945668165922,623.7155518078838,68.61265236537112,42.0614128918327,31.437452032418765,12.932090856243912,9.401291656429787,102.42614512882108,48.26367866674,454.48547185321166,62.7068699254709
1269,137.85433815360886,61.6471500554855,27.343776925011696,31.249457952655295,29.978962692101064,711.831275058265,78.30593878379908,48.00365981377308,35.87879362628525,14.759078391883506,10.729463787768992,116.89644947126362,55.08215375545115,518.6931318082288,71.56581400700695
1270,122.82455636176407,54.92597445932379,24.362579481012016,27.842437611964314,26.71046005632573,634.2227726343875,69.76851305828704,42.769986779798494,31.967052825231747,13.149947111360698,9.55966745322073,104.1516338105712,49.076737004280155,462.1418132757683,63.76324077871637
1271,94.52862677693942,42.27230363228445,18.75000611686338,21.428185629505936,20.556989453053532,488.11255292638833,53.695465524367535,32.9167736267176,24.60258514408721,10.12050423341301,7.357341752861988,80.15751257175187,37.77059484785409,355.6750561874017,49.07366872066132
1272,93.71571180791265,41.90877578289532,18.58876225707783,21.243910310470422,20.380206133393703,483.91494618679127,53.23370225558949,32.63370024539824,24.391011037678386,10.033471239642203,7.294071043796677,79.46818443834643,37.44578020717049,352.61636817782716,48.651651377891476
1273,110.42170120538789,49.379535492059716,21.902439965842877,25.030901131551378,24.013230959376916,570.1787946313992,62.72327074217429,38.451062561521375,28.73901164428267,11.822062084397254,8.59432978559508,93.63437515548857,44.12095553319687,415.47461461818153,57.32441239532517
1274,119.80852972501815,53.577236007294516,23.76434252554399,27.158750766621363,26.054569561819573,618.6490727769896,68.0553076535781,41.719745499046745,31.182083714208133,12.827042702548107,9.324924397504532,101.59413137670872,47.871629895132365,450.7936589646024,62.19749824049442
1275,119.4962670131171,53.43759508982229,23.70240438090101,27.087965613129427,25.98666228871088,617.0366580547342,67.8779318442268,41.61100932726287,31.100812355268403,12.793610966517614,9.30062040022387,101.32934172400424,47.74685977226644,449.61873385051285,62.03538992050574
1276,121.00131237264871,54.11063707284623,24.00093415605541,27.42913624518538,26.313962098696123,624.8081824887504,68.73284864531433,42.13509646453343,31.492524452080783,12.954745412790288,9.417760926233653,102.60557619858717,48.34822742607414,455.281643712508,62.81672040103316
1277,137.92919998869,61.680627556755944,27.35862597035965,31.266427979126416,29.995242775782277,712.2178352219329,78.34846284472904,48.02972821403093,35.89827761472795,14.767093313338433,10.735290425939013,116.9599301193092,55.112066133730885,518.9748082517215,71.60467784138022
1278,122.42827354178574,54.7487605479241,24.28397572306115,27.752606392387644,26.624281064537936,632.176507650586,69.5434109783821,42.63199311246039,31.86391389100537,13.107519943062956,9.52882401206667,103.81559756200346,48.9183951521988,460.6507526408297,63.557514191010874
1279,98.73505213944578,44.15337708265843,19.58436184555957,22.38171755499496,21.471754056755525,509.83305276219227,56.084857772350404,34.381535743298805,25.69737453923536,10.570856122997075,7.684735792160733,83.72443833142552,39.451346949541495,371.5022254605572,51.25739582826998
1280,97.84388577107563,43.75485595107023,19.40759661128284,22.179703847409115,21.277953530289285,505.2313833422636,55.57864505519953,34.071213647108785,25.46543425613878,10.475445311359582,7.615374628730021,82.96875529855213,39.0952655698641,368.1491073740085,50.79475498995981
1281,117.43181694924677,52.51439263878547,23.29291518545476,26.619986539490213,25.537709631337766,606.3765646478697,66.70525420136941,40.89212619383455,30.56350624807256,12.57258505803413,9.139940348376157,99.57874841073283,46.92197201493053,441.8509981126835,60.96364962363479
1282,131.1901299508507,58.6669794741386,26.021913391961306,29.73878446345556,28.5297079805064,677.4196498184616,74.52044253785441,45.68304816108144,34.14432698568575,14.04558926559469,10.210775862939439,111.24539570049545,52.41935078675797,493.6182660476823,68.10615150287067
1283,130.5801660377906,58.394209408426605,25.900925417303323,29.600515026968413,28.397060102767654,674.270010889513,74.17396235104167,45.47064642912733,33.98557413358633,13.980284790380844,10.163301218291467,110.72816413058382,52.175628851747014,491.32320521323413,67.7894943375053
1284,130.9338655159058,58.552380453995134,25.971082655425914,29.680693257971352,28.473978563228552,676.0963904860232,74.37487564874498,45.59381171830983,34.07763007285521,14.018152864716333,10.1908303174335,111.02809094990114,52.31695577186943,492.65404102500287,67.97311417424169
1285,138.49143769036138,61.932054914255325,27.47014732325464,31.393878617627184,30.11751171057429,715.1210327957418,78.66783292505228,48.22551071697572,36.04460895792229,14.827288084319049,10.77905044931586,117.4366912569314,55.33671821175303,521.0902936126221,71.89655838227917
1286,122.7873022079694,54.909314755756014,24.355190019900125,27.83399266835092,26.702358455014558,634.0304052983134,69.74735143562387,42.7570141323696,31.957356836598937,13.145958575463728,9.55676789199228,104.12004337703837,49.06185144424024,462.0016401483685,63.74390062680555
1287,98.90516096916713,44.22944813484329,19.6181033872127,22.420278610040096,21.508747352201397,510.7114348775544,56.1814853561113,34.440771067356316,25.741648079533956,10.589068459196541,7.6979756840126745,83.86868564699404,39.51931695933132,372.14227990366135,51.34570626544477
1288,97.85347639863947,43.75914478858143,19.409498937928404,22.18187789515262,21.280039188744297,505.2809059669326,55.584092856878975,34.07455329698228,25.467930370165504,10.476472111284329,7.616121085406875,82.97688787040609,39.0990976757605,368.18519323618534,50.7997338762077
1289,117.46701682167036,52.53013368724499,23.299897174358634,26.6279658091162,25.545364491360942,606.558324398087,66.72524892255205,40.90438349907385,30.572667577162907,12.576353656711854,9.142680021001347,99.60859687370665,46.936036750295244,441.98344176524597,60.981923314232255
1290,131.15873766506138,58.652941142240195,26.01568664805694,29.731668315150404,28.52288115026586,677.257551105286,74.50261065499728,45.672116734272606,34.13615664184038,14.042228317995432,10.208332541981225,111.21877595969727,52.40680744038425,493.50014888685337,68.08985448591683
1291,130.61942192157247,58.411764266623116,25.908711926915583,29.609413731978833,28.405597017101325,674.4727144545965,74.19626102421726,45.48431611929445,33.99579110442446,13.984487637196105,10.166356577949609,110.7614519726381,52.191314238621594,491.4709100847197,67.80987366916101
1292,130.91083845495552,58.5420829711538,25.966515176256987,29.67547337746141,28.468970905070066,675.977486849209,74.36179549726556,45.585793231440476,34.07163691240251,14.015687521933131,10.189038077741124,111.008564675263,52.30775489992889,492.56739900473264,67.96115988696158
1293,138.49143769036138,61.932054914255325,27.47014732325464,31.393878617627184,30.11751171057429,715.1210327957418,78.66783292505228,48.22551071697572,36.04460895792229,14.827288084319049,10.77905044931586,117.4366912569314,55.33671821175303,521.0902936126221,71.89655838227917
1294,122.7873022079694,54.909314755756014,24.355190019900125,27.83399266835092,26.702358455014558,634.0304052983134,69.74735143562387,42.7570141323696,31.957356836598937,13.145958575463728,9.55676789199228,104.12004337703837,49.06185144424024,462.0016401483685,63.74390062680555
1295,98.76065899560626,44.16482822540314,19.589441034012985,22.38752223539606,21.477322738857072,509.96527755333847,56.099403334991415,34.390452566871375,25.704039132601846,10.573597666009098,7.686728822192086,83.74615219699821,39.46157862456252,371.59857426318143,51.27068939254826
1296,97.84388577107563,43.75485595107023,19.40759661128284,22.179703847409115,21.277953530289285,505.2313833422636,55.57864505519953,34.071213647108785,25.46543425613878,10.475445311359582,7.615374628730021,82.96875529855213,39.0952655698641,368.1491073740085,50.79475498995981
1297,117.43181694924677,52.51439263878547,23.29291518545476,26.619986539490213,25.537709631337766,606.3765646478697,66.70525420136941,40.89212619383455,30.56350624807256,12.57258505803413,9.139940348376157,99.57874841073283,46.92197201493053,441.8509981126835,60.96364962363479
1298,131.22228662040592,58.68135963119357,26.028291753431443,29.746073885802534,28.536701040063406,677.5856955403282,74.53870861661123,45.69424576172825,34.15269627261668,14.049032050298782,10.213278677331422,111.27266361638534,52.43219955626663,493.7392592921717,68.1228453426388
1299,130.5142331605759,58.3647248522662,25.887847454645566,29.58556905789835,28.38272178528939,673.929556721116,74.13651024096545,45.44768727201447,33.96841404906191,13.973225828606788,10.158169537794693,110.67225497782844,52.149284197462485,491.0751250219999,67.7552658896313
1300,130.89125112095218,58.533323701517,25.962629976134036,29.67103323013967,28.464711278835676,675.8763447515039,74.35066922733495,45.57897252684206,34.066538995834854,14.013590446121697,10.187513558500724,110.9919551885376,52.29992843209565,492.4936993609344,67.95099130234573
1301,138.2960468675801,61.844677995017285,27.431391030613543,31.34958652364872,30.075020380486354,714.112103367927,78.55684431190774,48.157471693226796,35.99375537506857,14.806368985877109,10.763842812141917,117.27100555020415,55.25864633177454,520.3551127024494,71.79512303052216
1302,122.7873022079694,54.909314755756014,24.355190019900125,27.83399266835092,26.702358455014558,634.0304052983134,69.74735143562387,42.7570141323696,31.957356836598937,13.145958575463728,9.55676789199228,104.12004337703837,49.06185144424024,462.0016401483685,63.74390062680555
1303,98.73505213944578,44.15337708265843,19.58436184555957,22.38171755499496,21.471754056755525,509.83305276219227,56.084857772350404,34.381535743298805,25.69737453923536,10.570856122997075,7.684735792160733,83.72443833142552,39.451346949541495,371.5022254605572,51.25739582826998
1304,97.84388577107563,43.75485595107023,19.40759661128284,22.179703847409115,21.277953530289285,505.2313833422636,55.57864505519953,34.071213647108785,25.46543425613878,10.475445311359582,7.615374628730021,82.96875529855213,39.0952655698641,368.1491073740085,50.79475498995981
1305,117.43181694924677,52.51439263878547,23.29291518545476,26.619986539490213,25.537709631337766,606.3765646478697,66.70525420136941,40.89212619383455,30.56350624807256,12.57258505803413,9.139940348376157,99.57874841073283,46.92197201493053,441.8509981126835,60.96364962363479
1306,131.112960632276,58.632470088176795,26.00660665108667,29.721291365970682,28.512926092076114,677.021174622308,74.47660774805212,45.65617624855017,34.124242437803495,14.037327298379537,10.20476962896622,111.17995837389174,52.38851641238958,493.3279074266398,68.06608975962679
1307,130.57443315954572,58.39164571975241,25.89978828556002,29.599215471654734,28.395813382894175,674.2404083243309,74.17070588179368,45.468650125342435,33.98408206044457,13.97967101209457,10.16285501753818,110.72330281739589,52.17333817823485,491.30163458578096,67.78651816639821
1308,130.64490456537098,58.423159862779876,25.91376647751456,29.615190255348136,28.411138686938944,674.6042978568304,74.21073603002456,45.49318968961833,34.00242336953955,13.987215881678594,10.168339940297974,110.7830605097584,52.201496282383175,491.56679152374903,67.82310274973197
1309,138.38933035142145,61.8863934825608,27.44989405929664,31.370732454527797,30.095306590694353,714.5937864410465,78.60983249402125,48.189954882980125,36.01803389187343,14.816356181558602,10.771103242065836,117.35010721796023,55.29591940760671,520.7061027621583,71.84355029471949
1310,122.7873022079694,54.909314755756014,24.355190019900125,27.83399266835092,26.702358455014558,634.0304052983134,69.74735143562387,42.7570141323696,31.957356836598937,13.145958575463728,9.55676789199228,104.12004337703837,49.06185144424024,462.0016401483685,63.74390062680555
1311,98.72546151188196,44.14908824514723,19.582459518914003,22.37954350725145,21.469668398300513,509.7835301375233,56.07940997067095,34.378196093425316,25.69487842520864,10.569829323072328,7.683989335483878,83.71630575957155,39.4475148436451,371.4661395983804,51.2524169420221
1312,97.84388577107563,43.75485595107023,19.40759661128284,22.179703847409115,21.277953530289285,505.2313833422636,55.57864505519953,34.071213647108785,25.46543425613878,10.475445311359582,7.615374628730021,82.96875529855213,39.0952655698641,368.1491073740085,50.79475498995981
1313,117.43181694924677,52.51439263878547,23.29291518545476,26.619986539490213,25.537709631337766,606.3765646478697,66.70525420136941,40.89212619383455,30.56350624807256,12.57258505803413,9.139940348376157,99.57874841073283,46.92197201493053,441.8509981126835,60.96364962363479
1314,131.1287499344421,58.639530914066945,26.009738501429684,29.724870557897102,28.516359766394327,677.10270502058,74.48557660710594,45.661674401891084,34.12835185591474,14.039017746076317,10.205998540207567,111.1933472406301,52.39482530902101,493.3873165297504,68.07428663088422
1315,130.01133074873908,58.13983167254468,25.788095415293753,29.471568816894163,28.273356401187915,671.3327456969406,73.85084461735887,45.27256651324342,33.83752566288469,13.91938366288911,10.11902769221438,110.2458084317012,51.94834059029129,489.18289565523963,67.49418871969061
1316,130.39495107389402,58.31138303658525,25.864187533506595,29.558529643671736,28.356781700455155,673.3136260148964,74.06875397081232,45.40615084459662,33.93736898055922,13.960455148397045,10.148885587454613,110.57110725476512,52.10162291725263,490.62631216679097,67.69334168946335
1317,138.26071322799746,61.82887712715537,27.42438250863566,31.341576931065415,30.06733643033279,713.929652891189,78.53677360644265,48.145167807565855,35.98455923093825,14.80258606570604,10.76109272816582,117.24104365658927,55.244528147361216,520.2221657352464,71.7767798959322
1318,122.81557007511522,54.921955877327,24.36079702700439,27.84040055901012,26.708505822924042,634.1763706134649,69.7634085427408,42.76685757361565,31.964714000582052,13.148985013896963,9.55896803353995,104.14401370214915,49.073146373549825,462.10800131723545,63.75857563050604
1319,94.92195955332092,42.44819831222054,18.828024725771332,21.517348119577445,20.642526903573096,490.1435849235233,53.918891879471936,33.05374002939971,24.70495628234272,10.162615561634274,7.387955586545085,80.491047269575,37.927757957523966,357.1550169369634,49.27786382031797
1320,93.71571180791265,41.90877578289532,18.58876225707783,21.243910310470422,20.380206133393703,483.91494618679127,53.23370225558949,32.63370024539824,24.391011037678386,10.033471239642203,7.294071043796677,79.46818443834643,37.44578020717049,352.61636817782716,48.651651377891476
1321,110.42170120538789,49.379535492059716,21.902439965842877,25.030901131551378,24.013230959376916,570.1787946313992,62.72327074217429,38.451062561521375,28.73901164428267,11.822062084397254,8.59432978559508,93.63437515548857,44.12095553319687,415.47461461818153,57.32441239532517
1322,120.15450414969835,53.731952482374574,23.832967478642484,27.23717784683912,26.12980806725095,620.4355629169172,68.25183285896976,41.840220768879085,31.2721290849185,12.86408371064284,9.351852241131509,101.8875075765053,48.00987013269714,452.0954283558781,62.37710768666401
1323,119.453657395562,53.41854047375139,23.693952649218915,27.078306668260506,25.97739604325123,616.8166369890191,67.85372813654112,41.59617179938159,31.08972252164234,12.789049059404883,9.297304013125057,101.29321001373505,47.72983434138725,449.45841016196715,62.01326952875238
1324,121.23945613494118,54.21713270037204,24.04817060867218,27.483119772915597,26.365750842240544,626.0378730464095,68.86812237787572,42.21802292375826,31.554505170389106,12.980241762802114,9.436296105525239,102.80751514841332,48.443382003769614,456.17768757691255,62.94035054882119
1325,137.74821302249902,61.59969190531181,27.322726721223603,31.225401017873576,29.95588382937647,711.2832822391382,78.24565611057008,47.966704903541576,35.85117286564288,14.747716332840762,10.721203868157708,116.8064584619666,55.039749570951734,518.293823543025,71.51072011952975
1326,123.01017740453636,55.00898242577957,24.399397911640563,27.884515047095714,26.750826767962604,635.1812543573711,69.87395210508812,42.834623769180645,32.01536366677306,13.169820229306444,9.574114689944276,104.30903502940738,49.15090519481498,462.8402342416561,63.8596042388784
1327,94.84954135759169,42.41581358324746,18.813660382828964,21.500932028558775,20.626778234237957,489.7696428532642,53.877755888558916,33.02852255363018,24.686108290076703,10.154862263173868,7.382319141446153,80.42963875627578,37.8988219788288,356.88253497342276,49.24026857887909
1328,93.86978052204466,41.97767384781053,18.619322198874173,21.278835318044163,20.413711210526902,484.71050279165456,53.32121850976696,32.68735007782423,24.43110988166579,10.049966275344866,7.306062503124314,79.59883020472459,37.50734110336271,353.19606980286954,48.73163473632292
1329,110.48159306215204,49.40631856127968,21.914319675926134,25.04447769420966,24.0262555457885,570.4880550967358,62.75729134778046,38.4719181135209,28.754599456733967,11.82847427730215,8.598991282048077,93.68516169947219,44.14488639026796,415.69996476073703,57.35550470289508
1330,120.0058362846129,53.66546962583118,23.803478809709304,27.203477128667146,26.097477504131888,619.6678943953357,68.16738447019632,41.78845162097711,31.233435898170047,12.848166905234038,9.340281140096863,101.76144157225959,47.95046724184283,451.53604805944883,62.2999281294297
1331,119.72563469429637,53.54016613726936,23.747900074340738,27.139959738266953,26.036542511915645,618.2210320188605,68.00822046511439,41.69087977811031,31.160508958275557,12.818167724269538,9.318472520528966,101.52383881355856,47.83850771059371,450.4817566793911,62.15446404635736
1332,121.38338720937683,54.281497309148385,24.07671972250246,27.515746733509644,26.397051303064142,626.7810824485092,68.949880108933,42.26814262565795,31.59196553170418,12.995651433901884,9.44749853318748,102.92956449263751,48.500892225634495,456.7192451424086,63.01507104467829
1333,137.45087729232807,61.466726192225,27.263749383357247,31.157999581529626,29.891222703138354,709.7479451959753,78.07675933302322,47.86316660773764,35.77378649214598,14.715882722023158,10.698061666088421,116.55432645347518,54.92094378924312,517.1750629501666,71.35636100506112
1334,122.09545607267752,54.599927738351305,24.217960487313537,27.677161791614783,26.551903781216197,630.457955397751,69.35435936991458,42.5160993598144,31.77729282815532,13.071887556135222,9.502920199168491,103.53337807597313,48.78541201034445,459.39848783955904,63.38473505753202
1335,98.77984025073395,44.17340590042553,19.59324568730412,22.391870330883076,21.481494055767097,510.0643228026765,56.110298938350304,34.39713186661836,25.709031360655285,10.575651265858589,7.688221735545796,83.76241734070612,39.46924283635531,371.67074598753516,51.28064716504403
1336,97.84388577107563,43.75485595107023,19.40759661128284,22.179703847409115,21.277953530289285,505.2313833422636,55.57864505519953,34.071213647108785,25.46543425613878,10.475445311359582,7.615374628730021,82.96875529855213,39.0952655698641,368.1491073740085,50.79475498995981
1337,117.43181694924677,52.51439263878547,23.29291518545476,26.619986539490213,25.537709631337766,606.3765646478697,66.70525420136941,40.89212619383455,30.56350624807256,12.57258505803413,9.139940348376157,99.57874841073283,46.92197201493053,441.8509981126835,60.96364962363479
1338,131.30872886954174,58.720015783585886,26.04543780490086,29.765669014007287,28.55549949788905,678.0320528856637,74.58781074542213,45.724346695631596,34.17519424880572,14.058286803891987,10.220006641023089,111.34596411707052,52.46673909504094,494.06450840311965,68.16772104264835
1339,130.87579145928513,58.526410287725604,25.959563510866264,29.667528762643784,28.46134929091018,675.7965165007298,74.34188761526288,45.57358916096877,34.06251537192927,14.011935290676377,10.18631030380269,110.97884584730751,52.29375124919117,492.4355305689024,67.94296556092696
1340,131.23558689793404,58.687307388917695,26.030929899075904,29.749088854130267,28.539593430169884,677.6543734915504,74.54626362526655,45.69887718650923,34.15615788230554,14.050456015922938,10.21431386307905,111.28394186298131,52.437513918814865,493.789303147863,68.12975005960722
1341,138.58883451434343,61.97560984842256,27.48946624396356,31.41595697944382,30.13869244229151,715.6239557093791,78.72315762385121,48.25942625469472,36.069958037206355,14.837715665920939,10.786631028280263,117.51928091689983,55.375634845830184,521.4567605975285,71.94712104924584
1342,122.7873022079694,54.909314755756014,24.355190019900125,27.83399266835092,26.702358455014558,634.0304052983134,69.74735143562387,42.7570141323696,31.957356836598937,13.145958575463728,9.55676789199228,104.12004337703837,49.06185144424024,462.0016401483685,63.74390062680555
1343,98.73505213944578,44.15337708265843,19.58436184555957,22.38171755499496,21.471754056755525,509.83305276219227,56.084857772350404,34.381535743298805,25.69737453923536,10.570856122997075,7.684735792160733,83.72443833142552,39.451346949541495,371.5022254605572,51.25739582826998
1344,97.84388577107563,43.75485595107023,19.40759661128284,22.179703847409115,21.277953530289285,505.2313833422636,55.57864505519953,34.071213647108785,25.46543425613878,10.475445311359582,7.615374628730021,82.96875529855213,39.0952655698641,368.1491073740085,50.79475498995981
1345,117.43181694924677,52.51439263878547,23.29291518545476,26.619986539490213,25.537709631337766,606.3765646478697,66.70525420136941,40.89212619383455,30.56350624807256,12.57258505803413,9.139940348376157,99.57874841073283,46.92197201493053,441.8509981126835,60.96364962363479
1346,131.2149628684481,58.6780845189123,26.02683906762937,29.744413703889307,28.535108355425034,677.5478782633082,74.53454847714693,45.69169548364304,34.1507901491781,14.048247948538068,10.212708655869099,111.26645328878777,52.42927322085484,493.7117028156003,68.1190432840495
1347,131.1873399501048,58.665731812317155,26.021359987846225,29.738152013202896,28.5291012435013,677.4052432367397,74.51885772282036,45.68207662657278,34.14360084342343,14.045290560162035,10.210558711906172,111.24302986141065,52.41823599231537,493.6077683423218,68.10470309959855
1348,131.5118017491711,58.810828045647334,26.08571785407798,29.811702512106077,28.599661432607444,679.080649750822,74.70316302735897,45.79506076645228,34.22804720966938,14.08002836523753,10.235812187206433,111.51816398346959,52.54788047752573,494.82859395407945,68.27314446368884
1349,138.58883451434343,61.97560984842256,27.48946624396356,31.41595697944382,30.13869244229151,715.6239557093791,78.72315762385121,48.25942625469472,36.069958037206355,14.837715665920939,10.786631028280263,117.51928091689983,55.375634845830184,521.4567605975285,71.94712104924584
1350,122.7873022079694,54.909314755756014,24.355190019900125,27.83399266835092,26.702358455014558,634.0304052983134,69.74735143562387,42.7570141323696,31.957356836598937,13.145958575463728,9.55676789199228,104.12004337703837,49.06185144424024,462.0016401483685,63.74390062680555
1351,98.73505213944578,44.15337708265843,19.58436184555957,22.38171755499496,21.471754056755525,509.83305276219227,56.084857772350404,34.381535743298805,25.69737453923536,10.570856122997075,7.684735792160733,83.72443833142552,39.451346949541495,371.5022254605572,51.25739582826998
1352,97.84388577107563,43.75485595107023,19.40759661128284,22.179703847409115,21.277953530289285,505.2313833422636,55.57864505519953,34.071213647108785,25.46543425613878,10.475445311359582,7.615374628730021,82.96875529855213,39.0952655698641,368.1491073740085,50.79475498995981
1353,117.43181694924677,52.51439263878547,23.29291518545476,26.619986539490213,25.537709631337766,606.3765646478697,66.70525420136941,40.89212619383455,30.56350624807256,12.57258505803413,9.139940348376157,99.57874841073283,46.92197201493053,441.8509981126835,60.96364962363479
1354,131.18907892317245,58.666509464548334,26.021704917808364,29.738546211648053,28.529479415196263,677.4142226815117,74.51984551849226,45.6826821720542,34.1440534389431,14.04547673957554,10.210694059468002,111.24450445974433,52.41893082994739,493.61431143264923,68.10560587150104
1355,130.67259436729375,58.43554247907622,25.91925882383471,29.6214671075132,28.41716034392786,674.7472782466592,74.22646477649234,45.50283183689942,34.009630082814205,13.990180430801297,10.170495089936354,110.80654065245604,52.21256023544695,491.6709776543478,67.83747765617916
1356,130.82867675490925,58.50534103963823,25.950218183155897,29.656848583890866,28.451103331416622,675.5532327525426,74.31512486549316,45.55718287102985,34.05025301749265,14.006891056127015,10.182643277278585,110.93889395509147,52.27492573071032,492.25825596228304,67.91850639471197
1357,138.38226457898463,61.88323373626986,27.448492544423022,31.36913075260369,30.09377000845029,714.5573012794597,78.6058188956731,48.18749443856524,36.016194911726224,14.815599699820767,10.770553299637411,117.34411564945613,55.29309615250296,520.6795169638223,71.83988216383003
1358,122.7873022079694,54.909314755756014,24.355190019900125,27.83399266835092,26.702358455014558,634.0304052983134,69.74735143562387,42.7570141323696,31.957356836598937,13.145958575463728,9.55676789199228,104.12004337703837,49.06185144424024,462.0016401483685,63.74390062680555
1359,98.76065899560626,44.16482822540314,19.589441034012985,22.38752223539606,21.477322738857072,509.96527755333847,56.099403334991415,34.390452566871375,25.704039132601846,10.573597666009098,7.686728822192086,83.74615219699821,39.46157862456252,371.59857426318143,51.27068939254826
1360,97.84388577107563,43.75485595107023,19.40759661128284,22.179703847409115,21.277953530289285,505.2313833422636,55.57864505519953,34.071213647108785,25.46543425613878,10.475445311359582,7.615374628730021,82.96875529855213,39.0952655698641,368.1491073740085,50.79475498995981
1361,117.43181694924677,52.51439263878547,23.29291518545476,26.619986539490213,25.537709631337766,606.3765646478697,66.70525420136941,40.89212619383455,30.56350624807256,12.57258505803413,9.139940348376157,99.57874841073283,46.92197201493053,441.8509981126835,60.96364962363479
1362,131.16108336774326,58.65399011818938,26.016151924461905,29.73220004986625,28.52339126648076,677.2696634882063,74.50394309366459,45.67293355523793,34.13676714843421,14.042479455610902,10.208515112456112,111.22076504700999,52.40774470762963,493.5089748685862,68.09107223592814
1363,131.03105691175077,58.595843522651556,25.99036082891403,29.70272505238925,28.495114620816974,676.5982526410749,74.43008365739587,45.627655721809866,34.10292568618502,14.0285584525963,10.198394907537578,111.11050641281365,52.35579032347906,493.0197350624256,68.02357019507701
1364,131.27225343170863,58.70370431439636,26.038202804184106,29.757400593324007,28.547567242694026,677.8437065646934,74.56709145983181,45.71164521280016,34.16570093344132,14.054381639545563,10.21716768873029,111.31503401191237,52.45216468481977,493.92726528594886,68.14878515397957
1365,138.58883451434343,61.97560984842256,27.48946624396356,31.41595697944382,30.13869244229151,715.6239557093791,78.72315762385121,48.25942625469472,36.069958037206355,14.837715665920939,10.786631028280263,117.51928091689983,55.375634845830184,521.4567605975285,71.94712104924584
1366,122.7873022079694,54.909314755756014,24.355190019900125,27.83399266835092,26.702358455014558,634.0304052983134,69.74735143562387,42.7570141323696,31.957356836598937,13.145958575463728,9.55676789199228,104.12004337703837,49.06185144424024,462.0016401483685,63.74390062680555
1367,98.73505213944578,44.15337708265843,19.58436184555957,22.38171755499496,21.471754056755525,509.83305276219227,56.084857772350404,34.381535743298805,25.69737453923536,10.570856122997075,7.684735792160733,83.72443833142552,39.451346949541495,371.5022254605572,51.25739582826998
1368,97.84388577107563,43.75485595107023,19.40759661128284,22.179703847409115,21.277953530289285,505.2313833422636,55.57864505519953,34.071213647108785,25.46543425613878,10.475445311359582,7.615374628730021,82.96875529855213,39.0952655698641,368.1491073740085,50.79475498995981
1369,117.43181694924677,52.51439263878547,23.29291518545476,26.619986539490213,25.537709631337766,606.3765646478697,66.70525420136941,40.89212619383455,30.56350624807256,12.57258505803413,9.139940348376157,99.57874841073283,46.92197201493053,441.8509981126835,60.96364962363479
1370,131.16108336774326,58.65399011818938,26.016151924461905,29.73220004986625,28.52339126648076,677.2696634882063,74.50394309366459,45.67293355523793,34.13676714843421,14.042479455610902,10.208515112456112,111.22076504700999,52.40774470762963,493.5089748685862,68.09107223592814
1371,131.01456533199962,58.588468644898796,25.987089679932463,29.6989866649369,28.49152822331426,676.5130959285681,74.42071588085915,45.621913021255295,34.098633489113915,14.026792817059452,10.197111336703951,111.09652203520973,52.34920081934239,492.95768355745196,68.01500874285898
1372,131.27225343170863,58.703704314396354,26.038202804184106,29.757400593324007,28.547567242694026,677.8437065646934,74.56709145983181,45.71164521280016,34.16570093344132,14.054381639545566,10.21716768873029,111.31503401191237,52.45216468481977,493.92726528594886,68.14878515397957
1373,138.61710238148925,61.988250969993544,27.495073251067822,31.422364870103024,30.144839810201002,715.7699210245305,78.73921473096816,48.26926969594077,36.07731520118947,14.840742104354176,10.788831169827935,117.54325124201058,55.38692977513977,521.5631217663955,71.96179605294633
1374,122.7873022079694,54.909314755756014,24.355190019900125,27.83399266835092,26.702358455014558,634.0304052983134,69.74735143562387,42.7570141323696,31.957356836598937,13.145958575463728,9.55676789199228,104.12004337703837,49.06185144424024,462.0016401483685,63.74390062680555
1375,94.50301992077895,42.26085248953974,18.744926928409964,21.422380949104838,20.55142077095198,487.9803281352422,53.680919961726524,32.90785680314503,24.595920550720724,10.117762690400985,7.355348722830635,80.13579870617917,37.760363172833074,355.5787073847776,49.06037515638303
1376,93.71571180791265,41.90877578289532,18.58876225707783,21.243910310470422,20.380206133393703,483.91494618679127,53.23370225558949,32.63370024539824,24.391011037678386,10.033471239642203,7.294071043796677,79.46818443834643,37.44578020717049,352.61636817782716,48.651651377891476
1377,110.42170120538789,49.379535492059716,21.902439965842877,25.030901131551378,24.013230959376916,570.1787946313992,62.72327074217429,38.451062561521375,28.73901164428267,11.822062084397254,8.59432978559508,93.63437515548857,44.12095553319687,415.47461461818153,57.32441239532517
1378,119.68574341650906,53.522327136911464,23.739987532626927,27.130916999209266,26.027867419462666,618.0150475028025,67.98556086659715,41.67698883094036,31.150126615997547,12.813896850360878,9.315367706954001,101.4900121759593,47.8225684407382,450.3316610633628,62.13375485573727
1379,119.5832491082876,53.47649265623142,23.719657512276257,27.107683116126214,26.005578145991276,617.4858029749576,67.92734062389188,41.6412982464393,31.12345083501161,12.802923517566109,9.307390381153134,101.40309999834794,47.78161501612981,449.94601419554596,62.08054587662789
1380,121.23945613494118,54.21713270037204,24.04817060867218,27.483119772915597,26.365750842240544,626.0378730464095,68.86812237787572,42.21802292375826,31.554505170389106,12.980241762802114,9.436296105525239,102.80751514841332,48.443382003769614,456.17768757691255,62.94035054882119
1381,137.74821302249902,61.59969190531181,27.322726721223603,31.225401017873576,29.95588382937647,711.2832822391382,78.24565611057008,47.966704903541576,35.85117286564288,14.747716332840762,10.721203868157708,116.8064584619666,55.039749570951734,518.293823543025,71.51072011952975
1382,121.80347102886851,54.46935480136042,24.160044472407595,27.610973273563598,26.48840626019333,628.9502474154247,69.18850196366583,42.41442428087637,31.701299056257394,13.040626805051472,9.480194451135604,103.28578329312377,48.668744190580526,458.29985983232353,63.23315370276334
1383,94.50301992077895,42.26085248953974,18.744926928409964,21.422380949104838,20.55142077095198,487.9803281352422,53.680919961726524,32.90785680314503,24.595920550720724,10.117762690400985,7.355348722830635,80.13579870617917,37.760363172833074,355.5787073847776,49.06037515638303
1384,93.71571180791265,41.90877578289532,18.58876225707783,21.243910310470422,20.380206133393703,483.91494618679127,53.23370225558949,32.63370024539824,24.391011037678386,10.033471239642203,7.294071043796677,79.46818443834643,37.44578020717049,352.61636817782716,48.651651377891476
1385,110.42170120538789,49.379535492059716,21.902439965842877,25.030901131551378,24.013230959376916,570.1787946313992,62.72327074217429,38.451062561521375,28.73901164428267,11.822062084397254,8.59432978559508,93.63437515548857,44.12095553319687,415.47461461818153,57.32441239532517
1386,119.80852972501815,53.577236007294516,23.76434252554399,27.158750766621363,26.054569561819573,618.6490727769896,68.0553076535781,41.719745499046745,31.182083714208133,12.827042702548107,9.324924397504532,101.59413137670872,47.871629895132365,450.7936589646024,62.19749824049442
1387,119.56964307725309,53.47040816844469,23.716958719605486,27.104598838181754,26.002619264158213,617.415546220259,67.91961193687666,41.63656035212313,31.119909648088523,12.80146681710002,9.306331398031997,101.39156248171527,47.7761784843276,449.89481990639047,62.07348243053375
1388,121.08128124676631,54.14639839344394,24.016796196264693,27.44726395884844,26.331352801997962,625.2211136042346,68.77827367759939,42.16294323874633,31.51333762901392,12.963307108401906,9.42398505490806,102.6733874664643,48.38018041267429,455.5825359899568,62.858235507834316
1389,137.59954515741353,61.533209048768406,27.293238052290423,31.191700299701605,29.92355326625741,710.5156137175567,78.16120772179666,47.91493575563961,35.81247967889443,14.73179952743196,10.709632767123066,116.68039245772088,54.980346680097426,517.7344432465958,71.43354056229543
1390,121.84636729033586,54.48853760186503,24.168553060676853,27.620697196198204,26.497734841646658,629.1717486093987,69.21286849481389,42.429361623946896,31.712463493540543,13.045219401078517,9.483533148272084,103.32215806905238,48.68588415513532,458.4612620522419,63.25542290307206
1391,98.73505213944578,44.15337708265843,19.58436184555957,22.38171755499496,21.471754056755525,509.83305276219227,56.084857772350404,34.381535743298805,25.69737453923536,10.570856122997075,7.684735792160733,83.72443833142552,39.451346949541495,371.5022254605572,51.25739582826998
1392,97.84388577107563,43.75485595107023,19.40759661128284,22.179703847409115,21.277953530289285,505.2313833422636,55.57864505519953,34.071213647108785,25.46543425613878,10.475445311359582,7.615374628730021,82.96875529855213,39.0952655698641,368.1491073740085,50.79475498995981
1393,117.43181694924677,52.51439263878547,23.29291518545476,26.619986539490213,25.537709631337766,606.3765646478697,66.70525420136941,40.89212619383455,30.56350624807256,12.57258505803413,9.139940348376157,99.57874841073283,46.92197201493053,441.8509981126835,60.96364962363479
1394,131.112960632276,58.632470088176795,26.00660665108667,29.721291365970682,28.512926092076114,677.021174622308,74.47660774805212,45.65617624855017,34.124242437803495,14.037327298379537,10.20476962896622,111.17995837389174,52.38851641238958,493.3279074266398,68.06608975962679
1395,130.68535479878716,58.44124882278351,25.921789889573343,29.6243597010489,28.419935334579588,674.8131686229934,74.2337131342935,45.507275276407306,34.01295118894888,13.991546598970162,10.171488258446383,110.81736112539348,52.21765889290612,491.71899027595396,67.844102117035
1396,130.82886307345223,58.505424359520134,25.95025513993755,29.65689081943856,28.45114384981251,675.5541948359111,74.31523070074373,45.55724775090287,34.05030150986976,14.006911003921317,10.182657778803067,110.93905194777007,52.27500017759947,492.2589570076753,67.91860312027295
1397,138.2960468675801,61.844677995017285,27.431391030613543,31.34958652364872,30.075020380486354,714.112103367927,78.55684431190774,48.157471693226796,35.99375537506857,14.806368985877109,10.763842812141917,117.27100555020415,55.25864633177454,520.3551127024494,71.79512303052216
1398,122.7873022079694,54.909314755756014,24.355190019900125,27.83399266835092,26.702358455014558,634.0304052983134,69.74735143562387,42.7570141323696,31.957356836598937,13.145958575463728,9.55676789199228,104.12004337703837,49.06185144424024,462.0016401483685,63.74390062680555
1399,98.76065899560626,44.16482822540314,19.589441034012985,22.38752223539606,21.477322738857072,509.96527755333847,56.099403334991415,34.390452566871375,25.704039132601846,10.573597666009098,7.686728822192086,83.74615219699821,39.46157862456252,371.59857426318143,51.27068939254826
1400,97.84388577107563,43.75485595107023,19.40759661128284,22.179703847409115,21.277953530289285,505.2313833422636,55.57864505519953,34.071213647108785,25.46543425613878,10.475445311359582,7.615374628730021,82.96875529855213,39.0952655698641,368.1491073740085,50.79475498995981
1401,117.43181694924677,52.51439263878547,23.29291518545476,26.619986539490213,25.537709631337766,606.3765646478697,66.70525420136941,40.89212619383455,30.56350624807256,12.57258505803413,9.139940348376157,99.57874841073283,46.92197201493053,441.8509981126835,60.96364962363479
1402,131.09636394975706,58.625048209465014,26.003314654689813,29.71752915333758,28.509316838042384,676.9354751961063,74.46718026957919,45.65039694909288,34.119922886058134,14.035550410240774,10.203477877785451,111.1658848722127,52.38188491257185,493.26546046016284,68.05747374427182
1403,130.65375230746224,58.427116488967044,25.915521450838394,29.617195902382246,28.413062791277017,674.6499844824278,74.21576184756395,45.49627065179303,34.004726135754986,13.988163146167077,10.169028576793883,110.79056313644507,52.20503155517029,491.6000821921184,67.82769597380724
1404,130.93405183444875,58.552463773877044,25.97111961220757,29.680735493519048,28.474019081624437,676.0973525693917,74.37498148399554,45.59387659818284,34.07767856523231,14.018172812510636,10.19084481895798,111.02824894257974,52.31703021875857,492.6547420703951,67.97321089980265
1405,138.41759821856726,61.89903460413177,27.45550106640091,31.377140345186998,30.101453958603845,714.739751756198,78.62588960113818,48.19979832422619,36.025391055856545,14.819382619991837,10.77330338361351,117.37407754307101,55.307214336916296,520.8124639310253,71.85822529842
1406,122.7873022079694,54.909314755756014,24.355190019900125,27.83399266835092,26.702358455014558,634.0304052983134,69.74735143562387,42.7570141323696,31.957356836598937,13.145958575463728,9.55676789199228,104.12004337703837,49.06185144424024,462.0016401483685,63.74390062680555
1407,98.72546151188196,44.14908824514723,19.582459518914003,22.37954350725145,21.469668398300513,509.7835301375233,56.07940997067095,34.378196093425316,25.69487842520864,10.569829323072328,7.683989335483878,83.71630575957155,39.4475148436451,371.4661395983804,51.2524169420221
1408,97.84388577107563,43.75485595107023,19.40759661128284,22.179703847409115,21.277953530289285,505.2313833422636,55.57864505519953,34.071213647108785,25.46543425613878,10.475445311359582,7.615374628730021,82.96875529855213,39.0952655698641,368.1491073740085,50.79475498995981
1409,117.43181694924677,52.51439263878547,23.29291518545476,26.619986539490213,25.537709631337766,606.3765646478697,66.70525420136941,40.89212619383455,30.56350624807256,12.57258505803413,9.139940348376157,99.57874841073283,46.92197201493053,441.8509981126835,60.96364962363479
1410,131.2149628684481,58.6780845189123,26.02683906762937,29.744413703889307,28.535108355425034,677.5478782633082,74.53454847714693,45.69169548364304,34.1507901491781,14.048247948538068,10.212708655869099,111.26645328878777,52.42927322085484,493.7117028156003,68.1190432840495
1411,130.91112509886776,58.54221115558752,25.96657203284415,29.675538355227093,28.46903324106374,675.9789669774681,74.36195832072796,45.585893046629714,34.071711516059594,14.015718210847446,10.18906038777879,111.00880774092239,52.3078694336045,492.5684775361054,67.96130869551693
1412,130.91083845495552,58.5420829711538,25.966515176256987,29.67547337746141,28.468970905070066,675.977486849209,74.36179549726556,45.585793231440476,34.07163691240251,14.015687521933131,10.189038077741124,111.008564675263,52.30775489992889,492.56739900473264,67.96115988696158
1413,138.61710238148925,61.988250969993544,27.495073251067822,31.422364870103024,30.144839810201002,715.7699210245305,78.73921473096816,48.26926969594077,36.07731520118947,14.840742104354176,10.788831169827935,117.54325124201058,55.38692977513977,521.5631217663955,71.96179605294633
1414,122.7873022079694,54.909314755756014,24.355190019900125,27.83399266835092,26.702358455014558,634.0304052983134,69.74735143562387,42.7570141323696,31.957356836598937,13.145958575463728,9.55676789199228,104.12004337703837,49.06185144424024,462.0016401483685,63.74390062680555
1415,98.72546151188196,44.14908824514723,19.582459518914003,22.37954350725145,21.469668398300513,509.7835301375233,56.07940997067095,34.378196093425316,25.69487842520864,10.569829323072328,7.683989335483878,83.71630575957155,39.4475148436451,371.4661395983804,51.2524169420221
1416,97.84388577107563,43.75485595107023,19.40759661128284,22.179703847409115,21.277953530289285,505.2313833422636,55.57864505519953,34.071213647108785,25.46543425613878,10.475445311359582,7.615374628730021,82.96875529855213,39.0952655698641,368.1491073740085,50.79475498995981
1417,117.43181694924677,52.51439263878547,23.29291518545476,26.619986539490213,25.537709631337766,606.3765646478697,66.70525420136941,40.89212619383455,30.56350624807256,12.57258505803413,9.139940348376157,99.57874841073283,46.92197201493053,441.8509981126835,60.96364962363479
1418,131.25040161079858,58.69393238773324,26.03386843702255,29.752447121653365,28.542815162109605,677.7308714537414,74.55467888454824,45.7040359682067,34.16001364798269,14.052042121311052,10.215466920192341,111.29650430647776,52.443433400949225,493.8450452443066,68.13744098177642
1419,130.57769134534826,58.393102749482246,25.900434555434128,29.59995405225801,28.396521935355604,674.257232448876,74.17255664181629,45.46978469132685,33.98493005534681,13.980019842753938,10.163108608299632,110.72606566372436,52.1746400443476,491.31389389238353,67.78820962364408
1420,130.73220196884495,58.46219843206609,25.931082151135694,29.634979233887176,28.430123113812385,675.0550709181388,74.26032391549829,45.52358840550293,34.025143913305556,13.996562190532833,10.175134462268668,110.85708615632741,52.23637751328972,491.895258253292,67.868422395265
1421,138.47259563052987,61.92362892414616,27.46640995025832,31.38960741249623,30.113414157923444,715.0237390315104,78.65712999612389,48.21894953186935,36.03970501086308,14.825270799684828,10.777583936173386,117.42071374092045,55.32918953147637,521.0193981503927,71.88677669990723
1422,122.7873022079694,54.909314755756014,24.355190019900125,27.83399266835092,26.702358455014558,634.0304052983134,69.74735143562387,42.7570141323696,31.957356836598937,13.145958575463728,9.55676789199228,104.12004337703837,49.06185144424024,462.0016401483685,63.74390062680555
1423,98.72546151188196,44.14908824514723,19.582459518914003,22.37954350725145,21.469668398300513,509.7835301375233,56.07940997067095,34.378196093425316,25.69487842520864,10.569829323072328,7.683989335483878,83.71630575957155,39.4475148436451,371.4661395983804,51.2524169420221
1424,97.84388577107563,43.75485595107023,19.40759661128284,22.179703847409115,21.277953530289285,505.2313833422636,55.57864505519953,34.071213647108785,25.46543425613878,10.475445311359582,7.615374628730021,82.96875529855213,39.0952655698641,368.1491073740085,50.79475498995981
1425,117.43181694924677,52.51439263878547,23.29291518545476,26.619986539490213,25.537709631337766,606.3765646478697,66.70525420136941,40.89212619383455,30.56350624807256,12.57258505803413,9.139940348376157,99.57874841073283,46.92197201493053,441.8509981126835,60.96364962363479
1426,131.0954466892379,58.62463801927715,26.00313271361088,29.717321224487392,28.50911736286263,676.9307387856771,74.46665923449952,45.650077540487295,34.11968415435545,14.03545220571497,10.203406485664926,111.16510706210265,52.3815184048099,493.26200915977046,68.05699755689467
1427,130.5170757127057,58.36599601456715,25.888411282468283,29.586213420741384,28.383339950559996,673.9442346596853,74.13812490696758,45.44867710597449,33.96915386866136,13.973530160340397,10.158390779001532,110.67466537895076,52.15041998974561,491.0858204581121,67.7567415744719
1428,130.83170562558198,58.50669552182109,25.95081896776027,29.657535182281592,28.45176201508311,675.5688727744805,74.31684536674585,45.55823758486287,34.05104132946921,14.007215335654928,10.182879020009905,110.94146234889241,52.27613596988258,492.2696524437875,67.92007880511353
1429,138.31488892741163,61.853103985126445,27.435128403609866,31.353857728779676,30.079117933137198,714.2093971321586,78.56754724083612,48.16403287833318,35.99865932212779,14.80838627051133,10.765309325284392,117.2869830662151,55.26617501205121,520.4260081646788,71.80490471289409
1430,122.7873022079694,54.909314755756014,24.355190019900125,27.83399266835092,26.702358455014558,634.0304052983134,69.74735143562387,42.7570141323696,31.957356836598937,13.145958575463728,9.55676789199228,104.12004337703837,49.06185144424024,462.0016401483685,63.74390062680555
1431,94.50301992077895,42.26085248953974,18.744926928409964,21.422380949104838,20.55142077095198,487.9803281352422,53.680919961726524,32.90785680314503,24.595920550720724,10.117762690400985,7.355348722830635,80.13579870617917,37.760363172833074,355.5787073847776,49.06037515638303
1432,93.71571180791265,41.90877578289532,18.58876225707783,21.243910310470422,20.380206133393703,483.91494618679127,53.23370225558949,32.63370024539824,24.391011037678386,10.033471239642203,7.294071043796677,79.46818443834643,37.44578020717049,352.61636817782716,48.651651377891476
1433,110.42170120538789,49.379535492059716,21.902439965842877,25.030901131551378,24.013230959376916,570.1787946313992,62.72327074217429,38.451062561521375,28.73901164428267,11.822062084397254,8.59432978559508,93.63437515548857,44.12095553319687,415.47461461818153,57.32441239532517
1434,119.79908003071114,53.57301019379656,23.762468153387115,27.156608666279315,26.052514551894784,618.600277882048,68.04993990676768,41.716454924974634,31.17962428031281,12.826030991339564,9.324188909929527,101.58611831213729,47.86785410162648,450.7581033803504,62.19259251845292
1435,119.5832491082876,53.47649265623142,23.719657512276257,27.107683116126214,26.005578145991276,617.4858029749576,67.92734062389188,41.6412982464393,31.12345083501161,12.802923517566109,9.307390381153134,101.40309999834794,47.78161501612981,449.94601419554596,62.08054587662789
1436,121.1682633419368,54.18529595985306,24.034049327639945,27.466981461845226,26.350268659278356,625.670258524458,68.82768245726446,42.19323215792275,31.53597610875713,12.9726196594504,9.430755035837324,102.74714574080802,48.414935656537665,455.9098163349899,62.90339146395646
1437,137.40945724700882,61.448203541553994,27.255533606511886,31.148610294388295,29.88221515205245,709.5340666625356,78.05323134270651,47.84874331289172,35.76300626369683,14.711448173904827,10.694837865645914,116.51920346569246,54.9043936731177,517.0192151668175,71.33485816881249
1438,121.88241276230058,54.50465679440399,24.17570277651286,27.628868150232957,26.505573592851174,629.3578747379803,69.23334354521062,42.44191338399447,31.7218449034193,13.049078532053466,9.486338635508384,103.35272357572141,48.70028676484308,458.59688737235365,63.27413557890781
1439,94.50301992077895,42.26085248953974,18.744926928409964,21.422380949104838,20.55142077095198,487.9803281352422,53.680919961726524,32.90785680314503,24.595920550720724,10.117762690400985,7.355348722830635,80.13579870617917,37.760363172833074,355.5787073847776,49.06037515638303
1440,93.71571180791265,41.90877578289532,18.58876225707783,21.243910310470422,20.380206133393703,483.91494618679127,53.23370225558949,32.63370024539824,24.391011037678386,10.033471239642203,7.294071043796677,79.46818443834643,37.44578020717049,352.61636817782716,48.651651377891476
1441,110.42170120538789,49.379535492059716,21.902439965842877,25.030901131551378,24.013230959376916,570.1787946313992,62.72327074217429,38.451062561521375,28.73901164428267,11.822062084397254,8.59432978559508,93.63437515548857,44.12095553319687,415.47461461818153,57.32441239532517
1442,119.79908003071114,53.57301019379656,23.762468153387115,27.156608666279315,26.052514551894784,618.600277882048,68.04993990676768,41.716454924974634,31.17962428031281,12.826030991339564,9.324188909929527,101.58611831213729,47.86785410162648,450.7581033803504,62.19259251845292
1443,119.5832491082876,53.47649265623142,23.719657512276257,27.107683116126214,26.005578145991276,617.4858029749576,67.92734062389188,41.6412982464393,31.12345083501161,12.802923517566109,9.307390381153134,101.40309999834794,47.78161501612981,449.94601419554596,62.08054587662789
1444,121.0164853904035,54.11742230220392,24.00394376473602,27.432575734915584,26.31726175062794,624.8865306112654,68.74146743392402,42.140380015217474,31.496473472329285,12.956369879321294,9.418941870894022,102.61844247415786,48.354290075303005,455.3387339731674,62.82459733389657
1445,137.6348787969962,61.549009916630325,27.30024657426831,31.199709892284904,29.931237216410967,710.698064194295,78.18127842726174,47.92723964130056,35.821675823024755,14.735582447603027,10.712382851099164,116.71035435133577,54.99446486451075,517.8673902137989,71.45188369688539
1446,121.80347102886851,54.46935480136042,24.160044472407595,27.610973273563598,26.48840626019333,628.9502474154247,69.18850196366583,42.41442428087637,31.701299056257394,13.040626805051472,9.480194451135604,103.28578329312377,48.668744190580526,458.29985983232353,63.23315370276334
1447,98.76480338883748,44.16668155867385,19.590263085502414,22.38846170559157,21.47822401343228,509.9866777410846,56.10175749088527,34.39189572814921,25.7051177771439,10.574041376561885,7.687051388153319,83.74966652132365,39.463234590622356,371.6141680292778,51.27284091624443
1448,97.90289858650891,43.78124592136016,19.419301961165456,22.19308114491929,21.290786952986934,505.5361047476055,55.61216633552099,34.091763099194615,25.48079328404168,10.481763391593915,7.61996770773418,83.01879644118027,39.118845190329985,368.3711500203545,50.82539095129331
1449,117.4908321533793,52.540783677279016,23.304621009142267,26.633364378481772,25.55054357350203,606.6812983876139,66.73877683855305,40.912676477713624,30.578865897672596,12.578903394009416,9.144533613297297,99.62879157890814,46.945552589843714,442.07304974679096,60.99428682503958
1450,131.16090182659886,58.6539089347147,26.016115915290033,29.73215889728132,28.5233517870181,677.2687260736423,74.50383997213841,45.67287033895141,34.136719899451386,14.042460019298503,10.20850098276559,111.2206111054257,52.4076721696351,493.508291798717,68.09097799050976
1451,130.46023422490762,58.34057704136257,25.877136621233443,29.573328329806255,28.37097872301442,673.6507252259062,74.10583701437378,45.42888375394718,33.95435996346091,13.96744454863199,10.15396669853268,110.62646545869256,52.12770796187245,490.8719476869139,67.72723283794522
1452,130.89234514521723,58.53381293877232,25.962846978775048,29.67128122861203,28.46494919454486,675.8819939076928,74.35129067021644,45.57935348814768,34.06682373312608,14.013707575477994,10.18759870847781,110.99288288913765,52.300365568957545,492.49781575567334,67.95155925499866
1453,138.2960468675801,61.844677995017285,27.431391030613543,31.34958652364872,30.075020380486354,714.112103367927,78.55684431190774,48.157471693226796,35.99375537506857,14.806368985877109,10.763842812141917,117.27100555020415,55.25864633177454,520.3551127024494,71.79512303052216
1454,122.7873022079694,54.909314755756014,24.355190019900125,27.83399266835092,26.702358455014558,634.0304052983134,69.74735143562387,42.7570141323696,31.957356836598937,13.145958575463728,9.55676789199228,104.12004337703837,49.06185144424024,462.0016401483685,63.74390062680555
1455,98.80000087256178,44.18242153892976,19.597244600601396,22.396440433736178,21.48587835398884,510.16842515689973,56.12175085520573,34.40415220159526,25.714278484537108,10.577809719498655,7.689790874861527,83.77951295875032,39.477298371539774,371.7466026940788,51.29111336677059
1456,97.90289858650891,43.78124592136016,19.419301961165456,22.19308114491929,21.290786952986934,505.5361047476055,55.61216633552099,34.091763099194615,25.48079328404168,10.481763391593915,7.61996770773418,83.01879644118027,39.118845190329985,368.3711500203545,50.82539095129331
1457,117.4908321533793,52.540783677279016,23.304621009142267,26.633364378481772,25.55054357350203,606.6812983876139,66.73877683855305,40.912676477713624,30.578865897672596,12.578903394009416,9.144533613297297,99.62879157890814,46.945552589843714,442.07304974679096,60.99428682503958
1458,131.13396207624643,58.641861734353235,26.010772343706304,29.726052070269787,28.517493242545967,677.1296186860912,74.48853728039724,45.663489374748856,34.12970839907945,14.03957577283492,10.2064042110591,111.19776698453681,52.39690791302249,493.40692782520995,68.07699246644907
1459,130.73935373445545,58.46539663368714,25.932500722985463,29.636600429140994,28.431678396854554,675.0920001182034,74.26438636088515,45.52607879447459,34.027005274549886,13.99732787894496,10.175691097708397,110.86315064452936,52.239235128496155,491.9221676110399,67.8721351687211
1460,130.909491228568,58.54148050431538,25.966247950297305,29.675167981962698,28.4686779258998,675.9705302463911,74.36103022699228,45.585324100051025,34.07128627521419,14.015543284035857,10.188933220564103,111.00742226666382,52.30721659165352,492.56232990728114,67.96046048675142
1461,138.47259563052987,61.92362892414616,27.46640995025832,31.38960741249623,30.113414157923444,715.0237390315104,78.65712999612389,48.21894953186935,36.03970501086308,14.825270799684828,10.777583936173386,117.42071374092045,55.32918953147637,521.0193981503927,71.88677669990723
1462,122.7873022079694,54.909314755756014,24.355190019900125,27.83399266835092,26.702358455014558,634.0304052983134,69.74735143562387,42.7570141323696,31.957356836598937,13.145958575463728,9.55676789199228,104.12004337703837,49.06185144424024,462.0016401483685,63.74390062680555
1463,98.76480338883748,44.16668155867385,19.590263085502414,22.38846170559157,21.47822401343228,509.9866777410846,56.10175749088527,34.39189572814921,25.7051177771439,10.574041376561885,7.687051388153319,83.74966652132365,39.463234590622356,371.6141680292778,51.27284091624443
1464,97.90289858650891,43.78124592136016,19.419301961165456,22.19308114491929,21.290786952986934,505.5361047476055,55.61216633552099,34.091763099194615,25.48079328404168,10.481763391593915,7.61996770773418,83.01879644118027,39.118845190329985,368.3711500203545,50.82539095129331
1465,117.4908321533793,52.540783677279016,23.304621009142267,26.633364378481772,25.55054357350203,606.6812983876139,66.73877683855305,40.912676477713624,30.578865897672596,12.578903394009416,9.144533613297297,99.62879157890814,46.945552589843714,442.07304974679096,60.99428682503958
1466,131.10269878021765,58.62788108544999,26.004571185266162,29.718965161959193,28.510694463502585,676.9681860306323,74.47077866809822,45.65260286477519,34.12157162687976,14.036228635247106,10.203970929617833,111.17125662328534,52.3844161068028,493.2892960034987,68.06076241334513
1467,130.41472950383888,58.320227762511195,25.868110638020983,29.56301310950393,28.361082884018668,673.4157548647742,74.07998878971787,45.413038092654524,33.942516632898254,13.962572683484689,10.150424980053456,110.58787878526344,52.10952574086961,490.7007308315045,67.70360947978277
1468,130.77197381166883,58.479984022243265,25.93897100260485,29.64399489887582,28.438772232934664,675.2604387140887,74.2829156709062,45.53743776301068,34.03549517072645,14.000820277393858,10.178229979994605,110.8908115165686,52.252269060780385,492.04490448124835,67.88906958232037
1469,138.26071322799746,61.82887712715537,27.42438250863566,31.341576931065415,30.06733643033279,713.929652891189,78.53677360644265,48.145167807565855,35.98455923093825,14.80258606570604,10.76109272816582,117.24104365658927,55.244528147361216,520.2221657352464,71.7767798959322
1470,122.7873022079694,54.909314755756014,24.355190019900125,27.83399266835092,26.702358455014558,634.0304052983134,69.74735143562387,42.7570141323696,31.957356836598937,13.145958575463728,9.55676789199228,104.12004337703837,49.06185144424024,462.0016401483685,63.74390062680555
1471,98.80000087256178,44.18242153892976,19.597244600601396,22.396440433736178,21.48587835398884,510.16842515689973,56.12175085520573,34.40415220159526,25.714278484537108,10.577809719498655,7.689790874861527,83.77951295875032,39.477298371539774,371.7466026940788,51.29111336677059
1472,97.90289858650891,43.78124592136016,19.419301961165456,22.19308114491929,21.290786952986934,505.5361047476055,55.61216633552099,34.091763099194615,25.48079328404168,10.481763391593915,7.61996770773418,83.01879644118027,39.118845190329985,368.3711500203545,50.82539095129331
1473,117.4908321533793,52.540783677279016,23.304621009142267,26.633364378481772,25.55054357350203,606.6812983876139,66.73877683855305,40.912676477713624,30.578865897672596,12.578903394009416,9.144533613297297,99.62879157890814,46.945552589843714,442.07304974679096,60.99428682503958
1474,131.11512001641492,58.633435744244075,26.00703497070998,29.72178086513883,28.513395689895123,677.0323249218599,74.47783435146886,45.656928189642485,34.12480445202022,14.0375584882007,10.204937697916625,111.18178946852584,52.38937923274583,493.3360323629806,68.06721078407713
1475,130.53466131672187,58.37386012957523,25.891899434090863,29.59019980666609,28.387164263771897,674.035040528381,74.14811412638576,45.454800767834676,33.97373080302368,13.975412925233544,10.159759499812244,110.6895774571547,52.15744663074418,491.1519883578247,67.76587097934286
1476,130.85541585452313,58.51729851089609,25.955521955128614,29.662909926466416,28.456918240693184,675.6913040503123,74.33031358081065,45.566493964599935,34.05721229530463,14.009753820350577,10.184724431958712,110.96156793001877,52.28560981375,492.35886496382926,67.9323877527839
1477,138.16506970927864,61.78610625444097,27.405411360718237,31.319896016582206,30.046536987110212,713.4357834287365,78.48244484448873,48.11186280608774,35.959666477356706,14.792346197963369,10.75364861226513,117.15994074823747,55.206312077599875,519.8622957672361,71.72712744129576
1478,122.7873022079694,54.909314755756014,24.355190019900125,27.83399266835092,26.702358455014558,634.0304052983134,69.74735143562387,42.7570141323696,31.957356836598937,13.145958575463728,9.55676789199228,104.12004337703837,49.06185144424024,462.0016401483685,63.74390062680555
1479,98.76480338883748,44.16668155867385,19.590263085502414,22.38846170559157,21.47822401343228,509.9866777410846,56.10175749088527,34.39189572814921,25.7051177771439,10.574041376561885,7.687051388153319,83.74966652132365,39.463234590622356,371.6141680292778,51.27284091624443
1480,97.90289858650891,43.78124592136016,19.419301961165456,22.19308114491929,21.290786952986934,505.5361047476055,55.61216633552099,34.091763099194615,25.48079328404168,10.481763391593915,7.61996770773418,83.01879644118027,39.118845190329985,368.3711500203545,50.82539095129331
1481,117.4908321533793,52.540783677279016,23.304621009142267,26.633364378481772,25.55054357350203,606.6812983876139,66.73877683855305,40.912676477713624,30.578865897672596,12.578903394009416,9.144533613297297,99.62879157890814,46.945552589843714,442.07304974679096,60.99428682503958
1482,131.10269878021765,58.62788108544999,26.004571185266162,29.718965161959193,28.510694463502585,676.9681860306323,74.47077866809822,45.65260286477519,34.12157162687976,14.036228635247106,10.203970929617833,111.17125662328534,52.3844161068028,493.2892960034987,68.06076241334513
1483,130.21831631777061,58.23239365212626,25.829151556885666,29.518489261494533,28.31836922221996,672.4015463128355,73.96841943955747,45.3446430613973,33.891396963667596,13.941544127915035,10.135137770411845,110.421326144351,52.03104535744813,489.9617031594361,67.60164337751168
1484,130.56623514365558,58.387979644948324,25.898162187167102,29.597357107556178,28.394030573475096,674.1980766561207,74.16604913076907,45.46579541093002,33.98194839585188,13.978793309145198,10.162216950460978,110.7163511395372,52.17006251511245,491.270788588523,67.7822622417151
1485,138.19229132614478,61.798279502828926,27.410810841279353,31.32606673839666,30.052456828642793,713.5763462757421,78.49790764596793,48.12134192189305,35.96675133799146,14.795260621859361,10.755767322175325,117.18302388369146,55.21718895899349,519.964720296593,71.7412592937692
1486,122.7873022079694,54.909314755756014,24.355190019900125,27.83399266835092,26.702358455014558,634.0304052983134,69.74735143562387,42.7570141323696,31.957356836598937,13.145958575463728,9.55676789199228,104.12004337703837,49.06185144424024,462.0016401483685,63.74390062680555
1487,94.54236179773447,42.278445803066354,18.75273049499837,21.431299147444957,20.55997638608375,488.18347573880345,53.70326748194083,32.92155643786892,24.606159902655985,10.12197474389054,7.358410775500075,80.16915946793127,37.77608291981033,355.726735815675,49.08079913060536
1488,93.77472462334595,41.93516575318525,18.600467606960446,21.257287607980604,20.393039556091356,484.21966759213325,53.267223535910965,32.65424969748407,24.406370065581285,10.039789319876537,7.298664122800837,79.51822558097457,37.469359827636374,352.83841082417325,48.68228733922496
1489,110.48071402082117,49.40592546234965,21.914145315725495,25.044278429061563,24.026064382074566,570.4835160367412,62.756792022495766,38.471612013607206,28.75437067218557,11.828380164631588,8.59892286459924,93.68441629811672,44.14453515366276,415.6966572645276,57.35504835665866
1490,120.39965874434448,53.84158328750819,23.88159454862033,27.292750622421693,26.18312144530731,621.7014549449133,68.391088982049,41.9255885412742,31.33593448433976,12.89033066035059,9.370933086760969,102.09539150725088,48.107826013208545,453.0178513001055,62.50437744370175
1491,119.35922972477096,53.37631331667666,23.675222667992056,27.05690136780007,25.956861008535142,616.3290457372656,67.80009001744021,41.56329018066452,31.065146211906278,12.77893936380709,9.289954528967458,101.21313810888853,47.692104085299945,449.1031149645292,61.964248270404916
1492,121.11571912412317,54.161798684950504,24.02362704140769,27.455070495913976,26.33884195217129,625.398938680163,68.79783555974448,42.17493520194088,31.52230063671584,12.966994125715745,9.426665420016457,102.70258977989357,48.393940679351346,455.7121125466203,62.8761136156888
1493,137.74100392810604,61.596468066804015,27.321296778056396,31.223766827066626,29.954316079135566,711.2460570134217,78.24156110049074,47.96419455153207,35.849296583667126,14.74694450664577,10.720642770710448,116.80034536063279,55.03686904901017,518.2666984790027,71.50697758436259
1494,122.09545607267752,54.599927738351305,24.217960487313537,27.677161791614783,26.551903781216197,630.457955397751,69.35435936991458,42.5160993598144,31.77729282815532,13.071887556135222,9.502920199168491,103.53337807597313,48.78541201034445,459.39848783955904,63.38473505753202
1495,94.54236179773447,42.278445803066354,18.75273049499837,21.431299147444957,20.55997638608375,488.18347573880345,53.70326748194083,32.92155643786892,24.606159902655985,10.12197474389054,7.358410775500075,80.16915946793127,37.77608291981033,355.726735815675,49.08079913060536
1496,93.77472462334595,41.93516575318525,18.600467606960446,21.257287607980604,20.393039556091356,484.21966759213325,53.267223535910965,32.65424969748407,24.406370065581285,10.039789319876537,7.298664122800837,79.51822558097457,37.469359827636374,352.83841082417325,48.68228733922496
1497,110.48071402082117,49.40592546234965,21.914145315725495,25.044278429061563,24.026064382074566,570.4835160367412,62.756792022495766,38.471612013607206,28.75437067218557,11.828380164631588,8.59892286459924,93.68441629811672,44.14453515366276,415.6966572645276,57.35504835665866
1498,119.52288428906826,53.44949808269583,23.707683988824183,27.093999340154557,25.992450705190127,617.1741002979935,67.89305135957277,41.62027799937752,31.107739926526122,12.796460687952596,9.30269207313799,101.35191239602632,47.757495178493976,449.7188844762256,62.04920803494165
1499,119.63106609024847,53.49787595618139,23.72914213862519,27.11852249040506,26.015976828669338,617.7327130373795,67.95450229114446,41.65794908359186,31.135895968408104,12.808042939955541,9.311112067269518,101.44364740142953,47.8007211421159,450.1259312040283,62.10536962380351
1500,121.38338720937683,54.281497309148385,24.07671972250246,27.515746733509644,26.397051303064142,626.7810824485092,68.949880108933,42.26814262565795,31.59196553170418,12.995651433901884,9.44749853318748,102.92956449263751,48.500892225634495,456.7192451424086,63.01507104467829
1501,137.4523487310776,61.46738420565138,27.26404124717136,31.158333134060133,29.891542694572546,709.7555431877053,78.0775951601302,47.86367899237576,35.77416945758569,14.716040258449967,10.69817619094843,116.55557419052673,54.9215317287779,517.1805994112129,71.3571248889786
1502,121.88241276230058,54.50465679440399,24.17570277651286,27.628868150232957,26.505573592851174,629.3578747379803,69.23334354521062,42.44191338399447,31.7218449034193,13.049078532053466,9.486338635508384,103.35272357572141,48.70028676484308,458.59688737235365,63.27413557890781
1503,98.76480338883748,44.16668155867385,19.590263085502414,22.38846170559157,21.47822401343228,509.9866777410846,56.10175749088527,34.39189572814921,25.7051177771439,10.574041376561885,7.687051388153319,83.74966652132365,39.463234590622356,371.6141680292778,51.27284091624443
1504,97.90289858650891,43.78124592136016,19.419301961165456,22.19308114491929,21.290786952986934,505.5361047476055,55.61216633552099,34.091763099194615,25.48079328404168,10.481763391593915,7.61996770773418,83.01879644118027,39.118845190329985,368.3711500203545,50.82539095129331
1505,117.4908321533793,52.540783677279016,23.304621009142267,26.633364378481772,25.55054357350203,606.6812983876139,66.73877683855305,40.912676477713624,30.578865897672596,12.578903394009416,9.144533613297297,99.62879157890814,46.945552589843714,442.07304974679096,60.99428682503958
1506,131.0808374045105,58.61810488597242,26.00023492288504,29.714009524363036,28.505940305051706,676.8553015820718,74.45836066536589,45.64499029300877,34.115881854632555,14.033888094048782,10.202269417411962,111.15271881566208,52.375681005143065,493.20704001081054,68.04941328085681
1507,130.57443315954572,58.39164571975241,25.89978828556002,29.599215471654734,28.395813382894175,674.2404083243309,74.17070588179368,45.468650125342435,33.98408206044457,13.97967101209457,10.16285501753818,110.72330281739589,52.17333817823485,491.30163458578096,67.78651816639821
1508,130.66631208821707,58.43273310357074,25.918012716966008,29.620043011481965,28.415794146733173,674.7148387689807,74.22289622894142,45.500644220668455,34.007995019329705,13.989507832095923,10.170006128277544,110.80121346342094,52.21005003905653,491.64733984176365,67.83421626867433
1509,138.47259563052987,61.92362892414616,27.46640995025832,31.38960741249623,30.113414157923444,715.0237390315104,78.65712999612389,48.21894953186935,36.03970501086308,14.825270799684828,10.777583936173386,117.42071374092045,55.32918953147637,521.0193981503927,71.88677669990723
1510,122.7873022079694,54.909314755756014,24.355190019900125,27.83399266835092,26.702358455014558,634.0304052983134,69.74735143562387,42.7570141323696,31.957356836598937,13.145958575463728,9.55676789199228,104.12004337703837,49.06185144424024,462.0016401483685,63.74390062680555
1511,98.76480338883748,44.16668155867385,19.590263085502414,22.38846170559157,21.47822401343228,509.9866777410846,56.10175749088527,34.39189572814921,25.7051177771439,10.574041376561885,7.687051388153319,83.74966652132365,39.463234590622356,371.6141680292778,51.27284091624443
1512,97.90289858650891,43.78124592136016,19.419301961165456,22.19308114491929,21.290786952986934,505.5361047476055,55.61216633552099,34.091763099194615,25.48079328404168,10.481763391593915,7.61996770773418,83.01879644118027,39.118845190329985,368.3711500203545,50.82539095129331
1513,117.4908321533793,52.540783677279016,23.304621009142267,26.633364378481772,25.55054357350203,606.6812983876139,66.73877683855305,40.912676477713624,30.578865897672596,12.578903394009416,9.144533613297297,99.62879157890814,46.945552589843714,442.07304974679096,60.99428682503958
1514,131.09042564337508,58.62239265528001,26.002136775725706,29.71618303062516,28.5080254440401,676.9048118723385,74.46380711018315,45.64832911108902,34.118377346962134,14.034914638232573,10.203015688171837,111.16084936196889,52.37951215659216,493.243116885226,68.0543909270334
1515,130.53466131672187,58.37386012957523,25.891899434090863,29.59019980666609,28.387164263771897,674.035040528381,74.14811412638576,45.454800767834676,33.97373080302368,13.975412925233544,10.159759499812244,110.6895774571547,52.15744663074418,491.1519883578247,67.76587097934286
1516,130.78054924204346,58.48381887321841,25.94067196217087,29.645938817032533,28.440637118078744,675.30471921784,74.2877868061563,45.5404239007556,34.03772706346765,14.001738387413743,10.17889742195473,110.89808323087887,52.25569552657567,492.0771705448137,67.89352143826804
1517,138.2960468675801,61.844677995017285,27.431391030613543,31.34958652364872,30.075020380486354,714.112103367927,78.55684431190774,48.157471693226796,35.99375537506857,14.806368985877109,10.763842812141917,117.27100555020415,55.25864633177454,520.3551127024494,71.79512303052216
1518,122.7873022079694,54.909314755756014,24.355190019900125,27.83399266835092,26.702358455014558,634.0304052983134,69.74735143562387,42.7570141323696,31.957356836598937,13.145958575463728,9.55676789199228,104.12004337703837,49.06185144424024,462.0016401483685,63.74390062680555
1519,98.7743940164013,44.17097039618505,19.59216541214798,22.39063575333508,21.480309671887287,510.0362003657536,56.10720529256472,34.3952353780227,25.707613891170624,10.575068176486631,7.687797844830173,83.75779909317761,39.46706669651875,371.65025389145467,51.27781980249231
1520,97.90289858650891,43.78124592136016,19.419301961165456,22.19308114491929,21.290786952986934,505.5361047476055,55.61216633552099,34.091763099194615,25.48079328404168,10.481763391593915,7.61996770773418,83.01879644118027,39.118845190329985,368.3711500203545,50.82539095129331
1521,117.4908321533793,52.540783677279016,23.304621009142267,26.633364378481772,25.55054357350203,606.6812983876139,66.73877683855305,40.912676477713624,30.578865897672596,12.578903394009416,9.144533613297297,99.62879157890814,46.945552589843714,442.07304974679096,60.99428682503958
1522,131.061995344679,58.609678895863254,25.996497549888716,29.709738319232077,28.50184275240086,676.7580078178403,74.4476577364375,45.63842910790239,34.110977907573336,14.031870809414562,10.200802904269489,111.13674129965113,52.3681523248664,493.13614454858117,68.03963159848489
1523,130.45450134666274,58.338013352688385,25.87599948949014,29.572028774492576,28.369732003140943,673.6211226607242,74.10258054512579,45.42688745016229,33.95286789031915,13.966830770345716,10.153520497779391,110.62160414550463,52.125417288360275,490.85037705946075,67.72425666683813
1524,130.65773665784243,58.428898252595594,25.91631175739998,29.618099093325252,28.41392926158909,674.6705582652293,74.21802509369131,45.49765808292354,34.0057631265885,13.988589722076037,10.169338686317417,110.79394174911069,52.20662357326125,491.61507377819834,67.82976441272666
1525,138.2960468675801,61.844677995017285,27.431391030613543,31.34958652364872,30.075020380486354,714.112103367927,78.55684431190774,48.157471693226796,35.99375537506857,14.806368985877109,10.763842812141917,117.27100555020415,55.25864633177454,520.3551127024494,71.79512303052216
1526,122.7873022079694,54.909314755756014,24.355190019900125,27.83399266835092,26.702358455014558,634.0304052983134,69.74735143562387,42.7570141323696,31.957356836598937,13.145958575463728,9.55676789199228,104.12004337703837,49.06185144424024,462.0016401483685,63.74390062680555
1527,98.7743940164013,44.17097039618505,19.59216541214798,22.39063575333508,21.480309671887287,510.0362003657536,56.10720529256472,34.3952353780227,25.707613891170624,10.575068176486631,7.687797844830173,83.75779909317761,39.46706669651875,371.65025389145467,51.27781980249231
1528,97.90289858650891,43.78124592136016,19.419301961165456,22.19308114491929,21.290786952986934,505.5361047476055,55.61216633552099,34.091763099194615,25.48079328404168,10.481763391593915,7.61996770773418,83.01879644118027,39.118845190329985,368.3711500203545,50.82539095129331
1529,117.4908321533793,52.540783677279016,23.304621009142267,26.633364378481772,25.55054357350203,606.6812983876139,66.73877683855305,40.912676477713624,30.578865897672596,12.578903394009416,9.144533613297297,99.62879157890814,46.945552589843714,442.07304974679096,60.99428682503958
1530,131.21722735535482,58.6790971759386,26.027288234667978,29.744927028238212,28.535600809775058,677.5595712765552,74.53583478249988,45.692484023638066,34.15137951806909,14.048490390961147,10.212884905166648,111.26837350749702,52.43017803689214,493.7202232134443,68.1202188716368
1531,130.7041968586187,58.44967481289268,25.925527262569663,29.628630906179854,28.424032887230428,674.9104623872249,74.24441606322188,45.513836461513684,34.0178551360081,13.993563883604383,10.172954771588856,110.83333864140445,52.22518757318278,491.78988573818333,67.85388379940694
1532,130.87147746840586,58.52448111199828,25.958707819229428,29.66655084727024,28.460411134205387,675.7742405704304,74.33943712215377,45.57208694237064,34.0613925868901,14.011473422515955,10.185974537735841,110.9751877091336,52.29202751737326,492.4192986717439,67.9407259921689
1533,138.36988633937423,61.87769830514083,27.446037287467277,31.366324796088907,30.091078132456797,714.4933844074709,78.59878763582182,48.183184085976336,36.01297327713433,14.814274450204321,10.769589877844268,117.33361926406455,55.28815020661128,520.6329423840463,71.83345611438132
1534,122.7873022079694,54.909314755756014,24.355190019900125,27.83399266835092,26.702358455014558,634.0304052983134,69.74735143562387,42.7570141323696,31.957356836598937,13.145958575463728,9.55676789199228,104.12004337703837,49.06185144424024,462.0016401483685,63.74390062680555
1535,98.76480338883748,44.16668155867385,19.590263085502414,22.38846170559157,21.47822401343228,509.9866777410846,56.10175749088527,34.39189572814921,25.7051177771439,10.574041376561885,7.687051388153319,83.74966652132365,39.463234590622356,371.6141680292778,51.27284091624443
1536,97.90289858650891,43.78124592136016,19.419301961165456,22.19308114491929,21.290786952986934,505.5361047476055,55.61216633552099,34.091763099194615,25.48079328404168,10.481763391593915,7.61996770773418,83.01879644118027,39.118845190329985,368.3711500203545,50.82539095129331
1537,117.4908321533793,52.540783677279016,23.304621009142267,26.633364378481772,25.55054357350203,606.6812983876139,66.73877683855305,40.912676477713624,30.578865897672596,12.578903394009416,9.144533613297297,99.62879157890814,46.945552589843714,442.07304974679096,60.99428682503958
1538,131.19943632320155,58.6711411954197,26.023759335824593,29.740894074914763,28.531731822434352,677.4677046492737,74.52572887293363,45.68628882755892,34.14674911775253,14.046585632346074,10.21150019549561,111.25328723223716,52.42306931342605,493.653282366248,68.11098282063449
1539,130.7874621377271,58.48691025447804,25.94204315353134,29.647505864148275,28.44214045445952,675.3404149776887,74.29171356532451,45.542831110402894,34.039526254997746,14.002478501730609,10.179435465696406,110.90394516436466,52.25845769705243,492.1031811264177,67.89711020459465
1540,130.83454817771175,58.50796668412204,25.95138279558299,29.658179545124625,28.452380180353714,675.5835507130499,74.31846003274798,45.55922741882289,34.05178114906866,14.007519667388541,10.183100261216744,110.94387275001475,52.277271762165704,492.2803478798997,67.92155448995413
1541,138.2960468675801,61.844677995017285,27.431391030613543,31.34958652364872,30.075020380486354,714.112103367927,78.55684431190774,48.157471693226796,35.99375537506857,14.806368985877109,10.763842812141917,117.27100555020415,55.25864633177454,520.3551127024494,71.79512303052216
1542,122.7873022079694,54.909314755756014,24.355190019900125,27.83399266835092,26.702358455014558,634.0304052983134,69.74735143562387,42.7570141323696,31.957356836598937,13.145958575463728,9.55676789199228,104.12004337703837,49.06185144424024,462.0016401483685,63.74390062680555
1543,94.54236179773447,42.278445803066354,18.75273049499837,21.431299147444957,20.55997638608375,488.18347573880345,53.70326748194083,32.92155643786892,24.606159902655985,10.12197474389054,7.358410775500075,80.16915946793127,37.77608291981033,355.726735815675,49.08079913060536
1544,93.77472462334595,41.93516575318525,18.600467606960446,21.257287607980604,20.393039556091356,484.21966759213325,53.267223535910965,32.65424969748407,24.406370065581285,10.039789319876537,7.298664122800837,79.51822558097457,37.469359827636374,352.83841082417325,48.68228733922496
1545,110.48071402082117,49.40592546234965,21.914145315725495,25.044278429061563,24.026064382074566,570.4835160367412,62.756792022495766,38.471612013607206,28.75437067218557,11.828380164631588,8.59892286459924,93.68441629811672,44.14453515366276,415.6966572645276,57.35504835665866
1546,119.56136145688849,53.46670470651409,23.71531603804131,27.102721522234862,26.000818273407646,617.3727828479732,67.9149076956755,41.633676524947184,31.117754224095837,12.800580163217305,9.305686823860475,101.38453990970591,47.77286941554982,449.86365933748215,62.06918310335533
1547,119.5411052870899,53.4576463398653,23.71129817254831,27.09812976012653,25.996413196521342,617.2681871176636,67.90340150433262,41.626622918240535,31.11248223232832,12.798411479939139,9.304110247865525,101.36736326977525,47.764775702473486,449.78744312048093,62.05866729877698
1548,121.08986145453947,54.1502353808263,24.018498103440496,27.449208959967905,26.333218726075273,625.2654187767902,68.78314752657387,42.16593104007773,31.515570765149405,12.964225729903697,9.424652868702148,102.68066323186889,48.383608787364174,455.614820029045,62.862689843924564
1549,137.9307430884176,61.68131761629075,27.358932048320554,31.266777776098348,29.995578351214892,712.2258032457279,78.34933937770163,48.03026555246637,35.898679231081935,14.767258521993822,10.73541052830844,116.96123862277562,55.11268270668458,518.9806143456109,71.60547892743654
1550,122.09545607267752,54.599927738351305,24.217960487313537,27.677161791614783,26.551903781216197,630.457955397751,69.35435936991458,42.5160993598144,31.77729282815532,13.071887556135222,9.502920199168491,103.53337807597313,48.78541201034445,459.39848783955904,63.38473505753202
1551,94.54236179773447,42.278445803066354,18.75273049499837,21.431299147444957,20.55997638608375,488.18347573880345,53.70326748194083,32.92155643786892,24.606159902655985,10.12197474389054,7.358410775500075,80.16915946793127,37.77608291981033,355.726735815675,49.08079913060536
1552,93.77472462334595,41.93516575318525,18.600467606960446,21.257287607980604,20.393039556091356,484.21966759213325,53.267223535910965,32.65424969748407,24.406370065581285,10.039789319876537,7.298664122800837,79.51822558097457,37.469359827636374,352.83841082417325,48.68228733922496
1553,110.48071402082117,49.40592546234965,21.914145315725495,25.044278429061563,24.026064382074566,570.4835160367412,62.756792022495766,38.471612013607206,28.75437067218557,11.828380164631588,8.59892286459924,93.68441629811672,44.14453515366276,415.6966572645276,57.35504835665866
1554,119.75885911242476,53.55502378133989,23.754490226598065,27.147491202791098,26.04376777304908,618.3925912184922,68.02709306126866,41.702449190337056,31.169156143829145,12.821724825179446,9.321058439811251,101.55201214902972,47.85178311804402,450.60676745324355,62.171712197994175
1555,119.42962469221959,53.40779327718847,23.689185698190016,27.07285882408929,25.97216968964827,616.6925405688959,67.84007674608112,41.58780312755663,31.08346762669269,12.786476049680632,9.295433502383876,101.27283098374185,47.720231647134774,449.3679842941312,62.00079317145725
1556,120.64463179784617,53.95113290916712,23.930185609426303,27.34828224541933,26.23639534390102,622.9664095583454,68.53024198360207,42.010893097382784,31.39969263477819,12.916558173745935,9.389999802699911,102.30312149641213,48.20570935572539,453.9395911744635,62.63155295532109
1557,137.67547712976702,61.567165105258034,27.30829936223046,31.20891290983128,29.940066070981672,710.9076996933918,78.20433965698625,47.941376799270635,35.83224218765692,14.739929020833657,10.715542696100366,116.74478055089486,55.0106866507661,518.020146207213,71.47295994860868
1558,121.84636729033586,54.48853760186503,24.168553060676853,27.620697196198204,26.497734841646658,629.1717486093987,69.21286849481389,42.429361623946896,31.712463493540543,13.045219401078517,9.483533148272084,103.32215806905238,48.68588415513532,458.4612620522419,63.25542290307206
1559,98.76480338883748,44.16668155867385,19.590263085502414,22.38846170559157,21.47822401343228,509.9866777410846,56.10175749088527,34.39189572814921,25.7051177771439,10.574041376561885,7.687051388153319,83.74966652132365,39.463234590622356,371.6141680292778,51.27284091624443
1560,97.90289858650891,43.78124592136016,19.419301961165456,22.19308114491929,21.290786952986934,505.5361047476055,55.61216633552099,34.091763099194615,25.48079328404168,10.481763391593915,7.61996770773418,83.01879644118027,39.118845190329985,368.3711500203545,50.82539095129331
1561,117.4908321533793,52.540783677279016,23.304621009142267,26.633364378481772,25.55054357350203,606.6812983876139,66.73877683855305,40.912676477713624,30.578865897672596,12.578903394009416,9.144533613297297,99.62879157890814,46.945552589843714,442.07304974679096,60.99428682503958
1562,131.0808374045105,58.61810488597242,26.00023492288504,29.714009524363036,28.505940305051706,676.8553015820718,74.45836066536589,45.64499029300877,34.115881854632555,14.033888094048782,10.202269417411962,111.15271881566208,52.375681005143065,493.20704001081054,68.04941328085681
1563,130.30956940723354,58.273201166597666,25.84725185140968,29.539174933200012,28.338213885806102,672.8727451441196,74.02025428881228,45.37641922689348,33.91514703790141,13.951313943786802,10.14224017090231,110.4987060970197,52.067507153078076,490.30505362192184,67.6490165811086
1564,130.36916267658913,58.29985071036586,25.859072335881304,29.552683810685703,28.351173538890944,673.1804638091861,74.05410528664511,45.39717080473753,33.93065713820991,13.957694169072623,10.146878427732737,110.54923944760812,52.09131870423706,490.5292802942975,67.67995387976669
1565,138.53241343761667,61.950378879054085,27.478274972389887,31.4031671892317,30.126422640869993,715.3326171303797,78.69110853900226,48.23977929827831,36.05527355070296,14.83167506462019,10.782239669199987,117.47143749294206,55.35309080068125,521.2444696723435,71.91783056526701
1566,122.7873022079694,54.909314755756014,24.355190019900125,27.83399266835092,26.702358455014558,634.0304052983134,69.74735143562387,42.7570141323696,31.957356836598937,13.145958575463728,9.55676789199228,104.12004337703837,49.06185144424024,462.0016401483685,63.74390062680555
1567,98.76480338883748,44.16668155867385,19.590263085502414,22.38846170559157,21.47822401343228,509.9866777410846,56.10175749088527,34.39189572814921,25.7051177771439,10.574041376561885,7.687051388153319,83.74966652132365,39.463234590622356,371.6141680292778,51.27284091624443
1568,97.90289858650891,43.78124592136016,19.419301961165456,22.19308114491929,21.290786952986934,505.5361047476055,55.61216633552099,34.091763099194615,25.48079328404168,10.481763391593915,7.61996770773418,83.01879644118027,39.118845190329985,368.3711500203545,50.82539095129331
1569,117.4908321533793,52.540783677279016,23.304621009142267,26.633364378481772,25.55054357350203,606.6812983876139,66.73877683855305,40.912676477713624,30.578865897672596,12.578903394009416,9.144533613297297,99.62879157890814,46.945552589843714,442.07304974679096,60.99428682503958
1570,131.01338053716236,58.587938815906135,25.986854672705515,29.69871809017208,28.49127056787374,676.5069780650971,74.42004287721457,45.62150045180642,34.098325127331286,14.026665969546956,10.197019121881606,111.09551736381756,52.34872741348321,492.9532256277783,68.01439366749685
1571,130.21831631777061,58.23239365212626,25.829151556885666,29.518489261494533,28.31836922221996,672.4015463128355,73.96841943955747,45.3446430613973,33.891396963667596,13.941544127915035,10.135137770411845,110.421326144351,52.03104535744813,489.9617031594361,67.60164337751168
1572,130.3416496384122,58.287547141136976,25.85361505112324,29.546447028142808,28.34519032243146,673.038396165117,74.03847694797916,45.38759021015648,33.92349643052379,13.95474854478041,10.144737035950918,110.52590919540044,52.080325380273244,490.42575925804516,67.6656707385953
1573,138.36510416343825,61.875559761505116,27.445088730071404,31.365240750364745,30.090038160295666,714.4686909343483,78.59607119772413,48.18151883590244,36.01172863945524,14.813762456817187,10.769217672049235,117.32956411864694,55.28623940312321,520.6149488856457,71.8309734916495
1574,122.7873022079694,54.909314755756014,24.355190019900125,27.83399266835092,26.702358455014558,634.0304052983134,69.74735143562387,42.7570141323696,31.957356836598937,13.145958575463728,9.55676789199228,104.12004337703837,49.06185144424024,462.0016401483685,63.74390062680555
1575,98.76480338883748,44.16668155867385,19.590263085502414,22.38846170559157,21.47822401343228,509.9866777410846,56.10175749088527,34.39189572814921,25.7051177771439,10.574041376561885,7.687051388153319,83.74966652132365,39.463234590622356,371.6141680292778,51.27284091624443
1576,97.90289858650891,43.78124592136016,19.419301961165456,22.19308114491929,21.290786952986934,505.5361047476055,55.61216633552099,34.091763099194615,25.48079328404168,10.481763391593915,7.61996770773418,83.01879644118027,39.118845190329985,368.3711500203545,50.82539095129331
1577,117.4908321533793,52.540783677279016,23.304621009142267,26.633364378481772,25.55054357350203,606.6812983876139,66.73877683855305,40.912676477713624,30.578865897672596,12.578903394009416,9.144533613297297,99.62879157890814,46.945552589843714,442.07304974679096,60.99428682503958
1578,131.05395976033907,58.606085458904936,25.99490367022852,29.7079167758674,28.50009526671153,676.7165148889768,74.44309325204158,45.63563095543055,34.10888651838631,14.031010496849964,10.200177479546962,111.1299273589994,52.364941564160176,493.10590971910096,68.0354599986498
1579,130.37821584681748,58.30389920206384,25.860868056425932,29.554736025118554,28.35314231735782,673.2272111933693,74.05924779433256,45.40032330113119,33.93301337037959,13.958663427283028,10.14758305308897,110.5569162713507,52.09493605949169,490.56334391015054,67.68465374997328
1580,130.6821778287598,58.43982811197656,25.921159729065597,29.623639530812568,28.41924444398303,674.7967638681217,74.23190850758522,45.50616899139317,34.0121243317495,13.991206463503184,10.171240988862266,110.81466714766852,52.21638947800145,491.70703655324036,67.84245282221316
1581,138.39853162100448,61.89050820288287,27.451719155744644,31.372818240806254,30.097307576091293,714.6412985581636,78.61505912716427,48.1931589505549,36.02042866926595,14.81734129570807,10.771819394274866,117.35790962562685,55.29959593859375,520.7407236192206,71.84832704934637
1582,122.8085043026784,54.91879613103606,24.35939551213077,27.838798857086015,26.70696924067998,634.1398854518781,69.75939494439267,42.764397129200766,31.962875020434847,13.148228532159132,9.558418091111525,104.13802213364504,49.07032311844608,462.0814155188994,63.75490749961656
1583,98.76480338883748,44.16668155867385,19.590263085502414,22.38846170559157,21.47822401343228,509.9866777410846,56.10175749088527,34.39189572814921,25.7051177771439,10.574041376561885,7.687051388153319,83.74966652132365,39.463234590622356,371.6141680292778,51.27284091624443
1584,97.90289858650891,43.78124592136016,19.419301961165456,22.19308114491929,21.290786952986934,505.5361047476055,55.61216633552099,34.091763099194615,25.48079328404168,10.481763391593915,7.61996770773418,83.01879644118027,39.118845190329985,368.3711500203545,50.82539095129331
1585,117.4908321533793,52.540783677279016,23.304621009142267,26.633364378481772,25.55054357350203,606.6812983876139,66.73877683855305,40.912676477713624,30.578865897672596,12.578903394009416,9.144533613297297,99.62879157890814,46.945552589843714,442.07304974679096,60.99428682503958
1586,131.03899217072137,58.59939209505807,25.99193480876872,29.704523853535935,28.496840288908516,676.6392275250477,74.43459115357994,45.63041893896547,34.10499096409206,14.029408024040885,10.199012523746921,111.11723528048459,52.35896099739883,493.04959240592535,68.02768971191773
1587,130.41472950383888,58.320227762511195,25.868110638020983,29.56301310950393,28.361082884018668,673.4157548647742,74.07998878971787,45.413038092654524,33.942516632898254,13.962572683484689,10.150424980053456,110.58787878526344,52.10952574086961,490.7007308315045,67.70360947978277
1588,130.46499729124943,58.34270703936937,25.878081388190168,29.57440804367937,28.37201453944264,673.6753200238114,74.10854259757399,45.430542349675136,33.95559962756284,13.967954496091503,10.15433741699187,110.63050439973283,52.12961112978214,490.88986928322294,67.72970554010668
1589,138.2932998634211,61.843449560860904,27.43084615498655,31.34896382006092,30.074422993880315,714.0979188054442,78.5552839203931,48.156515130996546,35.99304042335482,14.806074883781605,10.763629007614304,117.26867617096828,55.257548717383315,520.3447767767949,71.79369694853335
1590,122.81557007511522,54.921955877327,24.36079702700439,27.84040055901012,26.708505822924042,634.1763706134649,69.7634085427408,42.76685757361565,31.964714000582052,13.148985013896963,9.55896803353995,104.14401370214915,49.073146373549825,462.10800131723545,63.75857563050604
1591,98.7743940164013,44.17097039618505,19.59216541214798,22.39063575333508,21.480309671887287,510.0362003657536,56.10720529256472,34.3952353780227,25.707613891170624,10.575068176486631,7.687797844830173,83.75779909317761,39.46706669651875,371.65025389145467,51.27781980249231
1592,97.90289858650891,43.78124592136016,19.419301961165456,22.19308114491929,21.290786952986934,505.5361047476055,55.61216633552099,34.091763099194615,25.48079328404168,10.481763391593915,7.61996770773418,83.01879644118027,39.118845190329985,368.3711500203545,50.82539095129331
1593,117.4908321533793,52.540783677279016,23.304621009142267,26.633364378481772,25.55054357350203,606.6812983876139,66.73877683855305,40.912676477713624,30.578865897672596,12.578903394009416,9.144533613297297,99.62879157890814,46.945552589843714,442.07304974679096,60.99428682503958
1594,131.1160372769341,58.63384593443194,26.007216911788912,29.721988793989023,28.51359516507488,677.037061332289,74.47835538654853,45.65724759824806,34.1250431837229,14.037656692726502,10.205009090037152,111.18256727863591,52.38974574050778,493.3394836633731,68.06768697145428
1595,130.57769134534826,58.393102749482246,25.900434555434128,29.59995405225801,28.396521935355604,674.257232448876,74.17255664181629,45.46978469132685,33.98493005534681,13.980019842753938,10.163108608299632,110.72606566372436,52.1746400443476,491.31389389238353,67.78820962364408
1596,130.66631208821707,58.43273310357074,25.918012716966008,29.620043011481965,28.415794146733173,674.7148387689807,74.22289622894142,45.500644220668455,34.007995019329705,13.989507832095923,10.170006128277544,110.80121346342094,52.21005003905653,491.64733984176365,67.83421626867433
1597,138.15800393684182,61.78294650815005,27.404009845844616,31.318294314658093,30.045000404866148,713.3992982671497,78.47843124614059,48.109402361672856,35.9578274972095,14.791589716225536,10.753098669836703,117.15394917973337,55.203488822496126,519.8357099689001,71.7234593104063
1598,122.7873022079694,54.909314755756014,24.355190019900125,27.83399266835092,26.702358455014558,634.0304052983134,69.74735143562387,42.7570141323696,31.957356836598937,13.145958575463728,9.55676789199228,104.12004337703837,49.06185144424024,462.0016401483685,63.74390062680555
1599,94.54236179773447,42.278445803066354,18.75273049499837,21.431299147444957,20.55997638608375,488.18347573880345,53.70326748194083,32.92155643786892,24.606159902655985,10.12197474389054,7.358410775500075,80.16915946793127,37.77608291981033,355.726735815675,49.08079913060536
1600,93.77472462334595,41.93516575318525,18.600467606960446,21.257287607980604,20.393039556091356,484.21966759213325,53.267223535910965,32.65424969748407,24.406370065581285,10.039789319876537,7.298664122800837,79.51822558097457,37.469359827636374,352.83841082417325,48.68228733922496
1601,110.48071402082117,49.40592546234965,21.914145315725495,25.044278429061563,24.026064382074566,570.4835160367412,62.756792022495766,38.471612013607206,28.75437067218557,11.828380164631588,8.59892286459924,93.68441629811672,44.14453515366276,415.6966572645276,57.35504835665866
1602,119.8282006634959,53.586032664057825,23.768244308838195,27.163209865791426,26.05884736938545,618.7506465787702,68.06648141368525,41.72659531640869,31.187203390175764,12.829148729292884,9.326455423839251,101.61081175758477,47.87948976862099,450.8676731800511,62.20771022760558
1603,119.56964307725309,53.47040816844469,23.716958719605486,27.104598838181754,26.002619264158213,617.415546220259,67.91961193687666,41.63656035212313,31.119909648088523,12.80146681710002,9.306331398031997,101.39156248171527,47.7761784843276,449.89481990639047,62.07348243053375
1604,121.08986145453947,54.1502353808263,24.018498103440496,27.449208959967905,26.333218726075273,625.2654187767902,68.78314752657387,42.16593104007773,31.515570765149405,12.964225729903697,9.424652868702148,102.68066323186889,48.383608787364174,455.614820029045,62.862689843924564
1605,137.9307430884176,61.68131761629075,27.358932048320554,31.266777776098348,29.995578351214892,712.2258032457279,78.34933937770163,48.03026555246637,35.898679231081935,14.767258521993822,10.73541052830844,116.96123862277562,55.11268270668458,518.9806143456109,71.60547892743654
1606,122.6773647128267,54.860151752614,24.333383623502737,27.809071529285614,26.678450523574096,633.4627267733405,69.68490321034496,42.71873168012113,31.928743847317303,13.134188353860614,9.548211248880058,104.0268195944714,49.017923961855224,461.58798741590834,63.68682758554214
1607,94.57281293601186,42.292063262740754,18.758770559774877,21.438201952086114,20.566598546478392,488.3407146975283,53.72056476109639,32.93216013813973,24.61408529782725,10.125234929554466,7.360780845167956,80.19498114314776,37.78825021394913,355.841311798497,49.09660755946911
1608,93.77472462334595,41.93516575318525,18.600467606960446,21.257287607980604,20.393039556091356,484.21966759213325,53.267223535910965,32.65424969748407,24.406370065581285,10.039789319876537,7.298664122800837,79.51822558097457,37.469359827636374,352.83841082417325,48.68228733922496
1609,110.48071402082117,49.40592546234965,21.914145315725495,25.044278429061563,24.026064382074566,570.4835160367412,62.756792022495766,38.471612013607206,28.75437067218557,11.828380164631588,8.59892286459924,93.68441629811672,44.14453515366276,415.6966572645276,57.35504835665866
1610,119.59780823033036,53.48300335726025,23.722545353099353,27.11098344514158,26.008744295003307,617.5609811561176,67.93561069891958,41.6463680262597,31.12724007909452,12.804482258672294,9.308523545149505,101.4154457082981,47.78743237240343,450.00079460151557,62.08810411116858
1611,119.46730403448412,53.424643120999576,23.696659496572867,27.08140015138844,25.980363756016725,616.8871034285543,67.86147989021353,41.6009238341829,31.09327427741685,12.79051010746717,9.298366156834861,101.30478196466943,47.73528709879351,449.5097572430672,62.02035405605852
1612,121.38184410964924,54.28080724961359,24.07641364454155,27.515396936537712,26.396715727631527,626.7731144247144,68.94900357596042,42.267605287222516,31.591563915350193,12.995486225246495,9.44737843081805,102.92825598917109,48.500275652680806,456.7134390485191,63.01426995862196
1613,137.6348787969962,61.549009916630325,27.30024657426831,31.199709892284904,29.931237216410967,710.698064194295,78.18127842726174,47.92723964130056,35.821675823024755,14.735582447603027,10.712382851099164,116.71035435133577,54.99446486451075,517.8673902137989,71.45188369688539
1614,121.84636729033586,54.48853760186503,24.168553060676853,27.620697196198204,26.497734841646658,629.1717486093987,69.21286849481389,42.429361623946896,31.712463493540543,13.045219401078517,9.483533148272084,103.32215806905238,48.68588415513532,458.4612620522419,63.25542290307206
1615,98.7743940164013,44.17097039618505,19.59216541214798,22.39063575333508,21.480309671887287,510.0362003657536,56.10720529256472,34.3952353780227,25.707613891170624,10.575068176486631,7.687797844830173,83.75779909317761,39.46706669651875,371.65025389145467,51.27781980249231
1616,97.90289858650891,43.78124592136016,19.419301961165456,22.19308114491929,21.290786952986934,505.5361047476055,55.61216633552099,34.091763099194615,25.48079328404168,10.481763391593915,7.61996770773418,83.01879644118027,39.118845190329985,368.3711500203545,50.82539095129331
1617,117.4908321533793,52.540783677279016,23.304621009142267,26.633364378481772,25.55054357350203,606.6812983876139,66.73877683855305,40.912676477713624,30.578865897672596,12.578903394009416,9.144533613297297,99.62879157890814,46.945552589843714,442.07304974679096,60.99428682503958
1618,131.2090245620661,58.67542896472728,26.025661188665268,29.74306758117689,28.533816961422747,677.5172149395406,74.53117531775088,45.68962764563918,34.1492446100821,14.047612176529869,10.212246466255484,111.26141777854396,52.42690046487515,493.68935924066335,68.11596046681109
1619,130.75585964640217,58.47277792066158,25.935774714796384,29.640342065481622,28.435267911156952,675.177230837123,74.27376227859499,45.53182648578863,34.03130120180385,13.999095048927524,10.176975784043904,110.87714717541625,52.24583035931661,491.9842730425821,67.8807040613669
1620,130.91083845495552,58.5420829711538,25.966515176256987,29.67547337746141,28.468970905070066,675.977486849209,74.36179549726556,45.585793231440476,34.07163691240251,14.015687521933131,10.189038077741124,111.008564675263,52.30775489992889,492.56739900473264,67.96115988696158
1621,138.41759821856726,61.89903460413177,27.45550106640091,31.377140345186998,30.101453958603845,714.739751756198,78.62588960113818,48.19979832422619,36.025391055856545,14.819382619991837,10.77330338361351,117.37407754307101,55.307214336916296,520.8124639310253,71.85822529842
1622,122.7873022079694,54.909314755756014,24.355190019900125,27.83399266835092,26.702358455014558,634.0304052983134,69.74735143562387,42.7570141323696,31.957356836598937,13.145958575463728,9.55676789199228,104.12004337703837,49.06185144424024,462.0016401483685,63.74390062680555
1623,98.80000087256178,44.18242153892976,19.597244600601396,22.396440433736178,21.48587835398884,510.16842515689973,56.12175085520573,34.40415220159526,25.714278484537108,10.577809719498655,7.689790874861527,83.77951295875032,39.477298371539774,371.7466026940788,51.29111336677059
1624,97.90289858650891,43.78124592136016,19.419301961165456,22.19308114491929,21.290786952986934,505.5361047476055,55.61216633552099,34.091763099194615,25.48079328404168,10.481763391593915,7.61996770773418,83.01879644118027,39.118845190329985,368.3711500203545,50.82539095129331
1625,117.4908321533793,52.540783677279016,23.304621009142267,26.633364378481772,25.55054357350203,606.6812983876139,66.73877683855305,40.912676477713624,30.578865897672596,12.578903394009416,9.144533613297297,99.62879157890814,46.945552589843714,442.07304974679096,60.99428682503958
1626,131.20636832847933,58.67424112230824,26.025134317624207,29.742465453881554,28.533239314548037,677.5034990843395,74.52966648699932,45.68870269155217,34.14855328285976,14.047327792590563,10.212039726573126,111.25916537010022,52.42583911948117,493.6793648499434,68.11458150753147
1627,130.7911932859848,58.48857878852349,25.94278323677427,29.64835165806493,28.442951861310508,675.3596813138612,74.29383298406007,45.54413037144957,34.04049734593417,14.002877969098591,10.179725868020004,110.90710906903111,52.259948543729934,492.11722000978517,67.89904719595685
1628,130.99643988194873,58.5803631158739,25.983494448404056,29.694877904220153,28.4875865106476,676.4195024849845,74.41042001058675,45.615601374122036,34.09391605119742,14.024852254711014,10.19570059865564,111.08115218334727,52.34195847325475,492.8894844236542,68.00559908187545
1629,138.526771329944,61.94785578211724,27.477155845232527,31.401888210210487,30.125195660727844,715.3034832724799,78.68790363051737,48.23781460263666,36.053805102052614,14.831071004490115,10.781800533291959,117.46665315054628,55.350836396166365,521.2232405798251,71.91490151686912
1630,122.7873022079694,54.909314755756014,24.355190019900125,27.83399266835092,26.702358455014558,634.0304052983134,69.74735143562387,42.7570141323696,31.957356836598937,13.145958575463728,9.55676789199228,104.12004337703837,49.06185144424024,462.0016401483685,63.74390062680555
1631,98.76480338883748,44.16668155867385,19.590263085502414,22.38846170559157,21.47822401343228,509.9866777410846,56.10175749088527,34.39189572814921,25.7051177771439,10.574041376561885,7.687051388153319,83.74966652132365,39.463234590622356,371.6141680292778,51.27284091624443
1632,97.90289858650891,43.78124592136016,19.419301961165456,22.19308114491929,21.290786952986934,505.5361047476055,55.61216633552099,34.091763099194615,25.48079328404168,10.481763391593915,7.61996770773418,83.01879644118027,39.118845190329985,368.3711500203545,50.82539095129331
1633,117.4908321533793,52.540783677279016,23.304621009142267,26.633364378481772,25.55054357350203,606.6812983876139,66.73877683855305,40.912676477713624,30.578865897672596,12.578903394009416,9.144533613297297,99.62879157890814,46.945552589843714,442.07304974679096,60.99428682503958
1634,131.1807566949203,58.66278784315631,26.020054181561004,29.736659690517694,28.527669593513263,677.3712496243892,74.51511821063393,45.679784204393115,34.141887446098984,14.044585738096634,10.210046324707813,111.2374474534332,52.41560553556556,493.58299807179634,68.1012854631106
1635,130.91112509886776,58.54221115558752,25.96657203284415,29.675538355227093,28.46903324106374,675.9789669774681,74.36195832072796,45.585893046629714,34.071711516059594,14.015718210847446,10.18906038777879,111.00880774092239,52.3078694336045,492.5684775361054,67.96130869551693
1636,131.01354774611116,58.58801359015913,25.986887839048027,29.698755993868726,28.491306930536712,676.5078414732483,74.42013785756764,45.62155867733349,34.098368646131256,14.026683871413638,10.197032136070243,111.0956591521189,52.34879422479398,492.953854771079,68.01448047248748
1637,138.58176874190661,61.972450102131624,27.48806472908994,31.414355277519714,30.137155860047443,715.5874705477923,78.71914402550306,48.25696581027983,36.06811905705914,14.836959184183106,10.786081085851835,117.51328934839573,55.372811590726435,521.4301747991925,71.94345291835636
1638,122.7873022079694,54.909314755756014,24.355190019900125,27.83399266835092,26.702358455014558,634.0304052983134,69.74735143562387,42.7570141323696,31.957356836598937,13.145958575463728,9.55676789199228,104.12004337703837,49.06185144424024,462.0016401483685,63.74390062680555
1639,98.76480338883748,44.16668155867385,19.590263085502414,22.38846170559157,21.47822401343228,509.9866777410846,56.10175749088527,34.39189572814921,25.7051177771439,10.574041376561885,7.687051388153319,83.74966652132365,39.463234590622356,371.6141680292778,51.27284091624443
1640,97.90289858650891,43.78124592136016,19.419301961165456,22.19308114491929,21.290786952986934,505.5361047476055,55.61216633552099,34.091763099194615,25.48079328404168,10.481763391593915,7.61996770773418,83.01879644118027,39.118845190329985,368.3711500203545,50.82539095129331
1641,117.4908321533793,52.540783677279016,23.304621009142267,26.633364378481772,25.55054357350203,606.6812983876139,66.73877683855305,40.912676477713624,30.578865897672596,12.578903394009416,9.144533613297297,99.62879157890814,46.945552589843714,442.07304974679096,60.99428682503958
1642,131.11512001641492,58.633435744244075,26.00703497070998,29.72178086513883,28.513395689895123,677.0323249218599,74.47783435146886,45.656928189642485,34.12480445202022,14.0375584882007,10.204937697916625,111.18178946852584,52.38937923274583,493.3360323629806,68.06721078407713
1643,130.49270142536784,58.35509606488739,25.883576577339678,29.580688144732722,28.37803931323124,673.8183744200534,74.12427948521487,45.440189487715685,33.96281007102036,13.970920579659923,10.156493682132135,110.65399669571347,52.1406808095297,490.99410934039037,67.74408788698163
1644,130.77523199747134,58.4814410519731,25.93961727247896,29.644733479479097,28.43948078539609,675.2772628386338,74.28476643092881,45.53857232899511,34.03634316562868,14.001169108053224,10.178483570756056,110.89357436289708,52.25357092689314,492.0571637878509,67.89076103956623
1645,138.0747386577334,61.74571106656469,27.38749395488294,31.299419356689672,30.026892837637053,712.9693456766859,78.43113374403794,48.08040771278363,35.936156378219856,14.782675098099311,10.746617975729153,117.08334265677315,55.17021869862648,519.5224145806658,71.68023290521857
1646,122.81557007511522,54.921955877327,24.36079702700439,27.84040055901012,26.708505822924042,634.1763706134649,69.7634085427408,42.76685757361565,31.964714000582052,13.148985013896963,9.55896803353995,104.14401370214915,49.073146373549825,462.10800131723545,63.75857563050604
1647,98.7743940164013,44.17097039618505,19.59216541214798,22.39063575333508,21.480309671887287,510.0362003657536,56.10720529256472,34.3952353780227,25.707613891170624,10.575068176486631,7.687797844830173,83.75779909317761,39.46706669651875,371.65025389145467,51.27781980249231
1648,97.90289858650891,43.78124592136016,19.419301961165456,22.19308114491929,21.290786952986934,505.5361047476055,55.61216633552099,34.091763099194615,25.48079328404168,10.481763391593915,7.61996770773418,83.01879644118027,39.118845190329985,368.3711500203545,50.82539095129331
1649,117.4908321533793,52.540783677279016,23.304621009142267,26.633364378481772,25.55054357350203,606.6812983876139,66.73877683855305,40.912676477713624,30.578865897672596,12.578903394009416,9.144533613297297,99.62879157890814,46.945552589843714,442.07304974679096,60.99428682503958
1650,131.21722735535482,58.6790971759386,26.027288234667978,29.744927028238212,28.535600809775058,677.5595712765552,74.53583478249988,45.692484023638066,34.15137951806909,14.048490390961147,10.212884905166648,111.26837350749702,52.43017803689214,493.7202232134443,68.1202188716368
1651,130.6613961451221,58.43053474053263,25.917037626496125,29.618928642800483,28.41472508444166,674.6894545693372,74.22010380656127,45.498932390172904,34.00671556661065,13.988981517215443,10.169623511131599,110.7970448873623,52.20808578651985,491.62884302872254,67.83166420195
1652,130.87147746840586,58.52448111199828,25.95870781922943,29.66655084727024,28.46041113420539,675.7742405704304,74.33943712215377,45.57208694237064,34.0613925868901,14.011473422515957,10.18597453773584,110.97518770913359,52.29202751737326,492.4192986717439,67.9407259921689
1653,138.26071322799746,61.82887712715537,27.42438250863566,31.341576931065415,30.06733643033279,713.929652891189,78.53677360644265,48.145167807565855,35.98455923093825,14.80258606570604,10.76109272816582,117.24104365658927,55.244528147361216,520.2221657352464,71.7767798959322
1654,122.7873022079694,54.909314755756014,24.355190019900125,27.83399266835092,26.702358455014558,634.0304052983134,69.74735143562387,42.7570141323696,31.957356836598937,13.145958575463728,9.55676789199228,104.12004337703837,49.06185144424024,462.0016401483685,63.74390062680555
1655,94.60897545424073,42.30823479725681,18.76594349205065,21.446399438708525,20.57446275154699,488.52744521181575,53.74110629774026,32.94475265605624,24.623497170865985,10.129106591836091,7.363595442336301,80.22564590162771,37.802699591574424,355.97737751891924,49.11538099879831
1656,93.77472462334595,41.93516575318525,18.600467606960446,21.257287607980604,20.393039556091356,484.21966759213325,53.267223535910965,32.65424969748407,24.406370065581285,10.039789319876537,7.298664122800837,79.51822558097457,37.469359827636374,352.83841082417325,48.68228733922496
1657,110.48071402082117,49.40592546234965,21.914145315725495,25.044278429061563,24.026064382074566,570.4835160367412,62.756792022495766,38.471612013607206,28.75437067218557,11.828380164631588,8.59892286459924,93.68441629811672,44.14453515366276,415.6966572645276,57.35504835665866
1658,120.1566683112358,53.732920274849086,23.83339674587558,27.23766842897003,26.13027870400319,620.4467378852734,68.25306217611087,41.840974373557884,31.27269234252951,12.86431541194591,9.352020681915873,101.88934272223374,48.01073486194798,452.10357126774164,62.37823119125694
1659,119.42962469221959,53.40779327718847,23.689185698190016,27.07285882408929,25.97216968964827,616.6925405688959,67.84007674608112,41.58780312755663,31.08346762669269,12.786476049680632,9.295433502383876,101.27283098374185,47.720231647134774,449.3679842941312,62.00079317145725
1660,120.88878075010018,54.06031400057913,23.978613207544182,27.40362705734063,26.289490026512908,624.2271088030326,68.6689268677007,42.09591068482229,31.463236299702498,12.942697456512633,9.409002377280567,102.51015267180264,48.30326341392486,454.8582302711252,62.75830064234379
1661,137.82113045637539,61.632299888840265,27.337190089388624,31.241930278500814,29.97174106723392,711.6598021994486,78.28707568568012,47.99209622409905,35.87015079261167,14.755523081160263,10.726879169905573,116.8682903146226,55.06888502913193,518.5681839487064,71.5485745358692
1662,122.6773647128267,54.860151752614,24.333383623502737,27.809071529285614,26.678450523574096,633.4627267733405,69.68490321034496,42.71873168012113,31.928743847317303,13.134188353860614,9.548211248880058,104.0268195944714,49.017923961855224,461.58798741590834,63.68682758554214
1663,94.54236179773447,42.278445803066354,18.75273049499837,21.431299147444957,20.55997638608375,488.18347573880345,53.70326748194083,32.92155643786892,24.606159902655985,10.12197474389054,7.358410775500075,80.16915946793127,37.77608291981033,355.726735815675,49.08079913060536
1664,93.77472462334595,41.93516575318525,18.600467606960446,21.257287607980604,20.393039556091356,484.21966759213325,53.267223535910965,32.65424969748407,24.406370065581285,10.039789319876537,7.298664122800837,79.51822558097457,37.469359827636374,352.83841082417325,48.68228733922496
1665,110.48071402082117,49.40592546234965,21.914145315725495,25.044278429061563,24.026064382074566,570.4835160367412,62.756792022495766,38.471612013607206,28.75437067218557,11.828380164631588,8.59892286459924,93.68441629811672,44.14453515366276,415.6966572645276,57.35504835665866
1666,119.56136145688849,53.46670470651409,23.71531603804131,27.102721522234862,26.000818273407646,617.3727828479732,67.9149076956755,41.633676524947184,31.117754224095837,12.800580163217305,9.305686823860475,101.38453990970591,47.77286941554982,449.86365933748215,62.06918310335533
1667,119.61229808009428,53.489483080384254,23.725419453580553,27.114268071196904,26.01189537948353,617.6358016396151,67.94384142494387,41.65141368407604,31.131011293960295,12.80603358329085,9.30965131755344,101.42773267738056,47.793222049705435,450.0553143624035,62.09562638364171
1668,121.40215283083175,54.2898891167419,24.080441933742197,27.520000611236423,26.401132232783336,626.8779815118716,68.96053961827141,42.27467719338053,31.596849584454844,12.99766053482562,9.448959096986576,102.94547719113929,48.50839036359766,456.789852996272,63.02481304476879
1669,137.4523487310776,61.46738420565138,27.26404124717136,31.158333134060133,29.891542694572546,709.7555431877053,78.0775951601302,47.86367899237576,35.77416945758569,14.716040258449967,10.69817619094843,116.55557419052673,54.9215317287779,517.1805994112129,71.3571248889786
1670,121.84636729033586,54.48853760186503,24.168553060676853,27.620697196198204,26.497734841646658,629.1717486093987,69.21286849481389,42.429361623946896,31.712463493540543,13.045219401078517,9.483533148272084,103.32215806905238,48.68588415513532,458.4612620522419,63.25542290307206
1671,98.7743940164013,44.17097039618505,19.59216541214798,22.39063575333508,21.480309671887287,510.0362003657536,56.10720529256472,34.3952353780227,25.707613891170624,10.575068176486631,7.687797844830173,83.75779909317761,39.46706669651875,371.65025389145467,51.27781980249231
1672,97.90289858650891,43.78124592136016,19.419301961165456,22.19308114491929,21.290786952986934,505.5361047476055,55.61216633552099,34.091763099194615,25.48079328404168,10.481763391593915,7.61996770773418,83.01879644118027,39.118845190329985,368.3711500203545,50.82539095129331
1673,117.4908321533793,52.540783677279016,23.304621009142267,26.633364378481772,25.55054357350203,606.6812983876139,66.73877683855305,40.912676477713624,30.578865897672596,12.578903394009416,9.144533613297297,99.62879157890814,46.945552589843714,442.07304974679096,60.99428682503958
1674,131.23463619562514,58.68688224387922,26.03074132472847,29.74887334454075,28.53938668245753,677.649464399491,74.54572359411627,45.69854613279822,34.155910446842874,14.050354231023798,10.2142398681208,111.28313569521099,52.43713404879076,493.7857260188104,68.12925651123196
1675,130.69562142824404,58.445839961917535,25.92382630300364,29.626686988023142,28.422168002086348,674.8661818834735,74.23954492797176,45.51085032376877,34.0156232432669,13.9926457735845,10.172287329628729,110.82606692709419,52.22176110738749,491.75761967461796,67.84943194345927
1676,130.7293594167152,58.460927269765136,25.93051832331297,29.634334871044143,28.42950494854178,675.0403929795693,74.25870924949616,45.522598571542915,34.0244040937061,13.99625785879922,10.174913221061828,110.8546757552051,52.235241721006595,491.88456281717987,67.86694671042441
1677,138.15800393684182,61.78294650815005,27.404009845844616,31.318294314658093,30.045000404866148,713.3992982671497,78.47843124614059,48.109402361672856,35.9578274972095,14.791589716225536,10.753098669836703,117.15394917973337,55.203488822496126,519.8357099689001,71.7234593104063
1678,122.81557007511522,54.921955877327,24.36079702700439,27.84040055901012,26.708505822924042,634.1763706134649,69.7634085427408,42.76685757361565,31.964714000582052,13.148985013896963,9.55896803353995,104.14401370214915,49.073146373549825,462.10800131723545,63.75857563050604
1679,98.80000087256178,44.18242153892976,19.597244600601396,22.396440433736178,21.48587835398884,510.16842515689973,56.12175085520573,34.40415220159526,25.714278484537108,10.577809719498655,7.689790874861527,83.77951295875032,39.477298371539774,371.7466026940788,51.29111336677059
1680,97.90289858650891,43.78124592136016,19.419301961165456,22.19308114491929,21.290786952986934,505.5361047476055,55.61216633552099,34.091763099194615,25.48079328404168,10.481763391593915,7.61996770773418,83.01879644118027,39.118845190329985,368.3711500203545,50.82539095129331
1681,117.4908321533793,52.540783677279016,23.304621009142267,26.633364378481772,25.55054357350203,606.6812983876139,66.73877683855305,40.912676477713624,30.578865897672596,12.578903394009416,9.144533613297297,99.62879157890814,46.945552589843714,442.07304974679096,60.99428682503958
1682,131.1993025560425,58.6710813760173,26.023732802750587,29.740863751957445,28.53170273230397,677.4670139227528,74.52565288865117,45.68624224713727,34.146714302712546,14.046571310852729,10.2114897841447,111.25317380159612,52.423015864377426,493.6527790516074,68.11091337664199
1683,130.75585964640217,58.47277792066158,25.935774714796384,29.640342065481622,28.435267911156952,675.177230837123,74.27376227859499,45.53182648578863,34.03130120180385,13.999095048927524,10.176975784043904,110.87714717541625,52.24583035931661,491.9842730425821,67.8807040613669
1684,131.01354774611116,58.58801359015913,25.986887839048027,29.698755993868726,28.491306930536712,676.5078414732483,74.42013785756764,45.62155867733349,34.098368646131256,14.026683871413638,10.197032136070243,111.0956591521189,52.34879422479398,492.953854771079,68.01448047248748
1685,138.58883451434343,61.97560984842256,27.48946624396356,31.41595697944382,30.13869244229151,715.6239557093791,78.72315762385121,48.25942625469472,36.069958037206355,14.837715665920939,10.786631028280263,117.51928091689983,55.375634845830184,521.4567605975285,71.94712104924584
1686,122.7873022079694,54.909314755756014,24.355190019900125,27.83399266835092,26.702358455014558,634.0304052983134,69.74735143562387,42.7570141323696,31.957356836598937,13.145958575463728,9.55676789199228,104.12004337703837,49.06185144424024,462.0016401483685,63.74390062680555
1687,98.76480338883748,44.16668155867385,19.590263085502414,22.38846170559157,21.47822401343228,509.9866777410846,56.10175749088527,34.39189572814921,25.7051177771439,10.574041376561885,7.687051388153319,83.74966652132365,39.463234590622356,371.6141680292778,51.27284091624443
1688,97.90289858650891,43.78124592136016,19.419301961165456,22.19308114491929,21.290786952986934,505.5361047476055,55.61216633552099,34.091763099194615,25.48079328404168,10.481763391593915,7.61996770773418,83.01879644118027,39.118845190329985,368.3711500203545,50.82539095129331
1689,117.4908321533793,52.540783677279016,23.304621009142267,26.633364378481772,25.55054357350203,606.6812983876139,66.73877683855305,40.912676477713624,30.578865897672596,12.578903394009416,9.144533613297297,99.62879157890814,46.945552589843714,442.07304974679096,60.99428682503958
1690,131.1807566949203,58.66278784315631,26.020054181561004,29.736659690517694,28.527669593513263,677.3712496243892,74.51511821063393,45.679784204393115,34.141887446098984,14.044585738096634,10.210046324707813,111.2374474534332,52.41560553556556,493.58299807179634,68.1012854631106
1691,131.24940313450426,58.69348587862248,26.033670386577256,29.752220782436236,28.542598025064972,677.7257156736388,74.5541117161542,45.70368827863083,34.15975377857716,14.051935221592858,10.215389206894477,111.29565762776421,52.44303444197919,493.8412883600252,68.13692263197528
1692,131.637466440299,58.86702410138556,26.11064378189116,29.840188764581914,28.62698953223416,679.7295379796109,74.77454483327485,45.83881974541733,34.26075345293655,14.093482385272653,10.245592907718509,111.62472396854876,52.59809204091246,495.3014221078527,68.338382134356
1693,138.58883451434343,61.97560984842256,27.48946624396356,31.41595697944382,30.13869244229151,715.6239557093791,78.72315762385121,48.25942625469472,36.069958037206355,14.837715665920939,10.786631028280263,117.51928091689983,55.375634845830184,521.4567605975285,71.94712104924584
1694,122.7873022079694,54.909314755756014,24.355190019900125,27.83399266835092,26.702358455014558,634.0304052983134,69.74735143562387,42.7570141323696,31.957356836598937,13.145958575463728,9.55676789199228,104.12004337703837,49.06185144424024,462.0016401483685,63.74390062680555
1695,98.76480338883748,44.16668155867385,19.590263085502414,22.38846170559157,21.47822401343228,509.9866777410846,56.10175749088527,34.39189572814921,25.7051177771439,10.574041376561885,7.687051388153319,83.74966652132365,39.463234590622356,371.6141680292778,51.27284091624443
1696,97.90289858650891,43.78124592136016,19.419301961165456,22.19308114491929,21.290786952986934,505.5361047476055,55.61216633552099,34.091763099194615,25.48079328404168,10.481763391593915,7.61996770773418,83.01879644118027,39.118845190329985,368.3711500203545,50.82539095129331
1697,117.4908321533793,52.540783677279016,23.304621009142267,26.633364378481772,25.55054357350203,606.6812983876139,66.73877683855305,40.912676477713624,30.578865897672596,12.578903394009416,9.144533613297297,99.62879157890814,46.945552589843714,442.07304974679096,60.99428682503958
1698,131.1807566949203,58.66278784315631,26.020054181561004,29.736659690517694,28.527669593513263,677.3712496243892,74.51511821063393,45.679784204393115,34.141887446098984,14.044585738096634,10.210046324707813,111.2374474534332,52.41560553556556,493.58299807179634,68.1012854631106
1699,130.7911932859848,58.48857878852349,25.94278323677427,29.64835165806493,28.442951861310508,675.3596813138612,74.29383298406007,45.54413037144957,34.04049734593417,14.002877969098591,10.179725868020004,110.90710906903111,52.259948543729934,492.11722000978517,67.89904719595685
1700,130.9434824191616,58.55668104174609,25.97299019392531,29.682873262010048,28.476069935816316,676.146048789116,74.38033837590848,45.597160517909,34.08013302555049,14.01918247779156,10.19157881919714,111.03624580277386,52.32079837668609,492.6902257525556,67.9781067012738
1701,138.38933035142145,61.8863934825608,27.44989405929664,31.370732454527797,30.095306590694353,714.5937864410465,78.60983249402125,48.189954882980125,36.01803389187343,14.816356181558602,10.771103242065836,117.35010721796023,55.29591940760671,520.7061027621583,71.84355029471949
1702,122.7873022079694,54.909314755756014,24.355190019900125,27.83399266835092,26.702358455014558,634.0304052983134,69.74735143562387,42.7570141323696,31.957356836598937,13.145958575463728,9.55676789199228,104.12004337703837,49.06185144424024,462.0016401483685,63.74390062680555
1703,98.76480338883748,44.16668155867385,19.590263085502414,22.38846170559157,21.47822401343228,509.9866777410846,56.10175749088527,34.39189572814921,25.7051177771439,10.574041376561885,7.687051388153319,83.74966652132365,39.463234590622356,371.6141680292778,51.27284091624443
1704,97.90289858650891,43.78124592136016,19.419301961165456,22.19308114491929,21.290786952986934,505.5361047476055,55.61216633552099,34.091763099194615,25.48079328404168,10.481763391593915,7.61996770773418,83.01879644118027,39.118845190329985,368.3711500203545,50.82539095129331
1705,117.4908321533793,52.540783677279016,23.304621009142267,26.633364378481772,25.55054357350203,606.6812983876139,66.73877683855305,40.912676477713624,30.578865897672596,12.578903394009416,9.144533613297297,99.62879157890814,46.945552589843714,442.07304974679096,60.99428682503958
1706,131.19096121819618,58.667351208996365,26.02207827606408,29.738972898976044,28.52988875488806,677.4239421904131,74.52091472589535,45.68333762513024,34.1445433362913,14.0456782634462,10.210840562048666,111.24610059090769,52.41968293441723,493.621393788663,68.1065830476812
1707,130.45775953246527,58.33947038241822,25.87664575936425,29.57276735509585,28.37044055560237,673.6379467852693,74.1044313051484,45.428022016146706,33.953715885221385,13.967179601005084,10.153774088540844,110.6243669918331,52.12671915447303,490.8626363660633,67.72594812408398
1708,130.99643988194873,58.5803631158739,25.983494448404056,29.694877904220153,28.4875865106476,676.4195024849845,74.41042001058675,45.615601374122036,34.09391605119742,14.024852254711014,10.19570059865564,111.08115218334727,52.34195847325475,492.8894844236542,68.00559908187545
1709,138.38933035142145,61.8863934825608,27.44989405929664,31.370732454527797,30.095306590694353,714.5937864410465,78.60983249402125,48.189954882980125,36.01803389187343,14.816356181558602,10.771103242065836,117.35010721796023,55.29591940760671,520.7061027621583,71.84355029471949
1710,122.7873022079694,54.909314755756014,24.355190019900125,27.83399266835092,26.702358455014558,634.0304052983134,69.74735143562387,42.7570141323696,31.957356836598937,13.145958575463728,9.55676789199228,104.12004337703837,49.06185144424024,462.0016401483685,63.74390062680555
1711,94.54236179773447,42.278445803066354,18.75273049499837,21.431299147444957,20.55997638608375,488.18347573880345,53.70326748194083,32.92155643786892,24.606159902655985,10.12197474389054,7.358410775500075,80.16915946793127,37.77608291981033,355.726735815675,49.08079913060536
1712,93.77472462334595,41.93516575318525,18.600467606960446,21.257287607980604,20.393039556091356,484.21966759213325,53.267223535910965,32.65424969748407,24.406370065581285,10.039789319876537,7.298664122800837,79.51822558097457,37.469359827636374,352.83841082417325,48.68228733922496
1713,110.48071402082117,49.40592546234965,21.914145315725495,25.044278429061563,24.026064382074566,570.4835160367412,62.756792022495766,38.471612013607206,28.75437067218557,11.828380164631588,8.59892286459924,93.68441629811672,44.14453515366276,415.6966572645276,57.35504835665866
1714,119.56136145688849,53.46670470651409,23.71531603804131,27.102721522234862,26.000818273407646,617.3727828479732,67.9149076956755,41.633676524947184,31.117754224095837,12.800580163217305,9.305686823860475,101.38453990970591,47.77286941554982,449.86365933748215,62.06918310335533
1715,118.87557067424278,53.16002558527149,23.57928760085859,26.9472633007988,25.851680447475655,613.8316006568842,67.5253552756094,41.39487034826478,30.939266217908198,12.727157447203675,9.252310430582348,100.8030093706954,47.498849505551256,447.28329100392006,61.71316111481366
1716,120.71586042133958,53.982985672740305,23.944313997531946,27.36442867871041,26.25188531886241,623.3342090963292,68.57070225714612,42.03569634011695,31.418231021867303,12.924184113211941,9.395543661142536,102.36352128722486,48.234170019666784,454.20759723280776,62.66853064125525
1717,137.296123021506,61.39752155287251,27.23305345955659,31.122919168799626,29.857568539086945,708.9488486176921,77.98885365939817,47.809278050650704,35.733509221078705,14.699314288667095,10.68601684858737,116.42309935506161,54.85910896667672,516.5927818375912,71.27602174616813
1718,121.76057954479968,54.45017413726302,24.15153683174812,27.60125043389176,26.479078717673236,628.7287708902549,69.16413814624214,42.39948860139233,31.690135862368525,13.036034720506331,9.476856125833088,103.24941256828949,48.651606134920314,458.1384755879281,63.21088698259721
1719,94.54236179773447,42.278445803066354,18.75273049499837,21.431299147444957,20.55997638608375,488.18347573880345,53.70326748194083,32.92155643786892,24.606159902655985,10.12197474389054,7.358410775500075,80.16915946793127,37.77608291981033,355.726735815675,49.08079913060536
1720,93.77472462334595,41.93516575318525,18.600467606960446,21.257287607980604,20.393039556091356,484.21966759213325,53.267223535910965,32.65424969748407,24.406370065581285,10.039789319876537,7.298664122800837,79.51822558097457,37.469359827636374,352.83841082417325,48.68228733922496
1721,110.48071402082117,49.40592546234965,21.914145315725495,25.044278429061563,24.026064382074566,570.4835160367412,62.756792022495766,38.471612013607206,28.75437067218557,11.828380164631588,8.59892286459924,93.68441629811672,44.14453515366276,415.6966572645276,57.35504835665866
1722,119.60725792463734,53.487229170758205,23.724419725256226,27.113125545483626,26.01079930492809,617.6097760510592,67.94097844573002,41.64965860033181,31.129699512989834,12.805493969880835,9.309259032724508,101.42345877286952,47.79120816590932,450.03635018576756,62.09300983321008
1723,119.46730403448412,53.424643120999576,23.696659496572867,27.08140015138844,25.980363756016725,616.8871034285543,67.86147989021353,41.6009238341829,31.09327427741685,12.79051010746717,9.298366156834861,101.30478196466943,47.73528709879351,449.5097572430672,62.02035405605852
1724,121.42092084098591,54.298281992539025,24.084164618786833,27.52425503044458,26.405213681969144,626.974892909636,68.97120048447202,42.28121259289636,31.601734258902653,12.999669891490308,9.450419846702653,102.96139191518824,48.515889456008125,456.86046983789674,63.03455628493058
1725,137.296123021506,61.39752155287251,27.23305345955659,31.122919168799626,29.857568539086945,708.9488486176921,77.98885365939817,47.809278050650704,35.733509221078705,14.699314288667095,10.68601684858737,116.42309935506161,54.85910896667672,516.5927818375912,71.27602174616813
1726,121.88241276230058,54.50465679440399,24.17570277651286,27.628868150232957,26.505573592851174,629.3578747379803,69.23334354521062,42.44191338399447,31.7218449034193,13.049078532053466,9.486338635508384,103.35272357572141,48.70028676484308,458.59688737235365,63.27413557890781
1727,98.76480338883748,44.16668155867385,19.590263085502414,22.38846170559157,21.47822401343228,509.9866777410846,56.10175749088527,34.39189572814921,25.7051177771439,10.574041376561885,7.687051388153319,83.74966652132365,39.463234590622356,371.6141680292778,51.27284091624443
1728,97.90289858650891,43.78124592136016,19.419301961165456,22.19308114491929,21.290786952986934,505.5361047476055,55.61216633552099,34.091763099194615,25.48079328404168,10.481763391593915,7.61996770773418,83.01879644118027,39.118845190329985,368.3711500203545,50.82539095129331
1729,117.4908321533793,52.540783677279016,23.304621009142267,26.633364378481772,25.55054357350203,606.6812983876139,66.73877683855305,40.912676477713624,30.578865897672596,12.578903394009416,9.144533613297297,99.62879157890814,46.945552589843714,442.07304974679096,60.99428682503958
1730,131.1807566949203,58.66278784315631,26.020054181561004,29.736659690517694,28.527669593513263,677.3712496243892,74.51511821063393,45.679784204393115,34.141887446098984,14.044585738096634,10.210046324707813,111.2374474534332,52.41560553556556,493.58299807179634,68.1012854631106
1731,131.24940313450426,58.69348587862248,26.033670386577256,29.752220782436236,28.542598025064972,677.7257156736388,74.5541117161542,45.70368827863083,34.15975377857716,14.051935221592858,10.215389206894477,111.29565762776421,52.44303444197919,493.8412883600252,68.13692263197528
1732,131.60919857315318,58.854382979814574,26.105036774786896,29.833780873922716,28.620842164324667,679.5835726644593,74.7584877261579,45.82897630417127,34.25339628895343,14.090455946839418,10.243392766170837,111.600753643438,52.58679711160287,495.19506093898576,68.32370713065552
1733,138.58883451434343,61.97560984842256,27.48946624396356,31.41595697944382,30.13869244229151,715.6239557093791,78.72315762385121,48.25942625469472,36.069958037206355,14.837715665920939,10.786631028280263,117.51928091689983,55.375634845830184,521.4567605975285,71.94712104924584
1734,122.7873022079694,54.909314755756014,24.355190019900125,27.83399266835092,26.702358455014558,634.0304052983134,69.74735143562387,42.7570141323696,31.957356836598937,13.145958575463728,9.55676789199228,104.12004337703837,49.06185144424024,462.0016401483685,63.74390062680555
1735,98.76480338883748,44.16668155867385,19.590263085502414,22.38846170559157,21.47822401343228,509.9866777410846,56.10175749088527,34.39189572814921,25.7051177771439,10.574041376561885,7.687051388153319,83.74966652132365,39.463234590622356,371.6141680292778,51.27284091624443
1736,97.90289858650891,43.78124592136016,19.419301961165456,22.19308114491929,21.290786952986934,505.5361047476055,55.61216633552099,34.091763099194615,25.48079328404168,10.481763391593915,7.61996770773418,83.01879644118027,39.118845190329985,368.3711500203545,50.82539095129331
1737,117.4908321533793,52.540783677279016,23.304621009142267,26.633364378481772,25.55054357350203,606.6812983876139,66.73877683855305,40.912676477713624,30.578865897672596,12.578903394009416,9.144533613297297,99.62879157890814,46.945552589843714,442.07304974679096,60.99428682503958
1738,131.17116845605574,58.65850007384872,26.018152328720333,29.73448618425557,28.52558445452486,677.3217393341223,74.50967176581668,45.67644538631287,34.13939195376941,14.04355919391284,10.209300053947938,111.2293169071264,52.411774384116455,493.5469211973809,68.09630781693402
1739,131.24940313450426,58.69348587862248,26.033670386577256,29.752220782436236,28.542598025064972,677.7257156736388,74.5541117161542,45.70368827863083,34.15975377857716,14.051935221592858,10.215389206894477,111.29565762776421,52.44303444197919,493.8412883600252,68.13692263197528
1740,131.637466440299,58.86702410138556,26.11064378189116,29.840188764581914,28.62698953223416,679.7295379796109,74.77454483327485,45.83881974541733,34.26075345293655,14.093482385272653,10.245592907718509,111.62472396854876,52.59809204091246,495.3014221078527,68.338382134356
1741,138.58883451434343,61.97560984842256,27.48946624396356,31.41595697944382,30.13869244229151,715.6239557093791,78.72315762385121,48.25942625469472,36.069958037206355,14.837715665920939,10.786631028280263,117.51928091689983,55.375634845830184,521.4567605975285,71.94712104924584
1742,122.7873022079694,54.909314755756014,24.355190019900125,27.83399266835092,26.702358455014558,634.0304052983134,69.74735143562387,42.7570141323696,31.957356836598937,13.145958575463728,9.55676789199228,104.12004337703837,49.06185144424024,462.0016401483685,63.74390062680555
1743,98.76480338883748,44.16668155867385,19.590263085502414,22.38846170559157,21.47822401343228,509.9866777410846,56.10175749088527,34.39189572814921,25.7051177771439,10.574041376561885,7.687051388153319,83.74966652132365,39.463234590622356,371.6141680292778,51.27284091624443
1744,97.90289858650891,43.78124592136016,19.419301961165456,22.19308114491929,21.290786952986934,505.5361047476055,55.61216633552099,34.091763099194615,25.48079328404168,10.481763391593915,7.61996770773418,83.01879644118027,39.118845190329985,368.3711500203545,50.82539095129331
1745,117.4908321533793,52.540783677279016,23.304621009142267,26.633364378481772,25.55054357350203,606.6812983876139,66.73877683855305,40.912676477713624,30.578865897672596,12.578903394009416,9.144533613297297,99.62879157890814,46.945552589843714,442.07304974679096,60.99428682503958
1746,131.2090245620661,58.67542896472728,26.025661188665268,29.74306758117689,28.533816961422747,677.5172149395406,74.53117531775088,45.68962764563918,34.1492446100821,14.047612176529869,10.212246466255484,111.26141777854396,52.42690046487515,493.68935924066335,68.11596046681109
1747,130.75585964640217,58.47277792066158,25.935774714796384,29.640342065481622,28.435267911156952,675.177230837123,74.27376227859499,45.53182648578863,34.03130120180385,13.999095048927524,10.176975784043904,110.87714717541625,52.24583035931661,491.9842730425821,67.8807040613669
1748,130.9434824191616,58.55668104174608,25.972990193925302,29.682873262010048,28.476069935816316,676.146048789116,74.38033837590848,45.597160517909,34.08013302555049,14.01918247779156,10.191578819197138,111.03624580277386,52.32079837668609,492.6902257525556,67.9781067012738
1749,138.47259563052987,61.92362892414616,27.46640995025832,31.38960741249623,30.113414157923444,715.0237390315104,78.65712999612389,48.21894953186935,36.03970501086308,14.825270799684828,10.777583936173386,117.42071374092045,55.32918953147637,521.0193981503927,71.88677669990723
1750,122.7873022079694,54.909314755756014,24.355190019900125,27.83399266835092,26.702358455014558,634.0304052983134,69.74735143562387,42.7570141323696,31.957356836598937,13.145958575463728,9.55676789199228,104.12004337703837,49.06185144424024,462.0016401483685,63.74390062680555
1751,98.76480338883748,44.16668155867385,19.590263085502414,22.38846170559157,21.47822401343228,509.9866777410846,56.10175749088527,34.39189572814921,25.7051177771439,10.574041376561885,7.687051388153319,83.74966652132365,39.463234590622356,371.6141680292778,51.27284091624443
1752,97.90289858650891,43.78124592136016,19.419301961165456,22.19308114491929,21.290786952986934,505.5361047476055,55.61216633552099,34.091763099194615,25.48079328404168,10.481763391593915,7.61996770773418,83.01879644118027,39.118845190329985,368.3711500203545,50.82539095129331
1753,117.4908321533793,52.540783677279016,23.304621009142267,26.633364378481772,25.55054357350203,606.6812983876139,66.73877683855305,40.912676477713624,30.578865897672596,12.578903394009416,9.144533613297297,99.62879157890814,46.945552589843714,442.07304974679096,60.99428682503958
1754,131.2090245620661,58.67542896472728,26.025661188665268,29.74306758117689,28.533816961422747,677.5172149395406,74.53117531775088,45.68962764563918,34.1492446100821,14.047612176529869,10.212246466255484,111.26141777854396,52.42690046487515,493.68935924066335,68.11596046681109
1755,130.65300703329044,58.42678320943941,25.915373623711762,29.617026960191467,28.412900717693464,674.6461361489543,74.21533850656172,45.496011132301,34.004532166246555,13.988083354989861,10.168970570695954,110.78993116573065,52.20473376761371,491.5972780105495,67.82730907156332
1756,130.81852000561875,58.50079903787046,25.948203564750674,29.654546205060132,28.4488945593741,675.500786874562,74.30935548747549,45.553646086157606,34.047609561243185,14.0058036455965,10.181852758277342,110.93028132856021,52.2708674208046,492.22004000064527,67.91323361156726
1757,138.39875615873575,61.890608614022604,27.45176369340459,31.37286914005604,30.097356405953004,714.6424579919666,78.6151866722098,48.19323713911981,36.02048710879732,14.817365335357616,10.771836870471036,117.35810002706005,55.29968565663964,520.7415684687958,71.84844361604806
1758,122.7873022079694,54.909314755756014,24.355190019900125,27.83399266835092,26.702358455014558,634.0304052983134,69.74735143562387,42.7570141323696,31.957356836598937,13.145958575463728,9.55676789199228,104.12004337703837,49.06185144424024,462.0016401483685,63.74390062680555
1759,98.76480338883748,44.16668155867385,19.590263085502414,22.38846170559157,21.47822401343228,509.9866777410846,56.10175749088527,34.39189572814921,25.7051177771439,10.574041376561885,7.687051388153319,83.74966652132365,39.463234590622356,371.6141680292778,51.27284091624443
1760,97.90289858650891,43.78124592136016,19.419301961165456,22.19308114491929,21.290786952986934,505.5361047476055,55.61216633552099,34.091763099194615,25.48079328404168,10.481763391593915,7.61996770773418,83.01879644118027,39.118845190329985,368.3711500203545,50.82539095129331
1761,117.4908321533793,52.540783677279016,23.304621009142267,26.633364378481772,25.55054357350203,606.6812983876139,66.73877683855305,40.912676477713624,30.578865897672596,12.578903394009416,9.144533613297297,99.62879157890814,46.945552589843714,442.07304974679096,60.99428682503958
1762,131.17116845605574,58.65850007384872,26.018152328720333,29.73448618425557,28.52558445452486,677.3217393341223,74.50967176581668,45.67644538631287,34.13939195376941,14.04355919391284,10.209300053947938,111.2293169071264,52.411774384116455,493.5469211973809,68.09630781693402
1763,130.88285723172194,58.52957003401654,25.960965025739885,29.669130464567896,28.46288587315425,675.8330016623166,74.34590121361101,45.576049605383666,34.064354352076485,14.01269177241421,10.186860246231118,110.98483741581163,52.29657450429491,492.4621163672384,67.94663369181644
1764,131.01354774611116,58.58801359015913,25.986887839048027,29.698755993868726,28.491306930536712,676.5078414732483,74.42013785756764,45.62155867733349,34.098368646131256,14.026683871413638,10.197032136070243,111.0956591521189,52.34879422479398,492.953854771079,68.01448047248748
1765,138.58176874190661,61.972450102131624,27.48806472908994,31.414355277519714,30.137155860047443,715.5874705477923,78.71914402550306,48.25696581027983,36.06811905705914,14.836959184183106,10.786081085851835,117.51328934839573,55.372811590726435,521.4301747991925,71.94345291835636
1766,122.7873022079694,54.909314755756014,24.355190019900125,27.83399266835092,26.702358455014558,634.0304052983134,69.74735143562387,42.7570141323696,31.957356836598937,13.145958575463728,9.55676789199228,104.12004337703837,49.06185144424024,462.0016401483685,63.74390062680555
1767,94.54236179773447,42.278445803066354,18.75273049499837,21.431299147444957,20.55997638608375,488.18347573880345,53.70326748194083,32.92155643786892,24.606159902655985,10.12197474389054,7.358410775500075,80.16915946793127,37.77608291981033,355.726735815675,49.08079913060536
1768,93.77472462334595,41.93516575318525,18.600467606960446,21.257287607980604,20.393039556091356,484.21966759213325,53.267223535910965,32.65424969748407,24.406370065581285,10.039789319876537,7.298664122800837,79.51822558097457,37.469359827636374,352.83841082417325,48.68228733922496
1769,110.48071402082117,49.40592546234965,21.914145315725495,25.044278429061563,24.026064382074566,570.4835160367412,62.756792022495766,38.471612013607206,28.75437067218557,11.828380164631588,8.59892286459924,93.68441629811672,44.14453515366276,415.6966572645276,57.35504835665866
1770,120.35670037669615,53.822372713709605,23.873073641423854,27.283012621271194,26.173779357722026,621.4796330564831,68.36668717248409,41.910629571579335,31.324753882930906,12.885731415058777,9.367589555782997,102.05896406709606,48.090661233024015,452.8562153983898,62.48207600153938
1771,119.21380093589386,53.311278944234175,23.646376478493835,27.02393489838033,25.925234842144604,615.5781026650119,67.7174815337919,41.51264894440102,31.027296046482917,12.763369343130037,9.278635531358423,101.08981874659399,47.633995424980014,448.55592207261105,61.88875024984611
1772,120.82136210194035,54.03016502177068,23.96524053824295,27.388344286851765,26.27482860080077,623.8789826364927,68.63063078934438,42.07243415231185,31.44568951955551,12.93547942386605,9.4037550564219,102.45298362871272,48.27632509342177,454.60455969227604,62.723300870124554
1773,137.89860552845644,61.66694600486469,27.35255747728956,31.25949268560242,29.988589447390797,712.0598561990784,78.33108415384228,48.0190746061655,35.89031491772814,14.76381778321735,10.7329092012523,116.933986911263,55.09984157275428,518.859693003213,71.58879500823876
1774,122.82455636176407,54.92597445932379,24.362579481012016,27.842437611964314,26.71046005632573,634.2227726343875,69.76851305828704,42.769986779798494,31.967052825231747,13.149947111360698,9.55966745322073,104.1516338105712,49.076737004280155,462.1418132757683,63.76324077871637
1775,94.56796865389494,42.289896945811066,18.75780968345179,21.437103827846055,20.5655450681853,488.31570052994965,53.71781304458184,32.930473261441485,24.612824496022473,10.124716286902563,7.360403805531427,80.19087333350397,37.786314594831346,355.8230846182991,49.09409269488364
1776,93.77472462334595,41.93516575318525,18.600467606960446,21.257287607980604,20.393039556091356,484.21966759213325,53.267223535910965,32.65424969748407,24.406370065581285,10.039789319876537,7.298664122800837,79.51822558097457,37.469359827636374,352.83841082417325,48.68228733922496
1777,110.48071402082117,49.40592546234965,21.914145315725495,25.044278429061563,24.026064382074566,570.4835160367412,62.756792022495766,38.471612013607206,28.75437067218557,11.828380164631588,8.59892286459924,93.68441629811672,44.14453515366276,415.6966572645276,57.35504835665866
1778,119.53791637356619,53.45622028804028,23.710665643016096,27.0974068824833,25.995719708591718,617.2517206907811,67.90159009331342,41.625512474260184,31.11165226664322,12.798070065767398,9.303862048696509,101.36465916431449,47.763501515332344,449.77544445896007,62.05701180359867
1779,119.61229808009428,53.489483080384254,23.725419453580553,27.114268071196904,26.01189537948353,617.6358016396151,67.94384142494387,41.65141368407604,31.131011293960295,12.80603358329085,9.30965131755344,101.42773267738056,47.793222049705435,450.0553143624035,62.09562638364171
1780,121.31219441637244,54.249660568629416,24.062598441470218,27.499608422439277,26.381569120101954,626.4134679265578,68.90944018832174,42.24335185982244,31.57343647007221,12.988029330550168,9.441957463499563,102.86919508503222,48.472445878402546,456.451373900486,62.97811195981355
1781,137.52154457149337,61.49832792794884,27.277766427313015,31.17401876669624,29.906590603445466,710.1128461494517,78.11690074395341,47.88777437905953,35.79217878040663,14.723448562365297,10.703561834040618,116.61425024070492,54.94918015806977,517.4409568845726,71.39304727424104
1782,121.80347102886851,54.46935480136042,24.160044472407595,27.610973273563598,26.48840626019333,628.9502474154247,69.18850196366583,42.41442428087637,31.701299056257394,13.040626805051472,9.480194451135604,103.28578329312377,48.668744190580526,458.29985983232353,63.23315370276334
1783,98.76480338883748,44.16668155867385,19.590263085502414,22.38846170559157,21.47822401343228,509.9866777410846,56.10175749088527,34.39189572814921,25.7051177771439,10.574041376561885,7.687051388153319,83.74966652132365,39.463234590622356,371.6141680292778,51.27284091624443
1784,97.90289858650891,43.78124592136016,19.419301961165456,22.19308114491929,21.290786952986934,505.5361047476055,55.61216633552099,34.091763099194615,25.48079328404168,10.481763391593915,7.61996770773418,83.01879644118027,39.118845190329985,368.3711500203545,50.82539095129331
1785,117.4908321533793,52.540783677279016,23.304621009142267,26.633364378481772,25.55054357350203,606.6812983876139,66.73877683855305,40.912676477713624,30.578865897672596,12.578903394009416,9.144533613297297,99.62879157890814,46.945552589843714,442.07304974679096,60.99428682503958
1786,131.1807566949203,58.66278784315631,26.020054181561004,29.736659690517694,28.527669593513263,677.3712496243892,74.51511821063393,45.679784204393115,34.141887446098984,14.044585738096634,10.210046324707813,111.2374474534332,52.41560553556556,493.58299807179634,68.1012854631106
1787,130.78103653669427,58.48403678675572,25.940768618369052,29.646049279234195,28.440743089267993,675.3072354358804,74.28806360604239,45.54059358657732,34.037853889684705,14.001790558568077,10.178935349018762,110.89849644249985,52.25589023382421,492.0790040481473,67.89377441281215
1788,130.82110457822748,58.50195483418107,25.948716221644947,29.65513208791405,28.4494566222504,675.5141326976982,74.31082361236145,45.554546086447296,34.048282237551255,14.006080357307228,10.182053920450285,110.9324729705891,52.27190013277968,492.2297647585221,67.91457536870803
1789,138.41759821856726,61.89903460413177,27.45550106640091,31.377140345186998,30.101453958603845,714.739751756198,78.62588960113818,48.19979832422619,36.025391055856545,14.819382619991837,10.77330338361351,117.37407754307101,55.307214336916296,520.8124639310253,71.85822529842
1790,122.7873022079694,54.909314755756014,24.355190019900125,27.83399266835092,26.702358455014558,634.0304052983134,69.74735143562387,42.7570141323696,31.957356836598937,13.145958575463728,9.55676789199228,104.12004337703837,49.06185144424024,462.0016401483685,63.74390062680555
1791,98.7743940164013,44.17097039618505,19.59216541214798,22.39063575333508,21.480309671887287,510.0362003657536,56.10720529256472,34.3952353780227,25.707613891170624,10.575068176486631,7.687797844830173,83.75779909317761,39.46706669651875,371.65025389145467,51.27781980249231
1792,97.90289858650891,43.78124592136016,19.419301961165456,22.19308114491929,21.290786952986934,505.5361047476055,55.61216633552099,34.091763099194615,25.48079328404168,10.481763391593915,7.61996770773418,83.01879644118027,39.118845190329985,368.3711500203545,50.82539095129331
1793,117.4908321533793,52.540783677279016,23.304621009142267,26.633364378481772,25.55054357350203,606.6812983876139,66.73877683855305,40.912676477713624,30.578865897672596,12.578903394009416,9.144533613297297,99.62879157890814,46.945552589843714,442.07304974679096,60.99428682503958
1794,131.13396207624643,58.641861734353235,26.010772343706304,29.726052070269787,28.517493242545967,677.1296186860912,74.48853728039724,45.663489374748856,34.12970839907945,14.03957577283492,10.2064042110591,111.19776698453681,52.39690791302249,493.40692782520995,68.07699246644907
1795,130.42380656105993,58.32428693624533,25.869911096614544,29.565070738750588,28.363056857151676,673.462625592979,74.08514486602718,45.41619890698062,33.944879082039364,13.963544499104623,10.151131464579498,110.59557586447765,52.113152640597214,490.734884324972,67.70832175070232
1796,130.44861559166466,58.335381298982874,25.87483203423368,29.57069456437053,28.368452037404168,673.590730693804,74.09923723669785,45.42483791160978,33.95133602856029,13.966200624638475,10.15306239833935,110.61661319729836,52.12306553022112,490.8282312152755,67.7212011311682
1797,138.26071322799746,61.82887712715537,27.42438250863566,31.341576931065415,30.06733643033279,713.929652891189,78.53677360644265,48.145167807565855,35.98455923093825,14.80258606570604,10.76109272816582,117.24104365658927,55.244528147361216,520.2221657352464,71.7767798959322
1798,122.7873022079694,54.909314755756014,24.355190019900125,27.83399266835092,26.702358455014558,634.0304052983134,69.74735143562387,42.7570141323696,31.957356836598937,13.145958575463728,9.55676789199228,104.12004337703837,49.06185144424024,462.0016401483685,63.74390062680555
1799,98.76480338883748,44.16668155867385,19.590263085502414,22.38846170559157,21.47822401343228,509.9866777410846,56.10175749088527,34.39189572814921,25.7051177771439,10.574041376561885,7.687051388153319,83.74966652132365,39.463234590622356,371.6141680292778,51.27284091624443
1800,97.90289858650891,43.78124592136016,19.419301961165456,22.19308114491929,21.290786952986934,505.5361047476055,55.61216633552099,34.091763099194615,25.48079328404168,10.481763391593915,7.61996770773418,83.01879644118027,39.118845190329985,368.3711500203545,50.82539095129331
1801,117.4908321533793,52.540783677279016,23.304621009142267,26.633364378481772,25.55054357350203,606.6812983876139,66.73877683855305,40.912676477713624,30.578865897672596,12.578903394009416,9.144533613297297,99.62879157890814,46.945552589843714,442.07304974679096,60.99428682503958
1802,130.99145227787568,58.57813270672737,25.98250514378738,29.693747291097253,28.486501864357674,676.3937482532762,74.40758688234102,45.61386458982917,34.092617947564094,14.024318267601956,10.195312404000278,111.07692284087379,52.33996558729917,492.87071797776997,68.00300981301228
1803,130.1584220723072,58.20560951470267,25.81727137299752,29.50491215735487,28.30534411634176,672.092273513097,73.93439747708912,45.32378667760454,33.875808529519155,13.935131679269185,10.130476088041867,110.37053757482022,52.00711354592975,489.73634402911915,67.57054982987047
1804,130.66942695206345,58.43412604108372,25.918630558546536,29.620749103202396,28.41647153119776,674.7309228293963,74.22466557723283,45.501728879058255,34.00880571240339,13.989841318298133,10.170248564020163,110.80385477691972,52.21129463833148,491.6590598826799,67.83583332164251
1805,138.43644027839878,61.90746059424094,27.45923843939723,31.381411550317953,30.10555151125469,714.8370455204293,78.63659253006658,48.206359509332565,36.030295002915764,14.821399904626057,10.774769896755984,117.39005505908197,55.31474301719296,520.8833593932546,71.86800698079192
1806,122.92740897487585,54.97196917054597,24.382980572096642,27.86575271725447,26.73282724978922,634.7538673225564,69.82693683032029,42.805802133286114,31.99382186078904,13.160958805298362,9.567672666568681,104.2388498202568,49.11783359598305,462.528808307801,63.81663576851995
1807,98.886944748544,44.22130201408106,19.614490151098362,22.41614927303088,21.504785899803412,510.61737272668864,56.17113792507583,34.43442781207978,25.736907017126043,10.587118178691904,7.6965578811191016,83.85323882433943,39.5120383442464,372.07373923492895,51.33624948175203
1808,97.90289858650891,43.78124592136016,19.419301961165456,22.19308114491929,21.290786952986934,505.5361047476055,55.61216633552099,34.091763099194615,25.48079328404168,10.481763391593915,7.61996770773418,83.01879644118027,39.118845190329985,368.3711500203545,50.82539095129331
1809,117.4908321533793,52.540783677279016,23.304621009142267,26.633364378481772,25.55054357350203,606.6812983876139,66.73877683855305,40.912676477713624,30.578865897672596,12.578903394009416,9.144533613297297,99.62879157890814,46.945552589843714,442.07304974679096,60.99428682503958
1810,131.24195994758296,58.69015735616049,26.032194010530542,29.750533526453978,28.5409793670959,677.6872816765109,74.54988373358056,45.70109641088343,34.157816570281454,14.051138332784513,10.214809889583123,111.28934602280856,52.44006038420256,493.8132824953818,68.13305856982124
1811,130.41472950383888,58.320227762511195,25.868110638020983,29.56301310950393,28.361082884018668,673.4157548647742,74.07998878971787,45.413038092654524,33.942516632898254,13.962572683484689,10.150424980053456,110.58787878526344,52.10952574086961,490.7007308315045,67.70360947978277
1812,130.81500384029522,58.49922664215029,25.947506123948116,29.653749144467742,28.44812990451837,675.4826306345836,74.30735818633671,45.55242168650287,34.04669442304958,14.005427194914253,10.181579088481993,110.92729972313828,52.26946247438381,492.2068100158073,67.91140822662157
1813,138.26071322799746,61.82887712715537,27.42438250863566,31.341576931065415,30.06733643033279,713.929652891189,78.53677360644265,48.145167807565855,35.98455923093825,14.80258606570604,10.76109272816582,117.24104365658927,55.244528147361216,520.2221657352464,71.7767798959322
1814,122.7873022079694,54.909314755756014,24.355190019900125,27.83399266835092,26.702358455014558,634.0304052983134,69.74735143562387,42.7570141323696,31.957356836598937,13.145958575463728,9.55676789199228,104.12004337703837,49.06185144424024,462.0016401483685,63.74390062680555
1815,98.9349122185588,44.24275261085872,19.624004627155546,22.427022760636707,21.515217308878153,510.86505985644663,56.19838507464618,34.45113105220671,25.7493913174425,10.592253712761353,7.70029128000526,83.89391383689218,39.531204600412174,372.25422247238185,51.36115135341921
1816,97.90289858650891,43.78124592136016,19.419301961165456,22.19308114491929,21.290786952986934,505.5361047476055,55.61216633552099,34.091763099194615,25.48079328404168,10.481763391593915,7.61996770773418,83.01879644118027,39.118845190329985,368.3711500203545,50.82539095129331
1817,117.4908321533793,52.540783677279016,23.304621009142267,26.633364378481772,25.55054357350203,606.6812983876139,66.73877683855305,40.912676477713624,30.578865897672596,12.578903394009416,9.144533613297297,99.62879157890814,46.945552589843714,442.07304974679096,60.99428682503958
1818,131.01338053716236,58.587938815906135,25.986854672705515,29.69871809017208,28.49127056787374,676.5069780650971,74.42004287721457,45.62150045180642,34.098325127331286,14.026665969546956,10.197019121881606,111.09551736381756,52.34872741348321,492.9532256277783,68.01439366749685
1819,130.06906083266506,58.16564801749376,25.7995463319488,29.4846553389029,28.28591087031387,671.630843528323,73.88363726268612,45.292669292357374,33.852550839422115,13.92556441023189,10.123520933799988,110.29476185550352,51.971407672558826,489.400111873693,67.52415876273889
1820,130.4560253367962,58.33869486659427,25.8763017770119,29.572374239613463,28.37006342284064,673.6289920093017,74.10344622320088,45.42741813425177,33.953264533096,13.966993933073484,10.153639112812975,110.62289644459374,52.12602622573559,490.8561112512587,67.72504783232411
1821,138.0747386577334,61.74571106656469,27.38749395488294,31.299419356689672,30.026892837637053,712.9693456766859,78.43113374403794,48.08040771278363,35.936156378219856,14.782675098099311,10.746617975729153,117.08334265677315,55.17021869862648,519.5224145806658,71.68023290521857
1822,122.81557007511522,54.921955877327,24.36079702700439,27.84040055901012,26.708505822924042,634.1763706134649,69.7634085427408,42.76685757361565,31.964714000582052,13.148985013896963,9.55896803353995,104.14401370214915,49.073146373549825,462.10800131723545,63.75857563050604
1823,94.76425523890197,42.377674441404444,18.79674365292777,21.481598977342276,20.608231198253463,489.3292553585738,53.829310481046356,32.99882420765679,24.66391121530459,10.14573128820173,7.37568116157307,80.35731862041683,37.8647443925461,356.5616359390112,49.19599307337612
1824,93.77472462334595,41.93516575318525,18.600467606960446,21.257287607980604,20.393039556091356,484.21966759213325,53.267223535910965,32.65424969748407,24.406370065581285,10.039789319876537,7.298664122800837,79.51822558097457,37.469359827636374,352.83841082417325,48.68228733922496
1825,110.48071402082117,49.40592546234965,21.914145315725495,25.044278429061563,24.026064382074566,570.4835160367412,62.756792022495766,38.471612013607206,28.75437067218557,11.828380164631588,8.59892286459924,93.68441629811672,44.14453515366276,415.6966572645276,57.35504835665866
1826,120.36432988216036,53.8257845560535,23.874586974252228,27.284742112801144,26.175438534086982,621.5190291369794,68.37102099030828,41.913286319199734,31.32673958360372,12.886548251661425,9.36818337461883,102.06543366473029,48.0937097376898,452.88492230842536,62.48603678925438
1827,119.06916997257251,53.24660135179884,23.6176885398299,26.99114928374173,25.893782177603125,614.8312792830794,67.63532624211393,41.46228552708092,30.98965352790512,12.747884739931152,9.267378630020886,100.96717591705142,47.57620555005719,448.0117310930134,61.813666413099696
1828,120.85005038015747,54.04299414717776,23.970930935008386,27.394847478233967,26.281067394834313,624.027118806424,68.6469267042062,42.082423989168795,31.453156102235685,12.938550872706948,9.405987919358147,102.47731045012392,48.287788005455575,454.71250270715626,62.73819412637289
1829,137.89860552845644,61.66694600486469,27.35255747728956,31.25949268560242,29.988589447390797,712.0598561990784,78.33108415384228,48.0190746061655,35.89031491772814,14.76381778321735,10.7329092012523,116.933986911263,55.09984157275428,518.859693003213,71.58879500823876
1830,123.33990389679086,55.156432979875525,24.46480004385658,27.95925897096195,26.82253186148589,636.8838458938121,70.0612479338861,42.949441181369274,32.10118025352086,13.205121687441496,9.599777926269642,104.58863345741054,49.28265328186734,464.08086887962486,64.030778720102
1831,94.56796865389494,42.289896945811066,18.75780968345179,21.437103827846055,20.5655450681853,488.31570052994965,53.71781304458184,32.930473261441485,24.612824496022473,10.124716286902563,7.360403805531427,80.19087333350397,37.786314594831346,355.8230846182991,49.09409269488364
1832,93.77472462334595,41.93516575318525,18.600467606960446,21.257287607980604,20.393039556091356,484.21966759213325,53.267223535910965,32.65424969748407,24.406370065581285,10.039789319876537,7.298664122800837,79.51822558097457,37.469359827636374,352.83841082417325,48.68228733922496
1833,110.48071402082117,49.40592546234965,21.914145315725495,25.044278429061563,24.026064382074566,570.4835160367412,62.756792022495766,38.471612013607206,28.75437067218557,11.828380164631588,8.59892286459924,93.68441629811672,44.14453515366276,415.6966572645276,57.35504835665866
1834,120.4418001768429,53.86042853567071,23.889953414543385,27.30230343693999,26.19228587531063,621.9190584678051,68.41502674474609,41.94026303767972,31.34690246532591,12.894842442236609,9.374213034131598,102.13112621027638,48.12466437241758,453.1764133874092,62.52625478148136
1835,119.73476191420208,53.54424774327939,23.74971048283705,27.1420287386226,26.03852739384755,618.2681617695106,68.01340503552963,41.69405806009451,31.162884463056656,12.819144910449475,9.319182909311596,101.53157842926316,47.842154653714545,450.5160989158488,62.15920235877409
1836,120.91143517396456,54.07044484365664,23.9831067731498,27.408762466755178,26.29441664787962,624.3440882731101,68.68179534867902,42.10379941194564,31.469132475400986,12.945122903707228,9.410765613923978,102.52936296108356,48.31231539208712,454.94347020061105,62.77006147850194
1837,137.8405744684226,61.64099506626022,27.34104686121798,31.2463379369397,29.97596952547148,711.760204233024,78.29812054387952,47.99886702110283,35.87521140735077,14.757604812514542,10.72839253412714,116.88477826851829,55.07665423012735,518.6413443268184,71.55866871620736
1838,123.45323812229368,55.20711496855702,24.487280190811877,27.984950096550616,26.847178474451393,637.4690639386555,70.12562561719444,42.9889064436103,32.130677296138984,13.21725557267923,9.608598943328188,104.6847375680414,49.32793798830833,464.5073022088511,64.08961514274637
1839,98.94450284612263,44.24704144836991,19.62590695380111,22.429196808380215,21.517302967333165,510.9145824811156,56.20383287632563,34.45447070208021,25.751887431469225,10.593280512686098,7.701037736682114,83.90204640874613,39.535036706308574,372.2903083345587,51.36613023966709
1840,97.90289858650891,43.78124592136016,19.419301961165456,22.19308114491929,21.290786952986934,505.5361047476055,55.61216633552099,34.091763099194615,25.48079328404168,10.481763391593915,7.61996770773418,83.01879644118027,39.118845190329985,368.3711500203545,50.82539095129331
1841,117.4908321533793,52.540783677279016,23.304621009142267,26.633364378481772,25.55054357350203,606.6812983876139,66.73877683855305,40.912676477713624,30.578865897672596,12.578903394009416,9.144533613297297,99.62879157890814,46.945552589843714,442.07304974679096,60.99428682503958
1842,131.09719521710258,58.62541994432277,26.00347953879259,29.717717588858065,28.50949761242404,676.9397675680576,74.46765245762015,45.65068641314169,34.12013923666368,14.035639408092281,10.203542576894678,111.16658976262495,52.38221706023112,493.2685882011436,68.05790528908234
1843,130.45450134666274,58.338013352688385,25.87599948949014,29.572028774492576,28.369732003140943,673.6211226607242,74.10258054512579,45.42688745016229,33.95286789031915,13.966830770345716,10.153520497779391,110.62160414550463,52.125417288360275,490.85037705946075,67.72425666683813
1844,130.6151222628888,58.409841500117466,25.907859078108107,29.60843906549357,28.404661977196213,674.4505125307101,74.19381867228127,45.48281889145577,33.99467204956815,13.984027303481403,10.166021927384643,110.75780598774715,52.189596233487464,491.45473211412985,67.80764154083072
1845,138.26071322799746,61.82887712715537,27.42438250863566,31.341576931065415,30.06733643033279,713.929652891189,78.53677360644265,48.145167807565855,35.98455923093825,14.80258606570604,10.76109272816582,117.24104365658927,55.244528147361216,520.2221657352464,71.7767798959322
1846,122.7873022079694,54.909314755756014,24.355190019900125,27.83399266835092,26.702358455014558,634.0304052983134,69.74735143562387,42.7570141323696,31.957356836598937,13.145958575463728,9.55676789199228,104.12004337703837,49.06185144424024,462.0016401483685,63.74390062680555
1847,98.96390386158303,44.25571739812481,19.629755197142405,22.433594720154257,21.521522075171674,511.01476249545226,56.21485331100569,34.46122652680561,25.756936855659763,10.59535764070323,7.702547754398033,83.91849790279292,39.54278872725268,372.3633069329648,51.37620209872197
1848,97.9220798416366,43.789823596382554,19.423106614456586,22.197429240406308,21.294958269896956,505.63514999694354,55.62306193887989,34.09844239894161,25.48578551209512,10.483816991443407,7.62146062108789,83.03506158488818,39.126509402122785,368.44332174470827,50.835348723789075
1849,117.50042039224388,52.5450714465866,23.30652286198294,26.6355378847439,25.552628712490428,606.7308086778806,66.74422328337032,40.916015295793876,30.581361390002172,12.57992993819321,9.14527988405717,99.63692212521492,46.94938374129282,442.10912662120637,60.99926447121616
1850,131.23463619562514,58.68688224387922,26.03074132472847,29.74887334454075,28.53938668245753,677.649464399491,74.54572359411627,45.69854613279822,34.155910446842874,14.050354231023798,10.2142398681208,111.28313569521099,52.43713404879076,493.7857260188104,68.12925651123196
1851,130.67259436729375,58.43554247907622,25.91925882383471,29.6214671075132,28.41716034392786,674.7472782466592,74.22646477649234,45.50283183689942,34.009630082814205,13.990180430801297,10.170495089936354,110.80654065245604,52.21256023544695,491.6709776543478,67.83747765617916
1852,131.0392405954453,58.599503188233946,25.99198408447759,29.70458016759953,28.496894313436368,676.6405103028723,74.43473226724736,45.63050544546281,34.10505562059487,14.029434621099957,10.199031859112894,111.1174459373894,52.359060259917676,493.05052713311494,68.02781867933236
1853,138.38226457898463,61.88323373626986,27.448492544423022,31.36913075260369,30.09377000845029,714.5573012794597,78.6058188956731,48.18749443856524,36.016194911726224,14.815599699820767,10.770553299637411,117.34411564945613,55.29309615250296,520.6795169638223,71.83988216383003
1854,122.7873022079694,54.909314755756014,24.355190019900125,27.83399266835092,26.702358455014558,634.0304052983134,69.74735143562387,42.7570141323696,31.957356836598937,13.145958575463728,9.55676789199228,104.12004337703837,49.06185144424024,462.0016401483685,63.74390062680555
1855,98.80000087256178,44.18242153892976,19.597244600601396,22.396440433736178,21.48587835398884,510.16842515689973,56.12175085520573,34.40415220159526,25.714278484537108,10.577809719498655,7.689790874861527,83.77951295875032,39.477298371539774,371.7466026940788,51.29111336677059
1856,97.90289858650891,43.78124592136016,19.419301961165456,22.19308114491929,21.290786952986934,505.5361047476055,55.61216633552099,34.091763099194615,25.48079328404168,10.481763391593915,7.61996770773418,83.01879644118027,39.118845190329985,368.3711500203545,50.82539095129331
1857,117.4908321533793,52.540783677279016,23.304621009142267,26.633364378481772,25.55054357350203,606.6812983876139,66.73877683855305,40.912676477713624,30.578865897672596,12.578903394009416,9.144533613297297,99.62879157890814,46.945552589843714,442.07304974679096,60.99428682503958
1858,131.20980327802772,58.67577719910553,26.0258156490604,29.743244104107003,28.533986307538896,677.5212359546445,74.53161765482373,45.68989881023663,34.149447283350526,14.047695548080421,10.21230707519114,111.26207810691865,52.42721161469388,493.6922892508924,68.11636473005314
1859,130.6341649734589,58.41835721933023,25.911636250715443,29.61275575506051,28.408803165042624,674.5488423847228,74.20463557763334,45.48944994719462,33.999628219187336,13.98606607035564,10.167504057553481,110.7739536497197,52.197205087337046,491.5263825483201,67.8175273891914
1860,130.87757820633814,58.527209304029064,25.95991791692626,29.667933790716546,28.461737851937418,675.8057426335449,74.3429025481785,45.57421134231507,34.06298040139178,14.012126584908932,10.186449369704132,110.98036095658442,52.294465175769126,492.44225341445866,67.94389313425535
1861,138.0747386577334,61.74571106656469,27.38749395488294,31.299419356689672,30.026892837637053,712.9693456766859,78.43113374403794,48.08040771278363,35.936156378219856,14.782675098099311,10.746617975729153,117.08334265677315,55.17021869862648,519.5224145806658,71.68023290521857
1862,122.7873022079694,54.909314755756014,24.355190019900125,27.83399266835092,26.702358455014558,634.0304052983134,69.74735143562387,42.7570141323696,31.957356836598937,13.145958575463728,9.55676789199228,104.12004337703837,49.06185144424024,462.0016401483685,63.74390062680555
1863,98.80000087256178,44.18242153892976,19.597244600601396,22.396440433736178,21.48587835398884,510.16842515689973,56.12175085520573,34.40415220159526,25.714278484537108,10.577809719498655,7.689790874861527,83.77951295875032,39.477298371539774,371.7466026940788,51.29111336677059
1864,97.90289858650891,43.78124592136016,19.419301961165456,22.19308114491929,21.290786952986934,505.5361047476055,55.61216633552099,34.091763099194615,25.48079328404168,10.481763391593915,7.61996770773418,83.01879644118027,39.118845190329985,368.3711500203545,50.82539095129331
1865,117.4908321533793,52.540783677279016,23.304621009142267,26.633364378481772,25.55054357350203,606.6812983876139,66.73877683855305,40.912676477713624,30.578865897672596,12.578903394009416,9.144533613297297,99.62879157890814,46.945552589843714,442.07304974679096,60.99428682503958
1866,131.21722735535482,58.6790971759386,26.027288234667978,29.744927028238212,28.535600809775058,677.5595712765552,74.53583478249988,45.692484023638066,34.15137951806909,14.048490390961147,10.212884905166648,111.26837350749702,52.43017803689214,493.7202232134443,68.1202188716368
1867,130.79252618017674,58.48917484614024,25.94304761990459,29.648653804675362,28.443241723681094,675.366563910266,74.29459011316023,45.54459451207956,34.04084425293963,14.00302067255015,10.179829609695142,110.90823932434732,52.26048112532152,492.12223518066804,67.89973915573925
1868,131.4096944102312,58.76516661395281,26.065464590119987,29.788556349006694,28.57745631272751,678.5534033961268,74.64516259632794,45.759504932456686,34.201472143620514,14.069096462477082,10.22786497995641,111.43157994449842,52.50708167337942,494.4444031036157,68.22013637612919
1869,138.61710238148925,61.988250969993544,27.495073251067822,31.422364870103024,30.144839810201002,715.7699210245305,78.73921473096816,48.26926969594077,36.07731520118947,14.840742104354176,10.788831169827935,117.54325124201058,55.38692977513977,521.5631217663955,71.96179605294633
1870,122.7873022079694,54.909314755756014,24.355190019900125,27.83399266835092,26.702358455014558,634.0304052983134,69.74735143562387,42.7570141323696,31.957356836598937,13.145958575463728,9.55676789199228,104.12004337703837,49.06185144424024,462.0016401483685,63.74390062680555
1871,98.76480338883748,44.16668155867385,19.590263085502414,22.38846170559157,21.47822401343228,509.9866777410846,56.10175749088527,34.39189572814921,25.7051177771439,10.574041376561885,7.687051388153319,83.74966652132365,39.463234590622356,371.6141680292778,51.27284091624443
1872,97.90289858650891,43.78124592136016,19.419301961165456,22.19308114491929,21.290786952986934,505.5361047476055,55.61216633552099,34.091763099194615,25.48079328404168,10.481763391593915,7.61996770773418,83.01879644118027,39.118845190329985,368.3711500203545,50.82539095129331
1873,117.4908321533793,52.540783677279016,23.304621009142267,26.633364378481772,25.55054357350203,606.6812983876139,66.73877683855305,40.912676477713624,30.578865897672596,12.578903394009416,9.144533613297297,99.62879157890814,46.945552589843714,442.07304974679096,60.99428682503958
1874,131.2090245620661,58.67542896472728,26.025661188665268,29.74306758117689,28.533816961422747,677.5172149395406,74.53117531775088,45.68962764563918,34.1492446100821,14.047612176529869,10.212246466255484,111.26141777854396,52.42690046487515,493.68935924066335,68.11596046681109
1875,130.75585964640217,58.47277792066158,25.935774714796384,29.640342065481622,28.435267911156952,675.177230837123,74.27376227859499,45.53182648578863,34.03130120180385,13.999095048927524,10.176975784043904,110.87714717541625,52.24583035931661,491.9842730425821,67.8807040613669
1876,130.95363916845213,58.56122304351385,25.975004812330525,29.685175640840782,28.478278707858834,676.1984946670967,74.38610775392615,45.60069730278125,34.08277648179996,14.020269888322074,10.19236933819838,111.04485842930512,52.32485668659182,492.72844171419337,67.9833794844185
1877,138.47259563052987,61.92362892414616,27.46640995025832,31.38960741249623,30.113414157923444,715.0237390315104,78.65712999612389,48.21894953186935,36.03970501086308,14.825270799684828,10.777583936173386,117.42071374092045,55.32918953147637,521.0193981503927,71.88677669990723
1878,122.7873022079694,54.909314755756014,24.355190019900125,27.83399266835092,26.702358455014558,634.0304052983134,69.74735143562387,42.7570141323696,31.957356836598937,13.145958575463728,9.55676789199228,104.12004337703837,49.06185144424024,462.0016401483685,63.74390062680555
1879,94.54236179773447,42.278445803066354,18.75273049499837,21.431299147444957,20.55997638608375,488.18347573880345,53.70326748194083,32.92155643786892,24.606159902655985,10.12197474389054,7.358410775500075,80.16915946793127,37.77608291981033,355.726735815675,49.08079913060536
1880,93.77472462334595,41.93516575318525,18.600467606960446,21.257287607980604,20.393039556091356,484.21966759213325,53.267223535910965,32.65424969748407,24.406370065581285,10.039789319876537,7.298664122800837,79.51822558097457,37.469359827636374,352.83841082417325,48.68228733922496
1881,110.48071402082117,49.40592546234965,21.914145315725495,25.044278429061563,24.026064382074566,570.4835160367412,62.756792022495766,38.471612013607206,28.75437067218557,11.828380164631588,8.59892286459924,93.68441629811672,44.14453515366276,415.6966572645276,57.35504835665866
1882,119.81875096918891,53.58180685055987,23.76636993668132,27.161067765449378,26.056792359460662,618.7018516838285,68.06111366687482,41.72330474233657,31.184743956280442,12.828137018084343,9.325719936264248,101.60279869301333,47.875713975115104,450.83211759579916,62.20280450556408
1883,119.47486665636882,53.42802505364227,23.698159562864237,27.083114481439736,25.982008387316494,616.9261541457903,67.8657757158965,41.60355729159248,31.095242570569678,12.791319783323145,9.298954769995241,101.31119484698316,47.73830887893498,449.5382124957825,62.02428012177728
1884,120.96861585705874,54.096015501774446,23.99444871467945,27.421724448046362,26.306851639684368,624.6393491919958,68.71427591570331,42.12371087861354,31.484014661595666,12.951244830630905,9.415216094604064,102.57785050903874,48.3351629514764,455.15861923393345,62.79974630515246
1885,137.74821302249902,61.59969190531181,27.322726721223603,31.225401017873576,29.95588382937647,711.2832822391382,78.24565611057008,47.966704903541576,35.85117286564288,14.747716332840762,10.721203868157708,116.8064584619666,55.039749570951734,518.293823543025,71.51072011952975
1886,121.88241276230058,54.50465679440399,24.17570277651286,27.628868150232957,26.505573592851174,629.3578747379803,69.23334354521062,42.44191338399447,31.7218449034193,13.049078532053466,9.486338635508384,103.35272357572141,48.70028676484308,458.59688737235365,63.27413557890781
1887,94.54236179773447,42.278445803066354,18.75273049499837,21.431299147444957,20.55997638608375,488.18347573880345,53.70326748194083,32.92155643786892,24.606159902655985,10.12197474389054,7.358410775500075,80.16915946793127,37.77608291981033,355.726735815675,49.08079913060536
1888,93.77472462334595,41.93516575318525,18.600467606960446,21.257287607980604,20.393039556091356,484.21966759213325,53.267223535910965,32.65424969748407,24.406370065581285,10.039789319876537,7.298664122800837,79.51822558097457,37.469359827636374,352.83841082417325,48.68228733922496
1889,110.48071402082117,49.40592546234965,21.914145315725495,25.044278429061563,24.026064382074566,570.4835160367412,62.756792022495766,38.471612013607206,28.75437067218557,11.828380164631588,8.59892286459924,93.68441629811672,44.14453515366276,415.6966572645276,57.35504835665866
1890,119.53791637356619,53.45622028804028,23.710665643016096,27.0974068824833,25.995719708591718,617.2517206907811,67.90159009331342,41.625512474260184,31.11165226664322,12.798070065767398,9.303862048696509,101.36465916431449,47.763501515332344,449.77544445896007,62.05701180359867
1891,119.34759914803165,53.37111223327889,23.67291571196783,27.054264894957452,25.954331725591818,616.2689895331526,67.79348345545337,41.5592401793609,31.062119168519953,12.777694161108812,9.289049299189227,101.20327571975854,47.68745688141214,449.0593535540836,61.958210363271434
1892,121.01385782120794,54.11624727822825,24.00342257935368,27.431980105396814,26.316690337352593,624.8729627688903,68.73997488551868,42.13946504264939,31.49578960547265,12.95608856427342,9.418737362215431,102.61621437228007,48.3532401832766,455.3288474355847,62.823233255472495
1893,137.74666992277142,61.599001845776996,27.3224206432627,31.225051220901644,29.955548253943856,711.2753142153433,78.2447795775975,47.96616756510614,35.85077124928889,14.747551124185371,10.721083765788281,116.80514995850018,55.03913299799803,518.2880174491355,71.50991903347342
1894,121.80347102886851,54.46935480136042,24.160044472407595,27.610973273563598,26.48840626019333,628.9502474154247,69.18850196366583,42.41442428087637,31.701299056257394,13.040626805051472,9.480194451135604,103.28578329312377,48.668744190580526,458.29985983232353,63.23315370276334
1895,98.76480338883748,44.16668155867385,19.590263085502414,22.38846170559157,21.47822401343228,509.9866777410846,56.10175749088527,34.39189572814921,25.7051177771439,10.574041376561885,7.687051388153319,83.74966652132365,39.463234590622356,371.6141680292778,51.27284091624443
1896,97.90289858650891,43.78124592136016,19.419301961165456,22.19308114491929,21.290786952986934,505.5361047476055,55.61216633552099,34.091763099194615,25.48079328404168,10.481763391593915,7.61996770773418,83.01879644118027,39.118845190329985,368.3711500203545,50.82539095129331
1897,117.4908321533793,52.540783677279016,23.304621009142267,26.633364378481772,25.55054357350203,606.6812983876139,66.73877683855305,40.912676477713624,30.578865897672596,12.578903394009416,9.144533613297297,99.62879157890814,46.945552589843714,442.07304974679096,60.99428682503958
1898,131.17369092248347,58.65962809686537,26.018652666687387,29.735057988593585,28.526133011269195,677.3347644628024,74.51110461228579,45.67732375997823,34.14004846595178,14.0438292563588,10.209496382279385,111.23145588492908,52.41278228046182,493.55641227346035,68.09761733222113
1899,130.62278043274424,58.41326616090473,25.9093780965952,29.610175054800095,28.406327387160534,674.4900566240323,74.19816877245171,45.48548562059511,33.99666521060667,13.98484720897548,10.166617977224243,110.76429989194735,52.1926561915208,491.4835468773026,67.81161720940123
1900,130.5496002419483,58.38054067497871,25.89486260989195,29.593586231220982,28.390413007975543,674.1121798794844,74.15659994250115,45.46000280278083,33.97761889695223,13.977012329151194,10.16092222460852,110.70224522910355,52.16341574413797,491.20819781786304,67.7736263852194
1901,138.4837030821293,61.9285960709524,27.46861314301097,31.392125300916476,30.115829677678317,715.0810940015504,78.66343940529185,48.222817370452596,36.042595902575215,14.826459995114483,10.778448450132883,117.43013253522201,55.333627711406194,521.0611912410832,71.8925430314272
1902,122.7873022079694,54.909314755756014,24.355190019900125,27.83399266835092,26.702358455014558,634.0304052983134,69.74735143562387,42.7570141323696,31.957356836598937,13.145958575463728,9.55676789199228,104.12004337703837,49.06185144424024,462.0016401483685,63.74390062680555
1903,98.76480338883748,44.16668155867385,19.590263085502414,22.38846170559157,21.47822401343228,509.9866777410846,56.10175749088527,34.39189572814921,25.7051177771439,10.574041376561885,7.687051388153319,83.74966652132365,39.463234590622356,371.6141680292778,51.27284091624443
1904,97.90289858650891,43.78124592136016,19.419301961165456,22.19308114491929,21.290786952986934,505.5361047476055,55.61216633552099,34.091763099194615,25.48079328404168,10.481763391593915,7.61996770773418,83.01879644118027,39.118845190329985,368.3711500203545,50.82539095129331
1905,117.4908321533793,52.540783677279016,23.304621009142267,26.633364378481772,25.55054357350203,606.6812983876139,66.73877683855305,40.912676477713624,30.578865897672596,12.578903394009416,9.144533613297297,99.62879157890814,46.945552589843714,442.07304974679096,60.99428682503958
1906,131.13263395945305,58.64126781314372,26.010508908185766,29.725751006622122,28.517204419108612,677.1227607584909,74.48778286502146,45.66302689770536,34.12936273546828,14.039433580865266,10.20630084121792,111.19664078031495,52.396377240325506,493.4019306298499,68.07630298680927
1907,130.73935373445545,58.46539663368714,25.932500722985463,29.636600429140994,28.431678396854554,675.0920001182034,74.26438636088515,45.52607879447459,34.027005274549886,13.99732787894496,10.175691097708397,110.86315064452936,52.239235128496155,491.9221676110399,67.8721351687211
1908,130.82746329568076,58.50479839220219,25.949977490270225,29.656573511349475,28.450839442376733,675.5469668762458,74.31443557950234,45.55676032006205,34.04993719534431,14.006761139723087,10.182548831452472,110.93786497713336,52.27444087148359,492.25369017947224,67.9178764384943
1909,138.39875615873575,61.890608614022604,27.45176369340459,31.37286914005604,30.097356405953004,714.6424579919666,78.6151866722098,48.19323713911981,36.02048710879732,14.817365335357616,10.771836870471036,117.35810002706005,55.29968565663964,520.7415684687958,71.84844361604806
1910,122.7873022079694,54.909314755756014,24.355190019900125,27.83399266835092,26.702358455014558,634.0304052983134,69.74735143562387,42.7570141323696,31.957356836598937,13.145958575463728,9.55676789199228,104.12004337703837,49.06185144424024,462.0016401483685,63.74390062680555
1911,98.76480338883748,44.16668155867385,19.590263085502414,22.38846170559157,21.47822401343228,509.9866777410846,56.10175749088527,34.39189572814921,25.7051177771439,10.574041376561885,7.687051388153319,83.74966652132365,39.463234590622356,371.6141680292778,51.27284091624443
1912,97.90289858650891,43.78124592136016,19.419301961165456,22.19308114491929,21.290786952986934,505.5361047476055,55.61216633552099,34.091763099194615,25.48079328404168,10.481763391593915,7.61996770773418,83.01879644118027,39.118845190329985,368.3711500203545,50.82539095129331
1913,117.4908321533793,52.540783677279016,23.304621009142267,26.633364378481772,25.55054357350203,606.6812983876139,66.73877683855305,40.912676477713624,30.578865897672596,12.578903394009416,9.144533613297297,99.62879157890814,46.945552589843714,442.07304974679096,60.99428682503958
1914,131.2090245620661,58.67542896472728,26.025661188665268,29.74306758117689,28.533816961422747,677.5172149395406,74.53117531775088,45.68962764563918,34.1492446100821,14.047612176529869,10.212246466255484,111.26141777854396,52.42690046487515,493.68935924066335,68.11596046681109
1915,130.67259436729375,58.43554247907622,25.91925882383471,29.6214671075132,28.41716034392786,674.7472782466592,74.22646477649234,45.50283183689942,34.009630082814205,13.990180430801297,10.170495089936354,110.80654065245604,52.21256023544695,491.6709776543478,67.83747765617916
1916,130.99643988194873,58.5803631158739,25.983494448404056,29.694877904220153,28.4875865106476,676.4195024849845,74.41042001058675,45.615601374122036,34.09391605119742,14.024852254711014,10.19570059865564,111.08115218334727,52.34195847325475,492.8894844236542,68.00559908187545
1917,138.40817241125296,61.89481947266995,27.453631432292962,31.375003659658756,30.099404143345197,714.6910802052779,78.62053542294963,48.19651606808651,36.02293783893265,14.818373466192822,10.77256975520831,117.3660847339712,55.303448087883375,520.7769982243876,71.85333197709143
1918,122.7873022079694,54.909314755756014,24.355190019900125,27.83399266835092,26.702358455014558,634.0304052983134,69.74735143562387,42.7570141323696,31.957356836598937,13.145958575463728,9.55676789199228,104.12004337703837,49.06185144424024,462.0016401483685,63.74390062680555
1919,98.76480338883748,44.16668155867385,19.590263085502414,22.38846170559157,21.47822401343228,509.9866777410846,56.10175749088527,34.39189572814921,25.7051177771439,10.574041376561885,7.687051388153319,83.74966652132365,39.463234590622356,371.6141680292778,51.27284091624443
1920,97.90289858650891,43.78124592136016,19.419301961165456,22.19308114491929,21.290786952986934,505.5361047476055,55.61216633552099,34.091763099194615,25.48079328404168,10.481763391593915,7.61996770773418,83.01879644118027,39.118845190329985,368.3711500203545,50.82539095129331
1921,117.4908321533793,52.540783677279016,23.304621009142267,26.633364378481772,25.55054357350203,606.6812983876139,66.73877683855305,40.912676477713624,30.578865897672596,12.578903394009416,9.144533613297297,99.62879157890814,46.945552589843714,442.07304974679096,60.99428682503958
1922,131.20636832847933,58.67424112230824,26.025134317624207,29.742465453881554,28.533239314548037,677.5034990843395,74.52966648699932,45.68870269155217,34.14855328285976,14.047327792590563,10.212039726573126,111.25916537010022,52.42583911948117,493.6793648499434,68.11458150753147
1923,130.7911932859848,58.48857878852349,25.94278323677427,29.64835165806493,28.442951861310508,675.3596813138612,74.29383298406007,45.54413037144957,34.04049734593417,14.002877969098591,10.179725868020004,110.90710906903111,52.259948543729934,492.11722000978517,67.89904719595685
1924,130.9434824191616,58.55668104174608,25.972990193925302,29.682873262010048,28.476069935816316,676.146048789116,74.38033837590848,45.597160517909,34.08013302555049,14.01918247779156,10.191578819197138,111.03624580277386,52.32079837668609,492.6902257525556,67.9781067012738
1925,138.526771329944,61.94785578211724,27.477155845232527,31.401888210210487,30.125195660727844,715.3034832724799,78.68790363051737,48.23781460263666,36.053805102052614,14.831071004490115,10.781800533291959,117.46665315054628,55.350836396166365,521.2232405798251,71.91490151686912
1926,122.7873022079694,54.909314755756014,24.355190019900125,27.83399266835092,26.702358455014558,634.0304052983134,69.74735143562387,42.7570141323696,31.957356836598937,13.145958575463728,9.55676789199228,104.12004337703837,49.06185144424024,462.0016401483685,63.74390062680555
1927,98.7743940164013,44.17097039618505,19.59216541214798,22.39063575333508,21.480309671887287,510.0362003657536,56.10720529256472,34.3952353780227,25.707613891170624,10.575068176486631,7.687797844830173,83.75779909317761,39.46706669651875,371.65025389145467,51.27781980249231
1928,97.90289858650891,43.78124592136016,19.419301961165456,22.19308114491929,21.290786952986934,505.5361047476055,55.61216633552099,34.091763099194615,25.48079328404168,10.481763391593915,7.61996770773418,83.01879644118027,39.118845190329985,368.3711500203545,50.82539095129331
1929,117.4908321533793,52.540783677279016,23.304621009142267,26.633364378481772,25.55054357350203,606.6812983876139,66.73877683855305,40.912676477713624,30.578865897672596,12.578903394009416,9.144533613297297,99.62879157890814,46.945552589843714,442.07304974679096,60.99428682503958
1930,131.1160372769341,58.63384593443194,26.007216911788912,29.721988793989023,28.51359516507488,677.037061332289,74.47835538654853,45.65724759824806,34.1250431837229,14.037656692726502,10.205009090037152,111.18256727863591,52.38974574050778,493.3394836633731,68.06768697145428
1931,130.45450134666274,58.338013352688385,25.87599948949014,29.572028774492576,28.369732003140943,673.6211226607242,74.10258054512579,45.42688745016229,33.95286789031915,13.966830770345716,10.153520497779391,110.62160414550463,52.125417288360275,490.85037705946075,67.72425666683813
1932,130.65773665784243,58.42889825259561,25.916311757399985,29.618099093325252,28.41392926158909,674.6705582652293,74.21802509369131,45.49765808292354,34.0057631265885,13.988589722076037,10.169338686317417,110.79394174911067,52.20662357326125,491.61507377819834,67.82976441272666
1933,138.41759821856726,61.89903460413177,27.45550106640091,31.377140345186998,30.101453958603845,714.739751756198,78.62588960113818,48.19979832422619,36.025391055856545,14.819382619991837,10.77330338361351,117.37407754307101,55.307214336916296,520.8124639310253,71.85822529842
1934,122.7873022079694,54.909314755756014,24.355190019900125,27.83399266835092,26.702358455014558,634.0304052983134,69.74735143562387,42.7570141323696,31.957356836598937,13.145958575463728,9.55676789199228,104.12004337703837,49.06185144424024,462.0016401483685,63.74390062680555
1935,94.56796865389494,42.289896945811066,18.75780968345179,21.437103827846055,20.5655450681853,488.31570052994965,53.71781304458184,32.930473261441485,24.612824496022473,10.124716286902563,7.360403805531427,80.19087333350397,37.786314594831346,355.8230846182991,49.09409269488364
1936,93.77472462334595,41.93516575318525,18.600467606960446,21.257287607980604,20.393039556091356,484.21966759213325,53.267223535910965,32.65424969748407,24.406370065581285,10.039789319876537,7.298664122800837,79.51822558097457,37.469359827636374,352.83841082417325,48.68228733922496
1937,110.54060587758534,49.432708531569624,21.92602502580875,25.057854991719847,24.03908896848615,570.7927765020777,62.790812628101925,38.49246756560674,28.769958484636863,11.834792357536484,8.603584361052237,93.73520284210035,44.168466010733844,415.92200740708313,57.38614066422857
1938,120.85658347265735,54.04591568406272,23.972226791390863,27.39632842981018,26.28248813602347,624.0608533963294,68.6506377222867,42.08469894369034,31.454856443920146,12.939250324212347,9.406496402299915,102.482850321611,48.290398418812146,454.7370842346914,62.74158572136366
1939,119.9155100104662,53.625076574362105,23.785562351483794,27.183001551737373,26.077834393591967,619.2014813120894,68.11607608346992,41.7569981912595,31.209927042427484,12.838496316851886,9.333250875394848,101.68484753188962,47.914375771764036,451.1961848484014,62.2530360734951
1940,120.78263173199764,54.0128451683693,23.95755826570716,27.379564707745104,26.266405969122175,623.6789926398841,68.60863062584986,42.05894745665835,31.4356093220887,12.931332840060364,9.40074059849948,102.420141407034,48.26084968495247,454.45883212830705,62.70319435415365
1941,137.8580071956856,61.648790816236975,27.344504689327408,31.250289668056052,29.979760592820096,711.8502206999815,78.3080229241178,48.00493744819543,35.87974855309597,14.75947120998672,10.729749356251098,116.89956071170388,55.083619786498936,518.7069370097989,71.56771875651548
1942,122.09545607267752,54.599927738351305,24.217960487313537,27.677161791614783,26.551903781216197,630.457955397751,69.35435936991458,42.5160993598144,31.77729282815532,13.071887556135222,9.502920199168491,103.53337807597313,48.78541201034445,459.39848783955904,63.38473505753202
1943,95.38940172451389,42.657234009288594,18.92074313148593,21.623310069485143,20.744180805790478,492.5572917476461,54.184414883917505,33.21651281746791,24.826615574441075,10.212661252910392,7.424337494549332,80.8874245680878,38.114532794575105,358.9138229851645,49.520532131890086
1944,94.89297268769523,42.43523566136167,18.82227510339426,21.51077724302265,20.636223176212805,489.993906953322,53.9024263568368,33.0436462183873,24.697411987519743,10.159512145174299,7.385699483986272,80.46646725476859,37.91617573957806,357.04595045190337,49.2628155551578
1945,112.76667772267528,50.4281867073499,22.36757233412315,25.56247123705856,24.52318925642577,582.2874278934324,64.05529692337102,39.267630661697645,29.349329242184368,12.073121954614798,8.776843741720045,95.622846701875,45.05793262661425,424.29786407162436,58.54178542496453
1946,124.31555378089645,55.59273433689234,24.65832280959044,28.180423792020378,27.034704883154333,641.9217584493058,70.61545015285482,43.289182141002804,32.35510872114969,13.309577545091045,9.675714601467975,105.41595604229656,49.672491553535735,467.75186611274177,64.53727839996016
1947,122.93510536391959,54.975410922591074,24.384507171462023,27.86749737026309,26.734500971219365,634.7936087663132,69.83130864028573,42.808482171117355,31.99582496898184,13.161782802647684,9.56827169107997,104.2453761332116,49.12090882517314,462.55776687515686,63.82063127823121
1948,124.80821345026912,55.813047059516,24.756043173560887,28.29210216086413,27.141842794415194,644.4656795570228,70.895297551405,43.46073617034483,32.48333126998033,13.362323093603914,9.71405923503575,105.83371704219472,49.86934249069853,469.6055559584525,64.79303814418954
1949,142.60065971352648,63.76965995495482,28.285222509438253,32.3253760412914,31.011137659354784,736.3396088044832,81.00201038007333,49.65642467109068,37.11409963125492,15.267233107318383,11.098878968925625,120.92119142595669,56.97863098959433,536.5517239095476,74.02982326869602
1950,118.92319894896143,53.181324497135925,23.588734796620958,26.958059898048564,25.862038092291215,614.0775363015356,67.55240975074923,41.411455473751104,30.951662237230433,12.73225666605785,9.25601742925727,100.84339675555121,47.517880230200895,447.46249797924867,61.737886896357
1951,98.93676346049203,44.24358046865976,19.62437182594766,22.427442408706753,21.51561989550397,510.87461901812,56.199436642840844,34.45177569197059,25.749873132727856,10.592451911999628,7.700435365665175,83.89548363594245,39.53194429706715,372.26118798749695,51.362112408672544
1952,98.1429198664266,43.88858115692677,19.466910824428158,22.247490277014744,21.342983997289924,506.77549014536174,55.74850656176111,34.175343347909006,25.543262656303927,10.507460753994495,7.63864901777247,83.22232747107547,39.214749963600696,369.27425826524996,50.949995795118916
1953,117.66119896262165,52.616970095454214,23.338413721723843,26.671983913516026,25.587592971342218,607.5610126184091,66.83555096343012,40.97200163544145,30.623206581262576,12.597143350231766,9.157793584183135,99.77325765357011,47.013625679941576,442.7140748681304,61.08273118991418
1954,131.33115397827626,58.73004407911642,26.049885885236744,29.770752441209293,28.560376250460816,678.1478482531338,74.6005489676305,45.73215557060354,34.181030741578525,14.060687699955125,10.221752029636365,111.36497995382392,52.4756994462627,494.1488855075074,68.17936283196221
1955,130.5855931625291,58.39663636703816,25.902001902020316,29.601745272665358,28.398240330914547,674.2980346512185,74.17704514192975,45.47253626337704,33.98698662949385,13.980865833825183,10.163723621671245,110.73276617373504,52.17779735600519,491.3436254072231,67.79231177948667
1956,131.0008733077914,58.582345701781946,25.984373830285545,29.69588289366273,28.48855064068309,676.4423951353918,74.4129383468052,45.61714518238236,34.0950699210937,14.025326909919066,10.196045660571516,111.08491159887927,52.343729927437494,492.90616570888466,68.00790065419824
1957,138.80408020544613,62.0718656761022,27.532160802875612,31.46474986665865,30.185501578874597,716.7354086879404,78.84542447549126,48.33437914388535,36.125979166707666,14.860760483161002,10.803384007396426,117.70180297163456,55.461640091739135,522.2666477807803,72.05886387360368
1958,123.02456454023174,55.01541621614817,24.40225163851136,27.887776389451663,26.753955515378426,635.2555444615758,69.88212448603838,42.839633659887504,32.019108148661715,13.17136055706404,9.57523446791805,104.32123489996191,49.15665383088322,462.8943675288021,63.86707318828587
1959,98.93676346049203,44.24358046865976,19.62437182594766,22.427442408706753,21.51561989550397,510.87461901812,56.199436642840844,34.45177569197059,25.749873132727856,10.592451911999628,7.700435365665175,83.89548363594245,39.53194429706715,372.26118798749695,51.362112408672544
1960,98.1429198664266,43.88858115692677,19.466910824428158,22.247490277014744,21.342983997289924,506.77549014536174,55.74850656176111,34.175343347909006,25.543262656303927,10.507460753994495,7.63864901777247,83.22232747107547,39.214749963600696,369.27425826524996,50.949995795118916
1961,117.66119896262165,52.616970095454214,23.338413721723843,26.671983913516026,25.587592971342218,607.5610126184091,66.83555096343012,40.97200163544145,30.623206581262576,12.597143350231766,9.157793584183135,99.77325765357011,47.013625679941576,442.7140748681304,61.08273118991418
1962,131.30554234471728,58.71859079996447,26.044805749173545,29.764946677845433,28.554806529426035,678.0155987931834,74.58600069126511,45.72323708344448,34.17436490481776,14.057945645461196,10.21975862777105,111.34326203715689,52.465465862347095,494.0525187293603,68.16606678754134
1963,130.2314446089514,58.23826449919016,25.83175558857783,29.521465243162854,28.321224210730236,672.4693361871023,73.97587675413534,45.34921459706472,33.8948138111622,13.942949680190603,10.136159570136874,110.43245855155135,52.03629099979099,490.01109989630385,67.60845880934689
1964,130.757751496223,58.47362393792406,25.936149968271675,29.64077091873514,28.4356793287152,675.1869996836331,74.27483691344683,45.53248526603765,34.031793585940626,13.999297595761995,10.177123030292487,110.87875140876825,52.24658628157562,491.9913913496417,67.88168619783222
1965,138.57558201080067,61.969683454770724,27.486837574416956,31.4129528407437,30.13581044151731,715.5555244462001,78.71562975243961,48.25481146577862,36.06650886146034,14.836296815115835,10.785599560872248,117.50804318124709,55.370339572227884,521.4068964970659,71.94024113370331
1966,123.02456454023174,55.01541621614817,24.40225163851136,27.887776389451663,26.753955515378426,635.2555444615758,69.88212448603838,42.839633659887504,32.019108148661715,13.17136055706404,9.57523446791805,104.32123489996191,49.15665383088322,462.8943675288021,63.86707318828587
1967,98.9271728329282,44.23929163114857,19.62246949930209,22.42526836096324,21.513534237048955,510.8250963934509,56.1939888411614,34.44843604209709,25.747377018701133,10.591425112074882,7.699688908988321,83.88735106408849,39.52811219117075,372.22510212532006,51.357133522424654
1968,98.1429198664266,43.88858115692677,19.466910824428158,22.247490277014744,21.342983997289924,506.77549014536174,55.74850656176111,34.175343347909006,25.543262656303927,10.507460753994495,7.63864901777247,83.22232747107547,39.214749963600696,369.27425826524996,50.949995795118916
1969,117.66119896262165,52.616970095454214,23.338413721723843,26.671983913516026,25.587592971342218,607.5610126184091,66.83555096343012,40.97200163544145,30.623206581262576,12.597143350231766,9.157793584183135,99.77325765357011,47.013625679941576,442.7140748681304,61.08273118991418
1970,131.26350123758812,58.69979041635376,26.036466783056,29.755416605545122,28.54566391702051,677.7985133151823,74.56211991677988,45.708597522355205,34.163423035111585,14.053444604695187,10.216486488913604,111.30761240711216,52.448667589924526,493.8943341280371,68.1442415327561
1971,130.34280576885826,58.288064151686264,25.853844372691473,29.546709105131068,28.34544174427261,673.0443660157621,74.03913366927749,45.38799279808645,33.923797331940705,13.954872323401476,10.144827019769496,110.52688956022666,52.080787332764864,490.4301093345816,67.66627093310188
1972,130.4821099328104,58.350359650061826,25.881475726443927,29.578287216290704,28.375735998264986,673.7636836808797,74.11826315827922,45.436501316473084,33.96005346589097,13.969786624276033,10.155669326240435,110.64501541959879,52.13644879021596,490.95425760617064,67.73858941086131
1973,138.7922227022763,62.0665631133611,27.52980883538655,31.46206195308486,30.182922946602947,716.6741807156226,78.83868901159667,48.33025012222358,36.12289306209281,14.859490985072227,10.802461115505041,117.69174815552422,55.456902215358134,522.2220325329981,72.0527081596972
1974,123.01749876779492,55.01225646985723,24.400850123637742,27.886174687527554,26.75241893313436,635.219059299989,69.87811088769024,42.8371732154726,32.01726916851451,13.170604075326205,9.574684525489621,104.3152433314578,49.15383057577947,462.86778173046605,63.86340505739639
1975,98.93676346049203,44.24358046865976,19.62437182594766,22.427442408706753,21.51561989550397,510.87461901812,56.199436642840844,34.45177569197059,25.749873132727856,10.592451911999628,7.700435365665175,83.89548363594245,39.53194429706715,372.26118798749695,51.362112408672544
1976,98.1429198664266,43.88858115692677,19.466910824428158,22.247490277014744,21.342983997289924,506.77549014536174,55.74850656176111,34.175343347909006,25.543262656303927,10.507460753994495,7.63864901777247,83.22232747107547,39.214749963600696,369.27425826524996,50.949995795118916
1977,117.66119896262165,52.616970095454214,23.338413721723843,26.671983913516026,25.587592971342218,607.5610126184091,66.83555096343012,40.97200163544145,30.623206581262576,12.597143350231766,9.157793584183135,99.77325765357011,47.013625679941576,442.7140748681304,61.08273118991418
1978,130.6878342686281,58.4423576181351,25.92228169905232,29.624921758722067,28.420474540924868,674.8259717324346,74.23512155724325,45.50813867779428,34.013596510582694,13.991812058078978,10.171681240272179,110.81946364334726,52.218649609200135,491.7283195723275,67.84538931103883
1979,130.41981265588265,58.3225008998023,25.869118894833377,29.56416538188206,28.362188308973145,673.4420024725688,74.08287619245108,45.41480814867714,33.94383960441727,13.963116900231853,10.15082061138804,110.59218914962338,52.11155680471706,490.71985678784614,67.70624835149772
1980,130.4156802061478,58.320652907549665,25.868299212368413,29.563228619093447,28.361289631731015,673.4206639568334,74.08052882086815,45.41336914636552,33.94276406836093,13.962674468383831,10.15049897501171,110.58868495303376,52.10990561089371,490.70430796055706,67.70410302815803
1981,138.8829216135089,62.107122804593985,27.547799207175377,31.48262200111002,30.202647093934655,717.1425179656056,78.8902090688242,48.361833311687214,36.14649890258959,14.86920146904299,10.809520383256022,117.76865818125141,55.49314257921524,522.56329783483,72.09979366675378
1982,123.04576663494076,55.024897591428214,24.40645713074201,27.89258257818675,26.758566301043857,635.3650246151404,69.89416799480719,42.847016656718665,32.024626332497625,13.173630513759441,9.576884667037293,104.33921365656856,49.165125505089065,462.974142899333,63.87808006109688
1983,98.96237031665252,44.25503161140447,19.62945101440107,22.43324708910785,21.521188577605518,511.00684380926606,56.21398220548185,34.460692515543144,25.75653772609434,10.595193455011652,7.702428395696529,83.91719750151515,39.54217597208817,372.35753679012106,51.37540597295082
1984,98.1429198664266,43.88858115692677,19.466910824428158,22.247490277014744,21.342983997289924,506.77549014536174,55.74850656176111,34.175343347909006,25.543262656303927,10.507460753994495,7.63864901777247,83.22232747107547,39.214749963600696,369.27425826524996,50.949995795118916
1985,117.66119896262165,52.616970095454214,23.338413721723843,26.671983913516026,25.587592971342218,607.5610126184091,66.83555096343012,40.97200163544145,30.623206581262576,12.597143350231766,9.157793584183135,99.77325765357011,47.013625679941576,442.7140748681304,61.08273118991418
1986,131.2207005240915,58.68065034399371,26.02797714698246,29.745714342165744,28.53635611423174,677.5775054972945,74.53780766011928,45.69369345101442,34.152283465714135,14.048862238306247,10.213155228456346,111.27131865307001,52.4315658032616,493.7332914185763,68.12202193529917
1987,130.28149741342776,58.260647637723046,25.841683696306646,29.53281144401403,28.332109114158957,672.7277912499452,74.00430844439465,45.366643992693405,33.90784085308397,13.948308476111682,10.14005527454704,110.4749018667762,52.05629048844681,490.19942944949275,67.63444326325428
1988,130.72582891919606,58.45934846482328,25.929818039681056,29.633534561563476,28.42873717688637,675.0221627331781,74.25670380718428,45.52136918112871,34.023485225329644,13.995879873671258,10.174638435764594,110.8516819965002,52.23383104790202,491.87127890577335,67.86511388505097
1989,138.51213338082542,61.94130983036914,27.47425236884796,31.398570012309563,30.122012369317556,715.2278980560486,78.6795887790375,48.23271737363922,36.049995341964014,14.829503823932496,10.78066123403523,117.4542405975398,55.34498754313196,521.168163577728,71.90730235997572
1990,123.02456454023174,55.01541621614817,24.40225163851136,27.887776389451663,26.753955515378426,635.2555444615758,69.88212448603838,42.839633659887504,32.019108148661715,13.17136055706404,9.57523446791805,104.32123489996191,49.15665383088322,462.8943675288021,63.86707318828587
1991,95.38940172451389,42.657234009288594,18.92074313148593,21.623310069485143,20.744180805790478,492.5572917476461,54.184414883917505,33.21651281746791,24.826615574441075,10.212661252910392,7.424337494549332,80.8874245680878,38.114532794575105,358.9138229851645,49.520532131890086
1992,94.89297268769523,42.43523566136167,18.82227510339426,21.51077724302265,20.636223176212805,489.993906953322,53.9024263568368,33.0436462183873,24.697411987519743,10.159512145174299,7.385699483986272,80.46646725476859,37.91617573957806,357.04595045190337,49.2628155551578
1993,112.76667772267528,50.4281867073499,22.36757233412315,25.56247123705856,24.52318925642577,582.2874278934324,64.05529692337102,39.267630661697645,29.349329242184368,12.073121954614798,8.776843741720045,95.622846701875,45.05793262661425,424.29786407162436,58.54178542496453
1994,123.57067613314013,55.25963213104777,24.51057433457342,28.011571487151325,26.87271753105966,638.0754724864081,70.19233438973946,43.029800726644005,32.16124241444774,13.229828820873552,9.617739365759292,104.78432156869592,49.374862435205095,464.94917651222914,64.15058200787486
1995,123.17662196957947,55.083414853620184,24.432412636587767,27.922245469702855,26.787023201622684,636.040715499821,69.96849826225468,42.89258312240229,32.058683523655226,13.1876402588846,9.587069385148075,104.45017515562999,49.217411082451605,463.4665014587129,63.94601240668724
1996,124.8330177034753,55.824139285846314,24.76096316357024,28.29772490352131,27.147236935734455,644.5937599890435,70.90938720835128,43.46937351138751,32.489786973106966,13.36497870765586,9.715989796961644,105.85475032392111,49.87925347142784,469.6988848732332,64.80591504451282
1997,142.60065971352648,63.76965995495482,28.285222509438253,32.3253760412914,31.011137659354784,736.3396088044832,81.00201038007333,49.65642467109068,37.11409963125492,15.267233107318383,11.098878968925625,120.92119142595669,56.97863098959433,536.5517239095476,74.02982326869602
1998,118.92319894896143,53.181324497135925,23.588734796620958,26.958059898048564,25.862038092291215,614.0775363015356,67.55240975074923,41.411455473751104,30.951662237230433,12.73225666605785,9.25601742925727,100.84339675555121,47.517880230200895,447.46249797924867,61.737886896357
1999,95.38940172451389,42.657234009288594,18.92074313148593,21.623310069485143,20.744180805790478,492.5572917476461,54.184414883917505,33.21651281746791,24.826615574441075,10.212661252910392,7.424337494549332,80.8874245680878,38.114532794575105,358.9138229851645,49.520532131890086
2000,94.89297268769523,42.43523566136167,18.82227510339426,21.51077724302265,20.636223176212805,489.993906953322,53.9024263568368,33.0436462183873,24.697411987519743,10.159512145174299,7.385699483986272,80.46646725476859,37.91617573957806,357.04595045190337,49.2628155551578
2001,112.76667772267528,50.4281867073499,22.36757233412315,25.56247123705856,24.52318925642577,582.2874278934324,64.05529692337102,39.267630661697645,29.349329242184368,12.073121954614798,8.776843741720045,95.622846701875,45.05793262661425,424.29786407162436,58.54178542496453
2002,123.64794099968556,55.294184245154156,24.52590002764377,28.02908624389143,26.889520198154504,638.474441058648,70.2362234540292,43.05670591090503,32.1813518302157,13.238101017726812,9.623753036411733,104.84983991718609,49.405734987465344,465.2398946437292,64.19069335397052
2003,123.21775537098652,55.10180931985749,24.440571556845956,27.9315697790785,26.795968416714913,636.2531139050017,69.99186342910899,42.90690660205896,32.06938914844729,13.192044118088615,9.590270875552916,104.4850550777533,49.233846664901414,463.62127071068943,63.96736643438053
2004,124.84694382021185,55.83036691291738,24.763725446096682,28.300881739970787,27.150265426093785,644.6656695536313,70.91729771489952,43.474222865998335,32.49341146744714,13.366469677409603,9.717073692958172,105.86655926387344,49.88481789916782,469.75128352242155,64.81314466016043
2005,142.74786091726094,63.83548693447907,28.3144202621671,32.35874428989562,31.043149269972876,737.0997040031389,81.08562565546414,49.707683097941015,37.15241109595794,15.28299288778228,11.110335916934218,121.04601374424517,57.03744784980844,537.1055857204534,74.10624142215543
2006,118.92319894896143,53.181324497135925,23.588734796620958,26.958059898048564,25.862038092291215,614.0775363015356,67.55240975074923,41.411455473751104,30.951662237230433,12.73225666605785,9.25601742925727,100.84339675555121,47.517880230200895,447.46249797924867,61.737886896357
2007,98.93676346049203,44.24358046865976,19.62437182594766,22.427442408706753,21.51561989550397,510.87461901812,56.199436642840844,34.45177569197059,25.749873132727856,10.592451911999628,7.700435365665175,83.89548363594245,39.53194429706715,372.26118798749695,51.362112408672544
2008,98.1429198664266,43.88858115692677,19.466910824428158,22.247490277014744,21.342983997289924,506.77549014536174,55.74850656176111,34.175343347909006,25.543262656303927,10.507460753994495,7.63864901777247,83.22232747107547,39.214749963600696,369.27425826524996,50.949995795118916
2009,117.66119896262165,52.616970095454214,23.338413721723843,26.671983913516026,25.587592971342218,607.5610126184091,66.83555096343012,40.97200163544145,30.623206581262576,12.597143350231766,9.157793584183135,99.77325765357011,47.013625679941576,442.7140748681304,61.08273118991418
2010,131.22997345465262,58.68479711042422,26.029816457577255,29.747816372885623,28.5383726836271,677.6253876464763,74.54307499912791,45.6969224723865,34.154696894020915,14.049855024684293,10.213876958174788,111.27918182715148,52.43527096766752,493.76818190848184,68.12683589206488
2011,130.57970740753103,58.394004313332665,25.900834446763856,29.60041106254332,28.396960365177772,674.2676426842983,74.17370183350182,45.470486724824546,33.985454767734986,13.980235688117942,10.163265522231205,110.72777522552877,52.17544559786604,491.3214795630379,67.78925624381672
2012,130.5933468803553,58.40010375597001,25.903539872703135,29.603502921227115,28.39992651954344,674.3380721206272,74.18144951658768,45.47523626424612,33.98900465841807,13.981695968957368,10.16432710819007,110.73934109982171,52.18089549193041,491.37279968085346,67.79633705090899
2013,138.80248933173317,62.07115425249512,27.53184524881685,31.46438924005911,30.185155614109707,716.7271939761025,78.84452080527494,48.33382516958503,36.12556511641083,14.860590159686561,10.80326018668739,117.70045395722492,55.46100442983951,522.2606619316622,72.05803798612148
2014,123.02456454023174,55.01541621614817,24.40225163851136,27.887776389451663,26.753955515378426,635.2555444615758,69.88212448603838,42.839633659887504,32.019108148661715,13.17136055706404,9.57523446791805,104.32123489996191,49.15665383088322,462.8943675288021,63.86707318828587
2015,98.93676346049203,44.24358046865976,19.62437182594766,22.427442408706753,21.51561989550397,510.87461901812,56.199436642840844,34.45177569197059,25.749873132727856,10.592451911999628,7.700435365665175,83.89548363594245,39.53194429706715,372.26118798749695,51.362112408672544
2016,98.1429198664266,43.88858115692677,19.466910824428158,22.247490277014744,21.342983997289924,506.77549014536174,55.74850656176111,34.175343347909006,25.543262656303927,10.507460753994495,7.63864901777247,83.22232747107547,39.214749963600696,369.27425826524996,50.949995795118916
2017,117.66119896262165,52.616970095454214,23.338413721723843,26.671983913516026,25.587592971342218,607.5610126184091,66.83555096343012,40.97200163544145,30.623206581262576,12.597143350231766,9.157793584183135,99.77325765357011,47.013625679941576,442.7140748681304,61.08273118991418
2018,131.15547470186036,58.651481976103135,26.01503943057304,29.730928651584367,28.522171558871207,677.2407023119367,74.50075718125031,45.6709805047017,34.13530740354386,14.041878975854162,10.20807857938581,111.21600906227447,52.4055036653769,493.4878716047279,68.08816054852839
2019,130.1178858457173,58.187482099368935,25.80923090396259,29.495723218324404,28.296528767903023,671.882958708456,73.91137152578146,45.3096711462588,33.8652583290127,13.930791755303325,10.12732107688216,110.33616403948731,51.99091657530412,489.58382171750236,67.54950582000085
2020,130.3587718347703,58.29520402464388,25.85701128459657,29.55032836667966,28.34891385912026,673.1268091597939,74.04820293613314,45.3935525041274,33.92795275564048,13.95658169592875,10.146069688867405,110.54042831745504,52.08716685849625,490.49018353203866,67.67455956963511
2021,138.99661414390204,62.15796502381761,27.57035042486463,31.508394348905796,30.227371626892246,717.7295861707727,78.95479028146053,48.40142334291479,36.17608919977908,14.881373715423614,10.818369287861648,117.86506612395651,55.53857045275072,522.9910793282721,72.15881610009232
2022,123.05283240737755,55.028057337719154,24.407858645615622,27.89418428011086,26.760102883287924,635.4015097767273,69.89818159315533,42.84947710113355,32.02646531264483,13.174386995497274,9.57743460946572,104.34520522507268,49.167948760192814,463.00072869766905,63.881748191986354
2023,98.93676346049203,44.24358046865976,19.62437182594766,22.427442408706753,21.51561989550397,510.87461901812,56.199436642840844,34.45177569197059,25.749873132727856,10.592451911999628,7.700435365665175,83.89548363594245,39.53194429706715,372.26118798749695,51.362112408672544
2024,98.1429198664266,43.88858115692677,19.466910824428158,22.247490277014744,21.342983997289924,506.77549014536174,55.74850656176111,34.175343347909006,25.543262656303927,10.507460753994495,7.63864901777247,83.22232747107547,39.214749963600696,369.27425826524996,50.949995795118916
2025,117.69639883504526,52.63271114391373,23.345395710627717,26.67996318314201,25.595247831365395,607.7427723686263,66.85554568461276,40.984258940680746,30.632367910352922,12.60091194890949,9.160533256808325,99.80310611654393,47.02769041530629,442.8465185206928,61.10100488051163
2026,131.15547470186036,58.651481976103135,26.01503943057304,29.730928651584367,28.522171558871207,677.2407023119367,74.50075718125031,45.6709805047017,34.13530740354386,14.041878975854162,10.20807857938581,111.21600906227447,52.4055036653769,493.4878716047279,68.08816054852839
2027,130.42569841088076,58.32513295350781,25.870286350089838,29.5654995920041,28.36346827470992,673.472394439489,74.08621950087901,45.416857687229644,33.945371466176134,13.963747045939094,10.151278710828082,110.59718009782965,52.11390856285622,490.7420026320314,67.70930388716765
2028,130.47565088998783,58.34747122748891,25.88019455801314,29.576823050637287,28.37433136054086,673.7303314574414,74.11459420292648,45.43425214754208,33.95837239681793,13.969095100740162,10.155166606725064,110.63953834007373,52.13386796472559,490.92995469924,67.73523625808066
2029,138.70614353542936,62.02806932791814,27.512734802260876,31.442549130049972,30.164203447702622,716.2296981994151,78.78979312583813,48.300275620893274,36.100489583869425,14.85027510410382,10.795761411194421,117.61875553800762,55.422507752572926,521.8981495617887,72.00802095052443
2030,123.01749876779492,55.01225646985723,24.400850123637742,27.886174687527554,26.75241893313436,635.219059299989,69.87811088769024,42.8371732154726,32.01726916851451,13.170604075326205,9.574684525489621,104.3152433314578,49.15383057577947,462.86778173046605,63.86340505739639
2031,98.98155157178019,44.263609286426856,19.6332556676922,22.43759518459487,21.525359894515542,511.10588905860413,56.224877808840745,34.46737181529013,25.761529954147786,10.597247054861144,7.703921309050238,83.93346264522306,39.54984018388097,372.4297085144747,51.38536374544659
2032,98.1429198664266,43.88858115692677,19.466910824428158,22.247490277014744,21.342983997289924,506.77549014536174,55.74850656176111,34.175343347909006,25.543262656303927,10.507460753994495,7.63864901777247,83.22232747107547,39.214749963600696,369.27425826524996,50.949995795118916
2033,117.69639883504526,52.63271114391373,23.345395710627717,26.67996318314201,25.595247831365395,607.7427723686263,66.85554568461276,40.984258940680746,30.632367910352922,12.60091194890949,9.160533256808325,99.80310611654393,47.02769041530629,442.8465185206928,61.10100488051163
2034,131.11973976080057,58.63550165003403,26.007951309373123,29.722828090129102,28.514400338326507,677.0561796556357,74.48045852293787,45.658536877775816,34.12600681429362,14.038053091203054,10.205297261356982,111.18570687673645,52.39122513381772,493.35341469360327,68.06960908196093
2035,130.42569841088076,58.32513295350781,25.870286350089838,29.5654995920041,28.36346827470992,673.472394439489,74.08621950087901,45.416857687229644,33.945371466176134,13.963747045939094,10.151278710828082,110.59718009782965,52.11390856285622,490.7420026320314,67.70930388716765
2036,130.3835569783823,58.30628770534529,25.861927484166774,29.5559467774858,28.35430384470661,673.2547909165972,74.06228173818194,45.402183190824125,33.93440348518999,13.959235264053078,10.147998763457453,110.56144539480414,52.0970702036472,490.5834405447278,67.68742654938804
2037,138.66522511695652,62.00977100000613,27.504618524443057,31.433273553998593,30.15530498460565,716.0184098904289,78.76655007658064,48.28602700262854,36.089839911820185,14.84589426158554,10.792576653317829,117.58405791512884,55.40615807037983,521.7441892083419,71.98677852924766
2038,123.107170538342,55.05235683353599,24.418636759322556,27.906501898559014,26.771919709822072,635.6820927570436,69.92904749417751,42.868398733841445,32.04060767924006,13.18020459068734,9.581663848938971,104.3912823719055,49.189660527298976,463.20518229487925,63.909957333796285
2039,99.10709205054609,44.31974979557714,19.658156957650945,22.46605328003891,21.55266098187833,511.7541358984806,56.29618905792292,34.51108754100651,25.794203869163553,10.610687776366737,7.713692361879326,84.03991730184985,39.60000211600826,372.90206930465337,51.45053693240643
2040,98.1429198664266,43.88858115692677,19.466910824428158,22.247490277014744,21.342983997289924,506.77549014536174,55.74850656176111,34.175343347909006,25.543262656303927,10.507460753994495,7.63864901777247,83.22232747107547,39.214749963600696,369.27425826524996,50.949995795118916
2041,117.67078720148622,52.62125786476181,23.340315574564517,26.67415741977815,25.589678110330613,607.6105229086758,66.84099740824738,40.975340453521696,30.62570207359215,12.598169894415557,9.15853985494301,99.78138819987691,47.01745683139067,442.75015174254577,61.08770883609077
2042,130.69325661596804,58.44478244033943,25.92335723615953,29.626150921456254,28.421653730138534,674.853970825336,74.23820163440696,45.5100268484575,34.01500776309593,13.992392590041412,10.172103271817997,110.82406163540416,52.22081620456373,491.7487217907936,67.8482042728776
2043,130.30673163250233,58.27193214070394,25.846688971196745,29.53853165331974,28.337596759468727,672.8580918743545,74.01864233653454,45.37543105651995,33.91440846169625,13.951010123535097,10.14201930152943,110.49629974699168,52.06637326968954,490.29437616133254,67.64754337641061
2044,130.95853122455443,58.56341072451584,25.975975164751475,29.686284594708454,28.479342575484207,676.2237555227188,74.38888660768446,45.60240081534437,34.08404971754759,14.020793645793027,10.192750096174521,111.04900674989216,52.32681139465554,492.7468486496202,67.98591915042988
2045,138.5864649246689,61.974550190437235,27.488996229509656,31.415419829914168,30.13817713141047,715.6117199824372,78.72181161656204,48.25860111579696,36.0693413136411,14.837461970895944,10.786446598635573,117.5172715741155,55.37468803411182,521.4478447381812,71.94589089852157
2046,123.04576663494076,55.024897591428214,24.40645713074201,27.89258257818675,26.758566301043857,635.3650246151404,69.89416799480719,42.847016656718665,32.024626332497625,13.173630513759441,9.576884667037293,104.33921365656856,49.165125505089065,462.974142899333,63.87808006109688
2047,95.45601538102017,42.687023003479055,18.933956128538206,21.63841036074871,20.758667171253716,492.9012612206584,54.22225369971693,33.23970903565523,24.843952842651078,10.219793100855943,7.4295221613855595,80.94391100178426,38.14114946633921,359.16446468840877,49.55511400008303
2048,94.89297268769523,42.43523566136167,18.82227510339426,21.51077724302265,20.636223176212805,489.993906953322,53.9024263568368,33.0436462183873,24.697411987519743,10.159512145174299,7.385699483986272,80.46646725476859,37.91617573957806,357.04595045190337,49.2628155551578
2049,112.76667772267528,50.4281867073499,22.36757233412315,25.56247123705856,24.52318925642577,582.2874278934324,64.05529692337102,39.267630661697645,29.349329242184368,12.073121954614798,8.776843741720045,95.622846701875,45.05793262661425,424.29786407162436,58.54178542496453
2050,124.46672022541698,55.66033453441626,24.688307078441742,28.21469089971656,27.067578808351584,642.7023287555458,70.70131781947549,43.34182134463769,32.39445220310909,13.325761855536285,9.687480171664262,105.54414076887333,49.73289279626243,468.320647607636,64.61575507176865
2051,123.98181427387054,55.44348920072446,24.592124685154108,28.104770179434563,26.96212708571961,640.1984451172375,70.42587479558324,43.17296731616474,32.26824768320268,13.273846442155603,9.64973902461531,105.13295469506185,49.53913999502485,466.4961320355558,64.36402059896159
2052,125.96389482085823,56.32985678653125,24.985275666473573,28.554077350623114,27.393166975843865,650.4332113344477,71.55176375965799,43.86316772317023,32.78411580783728,13.486053635370093,9.804008101223175,106.81370106555869,50.33111554622739,473.95394279569035,65.39299951738029
2053,142.87195384427,63.89098011223911,28.339034426360666,32.38687424762296,31.070135560567607,737.740476195307,81.15611464606121,49.75089475695171,37.18470826250542,15.296278630270587,11.119994304073101,121.151240919292,57.08703138687392,537.5724999272002,74.17066312591074
2054,119.21906324038281,53.313632196796355,23.64742027067321,27.025127781862007,25.92637922709514,615.6052753529685,67.72047070118911,41.51448138491691,31.028665645287617,12.763932740448643,9.279045106466546,101.09428102699106,47.63609807237472,448.5757221110607,61.89148212690814
2055,95.41500858067438,42.668685152033305,18.925822319939346,21.62911474988624,20.74974948789203,492.68951653879225,54.19896044655852,33.22542964104047,24.833280167807562,10.215402795922415,7.426330524580686,80.9091384336605,38.12476446959612,359.0101717877886,49.53382569616836
2056,94.89297268769523,42.43523566136167,18.82227510339426,21.51077724302265,20.636223176212805,489.993906953322,53.9024263568368,33.0436462183873,24.697411987519743,10.159512145174299,7.385699483986272,80.46646725476859,37.91617573957806,357.04595045190337,49.2628155551578
2057,112.82657674553722,50.45497298118071,22.379453465621083,25.57604942416098,24.536215401237197,582.5967253619755,64.08932159956373,39.28848870907691,29.364918919727092,12.079534914742553,8.781505795923984,95.67363932250011,45.08186634702724,424.5232411774642,58.57288145274833
2058,124.69529485843906,55.762550938263395,24.733645468656984,28.2665052530357,27.11728656864052,643.8826076981553,70.83115596211712,43.421415640128224,32.45394240266498,13.350233707291935,9.70527056753182,105.73796537676999,49.82422385808718,469.1806864997166,64.73441749395045
2059,124.80836632702231,55.813115424547306,24.75607349707404,28.29213681567249,27.141876040278486,644.4664689587611,70.89538439058494,43.46078940511244,32.48337105859744,13.362339461024883,9.714071133722506,105.83384667721309,49.86940357532552,469.6061311751846,64.79311750875239
2060,126.40171473242002,56.52564569057906,25.07211841770955,28.653324389928766,27.488378972581643,652.6939592373948,71.80046031612677,44.01562544322319,32.89806543367278,13.532927883092844,9.838084452751788,107.18495955372008,50.50605428235169,475.6012916142886,65.62028970482788
2061,143.33131504583693,64.09640207648017,28.4301499501221,32.49100436601976,31.17003210723,740.1124557369254,81.41704738572933,49.910853588476435,37.30426435317105,15.345459149904014,11.155747254932194,121.540765791757,57.2705773287202,539.3009003784537,74.40913627629317
2062,119.59076873358549,53.47985536120907,23.72114905007955,27.109387699512656,26.00721342689199,617.5246316729546,67.93161202605549,41.64391673157049,31.125407937615876,12.803728590084939,9.307975647807863,101.40947642081277,47.78461961621995,449.97430766855535,62.084449621063335
2063,99.08769103508568,44.31107384582223,19.654308714309654,22.46165536826487,21.548441874039824,511.65395588414395,56.28516862324286,34.50433171628111,25.78915444497301,10.608610648349604,7.7121823441634065,84.02346580780306,39.592250095064166,372.82907070624725,51.44046507335156
2064,98.1429198664266,43.88858115692677,19.466910824428158,22.247490277014744,21.342983997289924,506.77549014536174,55.74850656176111,34.175343347909006,25.543262656303927,10.507460753994495,7.63864901777247,83.22232747107547,39.214749963600696,369.27425826524996,50.949995795118916
2065,117.67078720148622,52.62125786476181,23.340315574564517,26.67415741977815,25.589678110330613,607.6105229086758,66.84099740824738,40.975340453521696,30.62570207359215,12.598169894415557,9.15853985494301,99.78138819987691,47.01745683139067,442.75015174254577,61.08770883609077
2066,130.71365610772276,58.45390489920508,25.927403529946115,29.63077517244743,28.42608997502167,674.9593066197751,74.24978923748104,45.51713036275877,34.020317056691994,13.994576617776737,10.17369100283178,110.8413598081645,52.22896718447785,491.8254772734811,67.85879448173363
2067,130.52283247794324,58.368570385277486,25.889553152260515,29.587518390868865,28.384591865099612,673.9739605688889,74.14139494483742,45.45068172769182,33.970652158774534,13.974146496036198,10.158838838924625,110.67954694761029,52.15272020773074,491.10748096317957,67.75973014629191
2068,131.20997526437506,58.675854109765744,26.0258497630127,29.743283090766408,28.5340237091351,677.5221240315999,74.53171534890117,45.689958699350164,34.149492045544775,14.04771396142901,10.212320461213737,111.2622239463143,52.42728033489925,493.69293636971605,68.11645401518633
2069,138.76343887608843,62.05369125980943,27.52409948642539,31.455537102447433,30.176663373904844,716.5255511696047,78.8223388222474,48.32022701363689,36.11540161152694,14.856409306593227,10.800220815889576,117.66734031222654,55.445401125432454,522.1137300076604,72.03776530059709
2070,122.98536359653308,54.99788592663479,24.39447602641164,27.878890138513004,26.745430548776884,635.0531245877419,69.85985702069308,42.82598310096498,32.008905476857855,13.167163592290686,9.572183384350462,104.28799364549235,49.14099039629648,462.74686937582965,63.84672237826993
2071,99.12627330567375,44.328327470599525,19.661961610942075,22.470401375525928,21.55683229878835,511.8531811478186,56.307084661281806,34.517766840753495,25.799196097216996,10.612741376216228,7.715185275233035,84.05618244555775,39.60766632780106,372.97424102900703,51.460494704902196
2072,98.1429198664266,43.88858115692677,19.466910824428158,22.247490277014744,21.342983997289924,506.77549014536174,55.74850656176111,34.175343347909006,25.543262656303927,10.507460753994495,7.63864901777247,83.22232747107547,39.214749963600696,369.27425826524996,50.949995795118916
2073,117.67078720148622,52.62125786476181,23.340315574564517,26.67415741977815,25.589678110330613,607.6105229086758,66.84099740824738,40.975340453521696,30.62570207359215,12.598169894415557,9.15853985494301,99.78138819987691,47.01745683139067,442.75015174254577,61.08770883609077
2074,131.21054377480098,58.676108342225945,26.025962528577242,29.74341196333501,28.534147342189225,677.5250596193138,74.5320382821016,45.69015666614217,34.14964000946466,14.047774827775731,10.212364709455105,111.26270602653877,52.42750749335587,493.69507545693847,68.11674915215447
2075,130.23595447317072,58.24028126761385,25.8326501322159,29.52248756000962,28.322204963697374,672.4926235383788,73.97843850994376,45.350785022708855,33.895987575367045,13.943432519109138,10.136510581396129,110.4362827845925,52.038092996287226,490.0280687899003,67.61080006395113
2076,130.38845381188315,58.308477522754494,25.86289878419751,29.55705681431623,28.355368751265207,673.2800764410235,74.0650633056646,45.403888366973725,33.935677964331894,13.959759533005935,10.148379893267553,110.56559776648548,52.0990268206055,490.6018654556774,67.689968695542
2077,138.71922405262478,62.03391881090976,27.515329357855176,31.445514282090688,30.16704804688062,716.2972413856387,78.7972233031723,48.30483052069582,36.10389399742119,14.851675541560335,10.796779492579843,117.62984743426472,55.42773430596986,521.9473665434278,72.01481158093374
2078,123.02456454023174,55.01541621614817,24.40225163851136,27.887776389451663,26.753955515378426,635.2555444615758,69.88212448603838,42.839633659887504,32.019108148661715,13.17136055706404,9.57523446791805,104.32123489996191,49.15665383088322,462.8943675288021,63.86707318828587
2079,99.21020980927665,44.36586307740049,19.678610641078695,22.48942848976233,21.575085836135965,512.2865997052892,56.354763441658896,34.54699522354418,25.821041913103652,10.621727857550136,7.721718212012115,84.12735814727039,39.6412046513611,373.29006197820564,51.504069570123704
2080,98.1429198664266,43.88858115692677,19.466910824428158,22.247490277014744,21.342983997289924,506.77549014536174,55.74850656176111,34.175343347909006,25.543262656303927,10.507460753994495,7.63864901777247,83.22232747107547,39.214749963600696,369.27425826524996,50.949995795118916
2081,117.66119896262165,52.616970095454214,23.338413721723843,26.671983913516026,25.587592971342218,607.5610126184091,66.83555096343012,40.97200163544145,30.623206581262576,12.597143350231766,9.157793584183135,99.77325765357011,47.013625679941576,442.7140748681304,61.08273118991418
2082,131.4249199793699,58.77197534379,26.068484622508237,29.792007751327272,28.58076739292483,678.6320228754893,74.6538112359057,45.764806782592096,34.20543484120614,14.070726555309044,10.229050014790353,111.44449078210666,52.51316532044882,494.5016910950267,68.22804059056106
2083,130.50692851821222,58.36145828561384,25.88639855928264,29.583913207836172,28.38113325638393,673.8918381193133,74.13236095639863,45.44514364827521,33.96651289920046,13.972443772773694,10.157601003668214,110.66606085460815,52.14636549762906,491.0476404475199,67.75147375161237
2084,130.82004399575217,58.501480551776346,25.948505852272444,29.65489167018102,28.449225979073805,675.5086562231395,74.31022116555057,45.55417677024709,34.04800620402003,14.005966808324267,10.181971373310924,110.93157362764931,52.27147635817992,492.22577419244317,67.91402477705321
2085,138.83941384502876,62.08766654396411,27.5391693248535,31.472759459241956,30.193185529028156,716.9178591646787,78.86549518095634,48.346683029546284,36.13517531083799,14.864543403332071,10.806134091372526,117.73176486524943,55.47575827615247,522.3995947479834,72.07720700819364
2086,123.02456454023174,55.01541621614817,24.40225163851136,27.887776389451663,26.753955515378426,635.2555444615758,69.88212448603838,42.839633659887504,32.019108148661715,13.17136055706404,9.57523446791805,104.32123489996191,49.15665383088322,462.8943675288021,63.86707318828587
2087,99.02143807216898,44.281446150377526,19.641167261796227,22.446636840689788,21.534033948035287,511.3118489058577,56.24753469363362,34.48126109887359,25.771911053031516,10.601517417287896,7.707025750791241,83.96728523172801,39.56577754484187,372.5797861549802,51.40607045592409
2088,98.1429198664266,43.88858115692677,19.466910824428158,22.247490277014744,21.342983997289924,506.77549014536174,55.74850656176111,34.175343347909006,25.543262656303927,10.507460753994495,7.63864901777247,83.22232747107547,39.214749963600696,369.27425826524996,50.949995795118916
2089,117.67078720148622,52.62125786476181,23.340315574564517,26.67415741977815,25.589678110330613,607.6105229086758,66.84099740824738,40.975340453521696,30.62570207359215,12.598169894415557,9.15853985494301,99.78138819987691,47.01745683139067,442.75015174254577,61.08770883609077
2090,131.27569793605412,58.70524466400809,26.038886030839873,29.75818140947497,28.54831631355134,677.8614927726068,74.56904805510499,45.71284465865758,34.166597420720656,14.054750417999236,10.217435781016222,111.31795485091943,52.453540997821655,493.9402256379437,68.15057333678641
2091,130.48686344435512,58.35248537525418,25.88241859818108,29.579364764238292,28.376769736826745,673.7882291411764,74.12096331403067,45.438156585028054,33.961290643204336,13.970295548771736,10.156039301031704,110.64904625845043,52.13834814033647,490.97214325143386,67.7410571527376
2092,131.0316875283577,58.59612552840571,25.99048591340579,29.702868003473757,28.495251760003054,676.601508923245,74.43044186901314,45.6278753152262,34.10308981423061,14.02862596820779,10.198443989620438,111.11104115726432,52.3560422975654,493.02210783144545,68.0238975738988
2093,138.57558201080067,61.969683454770724,27.486837574416956,31.4129528407437,30.13581044151731,715.5555244462001,78.71562975243961,48.25481146577862,36.06650886146034,14.836296815115835,10.785599560872248,117.50804318124709,55.370339572227884,521.4068964970659,71.94024113370331
2094,123.02456454023174,55.01541621614817,24.40225163851136,27.887776389451663,26.753955515378426,635.2555444615758,69.88212448603838,42.839633659887504,32.019108148661715,13.17136055706404,9.57523446791805,104.32123489996191,49.15665383088322,462.8943675288021,63.86707318828587
2095,99.04607989382491,44.292465738862084,19.64605503307285,22.452222762613086,21.539392765624807,511.4390905985315,56.26153208395121,34.489841877975685,25.778324480752474,10.604155640955062,7.708943670362456,83.98818077624742,39.57562362315502,372.672503901983,51.41886303139935
2096,98.17169174911811,43.90144766946036,19.472617804364855,22.25401242024527,21.349240972654954,506.9240580193687,55.76484996679945,34.18536229752948,25.55075099838409,10.510541153768733,7.6408883878030345,83.24672518663736,39.226246281289896,369.38251585178045,50.96493245386256
2097,117.70598946260908,52.636999981424935,23.347298037273287,26.68213723088552,25.597333489820404,607.7922949932953,66.8609934862922,40.987598590554235,30.63486402437964,12.601938748834234,9.161279713485179,99.81123868839789,47.03152252120268,442.88260438286966,61.10598376675952
2098,131.2474826202922,58.692627042916634,26.033289447443252,29.751785431406148,28.542180373907353,677.715798814303,74.55302079895613,45.70301951686289,34.15925393407468,14.051729605866955,10.215239729642123,111.29402908784624,52.442267066352606,493.83406219982834,68.13592561465441
2099,130.1123010668271,58.18498463931883,25.808123148122657,29.494457234856327,28.295314254959607,671.854120876208,73.90819918198905,45.307726413655,33.86380480109377,13.930193832956114,10.126886402981665,110.33142831022342,51.98868507752436,489.5628083312584,67.54660653331403
2100,130.55207971178922,58.3816494703303,25.895354419370932,29.594148288894147,28.390952214320823,674.1249829889256,74.1580083654509,45.46086620416779,33.97826421858603,13.977277788260006,10.161115206434317,110.70434774705734,52.164406460431984,491.2175271142364,67.77491357922321
2101,138.56836336161064,61.96645534344848,27.485405736030177,31.411316484011227,30.134240613409954,715.518249882875,78.71152931491152,48.25229778659613,36.06463009269602,14.835523965957035,10.785037719757065,117.50192197772463,55.36745523249714,521.3797354819977,71.93649363825098
2102,123.05283240737755,55.028057337719154,24.407858645615622,27.89418428011086,26.760102883287924,635.4015097767273,69.89818159315533,42.84947710113355,32.02646531264483,13.174386995497274,9.57743460946572,104.34520522507268,49.167948760192814,463.00072869766905,63.881748191986354
2103,95.53479229420269,42.72225129047325,18.949581740105856,21.656267875202804,20.775798660715193,493.3080374694652,54.267001657770855,33.26714074503951,24.864455792710157,10.228227181732208,7.4356535174866805,81.01071152162775,38.172626183738295,359.4608720728996,49.596010311308184
2104,94.89297268769523,42.43523566136167,18.82227510339426,21.51077724302265,20.636223176212805,489.993906953322,53.9024263568368,33.0436462183873,24.697411987519743,10.159512145174299,7.385699483986272,80.46646725476859,37.91617573957806,357.04595045190337,49.2628155551578
2105,112.83225229499966,50.45751103296815,22.38057922604695,25.577335983921525,24.537449653911946,582.6260319015056,64.09254550411924,39.29046504982396,29.36639607213743,12.080142555245963,8.781947534669738,95.67845202255614,45.08413411380428,424.54459609864284,58.57582786214433
2106,123.9862954736986,55.44549315070478,24.593013543133456,28.105785998504757,26.963101605087385,640.221584455688,70.42842026904542,43.17452776028994,32.269413987041816,13.274326212182707,9.650087804870795,105.13675462153708,49.54093053815353,466.512993076015,64.36634697271028
2107,124.08817827490726,55.49105417125957,24.613222269431507,28.128881262354355,26.9852578951056,640.7476713765803,70.4862931550309,43.210005405720615,32.29593061355929,13.285234075293607,9.658017535924648,105.22314825907505,49.581639624253945,466.89633907690353,64.41923849356824
2108,125.63450752389986,56.18255791734851,24.919940814552366,28.479410317112933,27.321535646579758,648.7323712831131,71.36466060529051,43.74846842562221,32.698387502083705,13.450788492450313,9.778371265109046,106.53439026525245,50.199502990691144,472.7145844198458,65.22200112628052
2109,142.86268091370889,63.88683334580861,28.33719511576587,32.38477221690309,31.068118991172252,737.6925940461251,81.15084730705259,49.74766573557962,37.182294834198636,15.295285843892538,11.119272574354659,121.14337774521054,57.083326222467996,537.5376094372946,74.16584916914503
2110,119.46299720970262,53.422717149883084,23.695805226350714,27.080423860459035,25.97942715771178,616.8648645014614,67.85903346769096,41.599424110964485,31.092153357469112,12.790049006529607,9.298030948518955,101.30112990313701,47.733566230317486,449.4935523091929,62.01811820751433
2111,96.24759448817889,43.04100965818574,19.090967963019104,21.817849168091822,20.93081061511774,496.98869708016986,54.67189747544372,33.51535283972178,25.04997395018402,10.304541816437998,7.491132259980716,81.615146947942,38.457438983768355,362.1428740128119,49.96605502604937
2112,94.95286454445937,42.46201873058165,18.834154813477515,21.52435380568093,20.649247762624388,490.30316741865846,53.936446962442965,33.06450177038682,24.712999799971044,10.165924338079195,7.390360980439269,80.51725379875221,37.94010659664915,357.2713005944588,49.29390786272771
2113,112.83225229499966,50.45751103296815,22.38057922604695,25.577335983921525,24.537449653911946,582.6260319015056,64.09254550411924,39.29046504982396,29.36639607213743,12.080142555245963,8.781947534669738,95.67845202255614,45.08413411380428,424.54459609864284,58.57582786214433
2114,124.32915981193098,55.598818824679086,24.66102160226121,28.18350806996484,27.037663764987396,641.9920152040044,70.62317883987004,43.29392003531897,32.358649908072785,13.311034245557137,9.676773584589112,105.42749355892921,49.67792808533795,467.80306040189726,64.5443418460543
2115,123.1790250010438,55.08448946645611,24.432889284310164,27.922790199971843,26.78754578503632,636.0531239083931,69.96986326561446,42.89341990640546,32.05930895098047,13.18789753428293,9.587256417630494,104.45221285607458,49.218371256432114,463.4755431467204,63.94725991840963
2116,124.79460741923458,55.80696257172926,24.753344380890116,28.289017882919662,27.138883912582127,644.3954228023243,70.88756886438976,43.45599827602867,32.479790083057246,13.360866393137824,9.713000251914615,105.82217952556205,49.86390595889632,469.55436166929695,64.7859746980954
2117,142.73093937164145,63.82791978007575,28.311063828304786,32.35490843579475,31.039469368479647,737.0123270982434,81.07601364373384,49.70179067460257,37.148006993401204,15.281181218873959,11.109018881044095,121.03166476815215,57.030686545158346,537.0419164184208,74.09745675710437
2118,119.10572423748143,53.26294807170763,23.624939176108125,26.999435573310574,25.901731575196408,615.0200326393209,67.65609030415641,41.4750144590894,30.999167359275205,12.751798343729005,9.27022371757404,100.99817286526589,47.59081145703916,448.1492708063117,61.83264322412119
2119,99.15188016183423,44.33977861334424,19.66704079939549,22.476206055927026,21.562400980889905,511.98540593896473,56.32163022392282,34.52668366432605,25.805860690583483,10.615482919228251,7.717178305264389,84.07789631113046,39.61789800282208,373.0705898316312,51.47378826918048
2120,98.1429198664266,43.88858115692677,19.466910824428158,22.247490277014744,21.342983997289924,506.77549014536174,55.74850656176111,34.175343347909006,25.543262656303927,10.507460753994495,7.63864901777247,83.22232747107547,39.214749963600696,369.27425826524996,50.949995795118916
2121,117.69639883504526,52.63271114391373,23.345395710627717,26.67996318314201,25.595247831365395,607.7427723686263,66.85554568461276,40.984258940680746,30.632367910352922,12.60091194890949,9.160533256808325,99.80310611654393,47.02769041530629,442.8465185206928,61.10100488051163
2122,131.21214898070957,58.676826175054714,26.026280925465368,29.74377583882284,28.534496423753794,677.5333483375647,74.53295009349104,45.69071563120195,34.150057789944356,14.047946685695885,10.212489645666025,111.26406719423137,52.42814888193927,493.70111523262534,68.11758248006446
2123,130.40988999912045,58.318063581988746,25.86715070930768,29.561916068226633,28.360030444658804,673.3907653659998,74.07723978692769,45.41135287954277,33.94125707448776,13.962054552314695,10.150048312250888,110.58377502671397,52.10759203064642,490.6825216268293,67.70109709533989
2124,130.59430236006278,58.4005310374157,25.903729394660346,29.603719513779396,28.400134306189017,674.3430058814907,74.18199226146233,45.4755689815436,33.989253337275024,13.981798265338414,10.164401474982283,110.74015131868634,52.1812772708491,491.37639478542906,67.79683307942683
2125,138.65972155384142,62.007309858878905,27.503526877969488,31.43202598089746,30.154108133527107,715.9899914278541,78.76342386610257,48.28411055099503,36.0884075216041,14.845305034430718,10.79214830059467,117.57939105446845,55.40395902380814,521.7234814059868,71.98392140498486
2126,123.05283240737755,55.028057337719154,24.407858645615622,27.89418428011086,26.760102883287924,635.4015097767273,69.89818159315533,42.84947710113355,32.02646531264483,13.174386995497274,9.57743460946572,104.34520522507268,49.167948760192814,463.00072869766905,63.881748191986354
2127,99.17748701799472,44.35122975608894,19.672119987848905,22.482010736328125,21.567969662991455,512.1176307301108,56.33617578656382,34.53560048789861,25.81252528394997,10.618224462240276,7.719171335295743,84.09961017670317,39.6281296778431,373.1669386342553,51.48708183345875
2128,98.16210112155427,43.89715883194916,19.470715477719285,22.251838372501755,21.34715531419994,506.8745353946997,55.75940216512,34.18202264765599,25.548254884357373,10.509514353843988,7.64014193112618,83.2385926147834,39.222414175393496,369.3464299896036,50.95995356761468
2129,117.66119896262165,52.616970095454214,23.338413721723843,26.671983913516026,25.587592971342218,607.5610126184091,66.83555096343012,40.97200163544145,30.623206581262576,12.597143350231766,9.157793584183135,99.77325765357011,47.013625679941576,442.7140748681304,61.08273118991418
2130,131.52244579311244,58.815587960952406,26.087829128681378,29.814115353138472,28.601976175839212,679.1356118468433,74.70920920526272,45.79876723714625,34.23081749213589,14.081167946922378,10.236640633271705,111.52718982162183,52.55213349467999,494.86864341905084,68.27867022137765
2131,130.87087551619015,58.524211924687485,25.958588420396385,29.66641439396231,28.46028022861867,675.7711323010864,74.33909519288272,45.57187733047322,34.06123591921022,14.011408975795897,10.185927686656747,110.97467727124888,52.29178699665448,492.41703375586127,67.94041349420264
2132,131.07471277958555,58.615366011905486,25.99902008713927,29.712621166102917,28.504608392653534,676.8236761749356,74.45488167071927,45.64285757513189,34.11428782315945,14.033232374246275,10.201792726273863,111.14752531273966,52.37323380227423,493.1839953904814,68.04623373805741
2133,138.74908279348355,62.047271356087826,27.52125191901821,31.45228279934943,30.173541379555,716.4514214126281,78.81418408050557,48.31522793624219,36.11166521170114,14.854872303468014,10.79910345483655,117.65516677378514,55.439664897179064,522.0597135614131,72.03031247211645
2134,123.05283240737755,55.028057337719154,24.407858645615622,27.89418428011086,26.760102883287924,635.4015097767273,69.89818159315533,42.84947710113355,32.02646531264483,13.174386995497274,9.57743460946572,104.34520522507268,49.167948760192814,463.00072869766905,63.881748191986354
2135,99.10687229021336,44.31965152084462,19.658113367600787,22.46600346375189,21.552613190949845,511.75300113348203,56.29606422660174,34.511011016028085,25.794146673026457,10.610664248199095,7.713675257517117,84.03973095151098,39.59991430685697,372.9012424306009,51.45042284584732
2136,98.16210112155427,43.89715883194916,19.470715477719285,22.251838372501755,21.34715531419994,506.8745353946997,55.75940216512,34.18202264765599,25.548254884357373,10.509514353843988,7.64014193112618,83.2385926147834,39.222414175393496,369.3464299896036,50.95995356761468
2137,117.69639883504526,52.63271114391373,23.345395710627717,26.67996318314201,25.595247831365395,607.7427723686263,66.85554568461276,40.984258940680746,30.632367910352922,12.60091194890949,9.160533256808325,99.80310611654393,47.02769041530629,442.8465185206928,61.10100488051163
2138,131.2207005240915,58.68065034399371,26.02797714698246,29.745714342165744,28.53635611423174,677.5775054972945,74.53780766011928,45.69369345101442,34.152283465714135,14.048862238306247,10.213155228456346,111.27131865307001,52.4315658032616,493.7332914185763,68.12202193529917
2139,130.25909619168587,58.250630024228656,25.837240354019695,29.52773343162583,28.327237556253326,672.6121192264967,73.99158379080814,45.3588434356539,33.902010577282574,13.945910137458066,10.138311745103566,110.45590628549441,52.04733968169802,490.1151422227196,67.62281387465337
2140,130.5482434607637,58.37993393532582,25.8945934887127,29.593278669796746,28.39011795093882,674.1051739390581,74.15582924477913,45.4595303442184,33.97726577297535,13.97686706829011,10.160816623763575,110.70109471831574,52.16287361807341,491.2030927693657,67.77292202472404
2141,138.84870588518402,62.091821856023536,27.54101242588744,31.47486582181288,30.19520625415642,716.9658399890777,78.87077337486245,48.34991870526432,36.137593712721916,14.865538235637741,10.806857308426814,117.7396442437082,55.479471076136775,522.4345571399804,72.0820308855297
2142,122.92949908673596,54.972903848708434,24.383395151378053,27.86622651346259,26.73328178307642,634.7646599244457,69.82812408473363,42.80652995237437,31.99436584578864,13.1611825786319,9.56783534392665,104.24062217402324,49.11866873736769,462.53667259905995,63.81772083090274
2143,99.38987104737352,44.44620587583872,19.714246928499104,22.530154928848873,21.61415647857103,513.2143070948856,56.45681711730426,34.60955688878328,25.86780162027469,10.640962901819108,7.735701585869221,84.27970562593826,39.71299149589057,373.9660584793035,51.59733905240566
2144,98.18770797771475,43.90860997469387,19.475794666172703,22.257643052902853,21.352723996301496,507.00676018584585,55.773947727761005,34.190939471228546,25.554919477723857,10.512255896856011,7.6421349611575335,83.2603064803561,39.232645850414514,369.4427787922277,50.97324713189297
2145,117.84567581844424,52.699466392378774,23.375005199808626,26.713801979066062,25.627710858471005,608.5135861627583,66.94034007324379,41.036240195859854,30.671219629872684,12.616893968261207,9.172151766673005,99.92968863531587,47.087336690221264,443.40819069628895,61.17850065592608
2146,130.76603550528685,58.47732846805826,25.93779312364075,29.64264877616341,28.437480838932384,675.2297753903212,74.27954251151016,45.535369925006826,34.033949631630456,14.000184505385661,10.17776779038099,110.8857760063248,52.2498963048007,492.0225609063115,67.88598676508197
2147,130.37716481913927,58.30342919247357,25.860659582273,29.554497773311045,28.352913752047673,673.2217840564193,74.05865077497043,45.39995731210396,33.93273982363693,13.958550901263878,10.147501249617536,110.55602503059959,52.094516102681126,490.55938929511757,67.68410811860365
2148,130.6775533069756,58.43776006977939,25.92024244279267,29.62259122285953,28.418238756618422,674.7728844655417,74.22928162239185,45.50455863967335,34.01092072608182,13.990711349018925,10.17088105358795,110.81074568836361,52.21454166803497,491.68963624709477,67.84005204418679
2149,138.76520651354727,62.05448173048398,27.52445010204624,31.45593779866915,30.17704777919916,716.5346786272024,78.82334290026553,48.32084254063722,36.11586166741231,14.856598554898158,10.800358394455172,117.66883921712615,55.446107416432035,522.120380951125,72.03868295335509
2150,122.84623380762754,54.93566840712307,24.36687926041638,27.84735155549416,26.715174215847338,634.3347073339819,69.780826582631,42.77753530348516,31.972694726798995,13.152267960505673,9.561354649819101,104.17001565106303,49.085398613498036,462.2233772108256,63.77449442571501
2151,99.22490747587699,44.37243573423894,19.681525962585585,22.492760224697772,21.5782821142116,512.3624932817744,56.36311221469342,34.55211324737272,25.824867215620817,10.623301431631573,7.722862159193357,84.13982133895591,39.64707736557792,373.3453636743388,51.51169972879948
2152,98.1429198664266,43.88858115692677,19.466910824428158,22.247490277014744,21.342983997289924,506.77549014536174,55.74850656176111,34.175343347909006,25.543262656303927,10.507460753994495,7.63864901777247,83.22232747107547,39.214749963600696,369.27425826524996,50.949995795118916
2153,117.78639069129433,52.672954646876825,23.363245836168204,26.700362952678486,25.614818216579366,608.2074586355703,66.90666411063303,41.01559591934424,30.655789728495552,12.610546733558275,9.167537493133066,99.87941658031129,47.06364826276356,443.1851234451389,61.147723326465005
2154,130.29685197232698,58.26751405055543,25.84472931415912,29.53629208632917,28.335448245553433,672.8070767870244,74.01303035453051,45.371990759663966,33.9118371223153,13.949952378955084,10.141250348897932,110.4879220839312,52.06242567567025,490.25720278002154,67.64241444153608
2155,130.61446775928917,58.409548812327166,25.907729255567414,29.60829069959526,28.40451964334399,674.4471329045183,74.19344689204212,45.482590980107,33.99450170455113,13.983957230460383,10.165970986131974,110.75725098782488,52.18933471492815,491.45226946749557,67.80730176129599
2156,130.8876011884696,58.53169148639443,25.961906002257468,29.670205846589962,28.463917533849553,675.8574977850047,74.34859594191373,45.577701546765674,34.06558904260128,14.013199673946103,10.187229477354464,110.98886015247463,52.298470036626235,492.47996606145585,67.94909647340755
2157,138.76523995533705,62.05449668533458,27.524456735314743,31.45594537940848,30.17705505173176,716.5348513088326,78.82336189633615,48.32085418574263,36.115870371172306,14.856602135271496,10.800360997292898,117.66886757478642,55.446120778694194,522.1205067797852,72.03870031435322
2158,122.91267070038795,54.96537835424607,24.38005719590657,27.86241177713556,26.729622140781142,634.6777640612345,69.8185649906286,42.800669968972436,31.989985989420457,13.159380883620733,9.566525558798768,104.22635219426952,49.11194465616219,462.4733538197235,63.80898452863217
2159,96.61546373035601,43.20551728759398,19.16393581176722,21.901239466645062,21.01081055153259,498.88824435028823,54.88085967963832,33.64345232642596,25.14571779690159,10.343926946104396,7.519764218651292,81.92708931302212,38.60442768525501,363.5270252254357,50.15703096570541
2160,94.95286454445937,42.46201873058165,18.834154813477515,21.52435380568093,20.649247762624388,490.30316741865846,53.936446962442965,33.06450177038682,24.712999799971044,10.165924338079195,7.390360980439269,80.51725379875221,37.94010659664915,357.2713005944588,49.29390786272771
2161,112.83225229499966,50.45751103296815,22.38057922604695,25.577335983921525,24.537449653911946,582.6260319015056,64.09254550411924,39.29046504982396,29.36639607213743,12.080142555245963,8.781947534669738,95.67845202255614,45.08413411380428,424.54459609864284,58.57582786214433
2162,124.36038966616998,55.612784518731736,24.667216127432848,28.190587397536106,27.04445527149819,642.1532751778332,70.64091845609846,43.304794900187225,32.36677797651247,13.314377802771617,9.67920426319265,105.45397556252043,49.69040652929548,467.9205663949485,64.56055453816009
2163,124.2959377825019,55.58396224881216,24.654431923808772,28.17597714692207,27.03043902332057,641.820468338775,70.60430760057795,43.282351454885465,32.35000334421634,13.30747740038818,9.674187851223811,105.39932224900525,49.66465363233493,467.67805861580626,64.52709493448877
2164,125.89339952804029,56.298331961467646,24.971292736470105,28.538097152115906,27.37783647713295,650.0691984579267,71.51172004280524,43.83861984096189,32.76576828177088,13.478506208376544,9.798521319293577,106.75392311772457,50.30294789760609,473.6886959801079,65.3564025333336
2165,142.9106555498215,63.908287147197115,28.34671101323774,32.39564732895305,31.07855195864684,737.9403181790896,81.17809852720951,49.764371471086285,37.194780999606515,15.300422145184845,11.123006530991757,121.18405883440478,57.10249534197565,537.7181196380319,74.1907547610261
2166,119.96906703676977,53.6490267675971,23.796185530990698,27.19514210577404,26.08948135454335,619.4780309428999,68.14649829055705,41.775647827576705,31.22386611405715,12.844230284750447,9.337419320015462,101.73026232480056,47.93577543460416,451.3976994476211,62.28083971199168
2167,96.00001058637649,42.930292489976445,19.04185903346503,21.76172570594508,20.876968939514988,495.7102609651777,54.53126142352064,33.42913913359781,24.98553628476894,10.278034778181443,7.471862336782048,81.40520303573307,38.358512430356164,361.2113105152011,49.837524116505
2168,94.89297268769523,42.43523566136167,18.82227510339426,21.51077724302265,20.636223176212805,489.993906953322,53.9024263568368,33.0436462183873,24.697411987519743,10.159512145174299,7.385699483986272,80.46646725476859,37.91617573957806,357.04595045190337,49.2628155551578
2169,113.7401347808522,50.86350745344884,22.560660146965194,25.783138978209507,24.73488540774261,587.3140174677441,64.60825354285237,39.606608035133455,29.602686991836492,12.17734304206985,8.852609745130247,96.44830983446666,45.44689471566425,427.96061053974046,59.04714671937422
2170,124.78316554973752,55.80184587641702,24.75107485545244,28.28642418710611,27.136395667501304,644.3363410159819,70.88106949451566,43.45201398639131,32.476812153745165,13.359641393974803,9.712109709577843,105.81247715465786,49.85933415634494,469.51131029200513,64.78003475659419
2171,124.80836632702231,55.813115424547306,24.75607349707404,28.29213681567249,27.141876040278486,644.4664689587611,70.89538439058494,43.46078940511244,32.48337105859744,13.362339461024883,9.714071133722506,105.83384667721309,49.86940357532552,469.6061311751846,64.79311750875239
2172,125.91248045779868,56.306864771938244,24.975077489955726,28.542422505384934,27.38198597644519,650.167725662374,71.52255865795229,43.84526420539263,32.77073439854434,13.480549067106026,9.800006424134104,106.77010318845169,50.310572022612426,473.7604902184812,65.36630822283497
2173,142.99386350014746,63.945496951895734,28.36321553288198,32.41450929136834,31.096647058677195,738.3699747439017,81.22536346461966,49.793346156937645,37.21643719786474,15.309330625528206,11.129482763091772,121.2546167442331,57.135742559110184,538.0311993199917,74.23395140450276
2174,119.82039917168431,53.5825439110537,23.76669686205752,27.161441387602064,26.05715079142429,618.7103624213183,68.06204990178361,41.72387867967473,31.1851729273087,12.828313479341645,9.325848218980816,101.60419632055486,47.87637254374985,450.8383191511919,62.203660154757365
2175,99.28537262046564,44.39947517232633,19.69351938584317,22.506466742887415,21.591431372610533,512.6747140036291,56.397458467224375,34.57316842975074,25.840604235386284,10.629775002365095,7.727568275721683,84.19109401425833,39.67123729000022,373.5728708796396,51.54308965348009
2176,98.16210112155427,43.89715883194916,19.470715477719285,22.251838372501755,21.34715531419994,506.8745353946997,55.75940216512,34.18202264765599,25.548254884357373,10.509514353843988,7.64014193112618,83.2385926147834,39.222414175393496,369.3464299896036,50.95995356761468
2177,118.02366974445152,52.779063584694256,23.41031077141369,26.754150464148893,25.666418913209537,609.4326841396478,67.04144665908285,41.09822126941484,30.717545392438325,12.635950505345255,9.186005370477696,100.08062228206495,47.15845733053762,444.0779137399025,61.27090456844439
2178,130.31075420207083,58.273730995590334,25.84748685863663,29.539443507964844,28.338471541246623,672.8788630075906,74.02092729245689,45.37683179634235,33.91545539968404,13.9514407912993,10.142332385724655,110.49971076841189,52.06798055893725,490.3095115515955,67.64963165647073
2179,130.40062662335643,58.313921088372695,25.86531329393246,29.55981620343228,28.358015953129904,673.3429325544265,74.07197787536784,45.408127185343666,33.93884613296955,13.961062788900456,10.149327326200366,110.57591995482115,52.10389068402967,490.64766708796964,67.69628809885937
2180,130.777744909102,58.48256480217529,25.940115715226444,29.64530311789159,28.440027264273965,675.2902386297052,74.28619384994916,45.53944737548749,34.03699719102248,14.001438147535374,10.17867915541958,110.89570523851113,52.254575005449304,492.0666189128846,67.89206559456817
2181,138.81643455806386,62.07739042519509,27.53461132178243,31.46755040835963,30.18818826020195,716.7992022159077,78.85244216672068,48.33868117854181,36.12919458432814,14.862083175367927,10.804345570019763,117.71227910155454,55.466576493157866,522.313132482942,72.06527752233944
2182,122.75381742162075,54.89434067749153,24.348548222909454,27.82640218235628,26.695076572020195,633.8575016488463,69.72833094149125,42.74535405467929,31.94864188605683,13.142373598789982,9.554161707759116,104.0916492569266,49.04847200203458,461.8756497085191,63.726517307397614
2183,99.40298978375722,44.45207245008817,19.716849064971694,22.533128744591675,21.617009389214846,513.2820476315436,56.4642690044334,34.614125097277736,25.871215980980732,10.642367431130866,7.736722641926328,84.29082993094995,39.71823332044425,374.01541926512556,51.60414952395569
2184,96.63267669728627,43.21321476283824,19.167350049826485,21.905141381474383,21.014553827952714,498.9771260522471,54.89063722855539,33.64944622854012,25.150197746509694,10.345769815408934,7.521103936413039,81.94168540586884,38.6113054324753,363.5917910343638,50.16596691945441
2185,115.13319314126853,51.486469914629716,22.83697700112398,26.098923880175505,25.03783158393262,594.5072804597348,65.39955793090485,40.09169904155245,29.965252683219052,12.326487841002063,8.961034111258506,97.62958260701787,46.00351597130632,433.2021561699609,59.77034017746744
2186,129.45037338987572,57.88897687218253,25.676828021821432,29.344408412413447,28.151365900500977,668.436159362689,73.53220181516768,45.07722985147725,33.69152754935866,13.859325969059098,10.0753673203391,109.77013298735763,51.72420009602019,487.0722277344701,67.20297285700558
2187,128.4133912633469,57.42524831916635,25.471139841653812,29.10934051542418,27.925855054052743,663.0815486973569,72.94316080269427,44.716131768518245,33.42163638590166,13.748303706710225,9.994657040748505,108.89080245354951,51.30985543556079,483.1704607386501,66.66463310658688
2188,128.46697934274098,57.44921239904833,25.481769180624326,29.121488108718793,27.937508768070114,663.3582586753954,72.97360064898983,44.73479221814762,33.43558353959418,13.75404099924117,9.998827902289865,108.93624357857361,51.33126750621579,483.3720921787685,66.69245286601029
2189,137.82196650111942,61.63267376010524,27.33735592110119,31.242119796984056,29.971922880548806,711.6641192402043,78.28755058744544,47.992387351734344,35.8703683866115,14.755612590493678,10.726944240848761,116.86899925612919,55.06921908568578,518.5713296652101,71.54900856082232
2190,120.83405087245569,54.03583931936955,23.96775738983479,27.391220635946038,26.277588007454074,623.944502980762,68.63783844127992,42.07685263802244,31.44899197477592,12.936837919806337,9.40474264742251,102.46374333523529,48.28139511746203,454.652302681039,62.72988812884156
2191,98.37415789913325,43.99198860780378,19.512777507099134,22.299908382073355,21.393270962853407,507.9695219463786,55.87985760574086,34.25586509286626,25.60344604817358,10.53221775691231,7.656646711073326,83.41841056405735,39.307145234161304,370.1443185113348,51.07004089679421
2192,96.57186996870223,43.186022571634,19.1552888724692,21.8913574314473,21.00133028582799,498.66314151088363,54.856096944731746,33.628272099728264,25.134371824052852,10.339259673719186,7.516371233756497,81.89012307732231,38.58700902208957,363.36299857917726,50.134399664578666
2193,115.19152517741024,51.51255544688959,22.84854731661208,26.11214685549219,25.0505169586453,594.8084865604615,65.43269250550311,40.112011432563826,29.98043452743637,12.332733035064903,8.965574203923213,97.67904646870495,46.02682357429264,433.4216373042969,59.800622718481975
2194,129.3858211808383,57.86010973771116,25.664023918391848,29.329775419581424,28.13732783472558,668.10283447874,73.49553397143535,45.05475147085926,33.67472680578255,13.852414825555654,10.070343099857075,109.71539460086166,51.69840711227317,486.8293424693475,67.16946117033989
2195,129.1221183363707,57.74218433151293,25.611717753419526,29.269998041077724,28.079980798411885,666.741165817978,73.34574181347669,44.96292482392675,33.60609392805059,13.824182047350854,10.049818608873744,109.49178229640603,51.593039948502614,485.8371295575477,67.03256225969945
2196,129.57784871504924,57.94598262626035,25.702113093743538,29.37330510777586,28.179087755821072,669.0943970683144,73.60461212262106,45.121619329721035,33.72470503905978,13.872973840736307,10.085288965922421,109.87822833718535,51.77513513045785,487.5518686114142,67.26915050171407
2197,137.04193197752633,61.283849733466205,27.18263398566836,31.065297969153864,29.802290018830007,707.6362955463279,77.8444645266668,47.720763604414635,35.66735194136776,14.672099870935606,10.666232679020537,116.2075527794036,54.757542412041765,515.6363581918408,71.14406079942286
2198,120.83405087245569,54.03583931936955,23.96775738983479,27.391220635946038,26.277588007454074,623.944502980762,68.63783844127992,42.07685263802244,31.44899197477592,12.936837919806337,9.40474264742251,102.46374333523529,48.28139511746203,454.652302681039,62.72988812884156
2199,98.18803045211602,43.90875418218179,19.47585862983326,22.257716152889255,21.352794124294377,507.0084253301373,55.77413090415621,34.191051763316445,25.55500340683808,10.512290421884613,7.642160059949905,83.26057992922291,39.232774700799574,369.443992140022,50.97341454151774
2200,96.55269349097308,43.17744703301884,19.15148516678785,21.88701041892304,20.997160007851196,498.56412093034993,54.84520405509722,33.62159446356777,25.1293808393937,10.3372065853516,7.514878692236748,81.87386198470874,38.57934671919136,363.29084483034643,50.12444437222549
2201,115.10153332116117,51.47231194392651,22.830697191071593,26.091747085955717,25.030946573431322,594.3438002935173,65.38157407948283,40.08067445390032,29.957012709293735,12.323098250416114,8.958569967598473,97.6027360049376,45.99086572683537,433.08303237985075,59.75390427252861
2202,129.42115482042092,57.87591060557309,25.671032440369732,29.33778501216473,28.145011784879134,668.2852849554782,73.51560467690045,45.0670553565202,33.683922949912876,13.856197745726723,10.073093183833175,109.74535649447652,51.7125252966865,486.9622894365505,67.18780430492984
2203,128.8941647651585,57.6402456606055,25.56650255247648,29.21832447291757,28.03040809944258,665.5640938199299,73.2162564550036,44.88354679467958,33.54676536975173,13.799776688242885,10.032076551421127,109.29848433077139,51.501957042975015,484.9794274834412,66.91422225605425
2204,129.32607981212809,57.8333939653189,25.652174058016858,29.31623297025013,28.124335974710675,667.7943510807396,73.46159884814698,45.03394832183409,33.65917816025123,13.846018744330772,10.065693316173853,109.66473566634922,51.67453638538179,486.60455855576265,67.13844698726153
2205,137.0422472858298,61.28399073634328,27.182696527914242,31.065369444696117,29.802358588423047,707.6379236874128,77.84464363247544,47.72087340112281,35.66743400539056,14.672133628741351,10.666257220061967,116.20782015162892,54.75766839908493,515.6375445763507,71.14422448883374
2206,120.8623187396015,54.04848044094052,23.973364396939058,27.397628526605235,26.283735375363566,624.0904682959135,68.65389554839687,42.086696079268485,31.456349138759037,12.939864358239575,9.406942788970182,102.48771366034606,48.29269004677161,454.75866384990604,62.744563132542034
2207,98.32294418681231,43.96908632231436,19.5026191301923,22.28829902127116,21.38213359865031,507.7050723640864,55.850766480458844,34.238031445721134,25.590116861440606,10.526734670888262,7.652660651010618,83.37498283291194,39.28668188411927,369.9516209060865,51.04345376823765
2208,96.55269349097308,43.17744703301884,19.15148516678785,21.88701041892304,20.997160007851196,498.56412093034993,54.84520405509722,33.62159446356777,25.1293808393937,10.3372065853516,7.514878692236748,81.87386198470874,38.57934671919136,363.29084483034643,50.12444437222549
2209,115.10153332116117,51.47231194392651,22.830697191071593,26.091747085955717,25.030946573431322,594.3438002935173,65.38157407948283,40.08067445390032,29.957012709293735,12.323098250416114,8.958569967598473,97.6027360049376,45.99086572683537,433.08303237985075,59.75390427252861
2210,129.44842421127245,57.88810521803331,25.676441397028707,29.343966563606795,28.150942015743993,668.4260944905271,73.53109461562337,45.07655110819038,33.69102024449047,13.859117284441764,10.07521561208298,109.76848014087373,51.723421267026055,487.06489372113606,67.20196095882916
2211,128.21402564498254,57.336093909114204,25.431595137670698,29.06414739642824,27.8824993315192,662.0520948243495,72.82991437087112,44.646708640811795,33.369748299003,13.726959055323137,9.979140037718949,108.72174623634531,51.230195355280536,482.4203241934433,66.56113427619563
2212,128.76729616959923,57.58351123024571,25.541337826997207,29.189565313825856,28.002818188642436,664.9089890524529,73.14419079054564,44.83936859191971,33.51374579112479,13.78619377476764,10.02220212875086,109.19090346992276,51.45126443815073,484.5020694979027,66.8483595894546
2213,137.94175021464775,61.68623989854519,27.361115341267695,31.269272922300615,29.997972053371978,712.2826401708771,78.35559179865777,48.034098455733385,35.9015440115141,14.76843697630347,10.736267233754754,116.97057234409642,55.11708079982795,519.0220299503211,71.61119317596213
2214,120.85525296716469,54.04532069464958,23.971962882065437,27.396026824681126,26.282198793119502,624.0539831343267,68.64988195004874,42.08423563485359,31.45451015861183,12.939107876501742,9.406392846541756,102.48172209184196,48.28986679166786,454.73207805157,62.74089500165257
2215,97.44627961170244,43.57705025486826,19.328730365421233,22.089572647147538,21.191486753997363,503.17828509966586,55.35279127364319,33.93275916631367,25.361950901695522,10.432876462574091,7.584428189568745,82.63159689685683,38.93639495398036,366.6530675192327,50.5883414027571
2216,95.79179483722157,42.83718038553352,19.000558882353193,21.714526398433645,20.831688593176754,494.6351081321707,54.41298781729592,33.35663421192342,24.931344809957704,10.255742606564922,7.455656511339605,81.228642166295,38.27531612284151,360.4278743138636,49.729430821967206
2217,113.96418044006082,50.96369854324336,22.605100203103223,25.833926682830835,24.783608259331498,588.4709103838599,64.73551907478809,39.68462525063391,29.66099845361039,12.201330008979346,8.870047642402708,96.63829400494485,45.536416145414385,428.80360863613305,59.163457966381436
2218,126.03098860591751,56.35986048964818,24.998583898309352,28.569286479644195,27.407757754096504,650.7796600222939,71.58987530475693,43.88653113179953,32.801578037172895,13.493236887247122,9.80923013737249,106.87059463423462,50.357924061898125,474.2063910389839,65.42783063990346
2219,125.68127825558103,56.20347334411543,24.929217914358144,28.490012522547033,27.331706802880912,648.9738788773894,71.39122796690532,43.76475493733403,32.71056033213182,13.455795900302496,9.782011519587956,106.57405047867724,50.21819106876126,472.8905647888179,65.2462817222291
2220,127.98118001766805,57.231967557204804,25.3854095843067,29.011364874400414,27.83186276492452,660.8497619706794,72.69765015863976,44.56562709900152,33.30914650495651,13.702029938744213,9.96101722229019,108.52429995012368,51.137157741689215,481.54421518391024,66.44025460653906
2221,144.03384105555918,64.41056503224418,28.569497864385472,32.65025620600901,31.322809316259328,743.7400527495414,81.81610598227518,50.15548730862426,37.48710796953831,15.420673587031658,11.210426182575963,122.1364873141819,57.5512840964797,541.9442369686561,74.77384620432491
2222,121.29690196365421,54.242821929091015,24.059565142544965,27.49614185864004,26.378243494839438,626.3345030839349,68.90075355660274,42.23802671947622,31.569456364966587,12.986392076971532,9.440767222990168,102.85622753210343,48.46633550680883,456.3938342517547,62.97017302338541
2223,97.92556973126814,43.791384241862964,19.423798843405322,22.198220344703515,21.29571721061994,505.65317055849806,55.6250443145346,34.09965764887067,25.48669381162016,10.484190628975176,7.621732245796454,83.03802090929133,39.127903849623316,368.45645286417033,50.837160467950504
2224,95.79179483722157,42.83718038553352,19.000558882353193,21.714526398433645,20.831688593176754,494.6351081321707,54.41298781729592,33.35663421192342,24.931344809957704,10.255742606564922,7.455656511339605,81.228642166295,38.27531612284151,360.4278743138636,49.729430821967206
2225,113.8986058677364,50.9343742176251,22.592093311179422,25.81906193596787,24.769347861845322,588.1323063757867,64.69827049403985,39.66179086250761,29.643931623657334,12.19430940834818,8.864943849453013,96.5826886842637,45.510214658224356,428.5568766091146,59.12941552920163
2226,126.2632466132119,56.463724063468476,25.04465289566966,28.621935797252373,27.458266531904155,651.9789586130329,71.72180572889039,43.96740805247186,32.86202689372236,13.518103091551703,9.827307217224035,107.06754263585452,50.45072688145444,475.0802890592031,65.54840525202157
2227,125.51929100337331,56.131034184219,24.897087309341355,28.453292504196273,27.29647969392246,648.1374337293686,71.29921371457908,43.70834771030514,32.66840056211737,13.438453083341917,9.76940374546984,106.43669002345825,50.153466179780345,472.28106873460587,65.162187527456
2228,127.51267487530049,57.02245650952841,25.292480335414695,28.905161965278296,27.72997770006393,658.4305663375958,72.43152335052112,44.402484162939864,33.18721055762979,13.651870442744178,9.924552581229605,108.12702128312394,50.94995817559103,479.7814095818689,66.19703446324084
2229,143.72918635082897,64.27432634328333,28.50906878832683,32.58119567071459,31.256556544316066,742.1669230981628,81.64305177898838,50.0494003983216,37.40781671599711,15.388056385935243,11.18671433087831,121.87814902918723,57.42955388825388,540.7979378747491,74.61568751140959
2230,120.94110520758109,54.08371300074918,23.988991903726276,27.415488206984847,26.300868942691498,624.4972938823289,68.69864893389953,42.11413111582575,31.476854575606684,12.948299462079648,9.413074888739224,102.55452228237819,48.32417058195988,455.05510718544264,62.78546440405236
2231,98.34234520227271,43.97776227206926,19.506467373533596,22.292696933045203,21.38635270648881,507.80525237842306,55.86178691513891,34.244787270446544,25.59516628563115,10.528811798905396,7.654170668726537,83.39143432695873,39.294433905063364,370.0246195044926,51.053525627292515
2232,96.55269349097308,43.17744703301884,19.15148516678785,21.88701041892304,20.997160007851196,498.56412093034993,54.84520405509722,33.62159446356777,25.1293808393937,10.3372065853516,7.514878692236748,81.87386198470874,38.57934671919136,363.29084483034643,50.12444437222549
2233,115.07592168760215,51.46085866477458,22.825617055008394,26.085941322591854,25.025376852396544,594.211550833567,65.36702580311744,40.07175596674128,29.950346872532965,12.320356195922187,8.95657656573316,97.58101808827057,45.98063214291975,432.9866656017038,59.74060822810773
2234,129.44124378127074,57.88489419796889,25.67501713952022,29.342338870576413,28.14938049910246,668.3890172776368,73.52701588789027,45.07405073769979,33.68915142288043,13.858348527138206,10.074656745639487,109.76239134610586,51.72055219845206,487.037876510251,67.19823330451756
2235,128.67467674415457,57.54209270330696,25.522966516074376,29.168569914770615,27.982676390153117,664.4307349431339,73.09157981612003,44.80711664068812,33.48964010612551,13.776277675070977,10.01499338374753,109.11236490427758,51.41425669866705,484.15357803587386,66.80027706507715
2236,129.33688151022116,57.83822438206251,25.654316603743194,29.318681549053654,28.126685002738963,667.8501272473032,73.46773457895505,45.03770969088214,33.66198947472915,13.847175204918493,10.066534032759838,109.67389519061413,51.67885239605763,486.6452012129891,67.1440545896558
2237,137.23899966719424,61.371976531641444,27.221722889344367,31.109970183061577,29.84514601448093,708.6538837244583,77.95640565706636,47.78938654702065,35.718641955615446,14.693198499526277,10.681570829914817,116.37466042023833,54.83628431402255,516.3778485105435,71.24636668122868
2238,120.89058660674732,54.06112156251151,23.97897140404332,27.404036417264432,26.289882743273058,624.236433611065,68.66995265551382,42.09653952051454,31.463706302742153,12.942890796672812,9.409142930517854,102.51168398545684,48.3039849760812,454.865025018773,62.75923813624252
2239,98.19175682297521,43.910420579820006,19.47659776546641,22.258560863843144,21.353604492212142,507.0276669975056,55.7762476091674,34.19234936077663,25.555973254380216,10.512689377770693,7.642450090439543,83.26373978279506,39.23426363858248,369.4580130478666,50.975349052737336
2240,96.55269349097308,43.17744703301884,19.15148516678785,21.88701041892304,20.997160007851196,498.56412093034993,54.84520405509722,33.62159446356777,25.1293808393937,10.3372065853516,7.514878692236748,81.87386198470874,38.57934671919136,363.29084483034643,50.12444437222549
2241,115.10153332116117,51.47231194392651,22.830697191071593,26.091747085955717,25.030946573431322,594.3438002935173,65.38157407948283,40.08067445390032,29.957012709293735,12.323098250416114,8.958569967598473,97.6027360049376,45.99086572683537,433.08303237985075,59.75390427252861
2242,129.4909765000451,57.90713419721747,25.684881757393367,29.353612512922577,28.16019579400491,668.6458195305903,73.55526575861656,45.09136867303382,33.70209515738511,13.863673053771633,10.078527537174262,109.80456323801106,51.74042379117012,487.22500170340726,67.22405158887146
2243,128.47974932903145,57.45492301557008,25.484302141582532,29.12438286818001,27.940285836588288,663.4241983893382,72.9808544342397,44.73923898482849,33.43890713251743,13.755408190373847,9.999821814467813,108.9470721536997,51.33636998146414,483.42014075142043,66.69908228715131
2244,129.2856582431031,57.81531782375864,25.644156331616788,29.307070022325934,28.115545560669403,667.5856283274023,73.43863802622427,45.019872716564045,33.6486578012076,13.841691095930635,10.062547229029208,109.63045935728007,51.6583852282264,486.45246765669503,67.11746250081404
2245,137.1341596562909,61.325093075012205,27.20092759258873,31.086204565262676,29.822346624794637,708.1125268136929,77.89685297569379,47.752879141554246,35.691355668035676,14.681974029116041,10.673410933639056,116.28575915531424,54.79439362216876,515.9833756609936,71.19193995210799
2246,120.8623187396015,54.04848044094052,23.973364396939058,27.397628526605235,26.283735375363566,624.0904682959135,68.65389554839687,42.086696079268485,31.456349138759037,12.939864358239575,9.406942788970182,102.48771366034606,48.29269004677161,454.75866384990604,62.744563132542034
2247,98.42628409457488,44.01529894707384,19.523116877475108,22.311724588762985,21.404606763303036,508.23868327029567,55.90946705237818,34.27401648503048,25.617012723214952,10.537798535980258,7.6607037914225975,83.4626120542185,39.3279731830707,370.3404494414527,51.09710173258532
2248,96.58146298496531,43.19031247734881,19.157191672919655,21.893532020672183,21.003416463749616,498.71267646995483,54.861546103273376,33.631612581395,25.13686855977672,10.340286729384884,7.517117876350333,81.89825767472344,38.59084208243326,363.3990934291155,50.13937979089784
2249,115.1111263374243,51.47660184964133,22.832599991522056,26.093921675180606,25.03303275135295,594.3933352525886,65.38702323802447,40.08401493556706,29.9595094450176,12.324125306081816,8.95931661019231,97.61087060233872,45.99469878717906,433.11912722978906,59.75888439884778
2250,129.35752464930127,57.84745579769682,25.658411225628868,29.323361031145662,28.131174233216722,667.9567211507627,73.47946058197216,45.044898048094275,33.66736218143373,13.849385318230986,10.06814072730564,109.69139996918496,51.68710072959604,486.7228734473433,67.15477128578387
2251,128.74740308208948,57.57461523054627,25.53739197984795,29.18505585688739,27.998492070681454,664.8062681512714,73.13289084225512,44.83244141778609,33.50856829732292,13.784063964114267,10.02065381213695,109.17403471316065,51.443315801063505,484.42721942064014,66.83803227571303
2252,129.2566259921913,57.80233487703109,25.63839770694675,29.30048885762491,28.109231963443445,667.4357160035601,73.42214672320758,45.00976310148,33.64110169413892,13.838582820392562,10.060287594047766,109.60584085707758,51.64678487578186,486.34323040416757,67.10239067429927
2253,137.65120794519703,61.5563121565373,27.303485504517145,31.203411459003366,29.934788290183935,710.782382167455,78.19055393716977,47.93292577991455,35.825925744690174,14.7373306927551,10.713653779578115,116.72420099173269,55.00098946623125,517.9288305509946,71.46036082425539
2254,120.85525296716469,54.04532069464958,23.971962882065437,27.396026824681126,26.282198793119502,624.0539831343267,68.64988195004874,42.08423563485359,31.45451015861183,12.939107876501742,9.406392846541756,102.48172209184196,48.28986679166786,454.73207805157,62.74089500165257
2255,98.51887963302681,44.056706791976445,19.54148345034901,22.332714573004413,21.424743367126222,508.71681403559313,55.96206445818192,34.306260118329625,25.641112191242794,10.547712078267395,7.667910677256121,83.54113036439203,39.36497137808141,370.68885102586705,51.14517185624982
2256,96.55269349097308,43.17744703301884,19.15148516678785,21.88701041892304,20.997160007851196,498.56412093034993,54.84520405509722,33.62159446356777,25.1293808393937,10.3372065853516,7.514878692236748,81.87386198470874,38.57934671919136,363.29084483034643,50.12444437222549
2257,115.17322296361344,51.50437087079724,22.844917023521585,26.107998025153268,25.046536805449204,594.7139803711179,65.4222962274289,40.10563823273052,29.975671083931328,12.330773547885974,8.96414970801834,97.66352672635253,46.01951059910504,433.3527730761527,59.79112129222262
2258,129.2473673938258,57.79819451982228,25.63656123918132,29.298390075793318,28.107218510847773,667.3879078607911,73.41688752537208,45.00653907086738,33.638691996014984,13.837591568460226,10.059566979831205,109.59798983627907,51.64308543805971,486.30839384083066,67.09758415796132
2259,128.18533736676542,57.32326478370712,25.425904740905256,29.057644205046035,27.87626053748565,661.9039586544181,72.81361845600934,44.63671880395484,33.36228171632282,13.723887606482242,9.976907174782703,108.69741941493412,51.21873244324673,482.31238117856316,66.54624101994729
2260,129.22583565861774,57.78856573244348,25.632290361875437,29.293509162627696,28.102536038789623,667.2767255597286,73.40465676962152,44.9990412865686,33.63308801797343,13.835286319513363,10.057891124168648,109.57973155416414,51.63448205012693,486.2273781592212,67.08640615531168
2261,137.23899966719424,61.371976531641444,27.221722889344367,31.109970183061577,29.84514601448093,708.6538837244583,77.95640565706636,47.78938654702065,35.718641955615446,14.693198499526277,10.681570829914817,116.37466042023833,54.83628431402255,516.3778485105435,71.24636668122868
2262,120.89058660674732,54.06112156251151,23.97897140404332,27.404036417264432,26.289882743273058,624.236433611065,68.66995265551382,42.09653952051454,31.463706302742153,12.942890796672812,9.409142930517854,102.51168398545684,48.3039849760812,454.865025018773,62.75923813624252
2263,98.23750996876792,43.930880951847264,19.485673024387744,22.26893239820906,21.363554355735747,507.26392013646205,55.80223694749071,34.20828152856664,25.567881241445672,10.517587839977063,7.646011144284742,83.30253711312896,39.25254512210418,369.6301646304657,50.999101378314414
2264,96.55269349097308,43.17744703301884,19.15148516678785,21.88701041892304,20.997160007851196,498.56412093034993,54.84520405509722,33.62159446356777,25.1293808393937,10.3372065853516,7.514878692236748,81.87386198470874,38.57934671919136,363.29084483034643,50.12444437222549
2265,115.31601940589644,51.56822808285683,22.873241080027668,26.140367782091488,25.077590519631173,595.4513309321923,65.50340944894754,40.15536283283946,30.01283613910377,12.34606174203325,8.975263825114826,97.78461393567494,46.07656745850397,433.89006145496523,59.865252754214765
2266,129.33842938734728,57.838916578004536,25.654623629313885,29.319032428988347,28.1270216171048,667.8581199399024,73.46861382565199,45.03824869290406,33.66239233447741,13.847340925055788,10.066654506963227,109.67520774517486,51.67947087790592,486.65102528240135,67.14485815585469
2267,128.2467078283769,57.350709070964314,25.438077736217306,29.071555944678966,27.88960667373127,662.2208541146911,72.84847895930903,44.65808923597222,33.37825435930526,13.730458103036804,9.981683753846651,108.74945977261076,51.24325410319449,482.54329474544926,66.57810093164856
2268,128.59227617418145,57.505243951429954,25.50662214248398,29.149890973062003,27.964756869838272,664.0052474062517,73.04477349812895,44.77842310095314,33.46819404150142,13.767455635169597,10.008579991586936,109.04249162938989,51.38133208471882,483.8435362172804,66.75749956569808
2269,137.87550680652814,61.656616475914944,27.34797578397384,31.254256560651054,29.9835662052339,711.9405825301995,78.31796329649727,48.01103116549884,35.884303106361166,14.761344768205573,10.731111384050509,116.91439987021003,55.09061206739484,518.7727813500998,71.57680351881983
2270,120.8623187396015,54.04848044094052,23.973364396939058,27.397628526605235,26.283735375363566,624.0904682959135,68.65389554839687,42.086696079268485,31.456349138759037,12.939864358239575,9.406942788970182,102.48771366034606,48.29269004677161,454.75866384990604,62.744563132542034
2271,97.44627961170244,43.57705025486826,19.328730365421233,22.089572647147538,21.191486753997363,503.17828509966586,55.35279127364319,33.93275916631367,25.361950901695522,10.432876462574091,7.584428189568745,82.63159689685683,38.93639495398036,366.6530675192327,50.5883414027571
2272,95.79179483722157,42.83718038553352,19.000558882353193,21.714526398433645,20.831688593176754,494.6351081321707,54.41298781729592,33.35663421192342,24.931344809957704,10.255742606564922,7.455656511339605,81.228642166295,38.27531612284151,360.4278743138636,49.729430821967206
2273,113.95850011319983,50.96115835504869,22.603973495067567,25.832639040107534,24.782372967723518,588.4415791755254,64.7322924565082,39.68264724630037,29.659520057805775,12.200721856994031,8.869605531822991,96.63347725379447,45.534146469742744,428.7822357394316,59.160509076842835
2274,126.08788264509944,56.385302963332265,25.009868983251835,28.5821834831697,27.420130409907582,651.0734408129207,71.62219304831882,43.906342783278205,32.816385619710495,13.499328125256485,9.813658308014915,106.9188391165304,50.3806570876118,474.4204615409337,65.45736665799863
2275,126.0498020013578,56.36827366131397,25.002315585646954,28.57355118699859,27.411849073147987,650.8768057736994,71.60056195133907,43.89308233538699,32.80647452386641,13.49525110298991,9.810694419511199,106.88654784367965,50.365441288807226,474.277178648076,65.43759744141987
2276,126.8693694978479,56.73477645776877,25.164878992059627,28.759334531679347,27.590079107327664,655.1087638233097,72.06610408130696,44.17847226089007,33.019780056816806,13.582996335313743,9.874482907367303,107.58151712593023,50.69291406521223,477.3608975732577,65.86306838274521
2277,143.8927310349599,64.34746197193626,28.541508314133882,32.61826873492557,31.29212234550681,743.0114102763915,81.73595070546035,50.10634995454539,37.45038183254841,15.405565945996926,11.199443322867737,122.01683014115561,57.49490107687226,541.4132939494193,74.70059023266677
2278,121.670093227802,54.40970951615179,24.13358862859478,27.580738577709486,26.459400802870174,628.261531402064,69.11273884974922,42.36797944152738,31.66658535291742,13.026346997480353,9.469813404693378,103.17268281625968,48.61545071687263,457.7980101968642,63.16391184188587
2279,97.77547342402003,43.724262599558244,19.394026839146104,22.164195820665878,21.263076006465738,504.87812606442543,55.539784522173555,34.047391088608954,25.44762884998056,10.468120890476712,7.610049966407449,82.91074362784296,39.067930199285556,367.89169788640066,50.75923934808201
2280,95.79179483722157,42.83718038553352,19.000558882353193,21.714526398433645,20.831688593176754,494.6351081321707,54.41298781729592,33.35663421192342,24.931344809957704,10.255742606564922,7.455656511339605,81.228642166295,38.27531612284151,360.4278743138636,49.729430821967206
2281,113.95850011319983,50.96115835504869,22.603973495067567,25.832639040107534,24.782372967723518,588.4415791755254,64.7322924565082,39.68264724630037,29.659520057805775,12.200721856994031,8.869605531822991,96.63347725379447,45.534146469742744,428.7822357394316,59.160509076842835
2282,125.5891317925916,56.1622663214923,24.910940416804134,28.469124336805166,27.31166785878115,648.4980669796979,71.33888565119268,43.732667681164706,32.68657774316675,13.445930437314452,9.77483958614677,106.49591297137009,50.18137230984234,472.54385290355407,65.19844473196798
2283,126.13037282769112,56.40430416922246,25.01829702468928,28.591815353969583,27.429370682036534,651.2928451585277,71.64632891289516,43.9211387214973,32.82744436847943,13.503877245321588,9.816965399264701,106.95486954944154,50.39763479612616,474.58033584140736,65.47942504618727
2284,127.63995432713399,57.07937467090986,25.31772655533557,28.934014259167487,27.757656959121675,659.0877926222443,72.50382239527518,44.446805434137666,33.22033706816522,13.665497343663274,9.934458981620523,108.23495053808439,51.00081494535036,480.2603134623749,66.26311042210315
2285,143.9327226381165,64.36534583684596,28.549440755653197,32.62733421620124,31.30081925555757,743.21791283734,81.75866729218943,50.12027583703156,37.4607902861064,15.409847561025593,11.202555944955881,122.05074185173567,57.51088043351424,541.563767051428,74.72135150628122
2286,121.236974276401,54.21602283681684,24.047678325388308,27.482557173761048,26.36521111642865,626.0250576025661,68.86671259806378,42.21715869057804,31.553859227058155,12.979976047952348,9.436102937782463,102.80541060491238,48.4423903330283,456.1683492927776,62.93906211474609
2287,98.6838623141175,44.130485479205156,19.57420820670167,22.37011360900657,21.46062188721856,509.56872652392167,56.055780215690255,34.36371041408612,25.68405156947381,10.565375594382553,7.680751591267832,83.68103085575171,39.43089314397243,371.3096177329233,51.23082110042636
2288,96.67159816317049,43.230620072528744,19.17507022675372,21.913964279091502,21.023018016960428,499.1781028010284,54.912745941024845,33.662999467653115,25.160327679747894,10.349936858490828,7.524133267693903,81.97468967132049,38.62685719672833,363.7382376192479,50.186172641128884
2289,116.12741993958684,51.93107869115452,23.034184547511032,26.324299801931634,25.25404449745776,599.6411176608202,65.96431246709923,40.43790885724231,30.22401608952431,12.432932596040096,9.038416662814477,98.47265787217992,46.40077697960143,436.94305122378756,60.286483891783824
2290,129.1064054725812,57.73515768813843,25.608601064833096,29.266436176555477,28.07656374702532,666.660030120575,73.33681637401283,44.95745328796963,33.60200440424791,13.822499783364558,10.048595646975775,109.47845824717682,51.58676159418468,485.7780080628031,67.02440507072346
2291,128.18208395836146,57.32180989038452,25.425259418640934,29.056906707405528,27.875553023957448,661.8871591986773,72.81177040971109,44.635585901556915,33.36143496481488,13.723539287304781,9.97665395585521,108.69466061969996,51.21743248602857,482.3001398474835,66.54455204284403
2292,128.48276386750857,57.45627108853126,25.484900083357548,29.125066217682456,27.940941403455096,663.439764404863,72.98256679431928,44.74028870790204,33.43969171431113,13.755730935456045,10.000056441697252,108.94962839421765,51.337574493952616,483.4314833063563,66.70064725712511
2293,138.015990987919,61.719439666875935,27.37584119734346,31.286102163612753,30.014117075733555,712.6659933899837,78.3977630754192,48.059950589747864,35.92086635869977,14.776385405110718,10.742045533509833,117.03352634987998,55.146745021810524,519.3013695758395,71.64973459179879
2294,121.35271392206742,54.26778050653786,24.0706355938709,27.508793571100085,26.3903808322744,626.6226963903836,68.93245664159409,42.25746156861548,31.583982318698673,12.992367464329362,9.445111173240408,102.903554441535,48.48863616789709,456.6038332977727,62.99914728918412
2295,98.93596085753775,44.243221552245366,19.624212627503592,22.427260470962832,21.515445354721678,510.87047465899445,56.198980737146115,34.4514962094407,25.74966424248801,10.59236598303955,7.700372897559714,83.89480305209612,39.53162360277545,372.25816809965346,51.361695744717544
2296,96.56228172983765,43.181734802326424,19.153387019628525,21.88918392518517,20.999245146839595,498.6136312206168,54.85065049991448,33.62493328164802,25.131876331723277,10.338233129535395,7.515624962996623,81.88199253101554,38.58317787064047,363.32692170476184,50.12942201840209
2297,115.31601940589644,51.56822808285683,22.873241080027668,26.140367782091488,25.077590519631173,595.4513309321923,65.50340944894754,40.15536283283946,30.01283613910377,12.34606174203325,8.975263825114826,97.78461393567494,46.07656745850397,433.89006145496523,59.865252754214765
2298,128.99443758306006,57.685086711924306,25.58639193427662,29.241054778316578,28.052214268963002,666.0818673537669,73.27321481587528,44.918463811464,33.572862972395235,13.810512181951722,10.039880974430098,109.38351274952242,51.54202283159744,485.3567157331199,66.96627796885963
2299,127.67245974678248,57.09391078569251,25.324174092320096,28.941382737796047,27.764725860804315,659.2556391668261,72.52228657591127,44.45812447659805,33.22879712287895,13.66897746654645,9.936988939891666,108.26251418385989,51.01380306416436,480.3826189200343,66.27998531228029
2300,128.11135935041375,57.290182517773935,25.411231003367728,29.040874526685773,27.8601726564516,661.5219622195491,72.77159643408844,44.61095816719717,33.34302775582281,13.71596730917978,9.97114932589548,108.63468821933833,51.18917321046678,482.034030206803,66.50783601195303
2301,138.16733897358392,61.78712104787453,27.405861475366635,31.320410423893872,30.047030480393474,713.4475011107876,78.48373386356606,48.112653009669266,35.96025708964199,14.792589151868356,10.753825233396642,117.16186501804104,55.20721880253177,519.8708341406032,71.72830550902567
2302,121.50749685728074,54.33699796433373,24.10133720333027,27.54388048160665,26.424041229925166,627.4219409814924,69.02037859756537,42.311360107221354,31.62426705013166,13.008938966576858,9.457158221745225,103.03480584651447,48.55048244383105,457.18622226348526,63.079501428932645
2303,98.80764948762017,44.18584192690256,19.59876172386892,22.398174257117176,21.48754168608671,510.2079199126133,56.12609552792742,34.40681560356162,25.716269158787057,10.578628602028925,7.690386181033205,83.78599876076186,39.48035451178392,371.77538150620586,51.29508407505595
2304,96.55269349097308,43.17744703301884,19.15148516678785,21.88701041892304,20.997160007851196,498.56412093034993,54.84520405509722,33.62159446356777,25.1293808393937,10.3372065853516,7.514878692236748,81.87386198470874,38.57934671919136,363.29084483034643,50.12444437222549
2305,115.23677191895797,51.53278935975063,22.85752212889609,26.122403595805398,25.06035669524675,595.0421248061601,65.45839418904285,40.12776726018617,29.992210714707635,12.33757728018932,8.96909584336854,97.7174143830406,46.04490271498742,433.59188348147103,59.824112148944586
2306,129.26186679838688,57.80467851576075,25.639437234882084,29.301676867774166,28.110371673194454,667.4627776818971,73.42512367884513,45.0115880558567,33.64246569766933,13.839143916042596,10.060695495903063,109.6102849075502,51.64887893315091,486.36294955276435,67.10511139071967
2307,128.2467078283769,57.350709070964314,25.438077736217306,29.071555944678966,27.88960667373127,662.2208541146911,72.84847895930903,44.65808923597222,33.37825435930526,13.730458103036804,9.981683753846651,108.74945977261076,51.24325410319449,482.54329474544926,66.57810093164856
2308,128.23960861415034,57.34753436982277,25.43666958807518,29.06994666201553,27.88806281895461,662.184196271474,72.84444636489026,44.655617146451924,33.37640667539806,13.729698040925635,9.981131208580496,108.7434398464464,51.240417485828594,482.5165831184532,66.57441543976097
2309,138.02214427723516,61.72219135938624,27.377061718747935,31.287497019649432,30.01545522173109,712.6977668099456,78.40125835241203,48.062093289143654,35.92246785053859,14.77704419380465,10.742524455651697,117.03874415936833,55.14920367804692,519.3245220493059,71.65292901545372
2310,121.01506172563937,54.116785652849835,24.003661377019768,27.432253012012684,26.316952148526024,624.8791793075785,68.74065874406075,42.13988426644423,31.496102940832415,12.956217457713537,9.418831064373622,102.61723524804954,48.35372122471416,455.33337726734993,62.82385825140497
2311,98.50710334563212,44.05144054815822,19.53914759222631,22.330045069797567,21.422182396719446,508.6560054329486,55.95537512760169,34.30215937763814,25.63804722433078,10.546451275371007,7.666994106542077,83.5311444168852,39.3602659529085,370.6445413619737,51.13905830476737
2312,96.55269349097308,43.17744703301884,19.15148516678785,21.88701041892304,20.997160007851196,498.56412093034993,54.84520405509722,33.62159446356777,25.1293808393937,10.3372065853516,7.514878692236748,81.87386198470874,38.57934671919136,363.29084483034643,50.12444437222549
2313,115.19152517741024,51.51255544688959,22.84854731661208,26.11214685549219,25.0505169586453,594.8084865604615,65.43269250550311,40.112011432563826,29.98043452743637,12.332733035064903,8.965574203923213,97.67904646870495,46.02682357429264,433.4216373042969,59.800622718481975
2314,129.36520192875088,57.85088900411299,25.659934034555107,29.325101352303225,28.132843798913953,667.9963639193021,73.48382153704009,45.04757143157955,33.66936031604939,13.850207269652685,10.068738264481082,109.69791007776244,51.690168323207736,486.7517601126076,67.15875687492475
2315,128.2467078283769,57.350709070964314,25.438077736217306,29.071555944678966,27.88960667373127,662.2208541146911,72.84847895930903,44.65808923597222,33.37825435930526,13.730458103036804,9.981683753846651,108.74945977261076,51.24325410319449,482.54329474544926,66.57810093164856
2316,128.48879294446274,57.45896723445362,25.486095966907595,29.12643291668734,27.942252537188708,663.4708964359128,72.98599151447841,44.742388154049166,33.441260877898536,13.756376425620445,10.000525696156124,108.95474087525362,51.339983518929586,483.4541684162279,66.70377719707272
2317,138.03304630069752,61.72706664068164,27.37922416427978,31.289968340670942,30.017826067357163,712.7540610214,78.40745107143196,48.06588959350794,35.92530527629648,14.77821139551238,10.743372980750868,117.04798875661402,55.15355977550922,519.3655421925126,71.65858870084234
2318,120.88163853928673,54.057120071772545,23.977196530913982,27.402008028012336,26.287936821337198,624.1902289405767,68.66486984976261,42.093423623023604,31.461377425246734,12.941932791064318,9.408446485508764,102.50409628578934,48.300409616507615,454.8313568644232,62.7545928291729
2319,98.36670515741491,43.98865581252735,19.51129923583284,22.298218960165574,21.39165022701788,507.9310386116421,55.87562419571848,34.25326989794589,25.60150635308931,10.531419845140157,7.656066650094051,83.41209085691305,39.30416735859549,370.11627669564564,51.066171874355014
2320,96.55269349097308,43.17744703301884,19.15148516678785,21.88701041892304,20.997160007851196,498.56412093034993,54.84520405509722,33.62159446356777,25.1293808393937,10.3372065853516,7.514878692236748,81.87386198470874,38.57934671919136,363.29084483034643,50.12444437222549
2321,115.17322296361344,51.50437087079724,22.844917023521585,26.107998025153268,25.046536805449204,594.7139803711179,65.4222962274289,40.10563823273052,29.975671083931328,12.330773547885974,8.96414970801834,97.66352672635253,46.01951059910504,433.3527730761527,59.79112129222262
2322,128.9498931190973,57.66516685092586,25.577556420631165,29.230957233529285,28.042527255546048,665.851855422303,73.24791204981841,44.90295253105532,33.56126956408383,13.805743124667373,10.036413994577048,109.3457403460523,51.52422429840789,485.18911195780885,66.94315311935763
2323,128.10186188212137,57.28593534020371,25.409347155112993,29.038721596716112,27.858107257194533,661.4729206365643,72.76620155003427,44.6076509572602,33.34055588798464,13.714950483152187,9.970410119980867,108.62663464382369,51.18537832801496,481.9982948673223,66.50290548848564
2324,128.51936829510214,57.472640240715954,25.492160669538535,29.133363878360296,27.948901709847274,663.6287767835498,73.00335935046768,44.75303510756864,33.449218601321206,13.759649909813907,10.002905433506996,108.98066787892253,51.35220044432782,483.5692117626448,66.71965010964381
2325,137.9674191769892,61.69771881458387,27.366206848648332,31.275091681217607,30.003554241605485,712.4151856564795,78.37017263971562,48.04303690593028,35.90822476900629,14.77118516858026,10.738265097627599,116.99233887389533,55.127337290478685,519.1186124347427,71.62451898209407
2326,121.3843116359938,54.2819107039471,24.076903084996065,27.515956286803974,26.39725233664373,626.7858558621448,68.95040521459924,42.26846452964327,31.59220612849829,12.995750405650545,9.447570483058946,102.93034837938906,48.501261596738324,456.7227234060854,63.0155509522693
2327,98.55036985548611,44.070788920223045,19.54772962025399,22.33985292204618,21.43159149549793,508.87941845925735,55.97995197238868,34.31722564866144,25.649308024671004,10.551083511245707,7.670361620810539,83.56783315262386,39.37755385679429,370.807336684915,51.16151971612675
2328,95.79179483722157,42.83718038553352,19.000558882353193,21.714526398433645,20.831688593176754,494.6351081321707,54.41298781729592,33.35663421192342,24.931344809957704,10.255742606564922,7.455656511339605,81.228642166295,38.27531612284151,360.4278743138636,49.729430821967206
2329,114.37699544767786,51.14830549185723,22.68698316471883,25.927505495043324,24.873382479554436,590.6025417650048,64.9700119978869,39.82837575901172,29.76844015375929,12.245527160410132,8.902177814979062,96.98834906541826,45.70136372723645,430.3568735679898,59.37776708751698
2330,126.38524226226305,56.51827935845521,25.068851059167134,28.649590334327456,27.484796730811837,652.6089012001053,71.79110339448756,44.009889397014575,32.893778210178816,13.531164293483618,9.836802369254007,107.17099138049343,50.49947241379339,475.5393120114065,65.6117381731802
2331,127.17547653173348,56.871664614527084,25.22559614149324,28.82872428765323,27.65664771497221,656.689392791201,72.23998325680324,44.28506490148491,33.099449302220584,13.615769026909348,9.89830779658912,107.84108694359918,50.815224577394474,478.5126612261194,66.02198103900766
2332,127.54604500408425,57.03737931401941,25.299099389770504,28.91272646016667,27.73723464866082,658.6028779357592,72.45047871526877,44.41410431455449,33.19589566670906,13.655443143852201,9.927149841447703,108.15531817697195,50.963291804326445,479.90696860916916,66.21435825922663
2333,144.04556479156997,64.41580777558289,28.571823298800524,32.652913796625484,31.325358858400595,743.8005899953386,81.8227654618873,50.159569749864396,37.49015925911319,15.421928763627088,11.211338663116436,122.14642869965117,57.55596852381208,541.9883489017978,74.77993247423889
2334,121.78103875403612,54.45932330121904,24.155594970657035,27.605888221917454,26.483527949221724,628.834415044748,69.1757596708709,42.4066129105247,31.69546069839315,13.038225141765473,9.478448504771388,103.26676137972886,48.65978097601687,458.2154557646516,63.221508193235614
2335,98.38662452061662,43.99756356246653,19.515250294835926,22.302734373399232,21.395982059111617,508.03389519124727,55.88693906949305,34.260206221805184,25.60669068555975,10.533552468944006,7.6576170117947475,83.42898189469393,39.31212649460298,370.19122563828404,51.07651282888082
2336,95.79179483722157,42.83718038553352,19.000558882353193,21.714526398433645,20.831688593176754,494.6351081321707,54.41298781729592,33.35663421192342,24.931344809957704,10.255742606564922,7.455656511339605,81.228642166295,38.27531612284151,360.4278743138636,49.729430821967206
2337,114.53795555920003,51.220285324199544,22.718910033631605,25.96399267640038,24.908386217868884,591.4336831200973,65.06144279947289,39.884425314945815,29.810332594002507,12.262760008761086,8.914705644795546,97.12483853535774,45.76567820387976,430.96250488478313,59.46132805163338
2338,126.38167354555561,56.516683462255536,25.068143194656926,28.648781361144696,27.484020647690595,652.5904736032795,71.78907624238069,44.00864669790847,32.892849394648074,13.53078221650041,9.836524609285085,107.16796521303395,50.49804646953206,475.5258842958169,65.60988550666605
2339,127.05542050648855,56.817976700875114,25.201782707568928,28.801509433459273,27.630539322955048,656.069465738682,72.17178736330165,44.24325897305609,33.068202803843754,13.60291548663096,9.888963609147346,107.7392829432555,50.76725405626048,478.0609363362044,65.95965505574026
2340,128.14692708252468,57.306088069590054,25.41828595822513,29.048937184444387,27.867907514333325,661.705621467699,72.79180011204782,44.623343568596006,33.35228482627309,13.719775291964204,9.973917629735674,108.66484861657504,51.203384930715195,482.167857974627,66.52630067352987
2341,143.861964588379,64.33370350938478,28.53540570711149,32.61129445474216,31.285431615519126,742.8525431765815,81.71847432049613,50.09563645756642,37.44237437335434,15.402272002527255,11.197048712158422,121.99074109371377,57.48260779569029,541.2975315820873,74.68461811439211
2342,122.2050925917124,54.64895614783794,24.239707184294407,27.70201470402613,26.57574625986331,631.024079788052,69.41663663055796,42.554277006114155,31.805827483597017,13.083625554378306,9.511453416741164,103.62634663959777,48.829219232370086,459.811008114078,63.44165184981231
2343,99.47127314105234,44.48260811860498,19.730393251644205,22.548607531340355,21.631858861841238,513.6346388516653,56.503056266901304,34.6379027389424,25.888987815493266,10.649678042002295,7.742037264731952,84.3487322221124,39.74551715086877,374.2723434136157,51.63959820198358
2344,96.55269349097308,43.17744703301884,19.15148516678785,21.88701041892304,20.997160007851196,498.56412093034993,54.84520405509722,33.62159446356777,25.1293808393937,10.3372065853516,7.514878692236748,81.87386198470874,38.57934671919136,363.29084483034643,50.12444437222549
2345,115.19152517741024,51.51255544688959,22.84854731661208,26.11214685549219,25.0505169586453,594.8084865604615,65.43269250550311,40.112011432563826,29.98043452743637,12.332733035064903,8.965574203923213,97.67904646870495,46.02682357429264,433.4216373042969,59.800622718481975
2346,129.36528792192453,57.85092745944312,25.659951091531255,29.325120845632927,28.132862499712058,667.9968079577799,73.4838703840788,45.04760137613633,33.66938269714652,13.85021647632698,10.068744957492383,109.69798299746026,51.690202683310424,486.7520836720194,67.15880151749136
2347,128.00437428756712,57.24233981429912,25.39001022981814,29.016622658607005,27.836906785745978,660.9695290156448,72.71082529047224,44.573703811397934,33.31518318420917,13.704513183394093,9.962822476171203,108.5439680130631,51.14642542494054,481.63148634748114,66.45229569880978
2348,128.23512741432225,57.345530419842454,25.435780730095832,29.06893084294534,27.88708829958684,662.1610569330236,72.8419008914281,44.65405670232673,33.375240371558924,13.729218270898533,9.98078242832501,108.73963991997118,51.23862694269991,482.49972207799397,66.57208906601228
2349,138.18554086201144,61.79526075941507,27.40947186865161,31.3245365120148,30.050988815991772,713.5414892552404,78.49407315342842,48.11899127418633,35.96499442186705,14.794537897927272,10.75524192078833,117.17729968741268,55.21449169093291,519.9393208827669,71.73775485229064
2350,121.52064903545424,54.34287949343377,24.10394597307136,27.54686187808878,26.42690141310158,627.4898541997808,69.02784948076513,42.31593996082121,31.627690114597687,13.01034707626195,9.45818188064006,103.04595850918645,48.55573763064689,457.2357088779674,63.086329261480806
2351,99.53490808957055,44.51106506288847,19.743015413994858,22.563032595322188,21.64569745243688,513.9632273251851,56.539203075553964,34.660061710954814,25.9055498273667,10.656490980979939,7.7469900930934505,84.40269279849831,39.770943626853835,374.5117773783458,51.672633701272154
2352,96.56228172983765,43.181734802326424,19.153387019628525,21.88918392518517,20.999245146839595,498.6136312206168,54.85065049991448,33.62493328164802,25.131876331723277,10.338233129535395,7.515624962996623,81.88199253101554,38.58317787064047,363.32692170476184,50.12942201840209
2353,115.35686616339122,51.58649436466042,22.88134314369869,26.149627113701445,25.086473398729726,595.6622492091137,65.52661179233944,40.16958649730688,30.023467160238738,12.350434912322953,8.978443005482005,97.81925079213886,46.09288850727817,434.04375217556907,59.8864579733527
2354,129.17702497776108,57.76673805978998,25.622608632691,29.282444532094477,28.091921258000156,667.0246843860083,73.37693064769928,44.982044423426636,33.62038425856571,13.830060508887643,10.054092096588361,109.53834152346332,51.6149788740654,486.04372224198033,67.06106653847748
2355,127.92414265652997,57.20646099130386,25.37409607107063,28.998435381992067,27.819458941116604,660.5552411159232,72.66525100334665,44.54576553992823,33.294301620590375,13.695923356277689,9.956577896628936,108.47593393499818,51.11436744913774,481.3296054162741,66.4106441841662
2356,128.51573747221371,57.471016571222314,25.491440486101112,29.132540826661636,27.94811212059407,663.610028492268,73.00129691994395,44.75177078183822,33.44827362166477,13.759261183565933,10.00262283969658,108.97758904723685,51.35074968443678,483.5555503652577,66.717765201276
2357,138.03414510236112,61.7275580143442,27.37944211453058,31.290217422106068,30.018065021999586,712.7597348463933,78.40807522803782,48.06627221840005,35.92559125698198,14.778329036350584,10.743458502561912,117.04892050830837,55.15399882126572,519.3696765627745,71.65915913363787
2358,121.15649660933917,54.180033988849296,24.03171536473681,27.464314124563902,26.347709766738035,625.609499259422,68.82099855413297,42.189134744404235,31.532913628633683,12.971359879517822,9.4298392087912,102.7371678954898,48.41023404915395,455.86554262214236,62.897282872759185
2359,99.64973286341706,44.56241361062524,19.76579121520341,22.589061605292414,21.670668212569492,514.5561420369758,56.60442744086677,34.70004601217991,25.93543480900168,10.668784448572103,7.755927122347849,84.500060850558,39.816823908407976,374.9438190707098,51.73224392840435
2360,96.58146298496531,43.19031247734881,19.157191672919655,21.893532020672183,21.003416463749616,498.71267646995483,54.861546103273376,33.631612581395,25.13686855977672,10.340286729384884,7.517117876350333,81.89825767472344,38.59084208243326,363.3990934291155,50.13937979089784
2361,115.33520543842265,51.576807894286446,22.87704668092859,26.144716960541263,25.081762875474425,595.5504008503345,65.5143077660308,40.16204379617293,30.01782961055149,12.348115853364646,8.976757110302499,97.80088313047717,46.08423357919136,433.96225115484185,59.87521300685313
2362,129.24209792323907,57.795838062649246,25.635516025587265,29.297195567867494,28.106072567497396,667.360698169628,73.41389428738832,45.00470413497177,33.63732053211886,13.83702740391876,10.059156846972142,109.59352147924052,51.640979927323116,486.28856683909663,67.09484856068542
2363,128.0791023554892,57.27575749616718,25.404832742092083,29.033562362120808,27.853157779296808,661.3553984527917,72.75327336711975,44.59972563123413,33.334632357611895,13.712513783355677,9.968638702990313,108.60733523046763,51.17628435417165,481.91265947633315,66.49109008919054
2364,128.19778248995536,57.32883012453734,25.428373264398004,29.060465323039477,27.87896695854433,661.9682208896672,72.82068770800184,44.64105244675457,33.365520758434705,13.725220016845363,9.9778758022513,108.7079725156462,51.223705113662724,482.35920741565945,66.55270179139224
2365,138.14348064528812,61.77645183017543,27.40112911209492,31.31500210786344,30.041842047853326,713.3243051020221,78.47018152404569,48.1043450587511,35.95404757858373,14.79003481123364,10.75196829459504,117.14163385299064,55.19768578293196,519.7810643793522,71.71591967693503
2366,121.39746381416728,54.287792233047135,24.07951185473716,27.518937683286108,26.400112519820144,626.8537690804332,68.957876097799,42.27304438324313,31.59562919296432,12.997158515335636,9.448594141953782,102.94150104206102,48.50651678355416,456.77221002056757,63.022378784817455
2367,99.53459755866562,44.51092619641863,19.742953819358764,22.5629622027427,21.645629921777072,513.9616238529045,56.5390266834697,34.65995357783313,25.90546900673819,10.6564577346561,7.7469659238859805,84.4024294773673,39.77081954870526,374.51060896935877,51.67247249200386
2368,96.6070698411258,43.201763620093516,19.16227086137307,21.899336701073285,21.008985145851167,498.84490126110103,54.87609166591438,33.64052940496756,25.14353315314321,10.343028272396909,7.519110906381685,81.91997154029615,38.60107375745428,363.4954422317397,50.15267335517613
2369,115.07592168760215,51.46085866477458,22.825617055008394,26.085941322591854,25.025376852396544,594.211550833567,65.36702580311744,40.07175596674128,29.950346872532965,12.320356195922187,8.95657656573316,97.58101808827057,45.98063214291975,432.9866656017038,59.74060822810773
2370,129.49066119174162,57.906993194340394,25.684819215147485,29.353541037380324,28.16012722441187,668.6441913895052,73.55508665280792,45.09125887632565,33.70201309336232,13.86363929596589,10.078502996132832,109.80429586578572,51.74029780412695,487.22381531889727,67.22388789946058
2371,128.79384417327157,57.59538324521443,25.54660369457848,29.19558333789095,28.00859154058988,665.0460735980497,73.15927095688818,44.84861314203028,33.52065533316537,13.789036079714991,10.024268410072546,109.21341540107711,51.46187216540665,484.6019594785337,66.86214174182295
2372,128.44877267691493,57.44107055110055,25.47815783972956,29.117360937635098,27.93354939353858,663.2642458621383,72.96325864540309,44.72845229004406,33.430844963974835,13.752091741700346,9.997410843064213,108.92080485810762,51.32399270892005,483.30358746108186,66.68300104260273
2373,138.0866248252945,61.751026447749176,27.389851608030725,31.302113768040034,30.02947770350808,713.0307216618298,78.43788549027876,48.084546715964336,35.93924994320042,14.783947665079518,10.747543098624305,117.09342177944946,55.17496802837504,519.5671376815853,71.68640349998059
2374,120.98647855019006,54.10400352840177,23.99799182766962,27.425773645811237,26.310736211023492,624.7315858513421,68.72442253113518,42.12993102849,31.488663712826497,12.953157261474553,9.41660638178452,102.59299755071343,48.342300308361395,455.22582971397304,62.80901955829359
2375,98.33605336839894,43.97494862374935,19.50521937144532,22.29127067108844,21.38498443142767,507.77276356313587,55.858212940139246,34.24259632704261,25.59352873535808,10.52813817723621,7.653680963399804,83.38609903573499,39.29191989088377,370.00094574086273,51.050259279502505
2376,96.55269349097308,43.17744703301884,19.15148516678785,21.88701041892304,20.997160007851196,498.56412093034993,54.84520405509722,33.62159446356777,25.1293808393937,10.3372065853516,7.514878692236748,81.87386198470874,38.57934671919136,363.29084483034643,50.12444437222549
2377,115.07592168760215,51.46085866477458,22.825617055008394,26.085941322591854,25.025376852396544,594.211550833567,65.36702580311744,40.07175596674128,29.950346872532965,12.320356195922187,8.95657656573316,97.58101808827057,45.98063214291975,432.9866656017038,59.74060822810773
2378,129.25047270287516,57.7995831845208,25.637177185542274,29.29909400158823,28.10789381744591,667.403942583598,73.41865144621475,45.00762040208421,33.639500202300106,13.837924031698627,10.059808671905904,109.6006230475892,51.64432621954547,486.3200779307012,67.09919625064434
2379,128.74008410753018,57.57134225467223,25.535940241655663,29.18339675793693,27.996900424976314,664.7684755430558,73.1287334165152,44.82989280328737,33.50666341727862,13.783280373835458,10.020084162508587,109.16782843665742,51.4403913745463,484.3996809195916,66.83423269726633
2380,129.03536555633002,57.70338931265078,25.59451010731401,29.25033252029348,28.061114809926426,666.2932050003618,73.29646329258152,44.93271575690172,33.58351513123305,13.814894047433816,10.043066475974614,109.41821847458984,51.55837633157972,485.5107120376127,66.98752535042159
2381,138.03366258510883,61.727342237214124,27.379346405942186,31.290108042867164,30.017960089743564,712.7572432971571,78.40780114187612,48.066104196164815,35.92546567415922,14.778277376678156,10.743420947331847,117.04851134778175,55.15380602291179,519.3678610349639,71.65890863923636
2382,121.04634890866082,54.13077698378922,24.009867273508842,27.439345335137087,26.32375612223555,625.0407353070591,68.75843092498165,42.15077909435033,31.50424593000352,12.959567152710877,9.421266204984692,102.6437658647726,48.366222575406816,455.45109896667554,62.84010070522186
2383,97.68504204710551,43.68382254713015,19.376089533505297,22.143696418555354,21.2434100393948,504.4111702674841,55.48841643351093,34.015901059988614,25.424092639563725,10.458439049492641,7.60301152135829,82.83406046339786,39.03179673352569,367.55143921384985,50.71229272901044
2384,95.79179483722157,42.83718038553352,19.000558882353193,21.714526398433645,20.831688593176754,494.6351081321707,54.41298781729592,33.35663421192342,24.931344809957704,10.255742606564922,7.455656511339605,81.228642166295,38.27531612284151,360.4278743138636,49.729430821967206
2385,113.8986058677364,50.9343742176251,22.592093311179422,25.81906193596787,24.769347861845322,588.1323063757867,64.69827049403985,39.66179086250761,29.643931623657334,12.19430940834818,8.864943849453013,96.5826886842637,45.510214658224356,428.5568766091146,59.12941552920163
2386,126.37400582090307,56.51325452865381,25.066622280950256,28.647043205912652,27.482353159859816,652.5508801723486,71.7847207147615,44.00597664159617,32.89085374682099,13.52996128804252,9.835927815777561,107.16146320664512,50.49498269370954,475.4970335815983,65.60590487781032
2387,126.0569537669683,56.37147186293502,25.003734157496723,28.575172382252404,27.413404356190153,650.913734973764,71.60462439672595,43.89557272435866,32.80833588511075,13.496016791402036,9.811251054950924,106.89261233188158,50.36829890401365,474.30408800582387,65.44131021487594
2388,128.00166550259644,57.24112847140057,25.38947293506943,29.01600861872129,27.83631771060576,660.9555418035965,72.70928660875256,44.57276055785957,33.3144781796497,13.70422317315383,9.962611646315274,108.54167104258183,51.14534308170604,481.6212942260095,66.45088945796168
2389,143.8569960939001,64.33148164586714,28.534420192933965,32.6101681734703,31.28435112496211,742.8268876200906,81.71565204714788,50.0939063276195,37.44108124329816,15.40174006134582,11.196662004838906,121.98652795561758,57.48062254531308,541.2788370382946,74.68203876609931
2390,121.26304454021964,54.22768121106271,24.05284943199098,27.48846690155001,26.370880575053306,626.1596752677311,68.881521391969,42.22623688203989,31.560644429670266,12.982767204709178,9.438132035708042,102.82751742663446,48.45280717082489,456.2664417211209,62.952596252855535
2391,98.03543078803428,43.84051306248934,19.445590078046134,22.223124156364644,21.319608519128753,506.22045438260193,55.68744912022353,34.13791348373533,25.515286906593246,10.495952666867808,7.630282939565298,83.13117987434914,39.171800789694835,368.86981798826446,50.89419382693249
2392,95.91157855074988,42.89074652397346,19.024318302519703,21.741679523750197,20.857737765999918,495.2536290628437,54.48102902850824,33.398345315922455,24.962520434860295,10.268566992374714,7.464979504245598,81.33021525426224,38.32317783698367,360.8785745989746,49.79161543710702
2393,114.04172717311995,50.99837670537622,22.620481805150956,25.851505334373865,24.800472223486782,588.8713344155545,64.77956824881585,39.71162858649768,29.68118122964114,12.209632383265012,8.87608325125885,96.7040513680001,45.56740132245565,429.09538732348284,59.20371564088985
2394,126.49605879873667,56.567835460527284,25.09083181576516,28.67471073854087,27.508895825966235,653.1811187850727,71.85405094505116,44.04847794917672,32.922619984008854,13.543028627757295,9.845427429815066,107.26496056441592,50.543751132783605,475.9562722400762,65.66926756068003
2395,126.02931651642943,56.35911274711821,24.99825223488422,28.56890744267771,27.407394127466745,650.7710259407826,71.58892550122626,43.88594887652894,32.801142849173225,13.493057868580289,9.809099995486115,106.8691767512215,50.35725594879042,474.20009960597673,65.42696258999725
2396,126.96894003816446,56.77930345722498,25.184629075221213,28.781905641552427,27.611732553663582,655.6229110429118,72.12266352469575,44.21314473046085,33.04569488050044,13.593656641182514,9.882232670783994,107.66595003381575,50.73269924632941,477.7355434210734,65.91475951458999
2397,143.88402183742622,64.34356730155872,28.539780821493846,32.61629449381153,31.290228370232345,742.9664390461193,81.73100358592778,50.10331723637882,37.44811512476723,15.404633514483697,11.1987654695567,122.00944499620427,57.49142116202836,541.3805245712134,74.69606893272659
2398,121.14970553731825,54.176997085973994,24.030368337425898,27.46277469299857,26.346232923154574,625.5744325540835,68.8171409949363,42.18676995621237,31.531146143657853,12.97063280798954,9.429310646815535,102.73140926490929,48.40752055548932,455.8399904163718,62.89375735006859
2399,98.86450053021527,44.21126517292161,19.610038280323334,22.411061513977824,21.499904991498735,510.50147868400126,56.15838884796995,34.4266122827619,25.73106555077609,10.584715236701143,7.694811005169979,83.83420678320873,39.50307035744626,371.98929022844976,51.324597771867815
2400,96.59747682486271,43.19747371437871,19.16036806092261,21.8971621118484,21.00689896792954,498.79536630202983,54.87064250737276,33.63718892330082,25.141036417419343,10.34200121673121,7.518364263787849,81.91183694289502,38.597240697110585,363.45934738180136,50.14769322885695
2401,115.18281597987657,51.50866077651205,22.846819823972044,26.11017261437816,25.04862298337083,594.7635153301891,65.42774538597054,40.10897871439726,29.978167819655187,12.331800603551672,8.964896350612177,97.67166132375364,46.023343659448734,433.388867926091,59.79610141854181
2402,129.17640869334977,57.76646246325751,25.6224863910286,29.282304829898262,28.09178723561376,667.0215021102513,73.37658057725513,44.98182982076977,33.62022386070297,13.829994527721873,10.054044130007384,109.53781893229562,51.61473262666285,486.04140339952914,67.06074660008348
2403,128.06520968054244,57.26954482394672,25.402077092834148,29.030413106410663,27.85013656147007,661.2836615698342,72.74538185664213,44.59488792172872,33.33101656703172,13.711026393975274,9.967557409831512,108.59555464817556,51.17073328869383,481.86038665580503,66.48387783454105
2404,128.6332949180236,57.52358714389377,25.51475832010731,29.159189291331376,27.973677150533035,664.2170537601286,73.06807353559832,44.79270665453411,33.478869824830646,13.771847218807887,10.011772557976713,109.07727432524945,51.397721853698386,483.99787405670776,66.77879406996924
2405,137.91387887158052,61.67377609877417,27.355586985775677,31.262954917550605,29.9919109169204,712.1387223664841,78.33975993066379,48.02439309216578,35.89429004925662,14.765452990868367,10.73409795442585,116.94693825981449,55.105944308769615,518.9171607498529,71.59672402409655
2406,121.36617663114582,54.27380090210775,24.07330595824809,27.511845360161704,26.39330854611062,626.6922130809526,68.94010391687812,42.262149555337025,31.58748620379322,12.993808820338296,9.446159001342712,102.91497042533796,48.49401543286151,456.6544883212419,63.00613633100058
2407,98.90967561078496,44.231467039674214,19.618998878460552,22.421302009849615,21.50972914410177,510.73474689763515,56.1840498256441,34.44234315658692,25.742823087133086,10.589551809596982,7.698327067105889,83.87251393112952,39.52112086472215,372.1592667727807,51.34805000019159
2408,96.55269349097308,43.17744703301884,19.15148516678785,21.88701041892304,20.997160007851196,498.56412093034993,54.84520405509722,33.62159446356777,25.1293808393937,10.3372065853516,7.514878692236748,81.87386198470874,38.57934671919136,363.29084483034643,50.12444437222549
2409,115.19152517741024,51.51255544688959,22.84854731661208,26.11214685549219,25.0505169586453,594.8084865604615,65.43269250550311,40.112011432563826,29.98043452743637,12.332733035064903,8.965574203923213,97.67904646870495,46.02682357429264,433.4216373042969,59.800622718481975
2410,129.1566015990137,57.757604918888184,25.618557600855492,29.2778148662895,28.087479818450884,666.9192252475476,73.36532947600334,44.97493259119293,33.61506874799823,13.827873923742795,10.052502506404773,109.52102309523137,51.60681834967831,485.96687688167844,67.05046392890853
2411,128.21453682662602,57.33632250468765,25.431696531917808,29.064263273443704,27.882610497374582,662.0547343864117,72.83020473937908,44.646886644565946,33.36988134219147,13.727013783886997,9.979179823952784,108.7221797034379,51.230399607002035,482.42224757439135,66.56139965145269
2412,128.44651774480528,57.44006216688871,25.477710567910524,29.11684977921172,27.93305901705501,663.2526021865,72.96197776749888,44.72766707722201,33.43025808187241,13.751850322241078,9.997235337434587,108.91889274158704,51.32309171067194,483.2951030142836,66.68183041530061
2413,137.90794534259706,61.67112268099638,27.354410054421354,31.261609877800947,29.99062056185134,712.1080837115206,78.33638948499213,48.02232691774841,35.892745753554905,14.764817730342072,10.733636136646197,116.94190680066498,55.103573461684526,518.8948351504388,71.59364368700072
2414,121.39746381416728,54.287792233047135,24.07951185473716,27.518937683286108,26.400112519820144,626.8537690804332,68.957876097799,42.27304438324313,31.59562919296432,12.997158515335636,9.448594141953782,102.94150104206102,48.50651678355416,456.77221002056757,63.022378784817455
2415,99.09834941122263,44.315840170349,19.656422831742407,22.464071458185554,21.550759734071267,511.70899198657816,56.291222942319735,34.50804317773453,25.791928457622387,10.609751764480167,7.7130119057305615,84.03250379923827,39.59650883890221,372.86917409778727,51.445998271468135
2416,96.55269349097308,43.17744703301884,19.15148516678785,21.88701041892304,20.997160007851196,498.56412093034993,54.84520405509722,33.62159446356777,25.1293808393937,10.3372065853516,7.514878692236748,81.87386198470874,38.57934671919136,363.29084483034643,50.12444437222549
2417,115.19152517741024,51.51255544688959,22.84854731661208,26.11214685549219,25.0505169586453,594.8084865604615,65.43269250550311,40.112011432563826,29.98043452743637,12.332733035064903,8.965574203923213,97.67904646870495,46.02682357429264,433.4216373042969,59.800622718481975
2418,129.3556280220819,57.84660764402711,25.658035024543793,29.322931094929384,28.13076177672524,667.9469276354483,73.47838323339596,45.044237604258775,33.66686855390267,13.849182259914608,10.06799310922309,109.68979168473862,51.686342898442426,486.71573716476087,67.15378666917593
2419,128.08002439340692,57.27616982276228,25.405015630780795,29.033771373933757,27.853358293409794,661.3601595320252,72.7537971159238,44.600046703426194,33.33487233270886,13.712612499363388,9.968710466944799,108.60811709167201,51.17665277082819,481.91612875224854,66.49156875671027
2420,128.86066564661425,57.62526517311934,25.55985791265645,29.21073073803464,28.02312309964854,665.3911161640499,73.19722781969786,44.87188172622981,33.53804668902677,13.796190177123423,10.02946925168608,109.27007805737667,51.48857187408558,484.8533831170232,66.89683149621855
2421,138.0179210569281,61.72030277539624,27.376224031697035,31.286539680568353,30.01453680475763,712.6759595869281,78.39885942006602,48.06062267868878,35.92136868999083,14.776592043800429,10.742195754430108,117.03516299198657,55.14751621522629,519.3086316870821,71.65073656940484
2422,120.9095910981291,54.069620190466445,23.98274099577237,27.408344443129277,26.29401561965365,624.3345661146432,68.6807478510709,42.10315726756149,31.46865252520705,12.944925471691809,9.410622086015005,102.52779923867477,48.31157855877404,454.9365316487803,62.76910414346249
2423,98.86522191739442,44.21158777041311,19.610181369401033,22.4112250413548,21.500061870416147,510.5052036734533,56.15879862035033,34.4268634843215,25.731253303313096,10.584792470468834,7.694867152098101,83.83481849845154,39.50335860052988,371.9920045324043,51.32497227339879
2424,96.56228172983765,43.181734802326424,19.153387019628525,21.88918392518517,20.999245146839595,498.6136312206168,54.85065049991448,33.62493328164802,25.131876331723277,10.338233129535395,7.515624962996623,81.88199253101554,38.58317787064047,363.32692170476184,50.12942201840209
2425,115.10153332116117,51.47231194392651,22.830697191071593,26.091747085955717,25.030946573431322,594.3438002935173,65.38157407948283,40.08067445390032,29.957012709293735,12.323098250416114,8.958569967598473,97.6027360049376,45.99086572683537,433.08303237985075,59.75390427252861
2426,129.36702211759362,57.85170297526705,25.660295073883603,29.32551396111532,28.13323963247379,668.0057627337475,73.48485546602633,45.04820525803126,33.66983404927189,13.85040214425858,10.068879933220252,109.69945354469961,51.69089561204785,486.758608786824,67.15970180925125
2427,128.08002439340692,57.27616982276228,25.405015630780795,29.033771373933757,27.853358293409794,661.3601595320252,72.7537971159238,44.600046703426194,33.33487233270886,13.712612499363388,9.968710466944799,108.60811709167201,51.17665277082819,481.91612875224854,66.49156875671027
2428,128.32210950949275,57.38442798625158,25.453033861471084,29.08864834594213,27.906004156867237,662.610201853247,72.89130967109318,44.68434562150315,33.39787885130213,13.738530821947025,9.987552409254272,108.81339819431487,51.27338218656329,482.8270024230271,66.61724502213441
2429,137.6744165472917,61.5666908228533,27.308088992857947,31.208672492098245,29.939835427805075,710.9022232188331,78.20373721017536,47.94100748307043,35.831966154125695,14.739815471850699,10.715460148961009,116.74388120795511,55.01026287616634,518.0161556411341,71.47240935695389
2430,120.90990640643257,54.06976119334352,23.98280353801825,27.408415918671533,26.29408418924669,624.3361942557282,68.68092695687955,42.10326706426966,31.468734589229854,12.944959229497556,9.410646627056435,102.52806661090011,48.31170454581721,454.9377180332902,62.76926783287339
2431,100.49371525513254,44.93983451622125,19.933197381427874,22.780379431165304,21.85420771501036,518.9141700110547,57.083838059244535,34.99393769642695,26.155094708444505,10.759143609172606,7.821615867662021,85.21573325034764,40.15405209063294,378.11940190555765,52.17038963843196
2432,98.09349051245935,43.86647681953718,19.457106379776427,22.23628540280393,21.332234674647438,506.52025436148233,55.72042901253252,34.15813105031693,25.530397877336327,10.502168706462049,7.634801837694224,83.18041282365981,39.194999585689324,369.08827451779644,50.92433499981942
2433,117.20993067417707,52.415167205058225,23.248903448940037,26.569688334037036,25.489456377567894,605.2308220313058,66.57921527285043,40.8148609194264,30.505756800515382,12.548829280945798,9.122670520054102,99.39059533488874,46.83331340553665,441.01612495263157,60.848459401077896
2434,131.21254550478815,58.677003496854674,26.026359577077613,29.743865724732036,28.53458265521171,677.5353958483232,74.53317533261402,45.690853708880404,34.15016099166999,14.047989138694021,10.212520507884795,111.2644034350602,52.428307320190534,493.7026072010242,68.11778833189935
2435,130.22706373449262,58.23630541376162,25.83088663040399,29.520472166310654,28.32027150896025,672.4467148935423,73.973388268885,45.347689088255756,33.89367361860305,13.942480651283509,10.135818598394572,110.4287436980569,52.03454054344877,489.99461634182506,67.60618451859257
2436,130.39760253008228,58.31256874259705,25.864713456937867,29.559130688004313,28.357358308396638,673.327317201293,74.07026008783951,45.407074135097126,33.938059064387275,13.960739020854446,10.149091955303007,110.57335561211453,52.10268235375201,490.6362885819881,67.69471816860037
2437,138.85480662311627,62.094550048054316,27.542222523584268,31.476248765259186,30.196532971888455,716.9973420521923,78.8742388008872,48.35204310520876,36.13918152722359,14.86619139803072,10.807332140395104,117.744817491159,55.481908734532645,522.4575118826951,72.08519802761616
2438,123.08596844363298,55.042875458255956,24.41443126709191,27.901695709823926,26.76730892415664,635.5726126034789,69.9170039854087,42.86101573701029,32.03508949540415,13.177934633991939,9.580013649819726,104.37330361529884,49.18118885309315,463.1254069243483,63.89895046098527
2439,96.25271108201245,43.04329775032746,19.0919828531,21.81900902120928,20.931923312604823,497.01511736959475,54.674803874247544,33.5171345408498,25.051305625463026,10.305089613558499,7.491530494153025,81.61948566996222,38.45948340987796,362.16212579781376,49.96871125876243
2440,95.23751150411495,42.58931014606958,18.890615299752035,21.58887889293061,20.711149482209198,491.7729841175519,54.098136088054275,33.163621580480175,24.787083718247533,10.196399452956515,7.412515591507945,80.75862610072103,38.0538423543175,358.34231819855427,49.44167971847933
2441,113.47615006987091,50.74545599922413,22.508298073015492,25.72329770490288,24.67747707436847,585.9508933475273,64.45830127515568,39.51468323659819,29.53398075384173,12.149080086432646,8.832063315943214,96.22445851544593,45.34141492711266,426.96733707209086,58.910101480321025
2442,126.4328012647029,56.539547292414845,25.078284514587608,28.66037122861719,27.495139311095596,652.8544791470939,71.81811852062398,44.02645040049683,32.906156200283924,13.536256095850165,9.840503976336493,107.21132002448155,50.518475459471425,475.7182583416534,65.63642799265601
2443,125.66068766788483,56.19426542896064,24.925133716180113,28.4853449530454,27.327229000668655,648.8675563307776,71.3795318148563,43.757584879573265,32.70520130276437,13.453591413290964,9.780408915215729,106.55659026214397,50.20996373306338,472.8130902852153,65.2355923076695
2444,127.32252485871477,56.93742322902003,25.254763570708942,28.862057881449093,27.688626079727005,657.4486985881185,72.32351169301413,44.336270093567656,33.1377209783065,13.63151243995228,9.90975284591096,107.96577962686932,50.87398035298159,479.06594782029316,66.09831982790422
2445,144.47551155034213,64.60807588051814,28.657104389109037,32.75037611330035,31.418858693178795,746.0206837087691,82.06698980058887,50.309285879386074,37.602059771167355,15.467960089170022,11.2448022322772,122.51101098436784,57.72776140164634,543.6060740586937,75.00313538669941
2446,120.14430679252025,53.727392321145366,23.830944805554083,27.234866262824912,26.127590464275997,620.3829073540998,68.24604041429491,41.83666984352169,31.269475059817612,12.862991952516131,9.351058561541596,101.87886051567232,48.005795597187365,452.0570596022958,62.3718138223073
2447,96.09402740089332,42.97233591602952,19.060507520250294,21.783037871608027,20.897414625973468,496.19573069975996,54.58466616232545,33.461877683876956,25.010005662596512,10.288100486335386,7.479179843218993,81.48492654646778,38.396078521508436,361.5650598176715,49.886332082589796
2448,95.23751150411495,42.58931014606958,18.890615299752035,21.58887889293061,20.711149482209198,491.7729841175519,54.098136088054275,33.163621580480175,24.787083718247533,10.196399452956515,7.412515591507945,80.75862610072103,38.0538423543175,358.34231819855427,49.44167971847933
2449,113.47615006987091,50.74545599922413,22.508298073015492,25.72329770490288,24.67747707436847,585.9508933475273,64.45830127515568,39.51468323659819,29.53398075384173,12.149080086432646,8.832063315943214,96.22445851544593,45.34141492711266,426.96733707209086,58.910101480321025
2450,126.20054325740848,56.43568371859453,25.032215517227296,28.607721911009012,27.44463053328795,651.655180556355,71.68618809649053,43.9455734798245,32.84570734373446,13.511389891545582,9.822426896484947,107.01437202286166,50.4256726399151,474.8443603214341,65.5158533805379
2451,125.66068766788483,56.19426542896064,24.925133716180113,28.4853449530454,27.327229000668655,648.8675563307776,71.3795318148563,43.757584879573265,32.70520130276437,13.453591413290964,9.780408915215729,106.55659026214397,50.20996373306338,472.8130902852153,65.2355923076695
2452,127.06725890006423,56.823270717987306,25.20413088461885,28.804193015182022,27.63311379949379,656.1305950357827,72.17851197229874,44.24738134037191,33.07128393488147,13.604182938792116,9.889885013702887,107.74932155498857,50.771984297063106,478.1054796818953,65.96580084907639
2453,144.00202835869862,64.39633869650967,28.563187730819937,32.643044756980856,31.31589105989474,743.5757831815857,81.79803529167322,50.144409486204545,37.47882820699588,15.417267629024742,11.207950140229174,122.10951107708327,57.53857276738176,541.8245379618139,74.75733093482323
2454,119.96178150400021,53.64576874657365,23.79474042606692,27.193490587562906,26.0878969813708,619.4404110163144,68.14235986088774,41.773110858183394,31.22196993777284,12.843450274844976,9.336852273224824,101.72408440595761,47.93286437034911,451.3702867752327,62.2770574945431
2455,99.06855277654485,44.3025153984649,19.650512589506594,22.4573170194427,21.54427990752885,511.5551326540449,56.27429744340333,34.49766738881251,25.784173407468135,10.606561651837259,7.710692777315347,84.00723712394407,39.58460306332271,372.7570607615994,51.43052962213909
2456,98.07430925733168,43.857899144514796,19.453301726485297,22.23193730731691,21.328063357737417,506.42120911214437,55.70953340917364,34.15145175056995,25.525405649282884,10.500115106612556,7.633308924340514,83.1641476799519,39.18733537389652,369.0161027934427,50.914377227323655
2457,117.19661606445332,52.40921303811242,23.246262460466216,26.566670116821015,25.48656087066173,605.1620700736707,66.57165212302198,40.81022450388597,30.502291460643665,12.547403780875927,9.121634218804589,99.37930493500981,46.82799331630463,440.96602717037166,60.84154724368171
2458,131.11267398836375,58.63234190374308,26.006549794499506,29.721226388204997,28.51286375608244,677.019694494049,74.47644492458971,45.65607643336093,34.12416783414641,14.037296609465221,10.204747318928554,111.17971530823233,52.38840187871397,493.3268288952672,68.06594095107145
2459,130.2727404419087,58.25673160327323,25.839946727568748,29.53082637327239,28.330204749552212,672.6825733316297,73.99933418761835,45.363594638661965,33.90556171135995,13.947370929779398,10.139373702896393,110.46747621088166,52.05279148465698,490.1664803160581,67.62989716188821
2460,130.59588845637722,58.40124032461557,25.90404400110933,29.604079057416175,28.400479232020675,674.3511959245244,74.18289321795427,45.476121292257424,33.98966614417758,13.981968077330952,10.164524923857359,110.74149628200168,52.181911023854134,491.38236265902447,67.79765648676646
2461,138.6763898973384,62.01476378369912,27.506833088513133,31.43580443797198,30.157732971559255,716.0760608861207,78.77289205044109,48.289914804249634,36.09274572426374,14.847089594798058,10.793445629284856,117.59352532256234,55.41061915704477,521.7861980053069,71.99257462247868
2462,123.02456454023174,55.01541621614817,24.40225163851136,27.887776389451663,26.753955515378426,635.2555444615758,69.88212448603838,42.839633659887504,32.019108148661715,13.17136055706404,9.57523446791805,104.32123489996191,49.15665383088322,462.8943675288021,63.86707318828587
2463,99.1197664888658,44.32541768395432,19.66067096641343,22.4689263802449,21.55541727173195,511.81958223633706,56.30338856868534,34.51550103595763,25.79750259420111,10.612044737861305,7.714678837378053,84.05066485508947,39.605066413364746,372.9497583668477,51.45711675069566
2464,98.07430925733168,43.857899144514796,19.453301726485297,22.23193730731691,21.328063357737417,506.42120911214437,55.70953340917364,34.15145175056995,25.525405649282884,10.500115106612556,7.633308924340514,83.1641476799519,39.18733537389652,369.0161027934427,50.914377227323655
2465,117.35548845281467,52.48025926049587,23.277775223902477,26.602684043451344,25.521110595155587,605.9824311612762,66.66189702705684,40.86554707252507,30.543640537584434,12.564413111634295,9.133999557180084,99.51402407673,46.89147360601061,441.56380318366746,60.924024385486625
2466,131.02940870925536,58.59510646215773,25.99003390353783,29.702351430236575,28.494756188853348,676.5897419035851,74.42914742248708,45.627081784471706,34.10249671515677,14.028381991338996,10.198266624821008,111.10910878527214,52.35513175484431,493.01353350703283,68.02271454588374
2467,130.28439251694144,58.26194230050351,25.842257947837012,29.53346771944744,28.332738707695068,672.7427405453622,74.00595296136488,45.36765212610478,33.90859435002056,13.94861843414625,10.140280605927451,110.47735682993611,52.057447278570464,490.2103226163567,67.63594622966336
2468,130.4321287893121,58.32800855763736,25.871561832861904,29.56695725988094,28.364866678834677,673.5055986501014,74.08987217388551,45.419096874641696,33.94704507488347,13.964435500583532,10.151779199339686,110.60263287078878,52.11647793497904,490.7661976858247,67.71264215909275
2469,138.35617520557187,61.87156681639507,27.443317647381217,31.36321669296369,30.08809639409272,714.4225849390774,78.5909992468704,48.17840959275745,36.00940473553697,14.812806497136316,10.76852271437599,117.32199262335678,55.28267167912801,520.5813526333874,71.82633810515023
2470,123.05283240737755,55.028057337719154,24.407858645615622,27.89418428011086,26.760102883287924,635.4015097767273,69.89818159315533,42.84947710113355,32.02646531264483,13.174386995497274,9.57743460946572,104.34520522507268,49.167948760192814,463.00072869766905,63.881748191986354
2471,99.11516107667575,44.323358187386056,19.659757470579642,22.46788240414291,21.554415740100254,511.7958015089742,56.30077253838946,34.51389733858375,25.79630396211057,10.611551669304665,7.714320389439578,84.04675960016185,39.60322623897664,372.9324299627937,51.45472589323964
2472,98.09349051245935,43.86647681953719,19.457106379776423,22.236285402803926,21.33223467464744,506.52025436148233,55.72042901253252,34.15813105031693,25.530397877336327,10.502168706462049,7.634801837694224,83.18041282365981,39.194999585689324,369.08827451779644,50.92433499981943
2473,117.3057939532286,52.45803635250511,23.26791818690762,26.59141906480727,25.510303611718957,605.725826258757,66.63366886612552,40.84824244588294,30.53070675023402,12.55909267685611,9.130131740317001,99.47188459357939,46.871617284449286,441.37682179469425,60.898225942273434
2474,131.46885293631988,58.791621744663196,26.077198842101073,29.801966676881097,28.59032142288861,678.8588772000004,74.67876664524279,45.78010512393039,34.2168690950491,14.075430142909525,10.232469399896383,111.48174464550341,52.53071951513041,494.6669940034094,68.25084798181165
2475,130.6196560141008,58.41186895057731,25.9087583597951,29.609466797154138,28.405647924829484,674.4739232260081,74.19639399671155,45.48439763503233,33.99585203074442,13.984512699809462,10.1663747978137,110.76165047625993,52.19140777445667,491.4717908853407,67.8099951961479
2476,130.90164196277104,58.537970387238964,25.96469102741877,29.673388674145713,28.466970958606357,675.9299994008962,74.35657157784692,45.5825908274522,34.06924337840428,14.014702919265567,10.188322297366058,111.0007663186907,52.30408027783645,492.53279612319324,67.9563856124773
2477,138.54024837121804,61.95388258690881,27.479829052439072,31.404943248160393,30.128126491363755,715.3730739694619,78.69555904697451,48.24250758011768,36.057312717330014,14.832513894944766,10.782849476896148,117.47808128763222,55.35622138781455,521.2739495298629,71.92189799911336
2478,123.02456454023174,55.01541621614817,24.40225163851136,27.887776389451663,26.753955515378426,635.2555444615758,69.88212448603838,42.839633659887504,32.019108148661715,13.17136055706404,9.57523446791805,104.32123489996191,49.15665383088322,462.8943675288021,63.86707318828587
2479,99.2194803511385,44.370008775627376,19.680449477868596,22.49152997900082,21.577101886064707,512.3344695200689,56.36002942380534,34.55022341312303,25.823454719713293,10.622720388187235,7.7224397558135776,84.13521929580467,39.64490886131973,373.32494348034976,51.50888228681811
2480,98.07430925733168,43.857899144514796,19.453301726485297,22.23193730731691,21.328063357737417,506.42120911214437,55.70953340917364,34.15145175056995,25.525405649282884,10.500115106612556,7.633308924340514,83.1641476799519,39.18733537389652,369.0161027934427,50.914377227323655
2481,117.19661606445332,52.40921303811242,23.246262460466216,26.566670116821015,25.48656087066173,605.1620700736707,66.57165212302198,40.81022450388597,30.502291460643665,12.547403780875927,9.121634218804589,99.37930493500981,46.82799331630463,440.96602717037166,60.84154724368171
2482,131.47591870875667,58.79478149095414,26.078600356974693,29.803568378805206,28.59185800513268,678.8953623615872,74.68278024359093,45.782565568345284,34.218708075196304,14.076186624647358,10.23301934232481,111.48773621400751,52.53354277023414,494.6935798017455,68.25451611270113
2483,130.63563163480987,58.419013096349374,25.911927166919767,29.613088224628257,28.409122117543586,674.5564157076484,74.20546869101594,45.48996066824625,34.00000994123277,13.986223095300545,10.167618210579532,110.77519733567694,52.19779111797724,491.5319010338435,67.81828879296627
2484,130.96683912061096,58.567125936686175,25.977623058169474,29.688167866950526,28.48114928036752,676.2666545734281,74.39360577436966,45.60529379224599,34.08621198020884,14.021683112826219,10.193396715432828,111.05605160292032,52.330130962353586,492.7781080839043,67.99023211839256
2485,138.64812203019258,62.00212266212813,27.50122608140887,31.42939654731278,30.151585603649764,715.9300955709692,78.75683494332414,48.28007136300358,36.08538856028063,14.844063156364824,10.791245487737186,117.56955499745156,55.399324227735185,521.6798368364399,71.97789961877821
2486,123.02456454023174,55.01541621614817,24.40225163851136,27.887776389451663,26.753955515378426,635.2555444615758,69.88212448603838,42.839633659887504,32.019108148661715,13.17136055706404,9.57523446791805,104.32123489996191,49.15665383088322,462.8943675288021,63.86707318828587
2487,99.16924361681843,44.34754338541618,19.670484887163017,22.48014208408333,21.56617698370671,512.0750647082597,56.33149325515766,34.532729969414575,25.81037980711156,10.617341900212804,7.718529735795911,84.09262001344837,39.624835880222065,373.13592186952997,51.482802347421035
2488,98.08389988489552,43.862187982026,19.45520405313086,22.23411135506042,21.33014901619243,506.4707317368133,55.714981210853075,34.154791400443436,25.527901763309604,10.501141906537303,7.634055381017369,83.17228025180584,39.191167479792924,369.05218865561955,50.919356113571546
2489,117.22828066195923,52.423373145222854,23.25254321812839,26.573847994003568,25.49344692009626,605.3255749086925,66.58963868816836,40.82125075512458,30.510532677963273,12.550793882943779,9.124098734298585,99.4061555881844,46.84064546967017,441.08516893600455,60.857985628763146
2490,131.11267398836375,58.63234190374308,26.006549794499506,29.721226388204997,28.51286375608244,677.019694494049,74.47644492458971,45.65607643336093,34.12416783414641,14.037296609465221,10.204747318928554,111.17971530823233,52.38840187871397,493.3268288952672,68.06594095107145
2491,130.63563163480987,58.419013096349374,25.911927166919767,29.613088224628257,28.409122117543586,674.5564157076484,74.20546869101594,45.48996066824625,34.00000994123277,13.986223095300545,10.167618210579532,110.77519733567694,52.19779111797724,491.5319010338435,67.81828879296627
2492,130.88123769361778,58.52884579196607,25.960643786022402,29.668763340191777,28.462533674789984,675.8246389376527,74.34498126104846,45.57548564956443,34.06393284141393,14.012518380048336,10.186734194518314,110.98346409483604,52.295927389027725,492.4560226649828,67.94579292347869
2493,138.71374915390092,62.0314704882259,27.51424339704032,31.444273206766123,30.165857429401445,716.2689709358898,78.79411337504047,48.30292405058125,36.102469067570816,14.851089383296944,10.796353370860452,117.62520488017026,55.42554671276574,521.9267665942101,72.01196933752648
2494,123.02456454023174,55.01541621614817,24.40225163851136,27.887776389451663,26.753955515378426,635.2555444615758,69.88212448603838,42.839633659887504,32.019108148661715,13.17136055706404,9.57523446791805,104.32123489996191,49.15665383088322,462.8943675288021,63.86707318828587
2495,95.92839260490227,42.89826560921414,19.027653415161833,21.745491011188943,20.861394291495518,495.340450919642,54.490579981440156,33.404200308564924,24.96689656104562,10.270367152940162,7.466288173871597,81.34447308073298,38.329896191505405,360.94183945174245,49.800344298949824
2496,95.29740336087912,42.616093215289546,18.902495009835288,21.602455455588885,20.724174068620783,492.08224458288845,54.13215669366044,33.18447713247969,24.80267153069883,10.20281164586141,7.417177087960941,80.80941264470466,38.07777321138858,358.56766834110977,49.472772026049235
2497,113.47615006987091,50.74545599922413,22.508298073015492,25.72329770490288,24.67747707436847,585.9508933475273,64.45830127515568,39.51468323659819,29.53398075384173,12.149080086432646,8.832063315943214,96.22445851544593,45.34141492711266,426.96733707209086,58.910101480321025
2498,126.28413339961743,56.473064435871436,25.04879584565443,28.626670510445212,27.46280874797654,652.0868106255125,71.73367013185056,43.974681252594856,32.86746301353547,13.520339290441362,9.828932875301849,107.08525402023584,50.45907256861711,475.1588780452242,65.5592484354217
2499,125.66068766788483,56.19426542896064,24.925133716180113,28.4853449530454,27.327229000668655,648.8675563307776,71.3795318148563,43.757584879573265,32.70520130276437,13.453591413290964,9.780408915215729,106.55659026214397,50.20996373306338,472.8130902852153,65.2355923076695
2500,127.13763953531725,56.85474426927743,25.21809107198745,28.82014722258295,27.648419363807232,656.494015861,72.21849055976652,44.27188929650456,33.08960161948503,13.61171809021994,9.89536287161742,107.80900227655893,50.800106132214154,478.37029508492856,66.00233830970093
2501,144.03736199828123,64.4121395643716,28.570196252797825,32.65105434956416,31.32357501004829,743.758233658324,81.81810599713832,50.15671337186549,37.48802435112621,15.421050549195812,11.210700224205274,122.13947297069815,57.55269095179509,541.9574849290169,74.77567406941318
2502,119.96178150400021,53.64576874657365,23.79474042606692,27.193490587562906,26.0878969813708,619.4404110163144,68.14235986088774,41.773110858183394,31.22196993777284,12.843450274844976,9.336852273224824,101.72408440595761,47.93286437034911,451.3702867752327,62.2770574945431
2503,95.98828446166642,42.92504867843411,19.039533125245086,21.759067573847222,20.874418877907104,495.6497113849785,54.524600587046315,33.42505586056444,24.982484373496916,10.276779345845059,7.470949670324593,81.39525962471662,38.353827048576484,361.16718959429795,49.83143660651973
2504,95.23751150411495,42.58931014606958,18.890615299752035,21.58887889293061,20.711149482209198,491.7729841175519,54.098136088054275,33.163621580480175,24.787083718247533,10.196399452956515,7.412515591507945,80.75862610072103,38.0538423543175,358.34231819855427,49.44167971847933
2505,113.95695701347226,50.960468295513884,22.603667417106664,25.8322892431356,24.782037392290903,588.4336111517306,64.73141592353562,39.682109907864934,29.659118441451785,12.20055664833864,8.869485429453563,96.63216875032806,45.53352989678905,428.77642964554207,59.15970799078652
2506,126.68146963597326,56.65074942506501,25.127608551563117,28.716740523310765,27.549216824541077,654.1385150806663,71.95937058797982,44.11304174075343,32.970876116201644,13.562879240499207,9.859858305844325,107.42218353510187,50.61783533195632,476.6539022829573,65.76552189456812
2507,125.2650617402054,56.01734527355487,24.84666025457484,28.39566264084843,27.2411928621997,646.8246833075699,71.15480287205271,43.61981995537718,32.60223333525215,13.41123457375519,9.749616601231319,106.22111103904568,50.05188435398863,471.32450128467235,65.03020673957002
2508,127.1058698350435,56.840537161207976,25.21178946690998,28.812945520219646,27.641510457841687,656.3299683122832,72.20044429268394,44.26082644636323,33.08133304749116,13.60831673555017,9.89289017577628,107.78206249930919,50.787411983167566,478.2507578577922,65.98584536148255
2509,144.15685429049879,64.4655753819706,28.59389786876738,32.67814141415227,31.349560807944556,744.3752497919336,81.88598167116386,50.1983229970888,37.51912412897743,15.433843734609384,11.220000535239642,122.24079894191168,57.60043622336705,542.4070887072324,74.83770739585505
2510,119.96178150400021,53.64576874657365,23.79474042606692,27.193490587562906,26.0878969813708,619.4404110163144,68.14235986088774,41.773110858183394,31.22196993777284,12.843450274844976,9.336852273224824,101.72408440595761,47.93286437034911,451.3702867752327,62.2770574945431
2511,99.29009507891986,44.40158701087169,19.694456098116717,22.50753725157706,21.592458358106313,512.6990991166978,56.400140983767415,34.57481288499355,25.841833330636806,10.630280602228412,7.727935833592203,84.19509852099686,39.673124232305874,373.59063968400415,51.545541274429546
2512,98.15429485234415,43.8936679425378,19.469167083328824,22.25006881134963,21.34545769730555,506.8342265684436,55.75496793949399,34.179304347335545,25.546223178096017,10.508678592410844,7.639534354433785,83.23197312665917,39.21929504162776,369.31705798522154,50.95590101462388
2513,117.42001677485939,52.5091157129311,23.29057458928313,26.617311621469554,25.535143466264852,606.3156327012035,66.6985513021673,40.888017135210625,30.56043506418912,12.571321697728216,9.139021918492304,99.56874220775437,46.91725704528465,441.8065985711757,60.95752367143939
2514,131.02940870925536,58.59510646215773,25.99003390353783,29.702351430236575,28.494756188853348,676.5897419035851,74.42914742248708,45.627081784471706,34.10249671515677,14.028381991338996,10.198266624821008,111.10910878527214,52.35513175484431,493.01353350703283,68.02271454588374
2515,130.40988999912045,58.318063581988746,25.86715070930768,29.561916068226633,28.360030444658804,673.3907653659998,74.07723978692769,45.41135287954277,33.94125707448776,13.962054552314695,10.150048312250888,110.58377502671397,52.10759203064642,490.6825216268293,67.70109709533989
2516,130.66730578711287,58.433177476274274,25.918209819801515,29.620268267736332,28.416010244844575,674.7199698802789,74.22346068361108,45.50099024665784,34.008253645340936,13.989614220332209,10.170083469741448,110.80205609104019,52.210447089131975,491.65107875052223,67.83473213833288
2517,138.59357847109106,61.97773130080045,27.490407220481135,31.41703236146589,30.139724102986815,715.6484518320672,78.72585235215392,48.26107819607673,36.07119272773115,14.83822356745283,10.78700025940361,117.52330365356283,55.3775303781615,521.474610291746,71.94958383083694
2518,123.0811002745234,55.04069845929013,24.413465652719893,27.900592170770057,26.766250251197416,635.5474750918787,69.91423870027228,42.859320542379606,32.033822476627954,13.17741343393051,9.579634751013392,104.36917555018344,49.17924368950239,463.107089866536,63.89642319568684
2519,99.28548966672979,44.39952751430343,19.693542602282932,22.50649327547507,21.591456826474616,512.6753183893348,56.39752495347153,34.57320918761968,25.840634698546268,10.629787533671774,7.727577385653729,84.19119326606923,39.67128405791777,373.5733112799501,51.54315041697353
2520,98.09349051245935,43.86647681953718,19.457106379776427,22.23628540280393,21.332234674647438,506.52025436148233,55.72042901253252,34.15813105031693,25.530397877336327,10.502168706462049,7.634801837694224,83.18041282365981,39.194999585689324,369.08827451779644,50.92433499981942
2521,117.336307197687,52.47168158547348,23.27397057061135,26.59833594796432,25.516939278245562,605.8833859119381,66.65100142369793,40.85886777277808,30.538648309530995,12.562359511784805,9.132506643826376,99.4977589330221,46.8838093942178,441.49163145931374,60.91406661299086
2522,130.69334260914172,58.444820895669544,25.923374293135677,29.62617041478596,28.421672430936635,674.8544148638138,74.23825048144568,45.51005679301428,34.015030144193055,13.992401796715706,10.172109964829298,110.82413455510198,52.220850564666414,491.74904535020534,67.8482489154442
2523,130.12804259500786,58.192024101136695,25.81124552236781,29.498025597155134,28.298737539945545,671.9354045864368,73.91714090379914,45.313207931131046,33.867901785262156,13.93187916583384,10.128111595883404,110.34477666601856,51.99497488520984,489.62203767914025,67.55477860314555
2524,130.49505190544824,58.356147177243805,25.88404280135443,29.581220962411333,28.37855046837937,673.8305114717779,74.12561463760655,45.44100797226749,33.96342182100847,13.971172228757297,10.156676624440983,110.65598983412052,52.141619985669685,491.0029532976462,67.74530811713554
2525,138.84870588518402,62.091821856023536,27.54101242588744,31.47486582181288,30.19520625415642,716.9658399890777,78.87077337486245,48.34991870526432,36.137593712721916,14.865538235637741,10.806857308426814,117.7396442437082,55.479471076136775,522.4345571399804,72.0820308855297
2526,123.07434025559296,55.03767544306181,24.412124784872578,27.899059778462675,26.764780160679933,635.5125687337683,69.91039878028403,42.85696656749991,32.032063073714966,13.176689687034612,9.579108605958474,104.36344325171602,49.17654260365263,463.08165450166416,63.89291379392308
2527,99.25343809994236,44.38519435820749,19.687185088228087,22.49922767830884,21.584486623448626,512.5098153811634,56.37931857665092,34.56204818587559,25.832292766289594,10.626356001569595,7.725082751608888,84.16401447425444,39.65847728409015,373.452713496964,51.52651114034237
2528,98.28357603416482,43.95148125854799,19.494810351750072,22.27937486663585,21.37357226938579,507.50178908210137,55.828404034760474,34.22432266127157,25.57987067083678,10.522519804248228,7.649596553254393,83.34159979014107,39.27095163822175,369.80349360981336,51.02301615323108
2529,117.49828489509765,52.54411647255546,23.30609928040856,26.635053800389556,25.552164309337556,606.7197817223504,66.74301024857544,40.915271672634,30.580805592756874,12.579701305781574,9.14511367427657,99.63511128605244,46.94853046540953,442.10109156248,60.99815584747878
2530,130.42887060350958,58.32655152790753,25.8709155629878,29.56621867927767,28.36415812637325,673.4887745255564,74.08802141386292,45.41796230865729,33.94619707998124,13.964086669924166,10.151525608578234,110.59987002446032,52.1151760688663,490.75393837922223,67.71095070184691
2531,130.14259932835134,58.198533733961916,25.814132889386006,29.50132538468912,28.30190316949096,672.0105704331946,73.92540962196466,45.31827687915821,33.871690407647925,13.933437651199071,10.129244573962794,110.35712035042157,52.00079128703616,489.67680909734844,67.56233559761495
2532,130.5226127176105,58.36847211054498,25.889509562210353,29.587468574581845,28.384544074171128,673.9728258038903,74.14127011351626,45.450605202713405,33.97059496263744,13.974122967868558,10.158821734562416,110.67936059727144,52.152632398579435,491.10665408912723,67.75961605973282
2533,138.76410771188367,62.05399035682143,27.524232151795445,31.455688717234025,30.176808824556748,716.5290048022092,78.82271874365966,48.32045991574512,36.11557568672681,14.856480914059958,10.800272872644124,117.66790746543181,55.44566837067554,522.1162465808632,72.03811252055958
2534,122.8063688055322,54.91784115700492,24.35897193055639,27.838314772731668,26.70650483752711,634.1288584963478,69.7581819095978,42.76365350604089,31.962319223189542,13.147999899747495,9.558251881330923,104.13621129448252,49.069469842562796,462.07338046017315,63.75379887587917
2535,99.44234838160763,44.46967324104008,19.724655948194354,22.542050733301465,21.62556864061291,513.4852815759201,56.486626022683026,34.62783055455433,25.881459684795995,10.64658127480709,7.739785996014633,84.32420487153219,39.733959748552586,374.16351061035306,51.62458217867708
2536,98.12868799618367,43.8822167997931,19.464087894875405,22.244264130948533,21.339889015204005,506.7020017772975,55.74042237685298,34.170387523762976,25.53955858472953,10.505937049398819,7.637541324402432,83.21025926108646,39.20906336660674,369.22070918259743,50.9426074503456
2537,117.35548845281467,52.48025926049587,23.277775223902477,26.602684043451344,25.521110595155587,605.9824311612762,66.66189702705684,40.86554707252507,30.543640537584434,12.564413111634295,9.133999557180084,99.51402407673,46.89147360601061,441.56380318366746,60.924024385486625
2538,130.60275835547398,58.40431247821014,25.90540666398172,29.60563635786707,28.4019732180024,674.3866696651343,74.18679555360312,45.47851352962633,33.99145414515911,13.98270358831067,10.165059621093384,110.74732175563854,52.18465601427955,491.4082114609225,67.80122293180978
2539,130.14033961884314,58.19752321334284,25.813684669957194,29.500813143302977,28.301411754074163,671.9989020887522,73.92412603033608,45.31749000274966,33.87110228215122,13.933195720257899,10.129068696499205,110.35520418280669,51.999888379893456,489.6683066750273,67.56116249017025
2540,130.40655059754286,58.31657023333602,25.86648833006721,29.561159077256416,28.359304230332498,673.3735218717812,74.07534289359074,45.41019003258807,33.9403879418827,13.961697026462943,10.149788400312099,110.58094331178201,52.10625771332559,490.66995673633795,67.69936347567001
2541,138.93188517111875,62.12901884227879,27.557511259872964,31.4937212864516,30.213295120587407,717.3953485410639,78.91802202992638,48.37888340959676,36.15924245061443,14.874443647089672,10.813331309523063,117.81017784697057,55.51270683990375,522.7475289688028,72.12521264815082
2542,122.77354091148243,54.903160834734365,24.352460429911307,27.83087319411672,26.699365807851592,633.9593468074746,69.73953455256651,42.7522221714926,31.953775239361594,13.144485251835718,9.555696824267407,104.10837419984023,49.05635287336374,461.94986165471954,63.73675657607726
2543,99.18752910972034,44.355720484083236,19.674111863619256,22.484287124052585,21.570153500636504,512.169484556788,56.341880035196546,34.539097346695165,25.815138898736603,10.619299597205066,7.719952930281919,84.10812557697068,39.632142174278584,373.20472318334413,51.492295093181326
2544,98.07430925733168,43.857899144514796,19.453301726485297,22.23193730731691,21.328063357737417,506.42120911214437,55.70953340917364,34.15145175056995,25.525405649282884,10.500115106612556,7.633308924340514,83.1641476799519,39.18733537389652,369.0161027934427,50.914377227323655
2545,117.2107667189211,52.415541076323215,23.249069280652606,26.56987785252028,25.489638190882776,605.2351390720615,66.57969017461575,40.81515204706171,30.50597439451522,12.548918790279215,9.122735590997289,99.39130427639532,46.833647462090504,441.0192706691352,60.84889342603102
2546,130.39014023356685,58.30923167450616,25.863233290452005,29.557439100171006,28.35573549469466,673.2887845289479,74.0660212503684,45.40447561300379,33.93611688251443,13.959940086118479,10.148511150655812,110.5670278027816,52.099700660397,490.6082108152532,67.690844185876
2547,130.12683869057642,58.19148572651512,25.811006724701713,29.49775269053926,28.298475728772114,671.9291880477487,73.91645704525708,45.31278870733622,33.86758844990239,13.931750272393723,10.128017893725213,110.34375579024912,51.99449384377229,489.61750784737507,67.55415360721307
2548,130.46909629919455,58.34454007677143,25.878894437386634,29.57533722572865,28.37290594415218,673.6964858579166,74.11087097308628,45.43196970688135,33.9566664598592,13.96839334756619,10.154656450530473,110.6339802386622,52.13124896134334,490.9052922818519,67.73183350244824
2549,138.93188517111875,62.12901884227879,27.557511259872964,31.4937212864516,30.213295120587407,717.3953485410639,78.91802202992638,48.37888340959676,36.15924245061443,14.874443647089672,10.813331309523063,117.81017784697057,55.51270683990375,522.7475289688028,72.12521264815082
2550,122.84623380762754,54.93566840712307,24.36687926041638,27.84735155549416,26.715174215847338,634.3347073339819,69.780826582631,42.77753530348516,31.972694726798995,13.152267960505673,9.561354649819101,104.17001565106303,49.085398613498036,462.2233772108256,63.77449442571501
2551,97.08784095423813,43.41675989332907,19.257633098390848,22.008320117085294,21.11353767177439,501.32743404927186,55.14918596136153,33.80794359933566,25.268661515296134,10.394500998188617,7.5565302311373275,82.32765139197085,38.793174410421216,365.3043999887693,50.402261264572196
2552,95.23751150411495,42.58931014606958,18.890615299752035,21.58887889293061,20.711149482209198,491.7729841175519,54.098136088054275,33.163621580480175,24.787083718247533,10.196399452956515,7.412515591507945,80.75862610072103,38.0538423543175,358.34231819855427,49.44167971847933
2553,113.55368724813297,50.780129888542525,22.523677779843652,25.74087419052039,24.694338960657305,586.3512680416135,64.5023450217347,39.541683245288986,29.554161043083905,12.157381437754502,8.838098181131436,96.29020777631256,45.37239628636474,427.2590798083949,58.95035419454425
2554,126.10641895142457,56.39359222337882,25.013545709221848,28.58638537868393,27.424161470831837,651.1691557736757,71.63272229888732,43.912797498849386,32.82120998953548,13.501312675048773,9.81510102378388,106.93455736250468,50.38806359863448,474.49020656969896,65.46698961124486
2555,125.49976577555094,56.12230268787616,24.893214428145626,28.44886643539044,27.29223357382003,648.0366123261197,71.28812272306531,43.70154863233106,32.663318809675424,13.436362656795248,9.767884060070934,106.42013320095907,50.14566452757682,472.20760277260496,65.1520511846938
2556,127.22460252089361,56.89363329005766,25.23534041292356,28.8398603937287,27.667331065354716,656.9430621060061,72.26788848453413,44.30217156133504,33.112235125651104,13.621028595340812,9.90213136521084,107.88274434652533,50.83485374049917,478.6975035278702,66.04748434525273
2557,144.61341593652284,64.66974541157576,28.68445809319417,32.78163691637089,31.448848539735394,746.7327734142214,82.1453241683492,50.3573069669319,37.637951590592166,15.482724525846345,11.255535591397546,122.62794987310322,57.78286355298155,544.1249555020796,75.0747271826802
2558,120.78593769178549,54.01432356217142,23.95821401167913,27.380314117975985,26.267124910915882,623.6960634524723,68.6105085231162,42.06009865850764,31.436469750933778,12.931686785538782,9.40099790760054,102.42294476430568,48.262170640011156,454.47127119013834,62.704910612825394
2559,96.58027102403025,43.189779443745294,19.156955244278027,21.893261821463216,21.003157249909254,498.70652160327745,54.86086902904223,33.63119751656639,25.136558332902666,10.34015911464953,7.517025103777044,81.89724692668977,38.59036581323219,363.3946085361576,50.13876099532183
2560,95.23751150411495,42.58931014606958,18.890615299752035,21.58887889293061,20.711149482209198,491.7729841175519,54.098136088054275,33.163621580480175,24.787083718247533,10.196399452956515,7.412515591507945,80.75862610072103,38.0538423543175,358.34231819855427,49.44167971847933
2561,113.6309521146784,50.81468200264891,22.539003472914004,25.75838894726049,24.711141627752152,586.7502366138534,64.54623408602446,39.56858842955,29.574270458851846,12.165653634607759,8.844111851783873,96.35572612480273,45.403268838624996,427.549797939895,58.99046554063991
2562,126.78787185619832,56.698331486857946,25.148713716718806,28.740860269932643,27.572355945392896,654.6879386904436,72.01981065722245,44.15009313900121,32.99856899371253,13.574270965492454,9.868139791825351,107.51240950786963,50.66035023234216,477.054253128488,65.8207596303155
2563,126.22212276660196,56.44533387004563,25.036495870631043,28.612613653802253,27.449323394678384,651.7666095454609,71.69844598948482,43.95308789998817,32.85132375571887,13.513700255311498,9.824106470487116,107.03267081591984,50.43429511679383,474.9255557582724,65.52705618461347
2564,127.55523671887022,57.04148976152703,25.300922590998926,28.9148100805196,27.73923355619131,658.6503407152677,72.45569992096304,44.41730505495628,33.198287957313,13.65642723503786,9.927865249988809,108.16311248244993,50.966964517524296,479.94155351518583,66.2191300535683
2565,144.44066998280883,64.59249506260076,28.65019347093912,32.742478065881464,31.41128175314771,745.8407741188756,82.04719860873422,50.29715334313334,37.59299169664836,15.46422985163519,11.24209044719909,122.48146635346825,57.71383983337614,543.474978570347,74.98504770679615
2566,120.70625546158014,53.978690426007425,23.942408828057015,27.36225138207861,26.249796543607715,623.2846124652473,68.56524631429355,42.03235169948399,31.41573117765773,12.923155778841476,9.394796088963796,102.35537656208794,48.230332187086596,454.17145744406224,62.66354431457959
2567,99.2854896667298,44.39952751430343,19.693542602282932,22.50649327547507,21.591456826474616,512.6753183893348,56.39752495347153,34.57320918761968,25.840634698546268,10.629787533671774,7.727577385653729,84.19119326606923,39.67128405791777,373.5733112799501,51.543150416973525
2568,98.08389988489552,43.862187982026,19.45520405313086,22.23411135506042,21.33014901619243,506.4707317368133,55.714981210853075,34.154791400443436,25.527901763309604,10.501141906537303,7.634055381017369,83.17228025180584,39.191167479792924,369.05218865561955,50.919356113571546
2569,117.336307197687,52.47168158547348,23.27397057061135,26.59833594796432,25.516939278245562,605.8833859119381,66.65100142369793,40.85886777277808,30.538648309530995,12.562359511784805,9.132506643826376,99.4977589330221,46.8838093942178,441.49163145931374,60.91406661299086
2570,130.60115792696396,58.403596781788586,25.905089214703377,29.605273565342003,28.401625175371056,674.3784056156876,74.18588645593805,45.477956228153054,33.991037608073704,13.982532241872418,10.164935056716425,110.74596463904025,52.18401653459073,491.4021896607585,67.80039208404237
2571,130.16405940258133,58.2081304752323,25.818389552545103,29.506190053413324,28.306570057550687,672.1213827021926,73.93759967184963,45.325749709659696,33.87727573477521,13.935735227917357,10.130914852115934,110.37531786612169,52.009366041550045,489.7575551461148,67.57347639812578
2572,130.49392921679194,58.355645121545116,25.8838201130547,29.580966466162398,28.378306319070813,673.824714302763,74.12497691237881,45.44061702944294,33.96312962335154,13.971052030509567,10.156589243460132,110.65503782695454,52.14117139544021,490.9987290497699,67.74472528362706
2573,139.02258408235136,62.16957853351169,27.57550163166179,31.51428133447676,30.233019267919115,717.8636857910469,78.96954208715393,48.41046659906039,36.18284829111121,14.884154131060434,10.820390577274042,117.88708787269779,55.54894720376084,523.0887942706349,72.17229815520739
2574,123.15909130564648,55.07557530729523,24.42893538247773,27.9182715378499,26.7832108361429,635.950193322375,69.95854025066677,42.886478591786705,32.05412088832718,13.185763376033364,9.585704940427915,104.43530966501073,49.21040639374085,463.40054027751347,63.936911523456054
2575,100.22519679293924,44.8197556115367,19.87993602579118,22.719510426198113,21.79581343400294,517.5276351955398,56.931310467117555,34.90043415431512,26.08520848927347,10.73039525720734,7.800716568045928,84.98803744281416,40.04676076111215,377.10906966669717,52.03099074406159
2576,98.40298233320868,44.004878620816875,19.518494910743474,22.30644243789426,21.39953936648395,508.1183611772331,55.896230861747306,34.2659023419381,25.610948067590872,10.535303782987507,7.658890171277462,83.44285284165677,39.31866254969103,370.25277382861697,51.08500483710635
2577,117.77032430001303,52.665769909367405,23.3600590244576,26.6967209489119,25.611324284133932,608.1244974466478,66.89753785556555,41.01000127798705,30.651608193515795,12.608826619910992,9.166287015521974,99.86579275010216,47.05722865024571,443.1246717617014,61.13938260693741
2578,130.6379295635064,58.42004070822628,25.91238296722688,29.613609129716494,28.409621844426212,674.5682814025257,74.20677399243952,45.49076085334671,34.000608013883756,13.986469118096961,10.167797062714806,110.77714591204642,52.19870929627671,491.5405472603477,67.81948174155171
2579,130.12695812553986,58.19153913669584,25.811030414946362,29.4977797646083,28.298501702102808,671.9298047678566,73.9165248883664,45.312830296998406,33.86761953475951,13.931763059441353,10.128027189574238,110.34385706760719,51.99454156613714,489.617957235447,67.5542156107778
2580,130.79208188211277,58.48897616026799,25.94295949219448,29.64855308913855,28.4431451028909,675.3642697114645,74.29433773679351,45.544439798536224,34.040728617271135,14.002973104732964,10.179795029136761,110.90786257257525,52.26030359812432,492.1205634570404,67.89950850247844
2581,138.74908279348355,62.047271356087826,27.52125191901821,31.45228279934943,30.173541379555,716.4514214126281,78.81418408050557,48.31522793624219,36.11166521170114,14.854872303468014,10.79910345483655,117.65516677378514,55.439664897179064,522.0597135614131,72.03031247211645
2582,123.05283240737755,55.028057337719154,24.407858645615622,27.89418428011086,26.760102883287924,635.4015097767273,69.89818159315533,42.84947710113355,32.02646531264483,13.174386995497274,9.57743460946572,104.34520522507268,49.167948760192814,463.00072869766905,63.881748191986354
2583,99.18752910972034,44.355720484083236,19.674111863619256,22.484287124052585,21.570153500636504,512.169484556788,56.341880035196546,34.539097346695165,25.815138898736603,10.619299597205066,7.719952930281919,84.10812557697068,39.632142174278584,373.20472318334413,51.492295093181326
2584,98.08389988489552,43.862187982026,19.45520405313086,22.23411135506042,21.33014901619243,506.4707317368133,55.714981210853075,34.154791400443436,25.527901763309604,10.501141906537303,7.634055381017369,83.17228025180584,39.191167479792924,369.05218865561955,50.919356113571546
2585,117.22828066195923,52.423373145222854,23.25254321812839,26.573847994003568,25.49344692009626,605.3255749086925,66.58963868816836,40.82125075512458,30.510532677963273,12.550793882943779,9.124098734298585,99.4061555881844,46.84064546967017,441.08516893600455,60.857985628763146
2586,130.8346293934869,58.508003003044934,25.951398904949357,29.658197955491573,28.452397842218588,675.5839700827233,74.31850616606233,45.55925569979318,34.051802286771505,14.007528362580933,10.183106582394082,110.94394161861824,52.2773042133738,492.2806534637886,67.92159665237814
2587,130.2781150152633,58.25913506140528,25.841012788578098,29.532044706378958,28.331373549433604,672.7103257364878,74.00238712753833,45.36546617346031,33.90696052993034,13.947946346922782,10.139792016102602,110.47203369199532,52.054938991074636,490.18670277929544,67.6326873223011
2588,130.91274463697198,58.54293539763798,25.966893272561634,29.675905479603205,28.469385439428,675.9873297021319,74.36287827329052,45.58645700244895,34.072133026722135,14.015891603213317,10.189186439491593,111.01018106189797,52.30851654887169,492.5745712383609,67.96214946385469
2589,138.45698309210965,61.91664714532345,27.46331316147739,31.38606829019197,30.110018924134664,714.9431213789981,78.64826154487186,48.21351293122846,36.03564159834037,14.823599276818541,10.7763687827886,117.40747476467202,55.3229512639449,520.9606541416284,71.87867159392563
2590,123.02456454023174,55.01541621614817,24.40225163851136,27.887776389451663,26.753955515378426,635.2555444615758,69.88212448603838,42.839633659887504,32.019108148661715,13.17136055706404,9.57523446791805,104.32123489996191,49.15665383088322,462.8943675288021,63.86707318828587
2591,99.23888136659889,44.37868472538228,19.684297721209887,22.495927890774862,21.581320993903216,512.4346495344055,56.3710498584854,34.55697923784843,25.82850414390383,10.624797516204366,7.7239497735294975,84.15167078985145,39.65266088226383,373.3979420787559,51.51895414587298
2592,98.07430925733168,43.857899144514796,19.453301726485297,22.23193730731691,21.328063357737417,506.42120911214437,55.70953340917364,34.15145175056995,25.525405649282884,10.500115106612556,7.633308924340514,83.1641476799519,39.18733537389652,369.0161027934427,50.914377227323655
2593,117.28661269810091,52.44945867748273,23.26411353361649,26.58707096932025,25.506132294808936,605.626781009419,66.62277326276663,40.84156314613596,30.525714522180582,12.55703907700662,9.128638826963291,99.45561944987149,46.86395307265649,441.30465007034053,60.88826816977767
2594,130.5599576419774,58.385172405850085,25.896917027908184,29.5959340944877,28.39266541521363,674.1656618472465,74.16248329694251,45.46360945828555,33.98031457576166,13.978121221921727,10.161728360636127,110.7110280015964,52.16755422761662,491.2471687514617,67.77900333435285
2595,129.93048761068914,58.10367938942415,25.772059962493618,29.45324292104576,28.25577557310537,670.9153001902661,73.80492297351351,45.244415302703324,33.81648494479743,13.910728366088838,10.112735517925094,110.1772558135629,51.91603827598052,488.8787138571042,67.45221974679562
2596,130.4659097743701,58.343115093150026,25.87826238165931,29.574614889566792,28.37221297568917,673.6800317654362,74.10906091892929,45.430860094694246,33.95583711587124,13.9680521891354,10.154408437278436,110.6312781587486,52.1299757286495,490.8933026080925,67.73017924734121
2597,138.54746702040805,61.957110698231055,27.481260890825848,31.40657960489287,30.129696319471112,715.4103485327869,78.6996594845026,48.24502125930017,36.059191486094335,14.833286744103566,10.783411318011332,117.48420249115468,55.359105727545284,521.301110544931,71.92564549456567
2598,123.02456454023174,55.01541621614817,24.40225163851136,27.887776389451663,26.753955515378426,635.2555444615758,69.88212448603838,42.839633659887504,32.019108148661715,13.17136055706404,9.57523446791805,104.32123489996191,49.15665383088322,462.8943675288021,63.86707318828587
2599,99.2194803511385,44.370008775627376,19.680449477868596,22.49152997900082,21.577101886064707,512.3344695200689,56.36002942380534,34.55022341312303,25.823454719713293,10.622720388187235,7.7224397558135776,84.13521929580467,39.64490886131973,373.32494348034976,51.50888228681811
2600,98.07430925733168,43.857899144514796,19.453301726485297,22.23193730731691,21.328063357737417,506.42120911214437,55.70953340917364,34.15145175056995,25.525405649282884,10.500115106612556,7.633308924340514,83.1641476799519,39.18733537389652,369.0161027934427,50.914377227323655
2601,117.28661269810091,52.44945867748273,23.26411353361649,26.58707096932025,25.506132294808936,605.626781009419,66.62277326276663,40.84156314613596,30.525714522180582,12.55703907700662,9.128638826963291,99.45561944987149,46.86395307265649,441.30465007034053,60.88826816977767
2602,130.6831858598512,58.44027889390177,25.921359674730457,29.623868035955223,28.419463658894117,674.8019689858329,74.23248110342799,45.50652000814202,34.01238668794358,13.99131438618519,10.171319445828056,110.81552192857072,52.21679225476068,491.71082938856745,67.8429761322995
2603,130.10048656024412,58.17970130424277,25.80577970912167,29.491779067947387,28.29274497308701,671.7931149231289,73.90148814161383,45.30361236427162,33.860729887027475,13.928928938204484,10.125966857595932,110.32140995396198,51.98396438119469,489.5183548631821,67.54047314069086
2604,130.54869731362473,58.38013689401253,25.89468351164238,29.593381551259075,28.390216649595473,674.1075174754682,74.15608704859459,45.45968838493471,33.9773838954324,13.976915659071103,10.160851947989876,110.70147957227645,52.1630549630598,491.2048004440391,67.77315763827004
2605,138.42886810171703,61.904074388783776,27.457736477886286,31.379695054341138,30.103904802088465,714.7979454655848,78.63229127693486,48.20372272475001,36.02832422297437,14.820589205806272,10.774180539927682,117.38363407457958,55.3117174192623,520.8548681894936,71.86407595478799
2606,123.02456454023174,55.01541621614817,24.40225163851136,27.887776389451663,26.753955515378426,635.2555444615758,69.88212448603838,42.839633659887504,32.019108148661715,13.17136055706404,9.57523446791805,104.32123489996191,49.15665383088322,462.8943675288021,63.86707318828587
2607,96.11795739016718,42.98303717983703,19.06525409766879,21.78846243207987,20.902618642512024,496.31929674059035,54.59825920771141,33.47021058859243,25.01623382456903,10.290662499198673,7.481042359530008,81.50521847793301,38.40564017452714,361.6550992117656,49.89875511681925
2608,95.23751150411495,42.58931014606958,18.890615299752035,21.58887889293061,20.711149482209198,491.7729841175519,54.098136088054275,33.163621580480175,24.787083718247533,10.196399452956515,7.412515591507945,80.75862610072103,38.0538423543175,358.34231819855427,49.44167971847933
2609,114.105343012044,51.0268251040308,22.633100177062463,25.865926066504652,24.814306658349512,589.1998242138571,64.81570420257101,39.73378090416414,29.697738267937435,12.216443276315035,8.881034592284506,96.75799574000871,45.592820162862346,429.33474938612153,59.236741219608064
2610,126.01801319148991,56.3540580076156,24.996010190130345,28.56634515278424,27.404936011449525,650.7126595497654,71.58250482935898,43.882012830899704,32.798200978295405,13.491847702392521,9.808220236334215,106.85959186205264,50.35273950418226,474.1575695188482,65.4210945726311
2611,125.85768847397321,56.28236231743468,24.96420935331912,28.530002005474454,27.37007045125439,649.8847991456473,71.49143495311465,43.826184531968444,32.75647390949206,13.47468288113496,9.795741860434552,106.72364118765815,50.28867891051987,473.55432894659754,65.33786346747907
2612,126.98165269567248,56.78498843685998,25.18715066486199,28.78478740546051,27.614497154983024,655.6885547312028,72.12988474525316,44.217571534103875,33.04900355269228,13.595017694532329,9.883222120954413,107.67672999580996,50.73777881484265,477.78337628745084,65.92135917401993
2613,144.32243892380518,64.53962325651008,28.626742023953085,32.71567690346236,31.38557023362361,745.2302705496062,81.98003935794323,50.2559829047427,37.562220174888324,15.4515716974446,11.232888300330446,122.38120987115606,57.66659850997686,543.0301203301713,74.92366913799782
2614,120.32682013754395,53.80901055469901,23.867146816016785,27.276239230680023,26.16728134984812,621.3253420198743,68.34971418339114,41.90022466989378,31.316977073376673,12.882532351482524,9.365263920273463,102.0336264976512,48.07872205178915,452.7437874905516,62.46656394971503
2615,96.2314731568144,43.0338003519932,19.087770253795956,21.814194710253474,20.927304734940186,496.9054521999977,54.66274001254593,33.50973906711998,25.04577811616998,10.302815820748805,7.489877506279075,81.60147653014813,38.45099741896268,362.08221561086117,49.957685784881996
2616,95.23751150411495,42.58931014606958,18.890615299752035,21.58887889293061,20.711149482209198,491.7729841175519,54.098136088054275,33.163621580480175,24.787083718247533,10.196399452956515,7.412515591507945,80.75862610072103,38.0538423543175,358.34231819855427,49.44167971847933
2617,113.95695701347226,50.960468295513884,22.603667417106664,25.8322892431356,24.782037392290903,588.4336111517306,64.73141592353562,39.682109907864934,29.659118441451785,12.20055664833864,8.869485429453563,96.63216875032806,45.53352989678905,428.77642964554207,59.15970799078652
2618,126.70453013871334,56.66106186275693,25.132182664000553,28.72196798456004,27.554231755232163,654.2575913991108,71.97246973552984,44.1210718727282,32.976877980414336,13.565348163655747,9.861653148374426,107.44173816740027,50.62704956615902,476.7406701318876,65.77749354284634
2619,125.51559329690537,56.12938060502415,24.896353859366926,28.452454291018952,27.295675559604067,648.1183400748263,71.29711329191413,43.70706009436389,32.66743817494094,13.438057196347273,9.769115945983968,106.43355447645206,50.15198869536499,472.2671556798985,65.16026789709194
2620,127.01988143876879,56.80208396750237,25.194733438370235,28.793453273477226,27.62281069867269,655.885954503358,72.1515999676885,44.23088355317619,33.05895319375919,13.599110572737965,9.886197536310922,107.70914685258474,50.75305378937963,477.92721642151764,65.94120527501896
2621,144.30551737818573,64.53205610210676,28.623385590090777,32.71184104936149,31.381890332130386,745.1428936447106,81.97042734621293,50.25009048140428,37.5578160723316,15.449760028536282,11.231571264440324,122.36686089506306,57.65983720532677,542.9664510281387,74.91488447294678
2622,120.32682013754395,53.80901055469901,23.867146816016785,27.276239230680023,26.16728134984812,621.3253420198743,68.34971418339114,41.90022466989378,31.316977073376673,12.882532351482524,9.365263920273463,102.0336264976512,48.07872205178915,452.7437874905516,62.46656394971503
2623,99.29009507891986,44.40158701087169,19.694456098116717,22.50753725157706,21.592458358106313,512.6990991166978,56.400140983767415,34.57481288499355,25.841833330636806,10.630280602228412,7.727935833592203,84.19509852099686,39.673124232305874,373.59063968400415,51.545541274429546
2624,98.07430925733168,43.857899144514796,19.453301726485297,22.23193730731691,21.328063357737417,506.42120911214437,55.70953340917364,34.15145175056995,25.525405649282884,10.500115106612556,7.633308924340514,83.1641476799519,39.18733537389652,369.0161027934427,50.914377227323655
2625,117.28661269810091,52.44945867748273,23.26411353361649,26.58707096932025,25.506132294808936,605.626781009419,66.62277326276663,40.84156314613596,30.525714522180582,12.55703907700662,9.128638826963291,99.45561944987149,46.86395307265649,441.30465007034053,60.88826816977767
2626,131.01821048708368,58.59009872361415,25.987812706199247,29.699812965523858,28.49232092936715,676.531918226263,74.42278645255601,45.6231823377452,34.099582198953215,14.027183077753142,10.19739504601625,111.09961302017841,52.35065730591722,492.97139888140765,68.01690109165457
2627,130.30182524420442,58.26973805048028,25.845715775946434,29.53741945056379,28.336529775043672,672.8327570123196,74.01585534160313,45.373722553197375,33.91313149576576,13.950484831618427,10.141637428051409,110.49213927312171,52.06441283494204,490.27591529933716,67.64499626997146
2628,130.79208188211277,58.48897616026799,25.94295949219448,29.64855308913855,28.4431451028909,675.3642697114645,74.29433773679351,45.544439798536224,34.040728617271135,14.002973104732964,10.179795029136761,110.90786257257525,52.26030359812432,492.1205634570404,67.89950850247844
2629,138.6763898973384,62.01476378369912,27.506833088513133,31.43580443797198,30.157732971559255,716.0760608861207,78.77289205044109,48.289914804249634,36.09274572426374,14.847089594798058,10.793445629284856,117.59352532256234,55.41061915704477,521.7861980053069,71.99257462247868
2630,123.02456454023174,55.01541621614817,24.40225163851136,27.887776389451663,26.753955515378426,635.2555444615758,69.88212448603838,42.839633659887504,32.019108148661715,13.17136055706404,9.57523446791805,104.32123489996191,49.15665383088322,462.8943675288021,63.86707318828587
2631,99.07497837757766,44.30538886618722,19.651787124668882,22.458773604356782,21.54567727272038,511.58831219585295,56.27794740268544,34.49990491263808,25.785845772781183,10.607249594999791,7.71119289399299,84.01268584580885,39.58717052655093,372.78123783986985,51.43386541392161
2632,98.07430925733168,43.857899144514796,19.453301726485297,22.23193730731691,21.328063357737417,506.42120911214437,55.70953340917364,34.15145175056995,25.525405649282884,10.500115106612556,7.633308924340514,83.1641476799519,39.18733537389652,369.0161027934427,50.914377227323655
2633,117.19661606445332,52.40921303811242,23.246262460466216,26.566670116821015,25.48656087066173,605.1620700736707,66.57165212302198,40.81022450388597,30.502291460643665,12.547403780875927,9.121634218804589,99.37930493500981,46.82799331630463,440.96602717037166,60.84154724368171
2634,131.02940870925536,58.59510646215773,25.99003390353783,29.702351430236575,28.494756188853348,676.5897419035851,74.42914742248708,45.627081784471706,34.10249671515677,14.028381991338996,10.198266624821008,111.10910878527214,52.35513175484431,493.01353350703283,68.02271454588374
2635,130.6225081210276,58.41314438569271,25.909324082837397,29.610113325922693,28.406268167966545,674.488650502186,74.19801409016242,45.48539079616532,33.99659433713244,13.984818054506883,10.16659678268846,110.76406897957092,52.19254738452897,491.48252227249856,67.81147584127365
2636,130.91091489333215,58.542117153669466,25.96653033801356,29.67549070486559,28.468987528001716,675.9778815500781,74.36183891685555,45.58581984882428,34.07165680671107,14.015695705643616,10.1890440270845,111.00862949277216,52.307785442242384,492.5676866130987,67.96119956924299
2637,138.64812203019258,62.00212266212813,27.50122608140887,31.42939654731278,30.151585603649764,715.9300955709692,78.75683494332414,48.28007136300358,36.08538856028063,14.844063156364824,10.791245487737186,117.56955499745156,55.399324227735185,521.6798368364399,71.97789961877821
2638,123.02456454023174,55.01541621614817,24.40225163851136,27.887776389451663,26.753955515378426,635.2555444615758,69.88212448603838,42.839633659887504,32.019108148661715,13.17136055706404,9.57523446791805,104.32123489996191,49.15665383088322,462.8943675288021,63.86707318828587
2639,99.03978089385333,44.289648885931314,19.6448056095699,22.450794876212175,21.538022932163813,511.4065647800378,56.25795403836499,34.48764843919203,25.776685065387976,10.603481252063022,7.7084534072847815,83.98283940838219,39.57310674563352,372.6488031750689,51.41559296339545
2640,98.07430925733168,43.857899144514796,19.453301726485297,22.23193730731691,21.328063357737417,506.42120911214437,55.70953340917364,34.15145175056995,25.525405649282884,10.500115106612556,7.633308924340514,83.1641476799519,39.18733537389652,369.0161027934427,50.914377227323655
2641,117.19661606445332,52.40921303811242,23.246262460466216,26.566670116821015,25.48656087066173,605.1620700736707,66.57165212302198,40.81022450388597,30.502291460643665,12.547403780875927,9.121634218804589,99.37930493500981,46.82799331630463,440.96602717037166,60.84154724368171
2642,131.18536688450888,58.66484947613179,26.020968625004574,29.737704749582438,28.528672164078177,677.3950550205564,74.51773695465418,45.68138956535348,34.143087321583806,14.045079318135175,10.210405144480248,111.24135675945514,52.41744761884826,493.6003444513733,68.1036788007092
2643,130.6283938760257,58.41577643939822,25.91049153809385,29.611447536044736,28.40754813370332,674.5190424691062,74.20135739859036,45.487440334717824,33.9981261988913,13.985448200214124,10.167054882128502,110.76905992777718,52.19489914266813,491.50466811668383,67.81453137694359
2644,130.76385223415525,58.47635212995484,25.937360065968505,29.64215386218145,28.437006046447234,675.2185017467476,74.27830233947155,45.53460966598208,34.0333814004423,13.999950758154972,10.17759786226078,110.88392465621907,52.24902393997149,492.01434609235645,67.88485333991868
2645,138.54731414365486,61.95704233319975,27.48123056731269,31.4065449500845,30.12966307360782,715.4095591310487,78.69957264532265,48.24496802453257,36.059151697477226,14.833270376682599,10.783399419324576,117.48407285613632,55.3590446429183,521.3005353281989,71.92556613000282
2646,123.02456454023174,55.01541621614817,24.40225163851136,27.887776389451663,26.753955515378426,635.2555444615758,69.88212448603838,42.839633659887504,32.019108148661715,13.17136055706404,9.57523446791805,104.32123489996191,49.15665383088322,462.8943675288021,63.86707318828587
2647,99.07497837757766,44.30538886618722,19.651787124668882,22.458773604356782,21.54567727272038,511.58831219585295,56.27794740268544,34.49990491263808,25.785845772781183,10.607249594999791,7.71119289399299,84.01268584580885,39.58717052655093,372.78123783986985,51.43386541392161
2648,98.07430925733168,43.857899144514796,19.453301726485297,22.23193730731691,21.328063357737417,506.42120911214437,55.70953340917364,34.15145175056995,25.525405649282884,10.500115106612556,7.633308924340514,83.1641476799519,39.18733537389652,369.0161027934427,50.914377227323655
2649,117.2107667189211,52.415541076323215,23.249069280652606,26.56987785252028,25.489638190882776,605.2351390720615,66.57969017461575,40.81515204706171,30.50597439451522,12.548918790279215,9.122735590997289,99.39130427639532,46.833647462090504,441.0192706691352,60.84889342603102
2650,130.70532910207206,58.450181141405835,25.925751846088968,29.628887568354312,28.42427911440544,674.9163088938484,74.24505921589835,45.51423073151121,34.0181498204536,13.993685104815924,10.17304289623763,110.83429875075906,52.22563998120143,491.7941459371054,67.85447159320059
2651,130.17471777871825,58.21289679975905,25.820503669977857,29.508606143334003,28.308887917582137,672.1764188046267,73.9436539909265,45.32946117111313,33.88004974742458,13.936876344047922,10.131744413683089,110.38435585755688,52.01362478538808,489.79765853765474,67.57900959624236
2652,130.53637640279678,58.37462709977026,25.892239626004066,29.59058859029743,28.38753724080071,674.0438966291313,74.14908835343579,45.455397995383656,33.97417718157192,13.97559654723752,10.159892988204268,110.69103180001677,52.15813192390323,491.15844157053766,67.76676135053238
2653,138.80248933173317,62.07115425249512,27.53184524881685,31.46438924005911,30.185155614109707,716.7271939761025,78.84452080527494,48.33382516958503,36.12556511641083,14.860590159686561,10.80326018668739,117.70045395722492,55.46100442983951,522.2606619316622,72.05803798612148
2654,123.02456454023174,55.01541621614817,24.40225163851136,27.887776389451663,26.753955515378426,635.2555444615758,69.88212448603838,42.839633659887504,32.019108148661715,13.17136055706404,9.57523446791805,104.32123489996191,49.15665383088322,462.8943675288021,63.86707318828587
2655,99.07497837757766,44.30538886618722,19.651787124668882,22.458773604356782,21.54567727272038,511.58831219585295,56.27794740268544,34.49990491263808,25.785845772781183,10.607249594999791,7.71119289399299,84.01268584580885,39.58717052655093,372.78123783986985,51.43386541392161
2656,98.07430925733168,43.857899144514796,19.453301726485297,22.23193730731691,21.328063357737417,506.42120911214437,55.70953340917364,34.15145175056995,25.525405649282884,10.500115106612556,7.633308924340514,83.1641476799519,39.18733537389652,369.0161027934427,50.914377227323655
2657,117.1710044308943,52.39775975896049,23.241182324403017,26.560864353457152,25.480991149626956,605.0298206137203,66.5571038466566,40.801306016726926,30.495625623882898,12.544661726381998,9.119640816939276,99.35758701834277,46.81775973238902,440.8696603922246,60.82825119926084
2658,131.46885293631988,58.791621744663196,26.077198842101073,29.801966676881097,28.59032142288861,678.8588772000004,74.67876664524279,45.78010512393039,34.2168690950491,14.075430142909525,10.232469399896383,111.48174464550341,52.53071951513041,494.6669940034094,68.25084798181165
2659,130.63563163480987,58.419013096349374,25.911927166919767,29.613088224628257,28.409122117543586,674.5564157076484,74.20546869101594,45.48996066824625,34.00000994123277,13.986223095300545,10.167618210579532,110.77519733567694,52.19779111797724,491.5319010338435,67.81828879296627
2660,130.8040683750431,58.49433640600427,25.94533704514777,29.6512702427069,28.445751786359704,675.4261637414992,74.30114647124618,45.54861373703316,34.04384829353168,14.004256412833184,10.180727960545095,110.91802676823232,52.26509301465935,492.16566404394035,67.90573118023484
2661,138.64812203019258,62.00212266212813,27.50122608140887,31.42939654731278,30.151585603649764,715.9300955709692,78.75683494332414,48.28007136300358,36.08538856028063,14.844063156364824,10.791245487737186,117.56955499745156,55.399324227735185,521.6798368364399,71.97789961877821
2662,123.02456454023174,55.01541621614817,24.40225163851136,27.887776389451663,26.753955515378426,635.2555444615758,69.88212448603838,42.839633659887504,32.019108148661715,13.17136055706404,9.57523446791805,104.32123489996191,49.15665383088322,462.8943675288021,63.86707318828587
2663,96.04817631843059,42.95183174765409,19.05141283532834,21.7726441365055,20.887443464318686,495.958971850315,54.55862119265248,33.44591141256396,24.998072185948217,10.283191538749955,7.47561116677759,81.44604616870022,38.37775790564757,361.39253973685345,49.86252891408964
2664,95.27179650471862,42.60464207254484,18.897415821381873,21.596650775187786,20.718605386519233,491.9500197917423,54.11761113101943,33.17556030890714,24.796006937332347,10.200070102849386,7.415184057929589,80.78769877913196,38.067541536367564,358.47131953848566,49.45947846177095
2665,113.47615006987091,50.74545599922413,22.508298073015492,25.72329770490288,24.67747707436847,585.9508933475273,64.45830127515568,39.51468323659819,29.53398075384173,12.149080086432646,8.832063315943214,96.22445851544593,45.34141492711266,426.96733707209086,58.910101480321025
2666,126.28413339961743,56.473064435871436,25.04879584565443,28.626670510445212,27.46280874797654,652.0868106255125,71.73367013185056,43.974681252594856,32.86746301353547,13.520339290441362,9.828932875301849,107.08525402023584,50.45907256861711,475.1588780452242,65.5592484354217
2667,125.66068766788483,56.19426542896064,24.925133716180113,28.4853449530454,27.327229000668655,648.8675563307776,71.3795318148563,43.757584879573265,32.70520130276437,13.453591413290964,9.780408915215729,106.55659026214397,50.20996373306338,472.8130902852153,65.2355923076695
2668,127.13324432866284,56.85277877462723,25.21721927098425,28.819150896842462,27.64746354523756,656.4713205610273,72.21599393334309,44.27035879693614,33.08845769674303,13.611247526867132,9.895020784373232,107.80527526978152,50.79834994918817,478.35375760388115,66.00005657851885
2669,144.15685429049879,64.4655753819706,28.59389786876738,32.67814141415227,31.349560807944556,744.3752497919336,81.88598167116386,50.1983229970888,37.51912412897743,15.433843734609384,11.220000535239642,122.24079894191168,57.60043622336705,542.4070887072324,74.83770739585505
2670,119.96178150400021,53.64576874657365,23.79474042606692,27.193490587562906,26.0878969813708,619.4404110163144,68.14235986088774,41.773110858183394,31.22196993777284,12.843450274844976,9.336852273224824,101.72408440595761,47.93286437034911,451.3702867752327,62.2770574945431
2671,94.83717267277837,42.4102824249329,18.811207021092788,21.49812823796951,20.62408843611092,489.70577531888415,53.87073005615639,33.024215528214256,24.68288914227337,10.153538036521232,7.381356463320934,80.41915047307283,37.893879850726286,356.83599634469255,49.23384748971557
2672,94.21830368884457,42.13353009614699,18.688452701793544,21.35784015889512,20.489503986835366,486.5101537386861,53.51919148711178,32.80871287104761,24.5218186032271,10.087280159036041,7.333188720169523,79.89436766334265,37.64659973619311,354.50742913560043,48.91256733856386
2673,111.27932545862693,49.76305690849667,22.0725520318115,25.225311357589447,24.199737135650054,574.6072643762091,63.210430400500066,38.74970461698324,28.962222056105716,11.913881781578135,8.661080302785097,94.3616154551183,44.46363456393349,418.7015265586064,57.76964015251633
2674,121.02137028040801,54.119606778595056,24.00491269574229,27.43368306433911,26.318324059853467,624.9117544636807,68.74424221709573,42.14208103240086,31.497744842985483,12.956892869569389,9.41932207111922,102.6225847181034,48.35624192002484,455.3571139453098,62.827133279694046
2675,119.75160224404642,53.551778578759816,23.753050807333,27.145846182356536,26.042189633475903,618.3551193047325,68.02297091394558,41.699922202462666,31.16726742791055,12.820947884165406,9.32049362402438,101.54585853675268,47.84888350715653,450.5794626339925,62.16794486140113
2676,121.3591657987922,54.27066572449994,24.071915340887006,27.51025611230935,26.39178391159868,626.6560116106155,68.93612152636025,42.259708242166745,31.585661522680287,12.993058220642373,9.445613335004838,102.90902544441856,48.491214130045584,456.62810924141894,63.00249672175088
2677,139.29847407048786,62.2929539145498,27.630225149198413,31.57682135098479,30.293016622897188,719.288284571625,79.12625695598894,48.506537055122315,36.254653067663675,14.91369169960547,10.841863616692072,118.12103451877205,55.65918395763936,524.1268627412957,72.31552390959295
2678,116.28969622440609,52.00364710368829,23.06637248291987,26.361085339529456,25.289334461876493,600.4790552715025,66.05649089975007,40.494416731253686,30.266251084892986,12.450306357655942,9.051046932887237,98.61026341860544,46.46561735670525,437.5536347971338,60.37072813518356
2679,99.21988404131491,44.37018930203819,19.680529550895518,22.49162148935416,21.577189675922465,512.3365540340337,56.360258733514875,34.55036398618121,25.823559786530357,10.622763608408226,7.722471175783288,84.13556161327499,39.64507016291288,373.3264624120329,51.5090918588669
2680,98.00544544611428,43.82710390251972,19.43964240522377,22.216326940592722,21.313087654723834,506.065620632298,55.67041642919437,34.12747198314705,25.507482742364743,10.492742350689642,7.62794912370862,83.10575318082917,39.1598196127789,368.756994618923,50.87862721197117
2681,117.66023870551565,52.6165406776013,23.33822325215684,26.671766238000984,25.587384145763405,607.5560541887411,66.83500550483107,40.97166725455748,30.622956659011333,12.597040542368816,9.157718845556959,99.77244338361113,47.01324199212829,442.710461788032,61.082232681253736
2682,130.74311354710437,58.46707798617596,25.933246491887115,29.637452720834208,28.43249603730491,675.1114144672018,74.26652206196695,45.5273880370402,34.027983825852026,13.997730415204373,10.17598373103576,110.86633885576178,52.240737428541216,491.9363143475446,67.87408704093882
2683,129.96755544594086,58.12025577311002,25.779412466823857,29.46164562911146,28.263836656020658,671.1067054429718,73.82597876092612,45.2573230702592,33.82613244105313,13.914696954191504,10.115620577629064,110.2086882544171,51.93084938913128,489.0181859391118,67.47146317314548
2684,130.25684603697476,58.249623776424045,25.83679402981045,29.527223356165212,28.326748218702985,672.6005002196628,73.9903056266283,45.358059886418324,33.90142493857444,13.945669229480702,10.138136611307901,110.45399822006816,52.04644059234449,490.10667575144424,67.62164572749384
2685,138.4399898855121,61.90904794481171,27.45994251346829,31.382216191649675,30.10632343864302,714.8553744420378,78.63860882727596,48.20759555409271,36.031218844869365,14.821779935681645,10.775046169389062,117.39306502216415,55.31616132587592,520.8967152067528,71.86984972673572
2686,122.97386678695283,54.99274466263942,24.39219560346142,27.876283988627694,26.74293035596394,634.9937591101499,69.85332644298869,42.82197968008302,32.0059132485115,13.165932711085754,9.571288565923139,104.2782446870034,49.13639664145728,462.7036112800245,63.840753915128936
2687,99.05137564010361,44.294833946274856,19.647105458520727,22.45342322683409,21.54054442310793,511.46643596811833,56.26454024741904,34.49168596359699,25.779702783317163,10.60472261864701,7.709355848308307,83.99267141430475,39.57773963281188,372.69242976909294,51.42161226945951
2688,98.00544544611428,43.82710390251972,19.43964240522377,22.216326940592722,21.313087654723834,506.065620632298,55.67041642919437,34.12747198314705,25.507482742364743,10.492742350689642,7.62794912370862,83.10575318082917,39.1598196127789,368.756994618923,50.87862721197117
2689,117.66023870551565,52.6165406776013,23.33822325215684,26.671766238000984,25.587384145763405,607.5560541887411,66.83500550483107,40.97166725455748,30.622956659011333,12.597040542368816,9.157718845556959,99.77244338361113,47.01324199212829,442.710461788032,61.082232681253736
2690,131.01028956030868,58.5865565604293,25.986241569173917,29.69801741326545,28.49059837807529,676.4910173487033,74.41828709754503,45.62042411134906,34.097520651229026,14.026335040754274,10.19677854530879,111.09289630579042,52.34749235868123,492.94159546447645,68.01278901524161
2691,130.0829773946045,58.17187137175035,25.802306719255665,29.487810009426862,28.288937282806746,671.7027037553022,73.89154234178558,45.297515319795224,33.85617284697371,13.927054357021822,10.124604086128597,110.30656269326721,51.97696828250961,489.4524745718356,67.53138341810133
2692,130.73568946977727,58.46375800934289,25.931773906279535,29.635769796703,28.43088153506875,675.0730791452912,74.26230493429081,45.524802823638744,34.02605159113346,13.99693557232365,10.175405901060252,110.86004345518342,52.23777100634296,491.90838038499277,67.87023289935514
2693,138.28689814938102,61.84058677517473,27.4295763578732,31.347512649960645,30.073030823354927,714.0648626076577,78.55164752973283,48.15428592510341,35.99137427501321,14.805389498028601,10.763130750106464,117.26324770457511,55.25499079862806,520.320689576139,71.79037355746378
2694,123.00213465409864,55.00538578421041,24.39780261056569,27.882691879286895,26.749077723873437,635.1397244253013,69.86938355010562,42.83182312132907,32.01327041249461,13.168959149518988,9.573488707470808,104.30221501211417,49.14769157076686,462.80997244889153,63.855428918829425
2695,99.226089882015,44.37296449502799,19.681760496007644,22.493028257981212,21.578539250185504,512.3685988108432,56.36378386147583,34.55252498502836,25.825174955706302,10.623428023403116,7.722954188098723,84.14082398480092,39.6475498169898,373.349812616251,51.51231356409031
2696,98.01503607367812,43.831392740030914,19.44154473186934,22.21850098833623,21.315173313178846,506.1151432569671,55.67586423087382,34.13081163302055,25.509978856391466,10.493769150614389,7.628695580385475,83.11388575268313,39.16365171867529,368.7930804810999,50.883606098219055
2697,117.7185659642588,52.64262407345393,23.349792620035156,26.684988130354906,25.60006848154285,607.8572356206632,66.86813736570497,40.991977981982366,30.638137259834355,12.60328522494975,9.162258566387704,99.8219031942039,47.03654768622001,442.929924946845,61.112512742125666
2698,131.02898352078554,58.59491632191439,25.98994956626687,29.702255046550807,28.494663723796066,676.5875463800008,74.42890590101784,45.626933725274334,34.10238605306542,14.028336469449433,10.19823353159847,111.10874823787736,52.3549618632255,493.0119336854967,68.0224938131933
2699,130.40253280537289,58.31477351485686,25.865691390237114,29.560248305574078,28.358430487487833,673.3527754073497,74.07306065139278,45.40879095635214,33.93934224728918,13.961266870180642,10.149475687950835,110.57753634145615,52.10465233297248,490.6548393215978,67.69727767575246
2700,130.95852166975737,58.563406451701375,25.975973269531902,29.68628242878293,28.479340497617745,676.22370618511,74.38888118023571,45.60239748817139,34.08404723075902,14.020792622829218,10.1927493525066,111.0489986477035,52.32680757686635,492.7468126985744,67.9859141901447
2701,138.60034326742002,61.980756453435994,27.491749035938238,31.418565836736036,30.14119523243752,715.6833828589819,78.72969498586654,48.2634338345429,36.07295337403841,14.838947825830635,10.78752677629249,117.52904000312458,55.380233372905856,521.5000636321406,71.95309571274329
2702,122.97386678695283,54.99274466263942,24.39219560346142,27.876283988627694,26.74293035596394,634.9937591101499,69.85332644298869,42.82197968008302,32.0059132485115,13.165932711085754,9.571288565923139,104.2782446870034,49.13639664145728,462.7036112800245,63.840753915128936
2703,99.20048302585451,44.36151335228328,19.67668130755423,22.487223577580114,21.572970568083957,512.2363740196971,56.34923829883481,34.54360816145581,25.81851036233982,10.620686480391093,7.720961158067369,84.11911011922821,39.63731814196879,373.25346381362687,51.49901999981203
2704,98.00544544611428,43.82710390251972,19.43964240522377,22.216326940592722,21.313087654723834,506.065620632298,55.67041642919437,34.12747198314705,25.507482742364743,10.492742350689642,7.62794912370862,83.10575318082917,39.1598196127789,368.756994618923,50.87862721197117
2705,117.66023870551565,52.6165406776013,23.33822325215684,26.671766238000984,25.587384145763405,607.5560541887411,66.83500550483107,40.97166725455748,30.622956659011333,12.597040542368816,9.157718845556959,99.77244338361113,47.01324199212829,442.710461788032,61.082232681253736
2706,130.73641563435493,58.46408274324162,25.931917942967022,29.635934407042726,28.431039452919393,675.0768288035475,74.26271742039556,45.52505568878484,34.02624058706474,13.997013317573243,10.175462419822336,110.86065922152056,52.23806115832116,491.91111266447007,67.87060988102871
2707,129.975877674193,58.12397739450205,25.781063203071213,29.463532150241814,28.26564647770366,671.1496785000944,73.83070606878444,45.26022103792028,33.82829843389724,13.91558795567041,10.116268312389252,110.21574526072823,51.93417468351311,489.0494992999647,67.47578358153591
2708,130.90654835106895,58.54016447746262,25.96566422266908,29.674500876901675,28.46803794303141,675.9553342629312,74.35935857277833,45.584299330774776,34.07052034433477,14.015228211182238,10.188704170844082,111.0049267925607,52.30604071258395,492.55125698518856,67.95893271891644
2709,138.81836462707295,62.078253533715404,27.53499415613601,31.46798792531523,30.188607989226025,716.8091684128522,78.85353851136749,48.33935326748273,36.1296969156192,14.862289814057634,10.804495790940036,117.71391574366113,55.46734768657362,522.3203945941846,72.06627949994548
2710,122.97386678695283,54.99274466263942,24.39219560346142,27.876283988627694,26.74293035596394,634.9937591101499,69.85332644298869,42.82197968008302,32.0059132485115,13.165932711085754,9.571288565923139,104.2782446870034,49.13639664145728,462.7036112800245,63.840753915128936
2711,99.1007691635818,44.31692226061023,19.65690279609906,22.464619978824192,21.551285953751204,511.7214867359653,56.29259744371482,34.508885784290406,25.79255823682763,10.610010830065164,7.713200239631845,84.034555678513,39.5974756940138,372.8782787001248,51.44725446368958
2712,98.01503607367812,43.831392740030914,19.44154473186934,22.21850098833623,21.315173313178846,506.1151432569671,55.67586423087382,34.13081163302055,25.509978856391466,10.493769150614389,7.628695580385475,83.11388575268313,39.16365171867529,368.7930804810999,50.883606098219055
2713,117.6029624744507,52.59092729133892,23.32686235843147,26.65878259745457,25.574928375294096,607.2602998937688,66.80247066331931,40.95172251615982,30.608049604930955,12.590908385807031,9.15326092819765,99.7238748137695,46.990356254847136,442.494953244252,61.05249825175144
2714,131.12344702206562,58.63715950204334,26.00868665456713,29.72366846923195,28.515206550511355,677.0753226477867,74.48256437305156,45.65982782089005,34.126971688258614,14.038450001161513,10.205585804510775,111.1888505259313,52.39270643602225,493.36736369935625,68.07153367261016
2715,130.18478375743658,58.217398209789486,25.822500283797137,29.51088794587227,28.311076949893323,672.2283959753254,73.94937180818111,45.33296634784211,33.88266957918264,13.937954036422239,10.132527867839071,110.392891513296,52.017646826296534,489.8355329643579,67.58423525667786
2716,130.46659771975945,58.34342273579092,25.87839883746851,29.574770836204436,28.37236258207399,673.6835840732581,74.10945169523903,45.43109965114843,33.95601616464825,13.968125842529753,10.154461981368831,110.63186151633114,52.130250609470956,490.89589108338697,67.73053638787408
2717,138.42494108011928,61.902318262041966,27.456957542642126,31.37880485895127,30.103050798975133,714.7776677084353,78.63006059549998,48.20235525665735,36.027302152872274,14.820168767680173,10.773874892411678,117.38030407504586,55.31014830790647,520.8400923096882,71.86203727757965
2718,122.97386678695283,54.99274466263942,24.39219560346142,27.876283988627694,26.74293035596394,634.9937591101499,69.85332644298869,42.82197968008302,32.0059132485115,13.165932711085754,9.571288565923139,104.2782446870034,49.13639664145728,462.7036112800245,63.840753915128936
2719,94.77243653389728,42.38133303878324,18.798366434686443,21.483453551071175,20.610010371406243,489.3715006859689,53.833957734035685,33.0016730995165,24.666040528017295,10.146607200964434,7.376317927231409,80.36425611944543,37.86801337453743,356.5924190219391,49.20024031756018
2720,94.21830368884457,42.13353009614699,18.688452701793544,21.35784015889512,20.489503986835366,486.5101537386861,53.51919148711178,32.80871287104761,24.5218186032271,10.087280159036041,7.333188720169523,79.89436766334265,37.64659973619311,354.50742913560043,48.91256733856386
2721,111.20177394816926,49.72837660995658,22.057169482153984,25.207731623083657,24.18287213256154,574.20681567571,63.16637851274792,38.722699617532975,28.942038036680685,11.905578895810564,8.655044322094993,94.29585404096872,44.43264747799763,418.40972989573373,57.72937999786533
2722,121.00015385350339,54.11011899409332,24.00070436068229,27.428873626715742,26.31371015738836,624.8022003037032,68.73219056715381,42.134693044810234,31.492222928966722,12.954621378428271,9.417670756498092,102.60459380821378,48.34776451913522,455.27728464821024,62.81611896645527
2723,120.27470827429795,53.78570662465063,23.856810288470168,27.26442627287868,26.15594866619817,621.0562547023701,68.32011287792693,41.88207826848902,31.30341412851816,12.876953106860293,9.361207955426075,101.989437160773,48.05789982956353,452.54771048700223,62.43951055435168
2724,121.96062594245568,54.53963298534523,24.191216570125757,27.646597875081202,26.52258248819176,629.7617400678777,69.27777128378847,42.46914879017324,31.742201132952772,13.057452258064913,9.492426115202099,103.41904606643477,48.731538232680144,458.8911736451449,63.31473923330742
2725,139.40287933812428,62.33964295812123,27.650934213463515,31.600488419172404,30.31572146965974,719.8273966211973,79.18556268844354,48.54289307421836,36.281826206363526,14.92486962516233,10.849989676077369,118.20956713411272,55.70090094008513,524.5196998182636,72.36972494573803
2726,116.47222629032467,52.085272814667235,23.102577810016825,26.402462097754228,25.329028983714917,601.4215762780922,66.16017416688162,40.55797738017847,30.313757450332048,12.469848546809004,9.065253593037971,98.76504357941447,46.538550492438105,438.2404255997197,60.465486943090355
2727,94.9687231189043,42.469110534376625,18.83730040416243,21.527948700567396,20.65269650147441,490.38505551459315,53.9454551705002,33.070024045731806,24.717127247299413,10.167622202263601,7.391595283273052,80.53070140635829,37.94644317225218,357.3309703426512,49.30214069605267
2728,94.21830368884457,42.13353009614699,18.688452701793544,21.35784015889512,20.489503986835366,486.5101537386861,53.51919148711178,32.80871287104761,24.5218186032271,10.087280159036041,7.333188720169523,79.89436766334265,37.64659973619311,354.50742913560043,48.91256733856386
2729,111.1362041532434,49.69905442074554,22.044163537839967,25.192867959183456,24.16861277400859,573.8682363364411,63.12913264572406,38.699866892993164,28.92497245012191,11.898558806661304,8.64994090097926,94.2402527713819,44.40644789970221,418.1630158442381,57.69534004082812
2730,120.75525962707756,54.00060462315366,23.95212893543778,27.37335987260366,26.260453401192915,623.5376527255423,68.59308234205291,42.049415937878685,31.428485294533985,12.928402304484358,9.398610175819508,102.39693066210884,48.249912673379164,454.3558413699796,62.68898437718865
2731,119.3172268368301,53.35753002432377,23.66689128275279,27.04737995920185,25.94772670759544,616.112157609699,67.77623095274997,41.54866392826714,31.054214289354388,12.774442414896326,9.286685364781702,101.17752088759839,47.675321084034124,448.94507416738907,61.94244285676039
2732,121.46727832769363,54.319012620080684,24.09335975034611,27.53476355959981,26.415294970546086,627.2142666523388,68.99753310892855,42.29735520437702,31.613799535345137,13.004633056157694,9.454027937543929,103.00070170895407,48.5344124146959,457.0348953241399,63.05862234854521
2733,139.43354068193733,62.353354419713675,27.65701597307061,31.607438874175063,30.32238934311641,719.9857210073122,79.20297937147151,48.5535699722946,36.28980631088333,14.928152316030085,10.852376106439536,118.23556705747944,55.71315222558604,524.6350667240922,72.3856425008757
2734,116.58556051582748,52.13595480334871,23.125057956972118,26.4281532233429,25.353675596680414,602.0067943229354,66.22455185018994,40.5974426424195,30.343254492950177,12.481982432046737,9.074074610096515,98.8611476900453,46.58383519887908,438.6668589289459,60.52432336573471
2735,99.24549089747539,44.381640444782896,19.685608739348933,22.497426169755258,21.582758358024012,512.4687788251798,56.37480429615588,34.55928080975377,25.830224379896844,10.62550515142025,7.724464205814641,84.1572754788477,39.655301837933905,373.4228112146571,51.52238542314518
2736,98.00544544611428,43.82710390251972,19.43964240522377,22.216326940592722,21.313087654723834,506.065620632298,55.67041642919437,34.12747198314705,25.507482742364743,10.492742350689642,7.62794912370862,83.10575318082917,39.1598196127789,368.756994618923,50.87862721197117
2737,117.62857410800973,52.60238057049086,23.331942494494673,26.66458836081843,25.580498096328878,607.3925493537193,66.8170189396847,40.96064100331887,30.614715441691725,12.593650440300962,9.155254330062965,99.74559273043654,47.00058983876275,442.591320022399,61.06579429617231
2738,131.1662477355622,58.656299574403384,26.017176290640663,29.733370732611323,28.524514353300123,677.2963304656745,74.50687662971215,45.67473189223083,34.13811125765607,14.043032367550454,10.208917064968032,111.22514427997343,52.40980822268518,493.52840640881703,68.0937532700671
2739,130.0557987743252,58.15971735102747,25.79691576718263,29.481649034277257,28.28302679167322,671.5623629275354,73.87610396382576,45.288051176268304,33.84909917688753,13.924144536462975,10.122488722724048,110.28351601766217,51.96610858116733,489.3502118221846,67.51727388691118
2740,130.69004620415092,58.443346774681885,25.92272044238328,29.62542317048059,28.420955567009386,674.8373933888341,74.23637801162809,45.50890891833796,34.01417220213656,13.992048874201098,10.171853399396158,110.82133930001895,52.219533427396904,491.7366422394198,67.84653761705763
2741,138.6377025239825,61.99746315796279,27.499159344465422,31.427034605530178,30.149319690279714,715.8762929087511,78.75091631046593,48.27644308087452,36.08267671734549,14.84294761432952,10.790434517868084,117.56071956073252,55.39516092862683,521.6406322210438,71.97249042779109
2742,122.97386678695283,54.99274466263942,24.39219560346142,27.876283988627694,26.74293035596394,634.9937591101499,69.85332644298869,42.82197968008302,32.0059132485115,13.165932711085754,9.571288565923139,104.2782446870034,49.13639664145728,462.7036112800245,63.840753915128936
2743,99.24549089747539,44.381640444782896,19.685608739348933,22.497426169755258,21.582758358024012,512.4687788251798,56.37480429615588,34.55928080975377,25.830224379896844,10.62550515142025,7.724464205814641,84.1572754788477,39.655301837933905,373.4228112146571,51.52238542314518
2744,98.03421732880578,43.8399704150533,19.44534938516047,22.22284908382325,21.319344630088867,506.214188506305,55.6867598342327,34.13749093276753,25.51497108444491,10.49582275046388,7.630188493739186,83.13015089639104,39.17131593046809,368.86525220545354,50.89356387071482
2745,117.85280369706203,52.70265391196369,23.376419033609466,26.715417759506078,25.629260946847037,608.5503920188013,66.94438895000879,41.03872226689909,30.673074774145594,12.617657099263809,9.172706542942926,99.93573286804617,47.090184760954735,443.4350101764224,61.182201028669205
2746,130.96748884681207,58.567416488069256,25.977751933100382,29.68831514988608,28.481290575286522,676.2700095308155,74.39397484088444,45.60552004000828,34.086381081831576,14.021752674365331,10.193447284851535,111.0566025517483,52.3303905720183,492.7805527550158,67.99056941778468
2747,130.21475237846172,58.23079989233381,25.828444639985253,29.517681371274524,28.31759417803195,672.383143384814,73.96639500117496,45.34340202587769,33.89046939153114,13.941162562413735,10.134860382276885,110.41830402798587,52.0296213220814,489.94829341936935,67.59979319114012
2748,130.90654835106895,58.54016447746262,25.96566422266908,29.674500876901675,28.46803794303141,675.9553342629312,74.35935857277833,45.584299330774776,34.07052034433477,14.015228211182238,10.188704170844082,111.0049267925607,52.30604071258395,492.55125698518856,67.95893271891644
2749,138.75630144267356,62.05049946741008,27.52268375740498,31.453919156081906,30.175111207662358,716.488695975953,78.81828451803365,48.31774161542467,36.11354398046546,14.855645152626815,10.799665295951732,117.6612879773076,55.442549236909805,522.0868745764811,72.03405996756878
2750,122.97386678695283,54.99274466263942,24.39219560346142,27.876283988627694,26.74293035596394,634.9937591101499,69.85332644298869,42.82197968008302,32.0059132485115,13.165932711085754,9.571288565923139,104.2782446870034,49.13639664145728,462.7036112800245,63.840753915128936
2751,99.27109775363586,44.39309158752761,19.690687927802347,22.503230850156356,21.588327040125563,512.601003616326,56.38934985879689,34.56819763332633,25.836888973263328,10.628246694432272,7.726457235845995,84.1789893444204,39.66553351295493,373.5191600172812,51.535678987423466
2752,98.03421732880578,43.8399704150533,19.44534938516047,22.22284908382325,21.319344630088867,506.214188506305,55.6867598342327,34.13749093276753,25.51497108444491,10.49582275046388,7.630188493739186,83.13015089639104,39.17131593046809,368.86525220545354,50.89356387071482
2753,117.76335407554696,52.662652891221036,23.358676461779698,26.695140906243022,25.609808480554424,608.0885056611475,66.89357853170488,41.007574105301906,30.649794081254285,12.608080367811263,9.165744509772766,99.85988220348452,47.05444357303383,443.0984454738229,61.13576407889972
2754,131.0401817429572,58.59992406045797,25.992170763605454,29.704793511263528,28.497098983282267,676.6453700573229,74.43526687094892,45.63083317200084,34.10530056926897,14.029535383035288,10.199105110403227,111.1182440029711,52.3594363121526,493.0540683111219,68.02830726742245
2755,130.65165025210578,58.426176469786505,25.915104502532515,29.61671939876723,28.41260566065674,674.6391302085277,74.21456780883969,45.49553867373857,34.004179042269676,13.987938094128777,10.16886496985101,110.78878065494284,52.204191641549166,491.59217296205225,67.82660471106799
2756,131.08857679014108,58.62156586568258,26.00177005073849,29.715763924036498,28.5076233768809,676.8952650450673,74.46275689885067,45.64768530311839,34.11789615337392,14.03471669473525,10.202871788428899,111.15928158846577,52.37877341438448,493.2361603578723,68.05343111185137
2757,138.82543039950977,62.08141328000634,27.53639567100963,31.469589627239344,30.19014457147009,716.845653574439,78.85755210971564,48.34181371189762,36.131535895766405,14.863046295795469,10.805045733368464,117.71990731216526,55.47017094167737,522.3469803925205,72.06994763083496
2758,122.97386678695283,54.99274466263942,24.39219560346142,27.876283988627694,26.74293035596394,634.9937591101499,69.85332644298869,42.82197968008302,32.0059132485115,13.165932711085754,9.571288565923139,104.2782446870034,49.13639664145728,462.7036112800245,63.840753915128936
2759,99.37701745660866,44.44045787219047,19.711697384369643,22.52724121753933,21.611361228721364,513.1479356768673,56.44951584187783,34.60508100933888,25.864456267951457,10.639586759753092,7.734701166596953,84.26880615666154,39.70785561498683,373.9176953350013,51.59066622876933
2760,98.02462670124196,43.83568157754211,19.443447058514902,22.22067503607974,21.31725897163386,506.16466588163604,55.68131203255326,34.13415128289404,25.512474970418186,10.494795950539134,7.62944203706233,83.1220183245371,39.16748382457169,368.8291663432767,50.888584984466945
2761,117.61255310201454,52.59521612885012,23.328764685077033,26.66095664519808,25.57701403374911,607.3098225184378,66.80791846499876,40.95506216603331,30.610545718957678,12.591935185731778,9.154007384874506,99.73200738562345,46.99418836074353,442.5310391064288,61.05747713799932
2762,131.41619167224206,58.76807212778356,26.06675333942906,29.7900291783622,28.57886926191746,678.5869529699997,74.64885326147565,45.76176741007958,34.20316315984783,14.069792077868193,10.22837067414347,111.43708943277807,52.50967777002654,494.4688498147293,68.22350937005054
2763,130.92007316632834,58.546212646326474,25.968346905973487,29.677566744479194,28.4709791629996,676.0251716479562,74.36704112647921,45.58900894412065,34.07404039355501,14.01667621645594,10.189756832787879,111.01639544058986,52.311444793178076,492.6021456904552,67.96595400258657
2764,130.98586749898547,58.57563524667725,25.98139738794745,29.69248130762918,28.485287351414254,676.3649104210281,74.40441453854861,45.61191985722538,34.09116441964517,14.023720345254745,10.194877730099783,111.07218711160988,52.337734089519394,492.849704591526,68.00011052632546
2765,138.84663249421877,62.09089465528638,27.54060116324028,31.474395815974436,30.194755357135517,716.9551337280036,78.86959561848444,48.34919670872879,36.137054079602315,14.86531625249087,10.806695932487708,117.7378860687719,55.47864261588321,522.4267557630516,72.08095450364597
2766,122.97386678695283,54.99274466263942,24.39219560346142,27.876283988627694,26.74293035596394,634.9937591101499,69.85332644298869,42.82197968008302,32.0059132485115,13.165932711085754,9.571288565923139,104.2782446870034,49.13639664145728,462.7036112800245,63.840753915128936
2767,99.25169673817548,44.3844156377727,19.68683968446106,22.49883293838231,21.584107932287054,512.5008236019893,56.378329424116835,34.561441808600925,25.831839549072786,10.626169566415141,7.724947218130076,84.16253785037362,39.65778149201083,373.44616141887514,51.5256071283686
2768,98.03421732880578,43.8399704150533,19.44534938516047,22.22284908382325,21.319344630088867,506.214188506305,55.6867598342327,34.13749093276753,25.51497108444491,10.49582275046388,7.630188493739186,83.13015089639104,39.17131593046809,368.86525220545354,50.89356387071482
2769,117.64300901769052,52.608835724931744,23.334805697463327,26.667860532802,25.58363723307698,607.4670861459671,66.82521845787869,40.9656675298906,30.618472357523228,12.59519588287761,9.156377826376348,99.75783311193429,47.00635756377693,442.6456330647738,61.07328804700567
2770,131.36088372937454,58.74333894129932,26.055782860935555,29.77749171847348,28.566841531938042,678.3013622224066,74.6174364744057,45.74250806931474,34.18876838421279,14.063870651851362,10.224065952376124,111.39018991379761,52.48757849731789,494.26074718637483,68.194796759295
2771,130.81438277848537,58.49894890921058,25.94738293467593,29.653608359308766,28.44799484319874,675.4794236900224,74.30700540216819,45.5522054202595,34.04653278179256,14.005360702266572,10.181530750067054,110.92677308087626,52.269214318086654,492.20447319783324,67.91108580808499
2772,131.13137750363768,58.64070593804262,26.01025968681203,29.725466187415872,28.51693117966967,677.116272862955,74.48706915551126,45.662589374459166,34.12903572277137,14.03929906112419,10.206203048886158,111.19557534250792,52.39587520104741,493.39720306733307,68.0756507093083
2773,138.82543039950977,62.08141328000634,27.53639567100963,31.469589627239344,30.19014457147009,716.845653574439,78.85755210971564,48.34181371189762,36.131535895766405,14.863046295795469,10.805045733368464,117.71990731216526,55.47017094167737,522.3469803925205,72.06994763083496
2774,122.97386678695283,54.99274466263942,24.39219560346142,27.876283988627694,26.74293035596394,634.9937591101499,69.85332644298869,42.82197968008302,32.0059132485115,13.165932711085754,9.571288565923139,104.2782446870034,49.13639664145728,462.7036112800245,63.840753915128936
2775,94.83232839066143,42.40811610800321,18.810246144769696,21.49703011372945,20.623034957817826,489.6807611513054,53.86797833964184,33.02252865151602,24.681628340468592,10.15301939386933,7.380979423684406,80.41504266342905,37.89194423160851,356.8177691644946,49.23133262513009
2776,94.21830368884457,42.13353009614699,18.688452701793544,21.35784015889512,20.489503986835366,486.5101537386861,53.51919148711178,32.80871287104761,24.5218186032271,10.087280159036041,7.333188720169523,79.89436766334265,37.64659973619311,354.50742913560043,48.91256733856386
2777,111.20177394816926,49.72837660995658,22.057169482153984,25.207731623083657,24.18287213256154,574.20681567571,63.16637851274792,38.722699617532975,28.942038036680685,11.905578895810564,8.655044322094993,94.29585404096872,44.43264747799763,418.40972989573373,57.72937999786533
2778,120.90244649861643,54.06642519345624,23.981323845337275,27.406724872319604,26.292461895011325,624.2976739177851,68.67668947627061,42.10066937396956,31.46679302905415,12.94416055050254,9.410066008326218,102.52174082711434,48.30872380690949,454.9096492543167,62.765395090220295
2779,119.84121668581105,53.591853305551844,23.770826071700384,27.166160397834858,26.061677942964874,618.8178567361355,68.07387495574038,41.73112775779366,31.190591017904683,12.830542261743679,9.327468485466195,101.62184896406849,47.88469055194091,450.91664749213123,62.21446737608994
2780,121.53649805510207,54.349967024414276,24.107089668536698,27.55045460704972,26.430348074085146,627.5716929581067,69.03685226137362,42.321458908993215,31.631815075137492,13.012043917482545,9.459415439805921,103.05939801460386,48.56207038846073,457.295342675114,63.094557134520585
2781,138.56264003816287,61.96389592758876,27.48427049950645,31.41001909462307,30.13299597140293,715.4886966553019,78.70827827311228,48.25030480998421,36.06314050634284,14.834911210634573,10.7845922626717,117.49706876672536,55.365168376774164,521.3582008055904,71.93352242742908
2782,116.28969622440609,52.00364710368829,23.06637248291987,26.361085339529456,25.289334461876493,600.4790552715025,66.05649089975007,40.494416731253686,30.266251084892986,12.450306357655942,9.051046932887237,98.61026341860544,46.46561735670525,437.5536347971338,60.37072813518356
2783,94.87333519100723,42.42645395944896,18.81837995336856,21.50632572459192,20.63195264117952,489.8925058331716,53.89127159280025,33.03680804613077,24.692301015312108,10.157409698802857,7.38417106048928,80.4498152315528,37.90832922835159,356.9720620651148,49.25262092904476
2784,94.21830368884457,42.13353009614699,18.688452701793544,21.35784015889512,20.489503986835366,486.5101537386861,53.51919148711178,32.80871287104761,24.5218186032271,10.087280159036041,7.333188720169523,79.89436766334265,37.64659973619311,354.50742913560043,48.91256733856386
2785,111.20177394816926,49.72837660995658,22.057169482153984,25.207731623083657,24.18287213256154,574.20681567571,63.16637851274792,38.722699617532975,28.942038036680685,11.905578895810564,8.655044322094993,94.29585404096872,44.43264747799763,418.40972989573373,57.72937999786533
2786,120.78149709984497,54.01233777165254,23.957333208382963,27.37930750408927,26.26615922248055,623.6731337988584,68.60798611631121,42.05855235486759,31.435314015946062,12.931211363107872,9.400652287933722,102.41917927213221,48.26039632248652,454.4545629416236,62.70260532028871
2787,119.72776063664553,53.54111683848604,23.748321760695546,27.14044165669577,26.037004837202062,618.232009636782,68.00942807246052,41.69162007409721,31.16106226873229,12.818395333717362,9.318637986641642,101.52564155053243,47.8393571686878,450.4897557870716,62.15556770980957
2788,121.49400548381114,54.33096475032047,24.098661153294362,27.540822194768456,26.421107282489576,627.3522762780975,69.01271503993512,42.306662138980876,31.620755704671407,13.007494541676493,9.456108162639154,103.02336555614556,48.54509172549908,457.13545938687884,63.07249750626065
2789,139.00569597852163,62.16202633395897,27.57215183106798,31.510453061115214,30.229346638958486,717.7764815677818,78.95994907149422,48.40458582082738,36.178452892314475,14.882346042525453,10.819076144221647,117.87276725426504,55.54219926137292,523.0252507972625,72.16353085115445
2790,116.28969622440609,52.00364710368829,23.06637248291987,26.361085339529456,25.289334461876493,600.4790552715025,66.05649089975007,40.494416731253686,30.266251084892986,12.450306357655942,9.051046932887237,98.61026341860544,46.46561735670525,437.5536347971338,60.37072813518356
2791,99.05598105229366,44.29689344284313,19.648018954354512,22.454467202936083,21.541545954739632,511.4902166954812,56.267156277714925,34.493289660970866,25.7809014154077,10.605215687203648,7.709714296246781,83.99657666923238,39.579579807199984,372.7097581731469,51.42400312691552
2792,98.00544544611428,43.82710390251972,19.43964240522377,22.216326940592722,21.313087654723834,506.065620632298,55.67041642919437,34.12747198314705,25.507482742364743,10.492742350689642,7.62794912370862,83.10575318082917,39.1598196127789,368.756994618923,50.87862721197117
2793,117.59337423558615,52.58663952203134,23.3249605055908,26.65660909119244,25.5728432363057,607.2107896035019,66.79702421850205,40.948383698079574,30.60555411260138,12.589881841623239,9.152514657437777,99.71574426746271,46.98652510339804,442.45887636983656,61.047520605574846
2794,131.10057761526704,58.626932520640544,26.00415044652114,29.718484326493126,28.510233177149388,676.9572330815149,74.46957377447644,45.65186423237478,34.12101955981731,14.036001537281182,10.203805835339116,111.16945793740581,52.38356855760329,493.28131487134095,68.0596612300355
2795,130.47856032569715,58.34877229949107,25.880771652372868,29.577482574958978,28.374964070876654,673.7453547592711,74.11624686106984,45.43526527171292,33.95912962393737,13.969406593220446,10.15539305360736,110.64200545651659,52.135030481533015,490.9409017926725,67.7367466649175
2796,130.90957722174164,58.54151895964549,25.96626500727346,29.6751874752924,28.468696626697902,675.9709742848689,74.36107907403101,45.58535404460779,34.071308656311324,14.015552490710151,10.188939913575402,111.00749518636165,52.30725095175621,492.562653466693,67.96050512931801
2797,138.42494108011928,61.902318262041966,27.456957542642126,31.37880485895127,30.103050798975133,714.7776677084353,78.63006059549998,48.20235525665735,36.027302152872274,14.820168767680173,10.773874892411678,117.38030407504586,55.31014830790647,520.8400923096882,71.86203727757965
2798,122.97386678695283,54.99274466263942,24.39219560346142,27.876283988627694,26.74293035596394,634.9937591101499,69.85332644298869,42.82197968008302,32.0059132485115,13.165932711085754,9.571288565923139,104.2782446870034,49.13639664145728,462.7036112800245,63.840753915128936
2799,99.2844123633596,44.39904575447341,19.69332891627617,22.506249067372377,21.591222547031723,512.6697555739612,56.39691300862535,34.57283404886677,25.840354313135048,10.629672194502144,7.727493537095508,84.19027974429935,39.67085360218693,373.56925779954116,51.54259114481965
2800,98.03421732880578,43.8399704150533,19.44534938516047,22.22284908382325,21.319344630088867,506.214188506305,55.6867598342327,34.13749093276753,25.51497108444491,10.49582275046388,7.630188493739186,83.13015089639104,39.17131593046809,368.86525220545354,50.89356387071482
2801,117.73063367296429,52.64802063811311,23.352186282354804,26.6877236942902,25.602692826876535,607.9195490203714,66.87499223347199,40.99618020144959,30.641278073797746,12.604577228242356,9.163197818973375,99.83213625846447,47.04136955396313,442.97533111763397,61.11877758230607
2802,131.36710867966877,58.74612267991804,26.05701759648682,29.77890281895158,28.568195261934004,678.3335056744334,74.62097245726413,45.74467572250784,34.190388526965876,14.064537112773875,10.224550452027403,111.39546848970083,52.49006578697319,494.28416929268434,68.19802838508876
2803,130.5266878385629,58.37029446591088,25.890317873357887,29.588392341817315,28.385430284214532,673.9938682939738,74.14358492040668,45.452024241987175,33.971655577962366,13.974559261933718,10.159138908931212,110.68281618072918,52.15426068566767,491.1219872101419,67.76173162136143
2804,131.13137750363768,58.64070593804262,26.01025968681203,29.725466187415872,28.51693117966967,677.116272862955,74.48706915551126,45.662589374459166,34.12903572277137,14.03929906112419,10.206203048886158,111.19557534250792,52.39587520104741,493.39720306733307,68.0756507093083
2805,138.82543039950977,62.08141328000634,27.53639567100963,31.469589627239344,30.19014457147009,716.845653574439,78.85755210971564,48.34181371189762,36.131535895766405,14.863046295795469,10.805045733368464,117.71990731216526,55.47017094167737,522.3469803925205,72.06994763083496
2806,122.97386678695283,54.99274466263942,24.39219560346142,27.876283988627694,26.74293035596394,634.9937591101499,69.85332644298869,42.82197968008302,32.0059132485115,13.165932711085754,9.571288565923139,104.2782446870034,49.13639664145728,462.7036112800245,63.840753915128936
2807,99.0303741961332,44.28544230009842,19.6429397659011,22.448662522534985,21.53597727263808,511.35799190433505,56.25261071507392,34.484372837398304,25.774236822041217,10.602474144191625,7.707721266215429,83.97486280365969,39.569348132178966,372.6134093705228,51.410709562637244
2808,98.00544544611428,43.82710390251972,19.43964240522377,22.216326940592722,21.313087654723834,506.065620632298,55.67041642919437,34.12747198314705,25.507482742364743,10.492742350689642,7.62794912370862,83.10575318082917,39.1598196127789,368.756994618923,50.87862721197117
2809,117.98191050383609,52.76038924911003,23.402027714273526,26.744684286651502,25.65733759786445,609.2170541211015,67.01772599433565,41.08367985992833,30.70667688299496,12.631479642011655,9.182755169823954,100.04521166658527,47.141771682896064,443.92078969442906,61.249225642071906
2810,131.01028956030868,58.5865565604293,25.986241569173917,29.69801741326545,28.49059837807529,676.4910173487033,74.41828709754503,45.62042411134906,34.097520651229026,14.026335040754274,10.19677854530879,111.09289630579042,52.34749235868123,492.94159546447645,68.01278901524161
2811,130.0442470246618,58.154551518348974,25.794624446719876,29.479030430320194,28.280514651128154,671.5027137586936,73.86954217829107,45.28402862414172,33.84609264950691,13.922907773216133,10.121589628206175,110.27372047158849,51.96149287404032,489.30674700786653,67.51127690213042
2812,130.46622030527502,58.34325395961988,25.878323976295405,29.574685282146287,28.372280506348986,673.6816352377169,74.10923731101354,45.430968227815924,33.95591793649975,13.968085435459242,10.154432606485907,110.63154147987962,52.13009980679808,490.89447101707964,67.73034045660953
2813,138.65869919055442,62.00685266773201,27.503324089475267,31.43179422686652,30.153885801816333,715.9847123037301,78.76284312908668,48.28375454348673,36.08814143522715,14.845195577302997,10.792068728127001,117.57852412028326,55.40355052036514,521.719634644091,71.98339065447077
2814,123.00213465409864,55.00538578421041,24.39780261056569,27.882691879286895,26.749077723873437,635.1397244253013,69.86938355010562,42.83182312132907,32.01327041249461,13.168959149518988,9.573488707470808,104.30221501211417,49.14769157076686,462.80997244889153,63.855428918829425
2815,99.18130177072685,44.352935677260895,19.672876654263096,22.482875482093103,21.56879925117393,512.1373287703591,56.33834269547592,34.53692886170882,25.813518134286372,10.6186328805416,7.71946824471366,84.1028449755203,39.62965393017599,373.1812920892732,51.48906222731626
2816,98.00544544611428,43.82710390251972,19.43964240522377,22.216326940592722,21.313087654723834,506.065620632298,55.67041642919437,34.12747198314705,25.507482742364743,10.492742350689642,7.62794912370862,83.10575318082917,39.1598196127789,368.756994618923,50.87862721197117
2817,117.7185659642588,52.64262407345393,23.349792620035156,26.684988130354906,25.60006848154285,607.8572356206632,66.86813736570497,40.991977981982366,30.638137259834355,12.60328522494975,9.162258566387704,99.8219031942039,47.03654768622001,442.929924946845,61.112512742125666
2818,130.95208651392747,58.5605287111646,25.97469683915004,29.684823677943324,28.477941054559768,676.1904773056932,74.38522579350484,45.60015663717284,34.0823723786574,14.020103656702874,10.192248492161035,111.04354182365007,52.32423629584894,492.7225996692582,67.982573438077
2819,130.0409458422724,58.15307526095409,25.793969648357688,29.47828210305207,28.27979674826767,671.4856676149097,73.8676669947491,45.282879085878925,33.845233464056115,13.922554339219621,10.121332690939072,110.27092116541111,51.960173827876226,489.2943259215581,67.50956312360127
2820,130.46400359235363,58.34226266666585,25.877884285354664,29.574182787425,28.371798441331237,673.6701889125133,74.10797814290432,45.430196323685756,33.9553410015516,13.967848107855216,10.154260075527969,110.62966177211361,52.12921407970669,490.8861303744643,67.72918967044812
2821,138.2036328702726,61.803351333589376,27.41306046691152,31.328637691992224,30.054923256125836,713.6349100171939,78.5043500276302,48.12529127621419,35.96970315602356,14.796474879902375,10.756650055998918,117.19264118161489,55.221720674758394,520.0073941879045,71.74714715227606
2822,123.03040252124447,55.01802690578139,24.403409617669954,27.889099769946096,26.755225091782922,635.2856897404528,69.88544065722259,42.84166656257512,32.02062757647773,13.171985587952227,9.575688849018482,104.32618533722491,49.158986500076445,462.91633361775854,63.870103922529914
2823,99.21029341375106,44.36590046452699,19.678627224249954,22.48944744161065,21.575104017467453,512.2870314093648,56.35481093183543,34.54702433630772,25.821063672503637,10.62173680848348,7.721724719106433,84.12742904142102,39.64123805701649,373.2903765498561,51.504112972619026
2824,98.00544544611428,43.82710390251972,19.43964240522377,22.216326940592722,21.313087654723834,506.065620632298,55.67041642919437,34.12747198314705,25.507482742364743,10.492742350689642,7.62794912370862,83.10575318082917,39.1598196127789,368.756994618923,50.87862721197117
2825,117.64272476247753,52.60870860870165,23.33474931468105,26.66779609651769,25.58357541654992,607.4656183521101,66.82505699127847,40.9655685464946,30.618398375563277,12.595165449704247,9.156355702255665,99.75759207182205,47.00624398454861,442.6445635211625,61.073140478521616
2826,131.03002499366667,58.595382058690205,25.990156145200235,29.702491132432794,28.49489021123975,676.5929241793423,74.42949749293125,45.62729638712859,34.10265711301951,14.028447972504772,10.198314591401987,111.10963137643984,52.35537800224688,493.0158523494841,68.02303448427774
2827,130.61820368494543,58.41121948277984,25.90847028642013,29.609137576474676,28.40533208912821,674.4664239094953,74.19556902450206,45.483891904740155,33.995474038881845,13.984357209310273,10.166261760289535,110.76041894358566,52.190827470500246,491.46632632638585,67.80924123280074
2828,130.88236038227407,58.52934784766478,25.96086647432213,29.669017836440712,28.46277782409855,675.8304361066675,74.3456189862762,45.57587659238897,34.06422503907086,14.012638578296068,10.186821575499167,110.984416102002,52.29637597925719,492.4602469128591,67.94637575698717
2829,138.38960744053665,61.88651739418005,27.44994902066424,31.370795266367963,30.095366848821573,714.595217231697,78.6099898900349,48.19005137099641,36.018106008741945,14.816385847509105,10.771124808435582,117.350342181431,55.296030123493146,520.7071453424852,71.84369414298969
2830,122.97386678695283,54.99274466263942,24.39219560346142,27.876283988627694,26.74293035596394,634.9937591101499,69.85332644298869,42.82197968008302,32.0059132485115,13.165932711085754,9.571288565923139,104.2782446870034,49.13639664145728,462.7036112800245,63.840753915128936
2831,94.9687231189043,42.469110534376625,18.83730040416243,21.527948700567396,20.65269650147441,490.38505551459315,53.9454551705002,33.070024045731806,24.717127247299413,10.167622202263601,7.391595283273052,80.53070140635829,37.94644317225218,357.3309703426512,49.30214069605267
2832,94.21830368884457,42.13353009614699,18.688452701793544,21.35784015889512,20.489503986835366,486.5101537386861,53.51919148711178,32.80871287104761,24.5218186032271,10.087280159036041,7.333188720169523,79.89436766334265,37.64659973619311,354.50742913560043,48.91256733856386
2833,111.20177394816926,49.72837660995658,22.057169482153984,25.207731623083657,24.18287213256154,574.20681567571,63.16637851274792,38.722699617532975,28.942038036680685,11.905578895810564,8.655044322094993,94.29585404096872,44.43264747799763,418.40972989573373,57.72937999786533
2834,121.03225319427621,54.12447351426155,24.007071350834995,27.43615005350958,26.32069074974663,624.9679499999179,68.75042408121816,42.1458706824192,31.500577295166238,12.958058025349501,9.420169108882545,102.63181311097179,48.360590381908764,455.3980621864251,62.832783044512325
2835,119.2363502569904,53.321362786352644,23.650849196684153,27.02904648261413,25.930138606980297,615.6945394213943,67.73029031283399,41.520501072621634,31.03316486750714,12.765783537722713,9.280390587654692,101.10893991179982,47.6430054074612,448.64076654059346,61.90045652286728
2836,121.09890506997078,54.15427959970984,24.02029192876556,27.451259008475237,26.33518542667569,625.3121168233648,68.78828460681257,42.169080209298414,31.51792451053052,12.965193965150293,9.425356750390462,102.68833195342285,48.38722232482962,455.6488476938525,62.86738475384599
2837,139.40287933812428,62.33964295812123,27.650934213463515,31.600488419172404,30.31572146965974,719.8273966211973,79.18556268844354,48.54289307421836,36.281826206363526,14.92486962516233,10.849989676077369,118.20956713411272,55.70090094008513,524.5196998182636,72.36972494573803
2838,116.68082662006184,52.178556899892044,23.14395424371644,26.449748583767956,25.374392964177996,602.4987149498467,66.27866622791838,40.63061622056511,30.368049018383218,12.492181892718897,9.08148935111428,98.94193056194557,46.62190046596754,439.02530883064895,60.57377988910658
2839,95.13776181135324,42.5447030313423,18.870829681223473,21.566267171953978,20.689457075877236,491.25791181778783,54.04147488000149,33.128886726416134,24.761122267278214,10.185719966516297,7.4047518843177125,80.6740412767984,38.01398558965307,357.9669982686307,49.38989558128747
2840,94.21830368884457,42.13353009614699,18.688452701793544,21.35784015889512,20.489503986835366,486.5101537386861,53.51919148711178,32.80871287104761,24.5218186032271,10.087280159036041,7.333188720169523,79.89436766334265,37.64659973619311,354.50742913560043,48.91256733856386
2841,111.19609601000757,49.72583748996552,22.056043247923224,25.206444521841732,24.181637360420172,574.1774968017777,63.16315325133022,38.72072244499268,28.94056026257321,11.904970999566201,8.654602397432257,94.29103931536554,44.43037875677329,418.38836598679364,57.72643234839803
2842,121.03225319427621,54.12447351426155,24.007071350834995,27.43615005350958,26.32069074974663,624.9679499999179,68.75042408121816,42.1458706824192,31.500577295166238,12.958058025349501,9.420169108882545,102.63181311097179,48.360590381908764,455.3980621864251,62.832783044512325
2843,120.27470827429795,53.78570662465063,23.856810288470168,27.26442627287868,26.15594866619817,621.0562547023701,68.32011287792693,41.88207826848902,31.30341412851816,12.876953106860293,9.361207955426075,101.989437160773,48.05789982956353,452.54771048700223,62.43951055435168
2844,121.91538397830645,54.519401208891416,24.18224270545153,27.636342217730753,26.512743790523533,629.5281264909831,69.2520723139731,42.45339462613739,31.73042618907579,13.052608524422398,9.488904847590732,103.38068220319344,48.71346100087995,458.7209454434937,63.291252282987394
2845,139.40287933812428,62.33964295812123,27.650934213463515,31.600488419172404,30.31572146965974,719.8273966211973,79.18556268844354,48.54289307421836,36.281826206363526,14.92486962516233,10.849989676077369,118.20956713411272,55.70090094008513,524.5196998182636,72.36972494573803
2846,116.47222629032467,52.085272814667235,23.102577810016825,26.402462097754228,25.329028983714917,601.4215762780922,66.16017416688162,40.55797738017847,30.313757450332048,12.469848546809004,9.065253593037971,98.76504357941447,46.538550492438105,438.2404255997197,60.465486943090355
2847,99.20070278618725,44.3616116270158,19.676724897604387,22.48727339386714,21.57301835901244,512.2375087846957,56.349363130155986,34.543684686434226,25.818567558476914,10.620710008558733,7.720978262429579,84.11929646956708,39.63740595112009,373.25429068767926,51.499134086371136
2848,98.00544544611428,43.82710390251972,19.43964240522377,22.216326940592722,21.313087654723834,506.065620632298,55.67041642919437,34.12747198314705,25.507482742364743,10.492742350689642,7.62794912370862,83.10575318082917,39.1598196127789,368.756994618923,50.87862721197117
2849,117.7185659642588,52.64262407345393,23.349792620035156,26.684988130354906,25.60006848154285,607.8572356206632,66.86813736570497,40.991977981982366,30.638137259834355,12.60328522494975,9.162258566387704,99.8219031942039,47.03654768622001,442.929924946845,61.112512742125666
2850,130.78591426060098,58.48621805853602,25.94173612796065,29.647154984213582,28.441803840093673,675.3324222850896,74.29083431862756,45.54229210838097,34.039123395249476,14.002312781593316,10.179314991493015,110.90263260980392,52.25783921520414,492.0973570570054,67.89630663839576
2851,130.0624536904878,58.162693366296764,25.798235787614647,29.48315760140389,28.284474025659687,671.5967265719507,73.87988418187781,45.290368552245276,33.85083122512625,13.924857030756963,10.123006687431825,110.28915919205446,51.968767671336046,489.37525172555314,67.52072872553798
2852,130.49536721375173,58.356288180120885,25.88410534360031,29.581292437953582,28.37861903797241,673.832139612863,74.1257937434152,45.441117768975666,33.963503885031265,13.97120598656304,10.156701165482415,110.65625720634584,52.14174597271285,491.004139682156,67.74547180654643
2853,138.32906346887208,61.859442705373375,27.437939961845185,31.357070879292753,30.08220044802438,714.2825894745711,78.57559886105177,48.16896873944135,36.00234847297077,14.809903837324145,10.766412556646898,117.29900266307224,55.27183870231005,520.4793415410569,71.81226329595634
2854,122.91210935605982,54.965127326396725,24.379945851756702,27.862284529011095,26.72950006612686,634.6748654767271,69.81824612801474,42.80047449756017,31.989839890591995,13.159320784496865,9.566481868308342,104.22587619068655,49.111720361047446,462.4712416957854,63.808693111877936
2855,99.17319213670959,44.34930912599052,19.671268086651214,22.481037152805627,21.567035662019567,512.0954534750286,56.33373614835221,34.534104923646424,25.81140747248794,10.617764640007474,7.7188370565647375,84.09596824290655,39.62641358160357,373.15077863918833,51.484852185271045
2856,98.00544544611428,43.82710390251972,19.43964240522377,22.216326940592722,21.313087654723834,506.065620632298,55.67041642919437,34.12747198314705,25.507482742364743,10.492742350689642,7.62794912370862,83.10575318082917,39.1598196127789,368.756994618923,50.87862721197117
2857,117.76826046384487,52.6648469814447,23.35964965703001,26.696253108998974,25.610875464979483,608.1138405231823,66.89636552663627,41.00928260862449,30.651071047184768,12.608605659727933,9.16612638325079,99.8640426773545,47.05640400778133,443.1169063358182,61.138311185338864
2858,130.68072549960442,58.4391786441791,25.92087165569063,29.623310310133103,28.41892860828175,674.789264551609,74.23108353537573,45.505663261101,34.01174633988692,13.991050973003999,10.171127951338102,110.81343561499425,52.215809174045035,491.70157199428553,67.84169885886604
2859,130.14286208527085,58.198651236359474,25.81418500792424,29.501384947640997,28.30196031081849,672.0119272174321,73.9255588768052,45.318368376415016,33.87175879433358,13.933465782703857,10.129265024830651,110.35734316060935,52.0008962762388,489.6777977511067,67.56247200545735
2860,130.39460710119934,58.311229215264795,25.864119305601992,29.558451670352913,28.356706897262743,673.3118498609855,74.06855858265743,45.40603106636953,33.93727945617072,13.96041832169987,10.148858815409415,110.57081557597384,52.1014854768419,490.6250179291438,67.69316311919692
2861,138.14496641623325,61.7771162528235,27.401423818738394,31.315338909282243,30.042165156087208,713.3319771001651,78.4710254923258,48.104862434148686,35.95443427420631,14.790193882106168,10.752083934956934,117.14289374332519,55.19827944915054,519.7866547669671,71.7166910012803
2862,123.05647278506306,55.02968528002725,24.40858072427262,27.89500949773505,26.760894550407585,635.4203074056177,69.9002494511278,42.850744754036974,32.02741277908984,13.174776744709057,9.577717946944059,104.34829215894699,49.169403337873035,463.0144260461018,63.88363806063935
2863,99.13333430071204,44.33148508048324,19.66336217820591,22.47200199448727,21.55836784209919,511.88964164060116,56.31109554590558,34.52022562158189,25.80103383396992,10.613497346472156,7.715734845827502,84.06216996296754,39.610487674010216,373.00080885182024,51.464160355649085
2864,98.00544544611428,43.82710390251972,19.43964240522377,22.216326940592722,21.313087654723834,506.065620632298,55.67041642919437,34.12747198314705,25.507482742364743,10.492742350689642,7.62794912370862,83.10575318082917,39.1598196127789,368.756994618923,50.87862721197117
2865,117.7185659642588,52.64262407345393,23.349792620035156,26.684988130354906,25.60006848154285,607.8572356206632,66.86813736570497,40.991977981982366,30.638137259834355,12.60328522494975,9.162258566387704,99.8219031942039,47.03654768622001,442.929924946845,61.112512742125666
2866,131.0829824564538,58.61906413281802,26.00066039967899,29.714495774642902,28.506406786071036,676.8663778752107,74.45957912760952,45.645737243341614,34.11644013866643,14.034117749424231,10.202436370860484,111.15453775701324,52.37653809881553,493.2151110205827,68.05052686487937
2867,130.0442470246618,58.154551518348974,25.794624446719876,29.479030430320194,28.280514651128154,671.5027137586936,73.86954217829107,45.28402862414172,33.84609264950691,13.922907773216133,10.121589628206175,110.27372047158849,51.96149287404032,489.30674700786653,67.51127690213042
2868,130.34630760198618,58.289630138184755,25.854538970664674,29.54750291683517,28.34620328232866,673.0624482493273,74.04112282924315,45.38921220698172,33.92470873995146,13.95524723963801,10.145099574062963,110.52985901236563,52.082186552501874,490.4432853928509,67.66808887761981
2869,138.42129592503522,61.90068818332663,27.456234516375343,31.37797855836432,30.10225809292224,714.7588454107404,78.62799002380315,48.201085940167445,36.026353443032974,14.819778506986482,10.773591183099382,117.3772130900772,55.30869182133165,520.8263769857326,71.86014492878405
2870,123.00213465409864,55.00538578421041,24.39780261056569,27.882691879286895,26.749077723873437,635.1397244253013,69.86938355010562,42.83182312132907,32.01327041249461,13.168959149518988,9.573488707470808,104.30221501211417,49.14769157076686,462.80997244889153,63.855428918829425
2871,99.0303741961332,44.28544230009842,19.6429397659011,22.448662522534985,21.53597727263808,511.35799190433505,56.25261071507392,34.484372837398304,25.774236822041217,10.602474144191625,7.707721266215429,83.97486280365969,39.569348132178966,372.6134093705228,51.410709562637244
2872,98.00544544611428,43.82710390251972,19.43964240522377,22.216326940592722,21.313087654723834,506.065620632298,55.67041642919437,34.12747198314705,25.507482742364743,10.492742350689642,7.62794912370862,83.10575318082917,39.1598196127789,368.756994618923,50.87862721197117
2873,117.59337423558615,52.58663952203134,23.3249605055908,26.65660909119244,25.5728432363057,607.2107896035019,66.79702421850205,40.948383698079574,30.60555411260138,12.589881841623239,9.152514657437777,99.71574426746271,46.98652510339804,442.45887636983656,61.047520605574846
2874,131.0829824564538,58.61906413281802,26.00066039967899,29.714495774642902,28.506406786071036,676.8663778752107,74.45957912760952,45.645737243341614,34.11644013866643,14.034117749424231,10.202436370860484,111.15453775701324,52.37653809881553,493.2151110205827,68.05052686487937
2875,130.12900285211384,58.19245351898963,25.81143599193481,29.498243272670177,28.298946365524348,671.9403630161048,73.91768636239819,45.31354231201502,33.8681517075134,13.931981973696791,10.128186334509577,110.34559093597755,51.99535857302313,489.6256507592386,67.55527711180599
2876,130.37759956240617,58.30362360553138,25.860745814763533,29.554596322922336,28.35300829497142,673.2240289176124,74.05889772388842,45.40010869847432,33.932852972516855,13.958597446117258,10.147535086507993,110.55639368018302,52.094689812089136,490.5610250676994,67.68433381157926
2877,138.47355588763585,61.924058341999086,27.466600419825323,31.389825088011264,30.113622983502253,715.0286974611782,78.65767545472293,48.21928391275332,36.03995493311432,14.825373607547776,10.777658674799563,117.42152801087941,55.32957321928965,521.0230112304911,71.88727520856766
2878,123.09180642464571,55.04548614788917,24.415589246250505,27.903019090318356,26.768578500561137,635.602757882356,69.9203201565929,42.863048639697915,32.036608923220165,13.178559664880126,9.580468030920157,104.37825405256187,49.18352152228636,463.1473730133048,63.901981195229304
2879,99.05598105229366,44.29689344284313,19.648018954354512,22.454467202936083,21.541545954739632,511.4902166954812,56.267156277714925,34.493289660970866,25.7809014154077,10.605215687203648,7.709714296246781,83.99657666923238,39.579579807199984,372.7097581731469,51.42400312691552
2880,98.00544544611428,43.82710390251972,19.43964240522377,22.216326940592722,21.313087654723834,506.065620632298,55.67041642919437,34.12747198314705,25.507482742364743,10.492742350689642,7.62794912370862,83.10575318082917,39.1598196127789,368.756994618923,50.87862721197117
2881,117.7185659642588,52.64262407345393,23.349792620035156,26.684988130354906,25.60006848154285,607.8572356206632,66.86813736570497,40.991977981982366,30.638137259834355,12.60328522494975,9.162258566387704,99.8219031942039,47.03654768622001,442.929924946845,61.112512742125666
2882,130.56922579513997,58.38931703587337,25.89875539089319,29.598035042244806,28.39468094567576,674.213519327624,74.16774792222675,45.466836816071144,33.982726760674154,13.979113496817872,10.16244971852061,110.71888712458355,52.17125748312796,491.2820412658443,67.78381481097595
2883,129.9925603498856,58.131437728543936,25.784372256444225,29.467313856204623,28.269274432535486,671.2358219647739,73.8401823942961,45.26603028193435,33.83264036673973,13.917374050483467,10.11756675658132,110.22989168210508,51.940840543433524,489.1122698258533,67.48444423945752
2884,130.2602714317261,58.25115558040687,25.837473466027067,29.52799984046514,28.327493133827392,672.618187752359,73.99225136700397,45.35925267792981,33.902316452276644,13.946035962006754,10.138403216257991,110.45690285469793,52.04780926976802,490.1195642013475,67.62342398973031
2885,138.14496641623325,61.7771162528235,27.401423818738394,31.315338909282243,30.042165156087208,713.3319771001651,78.4710254923258,48.104862434148686,35.95443427420631,14.790193882106168,10.752083934956934,117.14289374332519,55.19827944915054,519.7866547669671,71.7166910012803
2886,122.97320750595465,54.99244983844189,24.392064833310943,27.876134539766625,26.74278698317849,634.9903548151539,69.85295194902515,42.82175010514775,32.0057416601002,13.165862126582832,9.571237252836509,104.27768563598677,49.13613321400337,462.70113065786745,63.840411655451625
2887,95.13776181135324,42.5447030313423,18.870829681223473,21.566267171953978,20.689457075877236,491.25791181778783,54.04147488000149,33.128886726416134,24.761122267278214,10.185719966516297,7.4047518843177125,80.6740412767984,38.01398558965307,357.9669982686307,49.38989558128747
2888,94.21830368884457,42.13353009614699,18.688452701793544,21.35784015889512,20.489503986835366,486.5101537386861,53.51919148711178,32.80871287104761,24.5218186032271,10.087280159036041,7.333188720169523,79.89436766334265,37.64659973619311,354.50742913560043,48.91256733856386
2889,111.20094029212447,49.72800380689521,22.057004124246316,25.20754264608179,24.182690838713267,574.2025109693564,63.165904967844774,38.722409321690925,28.94182106437799,11.905489642218102,8.654979437068784,94.29514712500931,44.432314375891075,418.40659316699157,57.72894721298351
2890,120.92093503095619,54.0746930894305,23.984991095209427,27.41091593820622,26.296482566603302,624.3931421904971,68.68719158959537,42.107107453675866,31.4716049649363,12.946139985475774,9.411505005755574,102.53741856214538,48.316111228986244,454.97921452785323,62.77499324204063
2891,120.14916301813354,53.72956397909312,23.831908050901642,27.235967094471878,26.12864653990216,620.4079831936893,68.24879891512039,41.838360879186155,31.27073897010811,12.863511873872795,9.351436530763026,101.8829784530519,48.00773598854164,452.07533172130087,62.37433488724926
2892,121.82856909208476,54.480578416735284,24.16502274041879,27.61666261843061,26.49386429590611,629.0798449789108,69.20275851466108,42.42316393248802,31.707831228132548,13.04331387524059,9.482147880850105,103.30706571715105,48.67877256832734,458.3942942417612,63.24618313185587
2893,139.14802901314647,62.225676314517386,27.600383969424808,31.542717770665575,30.260299576617346,718.5114392548371,79.04079906174863,48.454149053047026,36.215497338241285,14.897584622927921,10.830154193423907,117.99346150743808,55.599070957996275,523.5607955503559,72.23742173931544
2894,117.0820540475264,52.35798199277321,23.2235387777959,26.54070066980267,25.46164725185666,604.5705121461177,66.5065770125497,40.77033169991768,30.47247486569435,12.535138444788549,9.11271764041805,99.28215969313788,46.782218023953135,440.53497413176586,60.78207342439193
2895,95.50566449532012,42.709225615601135,18.94380416324009,21.649665051246547,20.76946428482468,493.1576317695364,54.250456080266694,33.25699785822572,24.85687481775578,10.22510867655603,7.433386445826014,80.98601199953879,38.16098765340188,359.3512753099146,49.58088888194163
2896,94.21830368884457,42.13353009614699,18.688452701793544,21.35784015889512,20.489503986835366,486.5101537386861,53.51919148711178,32.80871287104761,24.5218186032271,10.087280159036041,7.333188720169523,79.89436766334265,37.64659973619311,354.50742913560043,48.91256733856386
2897,111.27932545862693,49.76305690849667,22.0725520318115,25.225311357589447,24.199737135650054,574.6072643762091,63.210430400500066,38.74970461698324,28.962222056105716,11.913881781578135,8.661080302785097,94.3616154551183,44.46363456393349,418.7015265586064,57.76964015251633
2898,121.06556599427752,54.13937068186582,24.01367903387337,27.443701552844814,26.32793523114478,625.1399655724294,68.76934688127334,42.15747087099597,31.5092474835141,12.961624588674658,9.42276190709311,102.66006139168792,48.373901103909056,455.52340550745083,62.850077078787045
2899,120.25506361151214,53.776921718127085,23.852913717029782,27.25997313000381,26.15167657276504,620.9548165790133,68.30895404330383,41.87523760085275,31.298301291219094,12.874849893265994,9.35967897417814,101.97277906091574,48.050050454995166,452.4737951369295,62.42931220802476
2900,122.09454597825616,54.599520752774275,24.217779967649292,27.67695548720874,26.551705864436286,630.4532559905284,69.35384240542146,42.515782446588545,31.777055961544068,13.071790118832276,9.502849364798907,103.53260634250455,48.7850483659244,459.3950635024509,63.384262590368785
2901,139.44714671297186,62.35943890750042,27.65971476574138,31.610523152119526,30.32534822494947,720.0559777620107,79.21070805848673,48.55830786661077,36.293347497806415,14.929609016496174,10.853435089560676,118.24710457411209,55.71858875738826,524.6862610132478,72.39270594696984
2902,116.68082662006184,52.178556899892044,23.14395424371644,26.449748583767956,25.374392964177996,602.4987149498467,66.27866622791838,40.63061622056511,30.368049018383218,12.492181892718897,9.08148935111428,98.94193056194557,46.62190046596754,439.02530883064895,60.57377988910658
2903,99.35382796410808,44.43008775150338,19.707097686467986,22.521984516295504,21.606318246833126,513.0281933007062,56.43634342376973,34.59700596052895,25.858420832093078,10.637104026585112,7.732896284549905,84.2491421448164,39.69858984063011,373.8304421469533,51.5786276166412
2904,98.00544544611428,43.82710390251972,19.43964240522377,22.216326940592722,21.313087654723834,506.065620632298,55.67041642919437,34.12747198314705,25.507482742364743,10.492742350689642,7.62794912370862,83.10575318082917,39.1598196127789,368.756994618923,50.87862721197117
2905,117.7185659642588,52.64262407345393,23.349792620035156,26.684988130354906,25.60006848154285,607.8572356206632,66.86813736570497,40.991977981982366,30.638137259834355,12.60328522494975,9.162258566387704,99.8219031942039,47.03654768622001,442.929924946845,61.112512742125666
2906,130.73641563435493,58.46408274324162,25.931917942967022,29.635934407042726,28.431039452919393,675.0768288035475,74.26271742039556,45.52505568878484,34.02624058706474,13.997013317573243,10.175462419822336,110.86065922152056,52.23806115832116,491.91111266447007,67.87060988102871
2907,130.11756576001528,58.18733896008462,25.809167414106923,29.49565065981939,28.296459159376752,671.8813058985667,73.91118970624845,45.30955968596413,33.86517502159561,13.930757486015674,10.127296164006768,110.33589261616765,51.990788679366354,489.5826173574696,67.54933965044737
2908,130.52639641725213,58.370164145069936,25.890260069160934,29.588326281088868,28.38536690928763,673.9923634969103,74.14341938321992,45.451922763211435,33.97157973091099,13.974528061537498,10.159116227059586,110.68256906397546,52.15414424309747,491.1208907032463,67.76158033266348
2909,138.2036328702726,61.803351333589376,27.41306046691152,31.328637691992224,30.054923256125836,713.6349100171939,78.5043500276302,48.12529127621419,35.96970315602356,14.796474879902375,10.756650055998918,117.19264118161489,55.221720674758394,520.0073941879045,71.74714715227606
2910,123.03040252124447,55.01802690578139,24.403409617669954,27.889099769946096,26.755225091782922,635.2856897404528,69.88544065722259,42.84166656257512,32.02062757647773,13.171985587952227,9.575688849018482,104.32618533722491,49.158986500076445,462.91633361775854,63.870103922529914
2911,99.21988404131491,44.37018930203819,19.680529550895518,22.49162148935416,21.577189675922465,512.3365540340337,56.360258733514875,34.55036398618121,25.823559786530357,10.622763608408226,7.722471175783288,84.13556161327499,39.64507016291288,373.3264624120329,51.5090918588669
2912,98.00544544611428,43.82710390251972,19.43964240522377,22.216326940592722,21.313087654723834,506.065620632298,55.67041642919437,34.12747198314705,25.507482742364743,10.492742350689642,7.62794912370862,83.10575318082917,39.1598196127789,368.756994618923,50.87862721197117
2913,117.66023870551565,52.6165406776013,23.33822325215684,26.671766238000984,25.587384145763405,607.5560541887411,66.83500550483107,40.97166725455748,30.622956659011333,12.597040542368816,9.157718845556959,99.77244338361113,47.01324199212829,442.710461788032,61.082232681253736
2914,130.80950027718015,58.49676550102307,25.946414477474548,29.65250157136661,28.446933053439825,675.454212172009,74.30423197585866,45.550505234869355,34.0452620328335,14.004837967759428,10.181150735758836,110.92263286247787,52.26726342781212,492.18610221345233,67.90855110235879
2915,130.2605150790515,58.25126453717552,25.83752179412616,29.528055071565962,28.327546119422014,672.6194458613792,73.99238976694701,45.359337520840654,33.902379865385164,13.946062047583917,10.138422179790007,110.45710946050842,52.04790662339227,490.12048095301424,67.62355047700237
2916,130.34804179765524,58.2904056540087,25.854882953017025,29.547896032317556,28.34658041509039,673.0714030252949,74.04210791119066,45.38981608887665,33.925160092076844,13.955432907569607,10.145234549790834,110.53132955960497,52.08287948123931,490.44981050765546,67.66898916937969
2917,138.13093997412747,61.77084376120066,27.398641636406452,31.312159330614776,30.039114848130094,713.2595494906865,78.46305799756571,48.09997814422163,35.95078366858616,14.788692171232418,10.750992230447224,117.13099973039208,55.1926749346241,519.7338786317983,71.7094093026383
2918,123.05647278506306,55.02968528002725,24.40858072427262,27.89500949773505,26.760894550407585,635.4203074056177,69.9002494511278,42.850744754036974,32.02741277908984,13.174776744709057,9.577717946944059,104.34829215894699,49.169403337873035,463.0144260461018,63.88363806063935
2919,100.66467923919204,45.01628798530002,19.967108545232715,22.81913433654473,21.891386979504034,519.7969678423897,57.18095139966826,35.053470802465704,26.19959081632008,10.777447500633109,7.834922317792994,85.36070571180005,40.22236379255498,378.76267396725683,52.25914402113022
